table_schema,table_name,column_name,ordinal_position,data_type,udt_name,is_nullable,column_default,column_comment,has_comment,table_comment
public,_stg_yichang_river_counts,layer_inserted,1,integer,int4,YES,0,,False,
public,_stg_yichang_river_counts,layer_updated,2,integer,int4,YES,0,,False,
public,_stg_yichang_river_counts,asset_inserted,3,integer,int4,YES,0,,False,
public,_stg_yichang_river_counts,asset_updated,4,integer,int4,YES,0,,False,
public,_stg_yichang_river_counts,skipped,5,integer,int4,YES,0,,False,
public,_stg_yichang_river_import,gid,1,integer,int4,NO,nextval('_stg_yichang_river_import_gid_seq'::regclass),,False,
public,_stg_yichang_river_import,OBJECTID,2,numeric,numeric,YES,,,False,
public,_stg_yichang_river_import,Nextdown,3,numeric,numeric,YES,,,False,
public,_stg_yichang_river_import,MAINRIVID,4,numeric,numeric,YES,,,False,
public,_stg_yichang_river_import,Hydrocount,5,numeric,numeric,YES,,,False,
public,_stg_yichang_river_import,Rclass,6,numeric,numeric,YES,,,False,
public,_stg_yichang_river_import,Rlenth,7,numeric,numeric,YES,,,False,
public,_stg_yichang_river_import,Hydrolenth,8,numeric,numeric,YES,,,False,
public,_stg_yichang_river_import,Rcatch,9,numeric,numeric,YES,,,False,
public,_stg_yichang_river_import,TCatch,10,numeric,numeric,YES,,,False,
public,_stg_yichang_river_import,Rname,11,character varying,varchar,YES,,,False,
public,_stg_yichang_river_import,Shape_Leng,12,numeric,numeric,YES,,,False,
public,_stg_yichang_river_import,RiverID,13,numeric,numeric,YES,,,False,
public,_stg_yichang_river_import,RclassDISP,14,numeric,numeric,YES,,,False,
public,_stg_yichang_river_import,OSMratio,15,numeric,numeric,YES,,,False,
public,_stg_yichang_river_import,GRITratio,16,numeric,numeric,YES,,,False,
public,_stg_yichang_river_import,Hydroratio,17,numeric,numeric,YES,,,False,
public,_stg_yichang_river_import,NameList,18,character varying,varchar,YES,,,False,
public,_stg_yichang_river_import,OrignCNT,19,character varying,varchar,YES,,,False,
public,_stg_yichang_river_import,SEG_ID,20,numeric,numeric,YES,,,False,
public,_stg_yichang_river_import,LEN,21,numeric,numeric,YES,,,False,
public,_stg_yichang_river_import,FLIPPED,22,numeric,numeric,YES,,,False,
public,_stg_yichang_river_import,FROM_Z,23,numeric,numeric,YES,,,False,
public,_stg_yichang_river_import,TO_Z,24,numeric,numeric,YES,,,False,
public,_stg_yichang_river_import,STR_ORD,25,numeric,numeric,YES,,,False,
public,_stg_yichang_river_import,SHR_ORD,26,numeric,numeric,YES,,,False,
public,_stg_yichang_river_import,geom,27,USER-DEFINED,geometry,YES,,,False,
public,_stg_yichang_river_std,gid,1,integer,int4,YES,,,False,
public,_stg_yichang_river_std,river_code,2,text,text,YES,,,False,
public,_stg_yichang_river_std,river_name,3,text,text,YES,,,False,
public,_stg_yichang_river_std,next_down,4,bigint,int8,YES,,,False,
public,_stg_yichang_river_std,river_class,5,text,text,YES,,,False,
public,_stg_yichang_river_std,length_km,6,numeric,numeric,YES,,,False,
public,_stg_yichang_river_std,from_z,7,numeric,numeric,YES,,,False,
public,_stg_yichang_river_std,to_z,8,numeric,numeric,YES,,,False,
public,_stg_yichang_river_std,geom,9,USER-DEFINED,geometry,YES,,,False,
public,_stg_yichang_river_std,metadata_json,10,jsonb,jsonb,YES,,,False,
public,ad_dict,row_id,1,bigint,int8,NO,,ROW_ID,True,数据字典
public,ad_dict,list_type,2,character varying,varchar,YES,,列表类型,True,数据字典
public,ad_dict,list_type_desc,3,character varying,varchar,YES,,列表描述,True,数据字典
public,ad_dict,item_code,4,character varying,varchar,YES,,列表项代码,True,数据字典
public,ad_dict,item_name,5,character varying,varchar,YES,,列表项名称,True,数据字典
public,ad_dict,taxis_no,6,integer,int4,NO,0,排序码,True,数据字典
public,ad_dict,origin_flag,7,character,bpchar,YES,,数据来源的标志：[]或[I]-(Input)系统录入;[O]-(Out)外部接口导入;[S]-(System)系统保留。本标志不能挪为它用。,True,数据字典
public,ad_dict,origin_app,8,character varying,varchar,YES,,数据来源应用的代码,True,数据字典
public,ad_dict,modification_num,9,integer,int4,NO,0,记录修改次数,True,数据字典
public,ad_dict,create_time,10,timestamp without time zone,timestamp,YES,,,False,数据字典
public,ad_dict,update_time,11,timestamp without time zone,timestamp,YES,,,False,数据字典
public,ad_dict,del_flag,12,character,bpchar,YES,'0'::bpchar,,False,数据字典
public,ad_dict,create_by,13,bigint,int8,YES,,,False,数据字典
public,ad_dict,update_by,14,bigint,int8,YES,,,False,数据字典
public,cf_auto_build_flag,id,1,bigint,int8,NO,,主键id,True,主键id
public,cf_auto_build_flag,manual_auto,2,character,bpchar,NO,,0 手动处理、1 自动处理,True,主键id
public,cf_auto_build_flag,create_by,3,bigint,int8,YES,,创建人,True,主键id
public,cf_auto_build_flag,create_time,4,timestamp without time zone,timestamp,YES,,创建时间,True,主键id
public,cf_auto_build_flag,update_by,5,bigint,int8,YES,,更新人,True,主键id
public,cf_auto_build_flag,update_time,6,timestamp without time zone,timestamp,YES,,更新时间,True,主键id
public,cf_auto_build_flag,del_flag,7,character,bpchar,YES,0,删除标记：0 未删除、1 已删除,True,主键id
public,day_quality_records,id,1,bigint,int8,NO,,主键id,True,日质控数据
public,day_quality_records,station_id,2,bigint,int8,YES,,站点id,True,日质控数据
public,day_quality_records,type,3,character,bpchar,YES,,类型：0 零点核查数据、1 跨度核查数据,True,日质控数据
public,day_quality_records,span_value5,4,double precision,float8,YES,,氨氮仪器跨度值,True,日质控数据
public,day_quality_records,check_value5,5,double precision,float8,YES,,氨氮零点/跨度核查数据,True,日质控数据
public,day_quality_records,standard_value5,6,double precision,float8,YES,,氨氮标准样浓度,True,日质控数据
public,day_quality_records,monitor_time5,7,timestamp without time zone,timestamp,YES,,氨氮监测时间,True,日质控数据
public,day_quality_records,span_value6,8,double precision,float8,YES,,高锰酸盐指数仪器跨度值,True,日质控数据
public,day_quality_records,check_value6,9,double precision,float8,YES,,高锰酸盐指数零点/跨度核查数据,True,日质控数据
public,day_quality_records,standard_value6,10,double precision,float8,YES,,高锰酸盐指数标准样浓度,True,日质控数据
public,day_quality_records,monitor_time6,11,timestamp without time zone,timestamp,YES,,高锰酸盐指数监测时间,True,日质控数据
public,day_quality_records,span_value7,12,double precision,float8,YES,,总磷仪器跨度值,True,日质控数据
public,day_quality_records,check_value7,13,double precision,float8,YES,,总磷零点/跨度核查数据,True,日质控数据
public,day_quality_records,standard_value7,14,double precision,float8,YES,,总磷标准样浓度,True,日质控数据
public,day_quality_records,monitor_time7,15,timestamp without time zone,timestamp,YES,,总磷监测时间,True,日质控数据
public,day_quality_records,span_value8,16,double precision,float8,YES,,总氮仪器跨度值,True,日质控数据
public,day_quality_records,check_value8,17,double precision,float8,YES,,总氮零点/跨度核查数据,True,日质控数据
public,day_quality_records,standard_value8,18,double precision,float8,YES,,总氮标准样浓度,True,日质控数据
public,day_quality_records,monitor_time8,19,timestamp without time zone,timestamp,YES,,总氮监测时间,True,日质控数据
public,day_quality_records,monitor_time,20,timestamp without time zone,timestamp,YES,,最新时间,True,日质控数据
public,day_quality_records,create_by,21,bigint,int8,YES,,创建人,True,日质控数据
public,day_quality_records,create_time,22,timestamp without time zone,timestamp,YES,,创建时间,True,日质控数据
public,day_quality_records,update_by,23,bigint,int8,YES,,更新人,True,日质控数据
public,day_quality_records,update_time,24,timestamp without time zone,timestamp,YES,,更新时间,True,日质控数据
public,day_quality_records,del_flag,25,character,bpchar,YES,0,删除标记：0 未删除、1 已删除,True,日质控数据
public,day_quality_setting,id,1,bigint,int8,NO,,主键id,True,日质控设置
public,day_quality_setting,station_id,2,bigint,int8,YES,,站点id,True,日质控设置
public,day_quality_setting,indicator_code,3,character varying,varchar,YES,,监测指标编号,True,日质控设置
public,day_quality_setting,span_value,4,double precision,float8,YES,,,False,日质控设置
public,day_quality_setting,zero_standard_value,5,double precision,float8,YES,,,False,日质控设置
public,day_quality_setting,span_standard_value,6,double precision,float8,YES,,,False,日质控设置
public,day_quality_setting,audit_by,7,bigint,int8,YES,,审核人,True,日质控设置
public,day_quality_setting,audit_time,8,timestamp without time zone,timestamp,YES,,审核时间,True,日质控设置
public,day_quality_setting,create_by,9,bigint,int8,YES,,创建人,True,日质控设置
public,day_quality_setting,create_time,10,timestamp without time zone,timestamp,YES,,创建时间,True,日质控设置
public,day_quality_setting,update_by,11,bigint,int8,YES,,更新人,True,日质控设置
public,day_quality_setting,update_time,12,timestamp without time zone,timestamp,YES,,更新时间,True,日质控设置
public,day_quality_setting,del_flag,13,character,bpchar,YES,0,删除标记：0 未删除、1 已删除,True,日质控设置
public,dc_survey_app,id,1,bigint,int8,NO,nextval('dc_survey_app_id_seq'::regclass),主键ID,True,APP安装包版本管理表
public,dc_survey_app,version_code,2,character varying,varchar,NO,,APP版本号：V1.0.0、1.0.0、100,True,APP安装包版本管理表
public,dc_survey_app,version_name,3,character varying,varchar,NO,,APP版本名称: 如果有多个APP保证每一类名称一致,True,APP安装包版本管理表
public,dc_survey_app,update_type,4,smallint,int2,YES,2,更新类型：1-强制更新，2-可选更新,True,APP安装包版本管理表
public,dc_survey_app,download_url,5,character varying,varchar,NO,,安装包下载地址,True,APP安装包版本管理表
public,dc_survey_app,file_size,6,bigint,int8,NO,,安装包文件大小（字节）,True,APP安装包版本管理表
public,dc_survey_app,file_md5,7,character varying,varchar,NO,,安装包MD5值，用于校验文件完整性,True,APP安装包版本管理表
public,dc_survey_app,update_log,8,text,text,YES,,更新日志,True,APP安装包版本管理表
public,dc_survey_app,platform_type,9,smallint,int2,YES,1,平台类型：1-Android，2-iOS,True,APP安装包版本管理表
public,dc_survey_app,create_by,10,bigint,int8,YES,,创建人,True,APP安装包版本管理表
public,dc_survey_app,create_time,11,timestamp without time zone,timestamp,YES,CURRENT_TIMESTAMP,创建时间,True,APP安装包版本管理表
public,dc_survey_info,id,1,bigint,int8,NO,nextval('dc_survey_info_id_seq'::regclass),主键ID,True,巡回调查-调查后的核查信息
public,dc_survey_info,watershed_partition_id,2,bigint,int8,NO,,流域分区ID,True,巡回调查-调查后的核查信息
public,dc_survey_info,title,3,character varying,varchar,YES,,标题：对应调研的名称,True,巡回调查-调查后的核查信息
public,dc_survey_info,upload_time,4,character varying,varchar,YES,,上传时间：每次上传都记录时间  20251128,True,巡回调查-调查后的核查信息
public,dc_survey_info,name,5,character varying,varchar,YES,,名称,True,巡回调查-调查后的核查信息
public,dc_survey_info,type,6,character varying,varchar,YES,,类型（工业、规上畜禽、规下畜禽、水产养殖、排污口、污水处理厂、厕污垃、河道情况、其他）,True,巡回调查-调查后的核查信息
public,dc_survey_info,lon,7,double precision,float8,YES,,经度,True,巡回调查-调查后的核查信息
public,dc_survey_info,lat,8,double precision,float8,YES,,纬度,True,巡回调查-调查后的核查信息
public,dc_survey_info,description,9,character varying,varchar,YES,,现场核查情况信息（是否有污水产生、污水流向）,True,巡回调查-调查后的核查信息
public,dc_survey_info,image_path,10,character varying,varchar,YES,,图片地址：图片在minIO存储,True,巡回调查-调查后的核查信息
public,dc_survey_info,monitor_info,11,character varying,varchar,YES,,监测信息（是否监测，结果如何）,True,巡回调查-调查后的核查信息
public,dc_survey_info,monitor_level,12,character varying,varchar,YES,,管控级别：一级（常年有水，肯定对水体有影响），二级（下雨时肯定对水体影响），三级（可能有影响），四级（无影响）,True,巡回调查-调查后的核查信息
public,dc_survey_info,remark,13,character varying,varchar,YES,,备注,True,巡回调查-调查后的核查信息
public,dc_survey_info,create_by,14,bigint,int8,YES,,创建人,True,巡回调查-调查后的核查信息
public,dc_survey_info,create_time,15,timestamp without time zone,timestamp,YES,,创建时间,True,巡回调查-调查后的核查信息
public,dc_survey_info,update_by,16,bigint,int8,YES,,更新人,True,巡回调查-调查后的核查信息
public,dc_survey_info,update_time,17,timestamp without time zone,timestamp,YES,,更新时间,True,巡回调查-调查后的核查信息
public,dc_survey_info,del_flag,18,character,bpchar,YES,'0'::bpchar,删除标记：0 未删除、1 已删除,True,巡回调查-调查后的核查信息
public,dc_survey_info,survey_type,19,smallint,int2,NO,0,调查类型：0-excel调查信息、1-word小结,True,巡回调查-调查后的核查信息
public,dc_survey_info,image_path_2,20,character varying,varchar,YES,,图片2,True,巡回调查-调查后的核查信息
public,dc_survey_info,image_path_3,21,character varying,varchar,YES,,图片3,True,巡回调查-调查后的核查信息
public,dc_survey_info,task_id,22,bigint,int8,YES,,APP巡查：任务id,True,巡回调查-调查后的核查信息
public,dc_survey_info,task_instance_id,23,bigint,int8,YES,,APP巡查：巡查任务实例id,True,巡回调查-调查后的核查信息
public,dc_survey_offline_sync,id,1,bigint,int8,NO,nextval('dc_survey_offline_sync_id_seq'::regclass),主键,True,离线同步任务表
public,dc_survey_offline_sync,cache_id,2,character varying,varchar,NO,,缓存ID：APP端维护，用于关联提交数据,True,离线同步任务表
public,dc_survey_offline_sync,sync_status,3,integer,int4,YES,0,同步状态：0-待同步，1-同步中，2-同步成功，3-同步失败,True,离线同步任务表
public,dc_survey_offline_sync,sync_progress,4,integer,int4,YES,0,同步进度：0-100,True,离线同步任务表
public,dc_survey_offline_sync,total_steps,5,integer,int4,YES,0,总步骤数,True,离线同步任务表
public,dc_survey_offline_sync,current_step,6,integer,int4,YES,0,当前步骤,True,离线同步任务表
public,dc_survey_offline_sync,sync_start_time,7,timestamp without time zone,timestamp,YES,,同步开始时间,True,离线同步任务表
public,dc_survey_offline_sync,sync_end_time,8,timestamp without time zone,timestamp,YES,,同步结束时间,True,离线同步任务表
public,dc_survey_offline_sync,task_id,9,bigint,int8,YES,,任务ID：关联的巡查任务ID,True,离线同步任务表
public,dc_survey_offline_sync,sync_result,10,character varying,varchar,YES,,同步结果信息,True,离线同步任务表
public,dc_survey_offline_sync,error_message,11,text,text,YES,,错误信息,True,离线同步任务表
public,dc_survey_offline_sync,create_by,12,bigint,int8,YES,,创建人,True,离线同步任务表
public,dc_survey_offline_sync,create_time,13,timestamp without time zone,timestamp,YES,CURRENT_TIMESTAMP,创建时间,True,离线同步任务表
public,dc_survey_offline_sync,del_flag,14,character varying,varchar,YES,'0'::character varying,删除标记：0 未删除、1 已删除,True,离线同步任务表
public,dc_survey_offline_upload,id,1,bigint,int8,NO,nextval('dc_survey_offline_upload_id_seq'::regclass),主键ID,True,文件上传缓存表 - 支持断点续传和本地文件缓存
public,dc_survey_offline_upload,cache_id,2,character varying,varchar,NO,,缓存ID：与离线同步任务的cacheId对应，用于批量文件管理,True,文件上传缓存表 - 支持断点续传和本地文件缓存
public,dc_survey_offline_upload,file_md5,3,character varying,varchar,NO,,文件标识：MD5值，用于唯一标识文件和完整性校验,True,文件上传缓存表 - 支持断点续传和本地文件缓存
public,dc_survey_offline_upload,file_type,4,character varying,varchar,NO,,文件类型：json-JSON数据文件，image-图片文件,True,文件上传缓存表 - 支持断点续传和本地文件缓存
public,dc_survey_offline_upload,file_name,5,character varying,varchar,NO,,文件名,True,文件上传缓存表 - 支持断点续传和本地文件缓存
public,dc_survey_offline_upload,file_size,6,bigint,int8,NO,,文件总大小：字节,True,文件上传缓存表 - 支持断点续传和本地文件缓存
public,dc_survey_offline_upload,uploaded_size,7,bigint,int8,YES,0,已上传大小：字节,True,文件上传缓存表 - 支持断点续传和本地文件缓存
public,dc_survey_offline_upload,total_chunks,8,integer,int4,YES,0,总分块数,True,文件上传缓存表 - 支持断点续传和本地文件缓存
public,dc_survey_offline_upload,uploaded_chunks,9,text,text,YES,,已上传分块列表：JSON数组，记录已完成的分块序号,True,文件上传缓存表 - 支持断点续传和本地文件缓存
public,dc_survey_offline_upload,file_path,10,character varying,varchar,YES,,文件存储路径：上传完成后的完整路径,True,文件上传缓存表 - 支持断点续传和本地文件缓存
public,dc_survey_offline_upload,upload_status,11,smallint,int2,YES,0,上传状态：0-待上传，1-上传中，2-上传完成，3-合并失败,True,文件上传缓存表 - 支持断点续传和本地文件缓存
public,dc_survey_offline_upload,message,12,text,text,YES,,执行信息：错误日志,True,文件上传缓存表 - 支持断点续传和本地文件缓存
public,dc_survey_offline_upload,create_by,13,bigint,int8,YES,,创建人,True,文件上传缓存表 - 支持断点续传和本地文件缓存
public,dc_survey_offline_upload,create_time,14,timestamp without time zone,timestamp,YES,CURRENT_TIMESTAMP,创建时间,True,文件上传缓存表 - 支持断点续传和本地文件缓存
public,dc_survey_offline_upload,update_time,15,timestamp without time zone,timestamp,YES,CURRENT_TIMESTAMP,更新时间,True,文件上传缓存表 - 支持断点续传和本地文件缓存
public,dc_survey_offline_upload,clean_flag,16,character,bpchar,YES,'0'::bpchar,本地文件清理标记：0 未删除、1 已删除,True,文件上传缓存表 - 支持断点续传和本地文件缓存
public,dc_survey_task,id,1,bigint,int8,NO,nextval('dc_survey_task_id_seq'::regclass),主键,True,巡查任务表
public,dc_survey_task,title,2,character varying,varchar,NO,,巡查标题,True,巡查任务表
public,dc_survey_task,survey_time,3,character varying,varchar,NO,,巡查时间: yyyyMMdd,True,巡查任务表
public,dc_survey_task,watershed_partition_id,4,bigint,int8,NO,,流域分区ID,True,巡查任务表
public,dc_survey_task,status,5,integer,int4,YES,0,"任务状态: 0-进行中, 1-已暂停, 2-已结束",True,巡查任务表
public,dc_survey_task,point_count,6,integer,int4,YES,0,点位数量,True,巡查任务表
public,dc_survey_task,remark,7,character varying,varchar,YES,,备注,True,巡查任务表
public,dc_survey_task,create_by,8,bigint,int8,YES,,创建人,True,巡查任务表
public,dc_survey_task,create_time,9,timestamp without time zone,timestamp,YES,CURRENT_TIMESTAMP,创建时间,True,巡查任务表
public,dc_survey_task,update_by,10,bigint,int8,YES,,更新人,True,巡查任务表
public,dc_survey_task,update_time,11,timestamp without time zone,timestamp,YES,CURRENT_TIMESTAMP,更新时间,True,巡查任务表
public,dc_survey_task,del_flag,12,character varying,varchar,YES,'0'::character varying,删除标记：0 未删除、1 已删除,True,巡查任务表
public,dc_survey_task,image_count,13,integer,int4,YES,0,照片数量,True,巡查任务表
public,dc_survey_task,duration,14,bigint,int8,YES,0,巡查时长: 单位秒,True,巡查任务表
public,dc_survey_task,distance,15,numeric,numeric,YES,0.000,巡查距离: 单位km,True,巡查任务表
public,dc_survey_task,current_point_count,16,integer,int4,YES,0,本次巡查点位数量: 重新开启后自动清零,True,巡查任务表
public,dc_survey_task,update_name,17,character varying,varchar,YES,,更新人名称：当前巡查人员,True,巡查任务表
public,dc_survey_task,cache_id,18,character varying,varchar,YES,,本地缓存ID：APP端维护,True,巡查任务表
public,dc_survey_task_instance,id,1,bigint,int8,NO,nextval('dc_survey_task_instance_id_seq'::regclass),主键,True,任务实例：记录轨迹、点位的添加
public,dc_survey_task_instance,task_id,2,bigint,int8,NO,,任务ID,True,任务实例：记录轨迹、点位的添加
public,dc_survey_task_instance,start_time,3,timestamp without time zone,timestamp,YES,,执行开始时间,True,任务实例：记录轨迹、点位的添加
public,dc_survey_task_instance,end_time,4,timestamp without time zone,timestamp,YES,,执行结束时间,True,任务实例：记录轨迹、点位的添加
public,dc_survey_task_instance,duration,5,bigint,int8,YES,,执行时长（秒）,True,任务实例：记录轨迹、点位的添加
public,dc_survey_task_instance,create_time,6,timestamp without time zone,timestamp,YES,CURRENT_TIMESTAMP,创建时间,True,任务实例：记录轨迹、点位的添加
public,dc_survey_track,id,1,bigint,int8,NO,nextval('dc_survey_track_id_seq'::regclass),主键,True,巡查轨迹记录表
public,dc_survey_track,task_id,2,bigint,int8,NO,,巡查任务ID,True,巡查轨迹记录表
public,dc_survey_track,lat,3,double precision,float8,NO,,纬度,True,巡查轨迹记录表
public,dc_survey_track,lon,4,double precision,float8,NO,,经度,True,巡查轨迹记录表
public,dc_survey_track,distance,5,numeric,numeric,YES,0.000,距离上一个点的距离（米）,True,巡查轨迹记录表
public,dc_survey_track,create_by,6,bigint,int8,YES,,创建人,True,巡查轨迹记录表
public,dc_survey_track,create_time,7,timestamp without time zone,timestamp,YES,CURRENT_TIMESTAMP,创建时间,True,巡查轨迹记录表
public,dc_survey_track,num,8,integer,int4,NO,,点位编号,True,巡查轨迹记录表
public,dc_survey_track,task_instance_id,9,bigint,int8,YES,,实例ID,True,巡查轨迹记录表
public,gis_control_unit,id,1,bigint,int8,NO,nextval('gis_control_unit_id_seq1'::regclass),主键,True,
public,gis_control_unit,geom,2,USER-DEFINED,geometry,YES,,几何信息,True,
public,gis_control_unit,control_unit_name,3,character varying,varchar,YES,,控制单元名称,True,
public,gis_control_unit,area,4,double precision,float8,YES,,面积（km2）,True,
public,gis_control_unit,control_unit_code,5,character varying,varchar,YES,,控制单元编码,True,
public,gis_control_unit,basin,6,character varying,varchar,YES,,所属流域,True,
public,gis_control_unit,remark,7,character varying,varchar,YES,,备注,True,
public,gis_control_unit,create_time,8,timestamp without time zone,timestamp,YES,CURRENT_TIMESTAMP,创建时间,True,
public,gis_control_unit,update_time,9,timestamp without time zone,timestamp,YES,,更新时间,True,
public,gis_control_unit,del_flag,10,character,bpchar,YES,'0'::bpchar,删除标志：0-正常、1-删除,True,
public,gis_control_unit,create_by,11,bigint,int8,YES,,创建人,True,
public,gis_control_unit,update_by,12,bigint,int8,YES,,修改人,True,
public,gis_ecologicalregion,id,1,bigint,int8,NO,,,False,
public,gis_ecologicalregion,ecological_region_name,2,character varying,varchar,YES,,,False,
public,gis_ecologicalregion,ecological_region_code,3,character varying,varchar,YES,,,False,
public,gis_ecologicalregion,address,4,character varying,varchar,YES,,,False,
public,gis_ecologicalregion,geom,5,USER-DEFINED,geometry,YES,,,False,
public,gis_ecologicalregion,population,6,bigint,int8,YES,,,False,
public,gis_ecologicalregion,type,7,character,bpchar,YES,,,False,
public,gis_ecologicalregion,service_target,8,character varying,varchar,YES,,,False,
public,gis_ecologicalregion,area,9,double precision,float8,YES,,,False,
public,gis_ecologicalregion,ecosystem_vegetation,10,character varying,varchar,YES,,,False,
public,gis_ecologicalregion,human_activities,11,character varying,varchar,YES,,,False,
public,gis_ecologicalregion,environment_problems,12,character varying,varchar,YES,,,False,
public,gis_ecologicalregion,control_measures,13,character varying,varchar,YES,,,False,
public,gis_ecologicalregion,remark,14,character varying,varchar,YES,,,False,
public,gis_ecologicalregion,create_by,15,bigint,int8,YES,,,False,
public,gis_ecologicalregion,create_time,16,timestamp without time zone,timestamp,YES,,,False,
public,gis_ecologicalregion,update_by,17,bigint,int8,YES,,,False,
public,gis_ecologicalregion,update_time,18,timestamp without time zone,timestamp,YES,,,False,
public,gis_ecologicalregion,del_flag,19,character,bpchar,YES,0,,False,
public,gis_headwaters,id,1,bigint,int8,NO,,,False,
public,gis_headwaters,headwaters_name,2,character varying,varchar,YES,,,False,
public,gis_headwaters,headwaters_code,3,character varying,varchar,YES,,,False,
public,gis_headwaters,address,4,character varying,varchar,YES,,,False,
public,gis_headwaters,geom,5,USER-DEFINED,geometry,YES,,,False,
public,gis_headwaters,level,6,character varying,varchar,YES,,,False,
public,gis_headwaters,type,7,character,bpchar,YES,,,False,
public,gis_headwaters,water_intake_quantity,8,double precision,float8,YES,,,False,
public,gis_headwaters,water_supply_population,9,bigint,int8,YES,,,False,
public,gis_headwaters,is_protect_region,10,character,bpchar,YES,,,False,
public,gis_headwaters,remark,11,character varying,varchar,YES,,,False,
public,gis_headwaters,create_by,12,bigint,int8,YES,,,False,
public,gis_headwaters,create_time,13,timestamp without time zone,timestamp,YES,,,False,
public,gis_headwaters,update_by,14,bigint,int8,YES,,,False,
public,gis_headwaters,update_time,15,timestamp without time zone,timestamp,YES,,,False,
public,gis_headwaters,del_flag,16,character,bpchar,YES,0,,False,
public,gis_naturereserve,id,1,bigint,int8,NO,,,False,
public,gis_naturereserve,nature_reserve_name,2,character varying,varchar,YES,,,False,
public,gis_naturereserve,nature_reserve_code,3,character varying,varchar,YES,,,False,
public,gis_naturereserve,address,4,character varying,varchar,YES,,,False,
public,gis_naturereserve,geom,5,USER-DEFINED,geometry,YES,,,False,
public,gis_naturereserve,department,6,character varying,varchar,YES,,,False,
public,gis_naturereserve,type,7,character,bpchar,YES,,,False,
public,gis_naturereserve,level,8,character varying,varchar,YES,,,False,
public,gis_naturereserve,protect_target,9,character varying,varchar,YES,,,False,
public,gis_naturereserve,total_area,10,double precision,float8,YES,,,False,
public,gis_naturereserve,core_area,11,double precision,float8,YES,,,False,
public,gis_naturereserve,buffer_area,12,double precision,float8,YES,,,False,
public,gis_naturereserve,manage_org_name,13,character varying,varchar,YES,,,False,
public,gis_naturereserve,manage_org_type,14,character varying,varchar,YES,,,False,
public,gis_naturereserve,manage_org_level,15,character varying,varchar,YES,,,False,
public,gis_naturereserve,population,16,bigint,int8,YES,,,False,
public,gis_naturereserve,first_protect_animals,17,character varying,varchar,YES,,,False,
public,gis_naturereserve,second_protect_animals,18,character varying,varchar,YES,,,False,
public,gis_naturereserve,first_protect_plants,19,character varying,varchar,YES,,,False,
public,gis_naturereserve,second_protect_plants,20,character varying,varchar,YES,,,False,
public,gis_naturereserve,create_by,21,bigint,int8,YES,,,False,
public,gis_naturereserve,create_time,22,timestamp without time zone,timestamp,YES,,,False,
public,gis_naturereserve,update_by,23,bigint,int8,YES,,,False,
public,gis_naturereserve,update_time,24,timestamp without time zone,timestamp,YES,,,False,
public,gis_naturereserve,del_flag,25,character,bpchar,YES,0,,False,
public,gis_poi,id,1,bigint,int8,NO,,主键id,True,主键id
public,gis_poi,code,2,bigint,int8,YES,,poi标识码,True,主键id
public,gis_poi,name,3,character varying,varchar,YES,,名称,True,主键id
public,gis_poi,address,4,character varying,varchar,YES,,地址,True,主键id
public,gis_poi,category,5,character varying,varchar,YES,,分类,True,主键id
public,gis_poi,region_code,6,character varying,varchar,YES,,行政区编码,True,主键id
public,gis_poi,region_province,7,character varying,varchar,YES,,行政区省,True,主键id
public,gis_poi,region_city,8,character varying,varchar,YES,,行政区城市,True,主键id
public,gis_poi,lon,9,double precision,float8,YES,,经度,True,主键id
public,gis_poi,lat,10,double precision,float8,YES,,纬度,True,主键id
public,gis_poi,telephone,11,character varying,varchar,YES,,电话,True,主键id
public,gis_poi,remark,12,character varying,varchar,YES,,备注,True,主键id
public,gis_poi,create_time,13,timestamp without time zone,timestamp,YES,CURRENT_TIMESTAMP,,False,主键id
public,gis_poi,update_time,14,timestamp without time zone,timestamp,YES,,,False,主键id
public,gis_poi,del_flag,15,character,bpchar,YES,0,,False,主键id
public,gis_poi,create_by,16,bigint,int8,YES,,,False,主键id
public,gis_poi,update_by,17,bigint,int8,YES,,,False,主键id
public,gis_region,id,1,bigint,int8,NO,,主键id,True,区县数据表
public,gis_region,region_code,2,character varying,varchar,YES,,,False,区县数据表
public,gis_region,region_name,3,character varying,varchar,YES,,,False,区县数据表
public,gis_region,control_unit_id,4,bigint,int8,YES,,,False,区县数据表
public,gis_region,region_level,5,character varying,varchar,YES,,,False,区县数据表
public,gis_region,parent_code,6,character varying,varchar,YES,,,False,区县数据表
public,gis_region,code,7,character varying,varchar,YES,,,False,区县数据表
public,gis_region,address,8,character varying,varchar,YES,,,False,区县数据表
public,gis_region,remark,9,character varying,varchar,YES,,,False,区县数据表
public,gis_region,create_by,10,bigint,int8,YES,,创建人,True,区县数据表
public,gis_region,create_time,11,timestamp without time zone,timestamp,YES,,创建时间,True,区县数据表
public,gis_region,update_by,12,bigint,int8,YES,,更新人,True,区县数据表
public,gis_region,update_time,13,timestamp without time zone,timestamp,YES,,更新时间,True,区县数据表
public,gis_region,del_flag,14,character,bpchar,YES,0,删除标记：0 未删除、1 已删除,True,区县数据表
public,gis_region_city,id,1,integer,int4,NO,nextval('gis_region_city_id_seq'::regclass),,False,
public,gis_region_city,geom,2,USER-DEFINED,geometry,YES,,,False,
public,gis_region_city,region_name,3,character varying,varchar,YES,,行政区划名称,True,
public,gis_region_city,region_code,4,character varying,varchar,YES,,行政区划编码,True,
public,gis_region_county,id,1,integer,int4,NO,nextval('gis_region_qx_id_seq'::regclass),,False,行政区-区县
public,gis_region_county,geom,2,USER-DEFINED,geometry,YES,,,False,行政区-区县
public,gis_region_county,region_name,3,character varying,varchar,YES,,行政区名称,True,行政区-区县
public,gis_region_county,city,4,character varying,varchar,YES,,市级名称,True,行政区-区县
public,gis_region_county,region_code,5,character varying,varchar,YES,,行政区编码,True,行政区-区县
public,gis_region_population,id,1,bigint,int8,NO,,,False,
public,gis_region_population,region_id,2,bigint,int8,YES,,,False,
public,gis_region_population,city_population,3,double precision,float8,YES,,,False,
public,gis_region_population,city_area,4,double precision,float8,YES,,,False,
public,gis_region_population,city_quantity,5,double precision,float8,YES,,,False,
public,gis_region_population,rural_population,6,double precision,float8,YES,,,False,
public,gis_region_population,rural_area,7,double precision,float8,YES,,,False,
public,gis_region_population,rural_quantity,8,double precision,float8,YES,,,False,
public,gis_region_population,year,9,bigint,int8,YES,,,False,
public,gis_region_population,create_by,10,bigint,int8,YES,,,False,
public,gis_region_population,create_time,11,timestamp without time zone,timestamp,YES,,,False,
public,gis_region_population,update_by,12,bigint,int8,YES,,,False,
public,gis_region_population,update_time,13,timestamp without time zone,timestamp,YES,,,False,
public,gis_region_population,del_flag,14,character,bpchar,YES,0,,False,
public,gis_region_township,id,1,integer,int4,NO,nextval('gis_region_xz_id_seq'::regclass),,False,行政区划-乡镇
public,gis_region_township,geom,2,USER-DEFINED,geometry,YES,,,False,行政区划-乡镇
public,gis_region_township,region_code,3,character varying,varchar,YES,,行政区划编码,True,行政区划-乡镇
public,gis_region_township,county,4,character varying,varchar,YES,,区县名称,True,行政区划-乡镇
public,gis_region_township,region_name,5,character varying,varchar,YES,,行政区划名称,True,行政区划-乡镇
public,gis_region_township,city,6,character varying,varchar,YES,,市级名称,True,行政区划-乡镇
public,gis_watershed_partition,id,1,bigint,int8,NO,,,False,空间-流域分区数据
public,gis_watershed_partition,name,2,character varying,varchar,YES,,名称,True,空间-流域分区数据
public,gis_watershed_partition,name_alias,3,character varying,varchar,YES,,别名,True,空间-流域分区数据
public,gis_watershed_partition,area,4,double precision,float8,YES,0,面积：平方千米,True,空间-流域分区数据
public,gis_watershed_partition,remark,5,character varying,varchar,YES,,备注,True,空间-流域分区数据
public,gis_watershed_partition,code,6,character varying,varchar,YES,,编码,True,空间-流域分区数据
public,gis_watershed_partition,create_by,7,bigint,int8,YES,1,创建人,True,空间-流域分区数据
public,gis_watershed_partition,create_time,8,timestamp without time zone,timestamp,YES,CURRENT_TIMESTAMP,创建时间,True,空间-流域分区数据
public,gis_watershed_partition,update_by,9,bigint,int8,YES,1,更新人,True,空间-流域分区数据
public,gis_watershed_partition,update_time,10,timestamp without time zone,timestamp,YES,CURRENT_TIMESTAMP,更新时间,True,空间-流域分区数据
public,gis_watershed_partition,del_flag,11,character,bpchar,YES,'0'::bpchar,删除标记: 0-未删除、1-已删除,True,空间-流域分区数据
public,gis_watershed_partition,geom,12,USER-DEFINED,geometry,YES,,图形,True,空间-流域分区数据
public,gis_watershed_partition,version,13,smallint,int2,YES,0,当前版本：从0开始递增,True,空间-流域分区数据
public,gis_watershed_partition_3,id,1,integer,int4,NO,nextval('gis_watershed_partition_3_id_seq'::regclass),,False,
public,gis_watershed_partition_3,geom,2,USER-DEFINED,geometry,YES,,,False,
public,gis_watershed_partition_3,basin,3,character varying,varchar,YES,,流域,True,
public,gis_watershed_partition_3,name,4,character varying,varchar,YES,,名称,True,
public,gis_watershed_partition_3,area,5,double precision,float8,YES,,面积：平方米,True,
public,gis_watershed_partition_4,id,1,integer,int4,NO,nextval('gis_watershed_partition_4_id_seq'::regclass),,False,
public,gis_watershed_partition_4,geom,2,USER-DEFINED,geometry,YES,,,False,
public,gis_watershed_partition_4,basin,3,character varying,varchar,YES,,流域,True,
public,gis_watershed_partition_4,last_name,4,character varying,varchar,YES,,上一级流域名称,True,
public,gis_watershed_partition_4,poly_area,5,double precision,float8,YES,,,False,
public,gis_watershed_partition_4,name,6,character varying,varchar,YES,,名称,True,
public,gis_watershed_partition_4,area,7,double precision,float8,YES,,面积：平方米,True,
public,gis_watershed_partition_4,section_name,8,character varying,varchar,YES,,对应断面名称,True,
public,gis_watershed_partition_4,2021,9,character varying,varchar,YES,,,False,
public,gis_watershed_partition_4,2025,10,character varying,varchar,YES,,,False,
public,gis_watershed_partition_4,2035,11,character varying,varchar,YES,,,False,
public,layer_boundary_enterprise,id,1,integer,int4,NO,"nextval('""企业边界_id_seq""'::regclass)",,False,工业园区-企业边界
public,layer_boundary_enterprise,name,2,character varying,varchar,YES,,,False,工业园区-企业边界
public,layer_boundary_enterprise,code,3,character varying,varchar,YES,,,False,工业园区-企业边界
public,layer_boundary_enterprise,geom,4,USER-DEFINED,geometry,YES,,,False,工业园区-企业边界
public,layer_boundary_park,id,1,integer,int4,NO,,,False,工业园区-园区边界
public,layer_boundary_park,geom,2,USER-DEFINED,geometry,YES,,,False,工业园区-园区边界
public,layer_boundary_park,name,3,character varying,varchar,YES,,,False,工业园区-园区边界
public,layer_boundary_park,code,4,character varying,varchar,YES,,,False,工业园区-园区边界
public,layer_boundary_park,name_part,5,character varying,varchar,YES,,分园名称,True,工业园区-园区边界
public,layer_boundary_park,region_name,6,character varying,varchar,YES,,行政区名称,True,工业园区-园区边界
public,layer_boundary_park,park_level,7,integer,int4,YES,,园区级别：0-未知、1-国家级、2-省级、3-市级,True,工业园区-园区边界
public,layer_entity_process,id,1,bigint,int8,NO,,主键,True,溯源关系查询流程：使用到的图层信息
public,layer_entity_process,process_type,2,character varying,varchar,YES,'industrial'::character varying,溯源查询类型：industrial-工业园区,True,溯源关系查询流程：使用到的图层信息
public,layer_entity_process,layer_type,3,smallint,int2,YES,0,溯源查询类型：0-查询图层、1-静态图层...,True,溯源关系查询流程：使用到的图层信息
public,layer_entity_process,layer_name_en,4,character varying,varchar,NO,,图层英文名称,True,溯源关系查询流程：使用到的图层信息
public,layer_entity_process,layer_name_cn,5,character varying,varchar,YES,,图层中文名称,True,溯源关系查询流程：使用到的图层信息
public,layer_entity_process,geom_type,6,character varying,varchar,YES,,图形类型：点、线、面,True,溯源关系查询流程：使用到的图层信息
public,layer_entity_process,layer_level,7,smallint,int2,YES,0,图层层级：查询过程的级别,True,溯源关系查询流程：使用到的图层信息
public,layer_entity_process,query_expand_mark,8,smallint,int2,YES,0,扩展查询标记：关联查询相关属性,True,溯源关系查询流程：使用到的图层信息
public,layer_entity_process,remark,9,character varying,varchar,YES,,备注,True,溯源关系查询流程：使用到的图层信息
public,layer_entity_relation,id,1,bigint,int8,NO,,主键,True,图层-要素关联关系表
public,layer_entity_relation,entity_code_1,2,character varying,varchar,NO,,要素编码1,True,图层-要素关联关系表
public,layer_entity_relation,layer_name_1,3,character varying,varchar,NO,,图层名称1,True,图层-要素关联关系表
public,layer_entity_relation,relation,4,character varying,varchar,YES,,关系名称,True,图层-要素关联关系表
public,layer_entity_relation,entity_code_2,5,character varying,varchar,NO,,要素编码2,True,图层-要素关联关系表
public,layer_entity_relation,layer_name_2,6,character varying,varchar,NO,,图层名称2,True,图层-要素关联关系表
public,layer_entity_relation,create_date,7,timestamp without time zone,timestamp,YES,CURRENT_TIMESTAMP,创建时间,True,图层-要素关联关系表
public,layer_entity_relation,delete_mark,8,smallint,int2,YES,0,删除标志：0-正常、1-删除,True,图层-要素关联关系表
public,layer_industrial_ghysgw,id,1,integer,int4,NO,,,False,工业园区-规划雨水管网
public,layer_industrial_ghysgw,geom,2,USER-DEFINED,geometry,YES,,,False,工业园区-规划雨水管网
public,layer_industrial_ghysgw,name,3,character varying,varchar,YES,,,False,工业园区-规划雨水管网
public,layer_industrial_ghysgw,code,4,character varying,varchar,YES,,,False,工业园区-规划雨水管网
public,layer_industrial_lsf,id,1,integer,int4,NO,,,False,工业园区-园区临时闸阀
public,layer_industrial_lsf,geom,2,USER-DEFINED,geometry,YES,,,False,工业园区-园区临时闸阀
public,layer_industrial_lsf,name,3,character varying,varchar,YES,,,False,工业园区-园区临时闸阀
public,layer_industrial_lsf,code,4,character varying,varchar,YES,,,False,工业园区-园区临时闸阀
public,layer_industrial_xzysgw,id,1,integer,int4,NO,,,False,工业园区-现状雨水管网
public,layer_industrial_xzysgw,geom,2,USER-DEFINED,geometry,YES,,,False,工业园区-现状雨水管网
public,layer_industrial_xzysgw,name,3,character varying,varchar,YES,,,False,工业园区-现状雨水管网
public,layer_industrial_xzysgw,code,4,character varying,varchar,YES,,,False,工业园区-现状雨水管网
public,layer_industrial_yjf,id,1,integer,int4,NO,,,False,工业园区-园区永久闸阀
public,layer_industrial_yjf,geom,2,USER-DEFINED,geometry,YES,,,False,工业园区-园区永久闸阀
public,layer_industrial_yjf,name,3,character varying,varchar,YES,,,False,工业园区-园区永久闸阀
public,layer_industrial_yjf,code,4,character varying,varchar,YES,,,False,工业园区-园区永久闸阀
public,layer_industrial_yjsgc,id,1,integer,int4,NO,,,False,工业园区-应急事故池
public,layer_industrial_yjsgc,geom,2,USER-DEFINED,geometry,YES,,,False,工业园区-应急事故池
public,layer_industrial_yjsgc,x,3,double precision,float8,YES,,,False,工业园区-应急事故池
public,layer_industrial_yjsgc,y,4,double precision,float8,YES,,,False,工业园区-应急事故池
public,layer_industrial_yjsgc,name,5,character varying,varchar,YES,,,False,工业园区-应急事故池
public,layer_industrial_yjsgc,code,6,character varying,varchar,YES,,,False,工业园区-应急事故池
public,layer_industrial_ysc,id,1,integer,int4,NO,,,False,工业园区-雨水池
public,layer_industrial_ysc,geom,2,USER-DEFINED,geometry,YES,,,False,工业园区-雨水池
public,layer_industrial_ysc,x,3,double precision,float8,YES,,,False,工业园区-雨水池
public,layer_industrial_ysc,y,4,double precision,float8,YES,,,False,工业园区-雨水池
public,layer_industrial_ysc,name,5,character varying,varchar,YES,,,False,工业园区-雨水池
public,layer_industrial_ysc,code,6,character varying,varchar,YES,,,False,工业园区-雨水池
public,layer_outlet_sewage,id,1,integer,int4,NO,"nextval('""污水排放口_id_seq""'::regclass)",,False,工业园区-污水排放口
public,layer_outlet_sewage,x,2,double precision,float8,YES,,,False,工业园区-污水排放口
public,layer_outlet_sewage,y,3,double precision,float8,YES,,,False,工业园区-污水排放口
public,layer_outlet_sewage,name,4,character varying,varchar,YES,,,False,工业园区-污水排放口
public,layer_outlet_sewage,code,5,character varying,varchar,YES,,,False,工业园区-污水排放口
public,layer_outlet_sewage,jcdbh,6,character varying,varchar,YES,,监测点编号,True,工业园区-污水排放口
public,layer_outlet_sewage,geom,7,USER-DEFINED,geometry,YES,,,False,工业园区-污水排放口
public,layer_partition_2,id,1,integer,int4,NO,nextval('layer_partition_2_id_seq'::regclass),,False,二级分区
public,layer_partition_2,geom,2,USER-DEFINED,geometry,YES,,,False,二级分区
public,layer_partition_2,name,3,character varying,varchar,YES,,分区名称,True,二级分区
public,layer_partition_2,name_1,4,character varying,varchar,YES,,一级分区名称,True,二级分区
public,layer_partition_2,area,5,double precision,float8,YES,,面积,True,二级分区
public,layer_partition_3,id,1,integer,int4,NO,nextval('layer_partition_3_id_seq'::regclass),,False,三级分区
public,layer_partition_3,geom,2,USER-DEFINED,geometry,YES,,,False,三级分区
public,layer_partition_3,name,3,character varying,varchar,YES,,分区名称,True,三级分区
public,layer_partition_3,name_2,4,character varying,varchar,YES,,二级分区名称,True,三级分区
public,layer_partition_3,name_1,5,character varying,varchar,YES,,一级分区名称,True,三级分区
public,layer_partition_3,area,6,double precision,float8,YES,,面积,True,三级分区
public,layer_reservoir_provincial,id,1,integer,int4,NO,nextval('layer_reservoir_provincial_id_seq'::regclass),,False,省控水库
public,layer_reservoir_provincial,geom,2,USER-DEFINED,geometry,YES,,,False,省控水库
public,layer_reservoir_provincial,objectid,3,bigint,int8,YES,,,False,省控水库
public,layer_reservoir_provincial,cc,4,character varying,varchar,YES,,,False,省控水库
public,layer_reservoir_provincial,gb,5,character varying,varchar,YES,,,False,省控水库
public,layer_reservoir_provincial,bas,6,character varying,varchar,YES,,,False,省控水库
public,layer_reservoir_provincial,name,7,character varying,varchar,YES,,,False,省控水库
public,layer_reservoir_provincial,period,8,character varying,varchar,YES,,,False,省控水库
public,layer_reservoir_provincial,type,9,character varying,varchar,YES,,,False,省控水库
public,layer_reservoir_provincial,wq,10,character varying,varchar,YES,,,False,省控水库
public,layer_reservoir_provincial,aheight,11,double precision,float8,YES,,,False,省控水库
public,layer_reservoir_provincial,parea,12,double precision,float8,YES,,,False,省控水库
public,layer_reservoir_provincial,ec,13,character varying,varchar,YES,,,False,省控水库
public,layer_reservoir_provincial,grade,14,character varying,varchar,YES,,,False,省控水库
public,layer_reservoir_provincial,length,15,double precision,float8,YES,,,False,省控水库
public,layer_reservoir_provincial,mheight,16,double precision,float8,YES,,,False,省控水库
public,layer_reservoir_provincial,sdtf,17,character varying,varchar,YES,,,False,省控水库
public,layer_reservoir_provincial,shrc,18,character varying,varchar,YES,,,False,省控水库
public,layer_reservoir_provincial,vol,19,double precision,float8,YES,,,False,省控水库
public,layer_reservoir_provincial,featid,20,character varying,varchar,YES,,,False,省控水库
public,layer_reservoir_provincial,elemstime,21,character varying,varchar,YES,,,False,省控水库
public,layer_reservoir_provincial,elemetime,22,character varying,varchar,YES,,,False,省控水库
public,layer_reservoir_provincial,ecrm,23,integer,int4,YES,,,False,省控水库
public,layer_reservoir_provincial,wrid,24,character varying,varchar,YES,,,False,省控水库
public,layer_reservoir_provincial,wrgr,25,integer,int4,YES,,,False,省控水库
public,layer_reservoir_provincial,areacode,26,bigint,int8,YES,,,False,省控水库
public,layer_reservoir_provincial,changetype,27,integer,int4,YES,,,False,省控水库
public,layer_reservoir_provincial,changeatt,28,character varying,varchar,YES,,,False,省控水库
public,layer_reservoir_provincial,shape_leng,29,double precision,float8,YES,,,False,省控水库
public,layer_reservoir_provincial,shape_area,30,double precision,float8,YES,,,False,省控水库
public,layer_reservoir_provincial_label,geom,1,USER-DEFINED,geometry,YES,,,False,省控水库注记
public,layer_reservoir_provincial_label,cc,2,character varying,varchar,YES,,,False,省控水库注记
public,layer_reservoir_provincial_label,gb,3,character varying,varchar,YES,,,False,省控水库注记
public,layer_reservoir_provincial_label,bas,4,character varying,varchar,YES,,,False,省控水库注记
public,layer_reservoir_provincial_label,name,5,character varying,varchar,YES,,,False,省控水库注记
public,layer_reservoir_provincial_label,period,6,character varying,varchar,YES,,,False,省控水库注记
public,layer_reservoir_provincial_label,type,7,character varying,varchar,YES,,,False,省控水库注记
public,layer_reservoir_provincial_label,wq,8,character varying,varchar,YES,,,False,省控水库注记
public,layer_reservoir_provincial_label,aheight,9,double precision,float8,YES,,,False,省控水库注记
public,layer_reservoir_provincial_label,parea,10,double precision,float8,YES,,,False,省控水库注记
public,layer_reservoir_provincial_label,ec,11,character varying,varchar,YES,,,False,省控水库注记
public,layer_reservoir_provincial_label,grade,12,character varying,varchar,YES,,,False,省控水库注记
public,layer_reservoir_provincial_label,length,13,double precision,float8,YES,,,False,省控水库注记
public,layer_reservoir_provincial_label,mheight,14,double precision,float8,YES,,,False,省控水库注记
public,layer_reservoir_provincial_label,sdtf,15,character varying,varchar,YES,,,False,省控水库注记
public,layer_reservoir_provincial_label,shrc,16,character varying,varchar,YES,,,False,省控水库注记
public,layer_reservoir_provincial_label,vol,17,double precision,float8,YES,,,False,省控水库注记
public,layer_reservoir_provincial_label,featid,18,character varying,varchar,YES,,,False,省控水库注记
public,layer_reservoir_provincial_label,elemstime,19,character varying,varchar,YES,,,False,省控水库注记
public,layer_reservoir_provincial_label,elemetime,20,character varying,varchar,YES,,,False,省控水库注记
public,layer_reservoir_provincial_label,ecrm,21,integer,int4,YES,,,False,省控水库注记
public,layer_reservoir_provincial_label,wrid,22,character varying,varchar,YES,,,False,省控水库注记
public,layer_reservoir_provincial_label,wrgr,23,integer,int4,YES,,,False,省控水库注记
public,layer_reservoir_provincial_label,areacode,24,bigint,int8,YES,,,False,省控水库注记
public,layer_reservoir_provincial_label,changetype,25,integer,int4,YES,,,False,省控水库注记
public,layer_reservoir_provincial_label,changeatt,26,character varying,varchar,YES,,,False,省控水库注记
public,layer_reservoir_provincial_label,id,27,integer,int4,NO,nextval('layer_reservoir_provincial_label_id_seq'::regclass),,False,省控水库注记
public,layer_reservoir_provincial_合并,geom,1,USER-DEFINED,geometry,YES,,,False,省控水库
public,layer_reservoir_provincial_合并,cc,2,character varying,varchar,YES,,,False,省控水库
public,layer_reservoir_provincial_合并,gb,3,character varying,varchar,YES,,,False,省控水库
public,layer_reservoir_provincial_合并,bas,4,character varying,varchar,YES,,,False,省控水库
public,layer_reservoir_provincial_合并,name,5,character varying,varchar,YES,,,False,省控水库
public,layer_reservoir_provincial_合并,period,6,character varying,varchar,YES,,,False,省控水库
public,layer_reservoir_provincial_合并,type,7,character varying,varchar,YES,,,False,省控水库
public,layer_reservoir_provincial_合并,wq,8,character varying,varchar,YES,,,False,省控水库
public,layer_reservoir_provincial_合并,aheight,9,double precision,float8,YES,,,False,省控水库
public,layer_reservoir_provincial_合并,parea,10,double precision,float8,YES,,,False,省控水库
public,layer_reservoir_provincial_合并,ec,11,character varying,varchar,YES,,,False,省控水库
public,layer_reservoir_provincial_合并,grade,12,character varying,varchar,YES,,,False,省控水库
public,layer_reservoir_provincial_合并,length,13,double precision,float8,YES,,,False,省控水库
public,layer_reservoir_provincial_合并,mheight,14,double precision,float8,YES,,,False,省控水库
public,layer_reservoir_provincial_合并,sdtf,15,character varying,varchar,YES,,,False,省控水库
public,layer_reservoir_provincial_合并,shrc,16,character varying,varchar,YES,,,False,省控水库
public,layer_reservoir_provincial_合并,vol,17,double precision,float8,YES,,,False,省控水库
public,layer_reservoir_provincial_合并,featid,18,character varying,varchar,YES,,,False,省控水库
public,layer_reservoir_provincial_合并,elemstime,19,character varying,varchar,YES,,,False,省控水库
public,layer_reservoir_provincial_合并,elemetime,20,character varying,varchar,YES,,,False,省控水库
public,layer_reservoir_provincial_合并,ecrm,21,integer,int4,YES,,,False,省控水库
public,layer_reservoir_provincial_合并,wrid,22,character varying,varchar,YES,,,False,省控水库
public,layer_reservoir_provincial_合并,wrgr,23,integer,int4,YES,,,False,省控水库
public,layer_reservoir_provincial_合并,areacode,24,bigint,int8,YES,,,False,省控水库
public,layer_reservoir_provincial_合并,changetype,25,integer,int4,YES,,,False,省控水库
public,layer_reservoir_provincial_合并,changeatt,26,character varying,varchar,YES,,,False,省控水库
public,layer_reservoir_provincial_合并,id,27,integer,int4,NO,,,False,省控水库
public,layer_river_provincial,geom,1,USER-DEFINED,geometry,YES,,,False,
public,layer_river_provincial,cc,2,character varying,varchar,YES,,,False,
public,layer_river_provincial,gb,3,character varying,varchar,YES,,,False,
public,layer_river_provincial,bas,4,character varying,varchar,YES,,,False,
public,layer_river_provincial,type,5,character varying,varchar,YES,,,False,
public,layer_river_provincial,ec,6,character varying,varchar,YES,,,False,
public,layer_river_provincial,grade,7,character varying,varchar,YES,,,False,
public,layer_river_provincial,length,8,double precision,float8,YES,,,False,
public,layer_river_provincial,period,9,character varying,varchar,YES,,,False,
public,layer_river_provincial,shrc,10,character varying,varchar,YES,,,False,
public,layer_river_provincial,sdtf,11,character varying,varchar,YES,,,False,
public,layer_river_provincial,width,12,double precision,float8,YES,,,False,
public,layer_river_provincial,featid,13,character varying,varchar,YES,,,False,
public,layer_river_provincial,elemstime,14,character varying,varchar,YES,,,False,
public,layer_river_provincial,elemetime,15,character varying,varchar,YES,,,False,
public,layer_river_provincial,ecrm,16,integer,int4,YES,,,False,
public,layer_river_provincial,wrid,17,character varying,varchar,YES,,,False,
public,layer_river_provincial,wrgr,18,integer,int4,YES,,,False,
public,layer_river_provincial,areacode,19,bigint,int8,YES,,,False,
public,layer_river_provincial,name,20,character varying,varchar,YES,,,False,
public,layer_river_provincial,changetype,21,integer,int4,YES,,,False,
public,layer_river_provincial,changeatt,22,character varying,varchar,YES,,,False,
public,layer_river_provincial,id,23,integer,int4,NO,nextval('layer_river_provincial_id_seq'::regclass),,False,
public,layer_river_provincial_bak0617,id,1,integer,int4,NO,nextval('layer_river_provincial_id_seq'::regclass),,False,省控河流
public,layer_river_provincial_bak0617,geom,2,USER-DEFINED,geometry,YES,,,False,省控河流
public,layer_river_provincial_bak0617,cc,3,character varying,varchar,YES,,,False,省控河流
public,layer_river_provincial_bak0617,gb,4,character varying,varchar,YES,,,False,省控河流
public,layer_river_provincial_bak0617,bas,5,character varying,varchar,YES,,,False,省控河流
public,layer_river_provincial_bak0617,type,6,character varying,varchar,YES,,,False,省控河流
public,layer_river_provincial_bak0617,ec,7,character varying,varchar,YES,,,False,省控河流
public,layer_river_provincial_bak0617,grade,8,character varying,varchar,YES,,,False,省控河流
public,layer_river_provincial_bak0617,length,9,double precision,float8,YES,,,False,省控河流
public,layer_river_provincial_bak0617,period,10,character varying,varchar,YES,,,False,省控河流
public,layer_river_provincial_bak0617,shrc,11,character varying,varchar,YES,,,False,省控河流
public,layer_river_provincial_bak0617,sdtf,12,character varying,varchar,YES,,,False,省控河流
public,layer_river_provincial_bak0617,width,13,double precision,float8,YES,,,False,省控河流
public,layer_river_provincial_bak0617,featid,14,character varying,varchar,YES,,,False,省控河流
public,layer_river_provincial_bak0617,elemstime,15,character varying,varchar,YES,,,False,省控河流
public,layer_river_provincial_bak0617,elemetime,16,character varying,varchar,YES,,,False,省控河流
public,layer_river_provincial_bak0617,ecrm,17,integer,int4,YES,,,False,省控河流
public,layer_river_provincial_bak0617,wrid,18,character varying,varchar,YES,,,False,省控河流
public,layer_river_provincial_bak0617,wrgr,19,integer,int4,YES,,,False,省控河流
public,layer_river_provincial_bak0617,areacode,20,bigint,int8,YES,,,False,省控河流
public,layer_river_provincial_bak0617,name,21,character varying,varchar,YES,,,False,省控河流
public,layer_river_provincial_bak0617,changetype,22,integer,int4,YES,,,False,省控河流
public,layer_river_provincial_bak0617,changeatt,23,character varying,varchar,YES,,,False,省控河流
public,layer_section,id,1,integer,int4,NO,"nextval('""监测断面_id_seq""'::regclass)",,False,工业园区-监测断面
public,layer_section,x,2,double precision,float8,YES,,,False,工业园区-监测断面
public,layer_section,y,3,double precision,float8,YES,,,False,工业园区-监测断面
public,layer_section,name,4,character varying,varchar,YES,,,False,工业园区-监测断面
public,layer_section,code,5,character varying,varchar,YES,,,False,工业园区-监测断面
public,layer_section,geom,6,USER-DEFINED,geometry,YES,,,False,工业园区-监测断面
public,layer_watershed,id,1,integer,int4,NO,"nextval('""汇水区_id_seq""'::regclass)",,False,工业园区-汇水区
public,layer_watershed,name,2,character varying,varchar,YES,,,False,工业园区-汇水区
public,layer_watershed,code,3,character varying,varchar,YES,,,False,工业园区-汇水区
public,layer_watershed,geom,4,USER-DEFINED,geometry,YES,,,False,工业园区-汇水区
public,metadata_view,code,1,character varying,varchar,YES,,,False,元数据-视图
public,metadata_view,parent_id,2,character varying,varchar,YES,,,False,元数据-视图
public,metadata_view,name,3,character varying,varchar,YES,,关键字或文件名(不含后缀),True,元数据-视图
public,metadata_view,aliasname,4,character varying,varchar,YES,,,False,元数据-视图
public,metadata_view,type,5,character varying,varchar,YES,,,False,元数据-视图
public,metadata_view,LayerName,6,character varying,varchar,YES,,,False,元数据-视图
public,metadata_view,LayerType,7,character varying,varchar,YES,,,False,元数据-视图
public,metadata_view,create_date,8,timestamp without time zone,timestamp,YES,,创建时间,True,元数据-视图
public,metadata_view,table_name,9,character varying,varchar,NO,''::character varying,表名,True,元数据-视图
public,min_value_setting,id,1,bigint,int8,NO,,主键id,True,最低检出限
public,min_value_setting,indicator_code,2,character varying,varchar,YES,,监测指标编号,True,最低检出限
public,min_value_setting,value,3,double precision,float8,YES,,最低检出限（mg/L）,True,最低检出限
public,min_value_setting,create_by,4,bigint,int8,YES,,创建人,True,最低检出限
public,min_value_setting,create_time,5,timestamp without time zone,timestamp,YES,,创建时间,True,最低检出限
public,min_value_setting,update_by,6,bigint,int8,YES,,更新人,True,最低检出限
public,min_value_setting,update_time,7,timestamp without time zone,timestamp,YES,,更新时间,True,最低检出限
public,min_value_setting,del_flag,8,character,bpchar,YES,0,删除标记：0 未删除、1 已删除,True,最低检出限
public,rs_enterprise_info_lsg,id,1,bigint,int8,NO,,主键id,True,湖北省磷石膏尾矿库企业信息表：宜昌水环境
public,rs_enterprise_info_lsg,name,2,character varying,varchar,YES,,磷石膏库名称,True,湖北省磷石膏尾矿库企业信息表：宜昌水环境
public,rs_enterprise_info_lsg,mine_name,3,character varying,varchar,YES,,矿山名称,True,湖北省磷石膏尾矿库企业信息表：宜昌水环境
public,rs_enterprise_info_lsg,enterprise,4,character varying,varchar,YES,,所属企业,True,湖北省磷石膏尾矿库企业信息表：宜昌水环境
public,rs_enterprise_info_lsg,city,5,character varying,varchar,YES,,市,True,湖北省磷石膏尾矿库企业信息表：宜昌水环境
public,rs_enterprise_info_lsg,county,6,character varying,varchar,YES,,县,True,湖北省磷石膏尾矿库企业信息表：宜昌水环境
public,rs_enterprise_info_lsg,address,7,character varying,varchar,YES,,污染源地址,True,湖北省磷石膏尾矿库企业信息表：宜昌水环境
public,rs_enterprise_info_lsg,region_code,8,character varying,varchar,YES,,行政区编码,True,湖北省磷石膏尾矿库企业信息表：宜昌水环境
public,rs_enterprise_info_lsg,region_name,9,character varying,varchar,YES,,行政区名称,True,湖北省磷石膏尾矿库企业信息表：宜昌水环境
public,rs_enterprise_info_lsg,out_type,10,character varying,varchar,YES,,排渣方式,True,湖北省磷石膏尾矿库企业信息表：宜昌水环境
public,rs_enterprise_info_lsg,design_storage,11,double precision,float8,YES,,设计库容（单位：万立方米）,True,湖北省磷石膏尾矿库企业信息表：宜昌水环境
public,rs_enterprise_info_lsg,existed_storage,12,double precision,float8,YES,,现有堆量（单位：万立方米）,True,湖北省磷石膏尾矿库企业信息表：宜昌水环境
public,rs_enterprise_info_lsg,floor_area,13,double precision,float8,YES,,占地面积（单位平方公里）,True,湖北省磷石膏尾矿库企业信息表：宜昌水环境
public,rs_enterprise_info_lsg,product_status,14,character varying,varchar,YES,,目前生产情况,True,湖北省磷石膏尾矿库企业信息表：宜昌水环境
public,rs_enterprise_info_lsg,lon,15,double precision,float8,YES,,经度,True,湖北省磷石膏尾矿库企业信息表：宜昌水环境
public,rs_enterprise_info_lsg,lat,16,double precision,float8,YES,,纬度,True,湖北省磷石膏尾矿库企业信息表：宜昌水环境
public,rs_enterprise_info_lsg,create_by,17,bigint,int8,YES,,创建人,True,湖北省磷石膏尾矿库企业信息表：宜昌水环境
public,rs_enterprise_info_lsg,create_time,18,timestamp without time zone,timestamp,YES,,创建时间,True,湖北省磷石膏尾矿库企业信息表：宜昌水环境
public,rs_enterprise_info_lsg,update_by,19,bigint,int8,YES,,更新人,True,湖北省磷石膏尾矿库企业信息表：宜昌水环境
public,rs_enterprise_info_lsg,update_time,20,timestamp without time zone,timestamp,YES,,更新时间,True,湖北省磷石膏尾矿库企业信息表：宜昌水环境
public,rs_enterprise_info_lsg,del_flag,21,character,bpchar,YES,0,删除标记,True,湖北省磷石膏尾矿库企业信息表：宜昌水环境
public,rs_enterprise_info_lsg,product_capacity,22,double precision,float8,YES,,磷酸产能（万吨/年）,True,湖北省磷石膏尾矿库企业信息表：宜昌水环境
public,rs_enterprise_info_wade,id,1,bigint,int8,NO,,主键id,True,污染源自动监管涉水企业：宜昌水环境
public,rs_enterprise_info_wade,name,2,character varying,varchar,YES,,污染源名称,True,污染源自动监管涉水企业：宜昌水环境
public,rs_enterprise_info_wade,address,3,character varying,varchar,YES,,污染源地址,True,污染源自动监管涉水企业：宜昌水环境
public,rs_enterprise_info_wade,region_code,4,character varying,varchar,YES,,行政区编码,True,污染源自动监管涉水企业：宜昌水环境
public,rs_enterprise_info_wade,region_name,5,character varying,varchar,YES,,行政区名称,True,污染源自动监管涉水企业：宜昌水环境
public,rs_enterprise_info_wade,liaison,6,character varying,varchar,YES,,环保联系人,True,污染源自动监管涉水企业：宜昌水环境
public,rs_enterprise_info_wade,liaison_tel,7,character varying,varchar,YES,,环保联系人电话,True,污染源自动监管涉水企业：宜昌水环境
public,rs_enterprise_info_wade,supervision_level,8,smallint,int2,YES,0,监管级别：0-一般、1-重点,True,污染源自动监管涉水企业：宜昌水环境
public,rs_enterprise_info_wade,industry_type,9,character varying,varchar,YES,,行业类型,True,污染源自动监管涉水企业：宜昌水环境
public,rs_enterprise_info_wade,lon,10,double precision,float8,YES,,经度,True,污染源自动监管涉水企业：宜昌水环境
public,rs_enterprise_info_wade,lat,11,double precision,float8,YES,,纬度,True,污染源自动监管涉水企业：宜昌水环境
public,rs_enterprise_info_wade,create_by,12,bigint,int8,YES,,创建人,True,污染源自动监管涉水企业：宜昌水环境
public,rs_enterprise_info_wade,create_time,13,timestamp without time zone,timestamp,YES,,创建时间,True,污染源自动监管涉水企业：宜昌水环境
public,rs_enterprise_info_wade,update_by,14,bigint,int8,YES,,更新人,True,污染源自动监管涉水企业：宜昌水环境
public,rs_enterprise_info_wade,update_time,15,timestamp without time zone,timestamp,YES,,更新时间,True,污染源自动监管涉水企业：宜昌水环境
public,rs_enterprise_info_wade,del_flag,16,character,bpchar,YES,0,删除标记,True,污染源自动监管涉水企业：宜昌水环境
public,rs_industrial_info_yc,id,1,bigint,int8,NO,nextval('rs_industrial_info_yc_id_seq'::regclass),主键,True,工业园区环境监测数据表
public,rs_industrial_info_yc,name,2,character varying,varchar,YES,,名称,True,工业园区环境监测数据表
public,rs_industrial_info_yc,name_part,3,character varying,varchar,YES,,分园名称,True,工业园区环境监测数据表
public,rs_industrial_info_yc,region_code,4,character varying,varchar,YES,,行政区划编码,True,工业园区环境监测数据表
public,rs_industrial_info_yc,region_name,5,character varying,varchar,YES,,行政区名称,True,工业园区环境监测数据表
public,rs_industrial_info_yc,park_level,6,integer,int4,YES,,园区级别：0-未知、1-国家级、2-省级、3-市级,True,工业园区环境监测数据表
public,rs_industrial_info_yc,lon,7,double precision,float8,YES,,经度,True,工业园区环境监测数据表
public,rs_industrial_info_yc,lat,8,double precision,float8,YES,,纬度,True,工业园区环境监测数据表
public,rs_industrial_info_yc,belong_watershed,9,character varying,varchar,YES,,所属流域,True,工业园区环境监测数据表
public,rs_industrial_info_yc,is_within_1km_yangtze_mainstream,10,character varying,varchar,YES,,是否在长江干流岸线一公里范围内,True,工业园区环境监测数据表
public,rs_industrial_info_yc,is_within_1km_yangtze_tributary,11,character varying,varchar,YES,,是否在长江重要支流岸线一公里范围内,True,工业园区环境监测数据表
public,rs_industrial_info_yc,important_tributary,12,character varying,varchar,YES,,所属重要支流,True,工业园区环境监测数据表
public,rs_industrial_info_yc,is_chemical_park,13,character varying,varchar,YES,,是否为化工园区,True,工业园区环境监测数据表
public,rs_industrial_info_yc,park_development_status,14,character varying,varchar,YES,,园区发展现状,True,工业园区环境监测数据表
public,rs_industrial_info_yc,leading_industry,15,text,text,YES,,主导产业,True,工业园区环境监测数据表
public,rs_industrial_info_yc,total_industrial_output_value_10k_yuan,16,character varying,varchar,YES,,调度期内工业总产值（万元）,True,工业园区环境监测数据表
public,rs_industrial_info_yc,industrial_value_added_10k_yuan,17,character varying,varchar,YES,,调度期内工业增加值（万元）,True,工业园区环境监测数据表
public,rs_industrial_info_yc,industrial_land_area_sqkm,18,character varying,varchar,YES,,工业用地面积（平方千米）,True,工业园区环境监测数据表
public,rs_industrial_info_yc,enterprises_above_designated_count,19,character varying,varchar,YES,,规上企业数量（个）,True,工业园区环境监测数据表
public,rs_industrial_info_yc,cumulative_investment_wastewater_treatment_10k_yuan,20,character varying,varchar,YES,,工业园区对污水集中处理设施累计投资（万元）,True,工业园区环境监测数据表
public,rs_industrial_info_yc,cumulative_investment_sewer_network_10k_yuan,21,character varying,varchar,YES,,工业园区对污水管网累计投资（万元）,True,工业园区环境监测数据表
public,rs_industrial_info_yc,sewer_network_length_km,22,character varying,varchar,YES,,污水管网长度（千米）,True,工业园区环境监测数据表
public,rs_industrial_info_yc,new_sewer_network_length_km,23,character varying,varchar,YES,,新增管网长度（千米）,True,工业园区环境监测数据表
public,rs_industrial_info_yc,park_drainage_status,24,character varying,varchar,YES,,工业园区排水现状,True,工业园区环境监测数据表
public,rs_industrial_info_yc,sewer_inspection_rectification_since_2020,25,text,text,YES,,2020年以来污水管网排查整治情况管网排查情况,True,工业园区环境监测数据表
public,rs_industrial_info_yc,sewer_inspection_length_km,26,character varying,varchar,YES,,管网排查长度（千米）,True,工业园区环境监测数据表
public,rs_industrial_info_yc,treatment_facility_name,27,character varying,varchar,YES,,污水处理设施名称,True,工业园区环境监测数据表
public,rs_industrial_info_yc,pollution_discharge_permit_code,28,character varying,varchar,YES,,排污许可证编码,True,工业园区环境监测数据表
public,rs_industrial_info_yc,treatment_facility_type,29,character varying,varchar,YES,,污水处理设施类型,True,工业园区环境监测数据表
public,rs_industrial_info_yc,treatment_cost_yuan_per_ton,30,character varying,varchar,YES,,吨水处理费用（元/吨）,True,工业园区环境监测数据表
public,rs_industrial_info_yc,is_industrial_wastewater_pipe_access_assessment,31,character varying,varchar,YES,,（排入城镇污水集中处理设施）是否开展园区工业废水纳管评估,True,工业园区环境监测数据表
public,rs_industrial_info_yc,designed_treatment_capacity_10k_tons_per_day,32,character varying,varchar,YES,,设计处理能力（万吨/日）,True,工业园区环境监测数据表
public,rs_industrial_info_yc,actual_treatment_volume_10k_tons,33,character varying,varchar,YES,,实际处理水量（万吨）,True,工业园区环境监测数据表
public,rs_industrial_info_yc,treatment_process_name,34,character varying,varchar,YES,,污水处理工艺名称,True,工业园区环境监测数据表
public,rs_industrial_info_yc,emission_standard,35,character varying,varchar,YES,,执行排放标准,True,工业园区环境监测数据表
public,rs_industrial_info_yc,designed_influent_cod_mg_l,36,character varying,varchar,YES,,设计进水浓度（COD）,True,工业园区环境监测数据表
public,rs_industrial_info_yc,designed_influent_ammonia_nitrogen_mg_l,37,character varying,varchar,YES,,设计进水浓度（氨氮）,True,工业园区环境监测数据表
public,rs_industrial_info_yc,influent_cod_daily_avg_mg_l,38,character varying,varchar,YES,,进水COD日均值（mg/L）,True,工业园区环境监测数据表
public,rs_industrial_info_yc,influent_ammonia_nitrogen_daily_avg_mg_l,39,character varying,varchar,YES,,进水氨氮日均值（mg/L）,True,工业园区环境监测数据表
public,rs_industrial_info_yc,influent_total_nitrogen_daily_avg_mg_l,40,character varying,varchar,YES,,进水总氮日均值（mg/L）,True,工业园区环境监测数据表
public,rs_industrial_info_yc,influent_total_phosphorus_daily_avg_mg_l,41,character varying,varchar,YES,,进水总磷日均值（mg/L）,True,工业园区环境监测数据表
public,rs_industrial_info_yc,effluent_cod_daily_avg_mg_l,42,character varying,varchar,YES,,出水COD日均值（mg/L）,True,工业园区环境监测数据表
public,rs_industrial_info_yc,effluent_ammonia_nitrogen_daily_avg_mg_l,43,character varying,varchar,YES,,出水氨氮日均值（mg/L）,True,工业园区环境监测数据表
public,rs_industrial_info_yc,effluent_total_nitrogen_daily_avg_mg_l,44,character varying,varchar,YES,,出水总氮日均值（mg/L）,True,工业园区环境监测数据表
public,rs_industrial_info_yc,effluent_total_phosphorus_daily_avg_mg_l,45,character varying,varchar,YES,,出水总磷日均值（mg/L）,True,工业园区环境监测数据表
public,rs_industrial_info_yc,is_key_pollution_source,46,character varying,varchar,YES,,是否重点排污单位,True,工业园区环境监测数据表
public,rs_industrial_info_yc,ecology_dept_networking_influent_effluent,47,character varying,varchar,YES,,与生态环境部门联网情况（进出水）,True,工业园区环境监测数据表
public,rs_industrial_info_yc,auto_monitoring_system_level,48,character varying,varchar,YES,,重点污染源自动监控系统（部、省、市、县）,True,工业园区环境监测数据表
public,rs_industrial_info_yc,auto_monitoring_compliance_rate_pct,49,character varying,varchar,YES,,自动在线监控达标率（%）,True,工业园区环境监测数据表
public,rs_industrial_info_yc,manual_monitoring_compliance_rate_pct,50,character varying,varchar,YES,,手工监测达标率（%）,True,工业园区环境监测数据表
public,rs_industrial_info_yc,exceedance_factor_and_multiplier,51,character varying,varchar,YES,,超标因子及超标倍数,True,工业园区环境监测数据表
public,rs_industrial_info_yc,exceedance_days,52,character varying,varchar,YES,,超标天数,True,工业园区环境监测数据表
public,rs_industrial_info_yc,exceedance_reason,53,text,text,YES,,超标原因,True,工业园区环境监测数据表
public,rs_industrial_info_yc,treatment_plant_power_consumption_kwh,54,character varying,varchar,YES,,污水厂耗电量,True,工业园区环境监测数据表
public,rs_industrial_info_yc,is_photovoltaic_station_built,55,character varying,varchar,YES,,是否建设光伏电站,True,工业园区环境监测数据表
public,rs_industrial_info_yc,chemical_addition_type,56,character varying,varchar,YES,,药剂添加类型,True,工业园区环境监测数据表
public,rs_industrial_info_yc,chemical_addition_quantity_tons,57,character varying,varchar,YES,,药剂添加数量（吨）,True,工业园区环境监测数据表
public,rs_industrial_info_yc,is_precision_aeration,58,character varying,varchar,YES,,是否精准曝气,True,工业园区环境监测数据表
public,rs_industrial_info_yc,is_negotiated_pipe_access_standard,59,character varying,varchar,YES,,园区企业与污水处理厂是否协商制定纳管标准,True,工业园区环境监测数据表
public,rs_industrial_info_yc,system_issues,60,text,text,YES,,系统上存在的问题,True,工业园区环境监测数据表
public,rs_industrial_info_yc,rectification_status,61,text,text,YES,,整改情况,True,工业园区环境监测数据表
public,rs_industrial_info_yc,create_by,62,bigint,int8,YES,,,False,工业园区环境监测数据表
public,rs_industrial_info_yc,create_time,63,timestamp without time zone,timestamp,YES,,,False,工业园区环境监测数据表
public,rs_industrial_info_yc,update_by,64,bigint,int8,YES,,,False,工业园区环境监测数据表
public,rs_industrial_info_yc,update_time,65,timestamp without time zone,timestamp,YES,,,False,工业园区环境监测数据表
public,rs_industrial_info_yc,del_flag,66,character,bpchar,YES,'0'::bpchar,,False,工业园区环境监测数据表
public,rs_industrial_info_yc_bak0305,id,1,bigint,int8,NO,,,False,
public,rs_industrial_info_yc_bak0305,name,2,character varying,varchar,YES,,名称,True,
public,rs_industrial_info_yc_bak0305,name_part,3,character varying,varchar,YES,,分园名称,True,
public,rs_industrial_info_yc_bak0305,region_code,4,character varying,varchar,YES,,行政区划编码,True,
public,rs_industrial_info_yc_bak0305,region_name,5,character varying,varchar,YES,,行政区名称,True,
public,rs_industrial_info_yc_bak0305,park_level,6,character,bpchar,YES,,园区级别：0-未知、1-国家级、2-省级、3-市级,True,
public,rs_industrial_info_yc_bak0305,lon,7,double precision,float8,YES,,经度,True,
public,rs_industrial_info_yc_bak0305,lat,8,double precision,float8,YES,,纬度,True,
public,rs_industrial_info_yc_bak0305,create_by,9,bigint,int8,YES,,,False,
public,rs_industrial_info_yc_bak0305,create_time,10,timestamp without time zone,timestamp,YES,,,False,
public,rs_industrial_info_yc_bak0305,update_by,11,bigint,int8,YES,,,False,
public,rs_industrial_info_yc_bak0305,update_time,12,timestamp without time zone,timestamp,YES,,,False,
public,rs_industrial_info_yc_bak0305,del_flag,13,character,bpchar,YES,'0'::bpchar,,False,
public,rs_livestock_info_yc,id,1,bigint,int8,NO,,主键id,True,规模化畜禽养殖场-宜昌水环境
public,rs_livestock_info_yc,name,2,character varying,varchar,YES,,养殖场名称,True,规模化畜禽养殖场-宜昌水环境
public,rs_livestock_info_yc,name_old,3,character varying,varchar,YES,,曾用名,True,规模化畜禽养殖场-宜昌水环境
public,rs_livestock_info_yc,representative,4,character varying,varchar,YES,,法定代表人,True,规模化畜禽养殖场-宜昌水环境
public,rs_livestock_info_yc,community_code,5,character varying,varchar,YES,,普查小区代码,True,规模化畜禽养殖场-宜昌水环境
public,rs_livestock_info_yc,year,6,character varying,varchar,YES,,年份,True,规模化畜禽养殖场-宜昌水环境
public,rs_livestock_info_yc,credit_code,7,character varying,varchar,YES,,统一社会信用代码,True,规模化畜禽养殖场-宜昌水环境
public,rs_livestock_info_yc,organize_code,8,character varying,varchar,YES,,组织机构代码,True,规模化畜禽养殖场-宜昌水环境
public,rs_livestock_info_yc,city,9,character varying,varchar,YES,,市,True,规模化畜禽养殖场-宜昌水环境
public,rs_livestock_info_yc,county,10,character varying,varchar,YES,,县,True,规模化畜禽养殖场-宜昌水环境
public,rs_livestock_info_yc,town,11,character varying,varchar,YES,,乡镇,True,规模化畜禽养殖场-宜昌水环境
public,rs_livestock_info_yc,village,12,character varying,varchar,YES,,村、街、门牌号,True,规模化畜禽养殖场-宜昌水环境
public,rs_livestock_info_yc,region_code,13,character varying,varchar,YES,,行政区编码,True,规模化畜禽养殖场-宜昌水环境
public,rs_livestock_info_yc,region_name,14,character varying,varchar,YES,,行政区名称,True,规模化畜禽养殖场-宜昌水环境
public,rs_livestock_info_yc,liaison,15,character varying,varchar,YES,,联系人,True,规模化畜禽养殖场-宜昌水环境
public,rs_livestock_info_yc,liaison_tel,16,character varying,varchar,YES,,联系人电话,True,规模化畜禽养殖场-宜昌水环境
public,rs_livestock_info_yc,livestock_type,17,character varying,varchar,YES,,养殖类型,True,规模化畜禽养殖场-宜昌水环境
public,rs_livestock_info_yc,clean_type,18,character varying,varchar,YES,,圈舍清理方式,True,规模化畜禽养殖场-宜昌水环境
public,rs_livestock_info_yc,intake_type,19,character varying,varchar,YES,,圈舍通风方式,True,规模化畜禽养殖场-宜昌水环境
public,rs_livestock_info_yc,water_store_type,20,character varying,varchar,YES,,原水存储设施类型,True,规模化畜禽养殖场-宜昌水环境
public,rs_livestock_info_yc,water_store_outlet,21,character varying,varchar,YES,,原水存储设施池口方式,True,规模化畜禽养殖场-宜昌水环境
public,rs_livestock_info_yc,water_store_area,22,double precision,float8,YES,,原水存储设施池口面积（平方米）,True,规模化畜禽养殖场-宜昌水环境
public,rs_livestock_info_yc,water_store_volume,23,double precision,float8,YES,,原水存储设施池口体积（立方米）,True,规模化畜禽养殖场-宜昌水环境
public,rs_livestock_info_yc,n_technique_1,24,character varying,varchar,YES,,尿液废水处理工艺,True,规模化畜禽养殖场-宜昌水环境
public,rs_livestock_info_yc,n_technique_2,25,character varying,varchar,YES,,尿液废水处理工艺其他,True,规模化畜禽养殖场-宜昌水环境
public,rs_livestock_info_yc,n_facility_1,26,character varying,varchar,YES,,尿液废水处理设施,True,规模化畜禽养殖场-宜昌水环境
public,rs_livestock_info_yc,n_facility_2,27,character varying,varchar,YES,,尿液废水处理设施其他,True,规模化畜禽养殖场-宜昌水环境
public,rs_livestock_info_yc,n_deal_use_scale,28,character varying,varchar,YES,,尿液废水处理利用方式及比例,True,规模化畜禽养殖场-宜昌水环境
public,rs_livestock_info_yc,n_scale_1,29,double precision,float8,YES,,尿液废水处理_肥水利用比例,True,规模化畜禽养殖场-宜昌水环境
public,rs_livestock_info_yc,n_scale_2,30,double precision,float8,YES,,尿液废水处理_沼液还田比例,True,规模化畜禽养殖场-宜昌水环境
public,rs_livestock_info_yc,n_scale_3,31,double precision,float8,YES,,尿液废水处理_场内生产液体有机肥比例,True,规模化畜禽养殖场-宜昌水环境
public,rs_livestock_info_yc,n_scale_4,32,double precision,float8,YES,,尿液废水处理_异位发酵床比例,True,规模化畜禽养殖场-宜昌水环境
public,rs_livestock_info_yc,n_scale_5,33,double precision,float8,YES,,尿液废水处理_鱼塘养殖比例,True,规模化畜禽养殖场-宜昌水环境
public,rs_livestock_info_yc,n_scale_6,34,double precision,float8,YES,,尿液废水处理_场区循环利用比例,True,规模化畜禽养殖场-宜昌水环境
public,rs_livestock_info_yc,n_scale_7,35,double precision,float8,YES,,尿液废水处理_委托处理比例,True,规模化畜禽养殖场-宜昌水环境
public,rs_livestock_info_yc,n_scale_8,36,double precision,float8,YES,,尿液废水处理_达标排放比例,True,规模化畜禽养殖场-宜昌水环境
public,rs_livestock_info_yc,n_scale_9,37,double precision,float8,YES,,尿液废水处理_直接排放比例,True,规模化畜禽养殖场-宜昌水环境
public,rs_livestock_info_yc,n_scale_10,38,double precision,float8,YES,,尿液废水处理_其他,True,规模化畜禽养殖场-宜昌水环境
public,rs_livestock_info_yc,f_store_flag1,39,smallint,int2,YES,0,粪便存储设施是否防水,True,规模化畜禽养殖场-宜昌水环境
public,rs_livestock_info_yc,f_store_flag2,40,smallint,int2,YES,0,粪便存储设施是否防渗,True,规模化畜禽养殖场-宜昌水环境
public,rs_livestock_info_yc,f_store_volume,41,double precision,float8,YES,,粪便存储设施容积_立方米,True,规模化畜禽养殖场-宜昌水环境
public,rs_livestock_info_yc,f_technique_1,42,character varying,varchar,YES,,粪便处理工艺,True,规模化畜禽养殖场-宜昌水环境
public,rs_livestock_info_yc,f_technique_2,43,character varying,varchar,YES,,粪便处理工艺其他,True,规模化畜禽养殖场-宜昌水环境
public,rs_livestock_info_yc,f_deal_use_scale,44,character varying,varchar,YES,,粪便处理利用方式及比例,True,规模化畜禽养殖场-宜昌水环境
public,rs_livestock_info_yc,f_scale_1,45,double precision,float8,YES,,粪便处理利用_农家肥比例,True,规模化畜禽养殖场-宜昌水环境
public,rs_livestock_info_yc,f_scale_2,46,double precision,float8,YES,,粪便处理利用_场内生产有机肥比例,True,规模化畜禽养殖场-宜昌水环境
public,rs_livestock_info_yc,f_scale_3,47,double precision,float8,YES,,粪便处理利用_沼泽还田比例,True,规模化畜禽养殖场-宜昌水环境
public,rs_livestock_info_yc,f_scale_4,48,double precision,float8,YES,,粪便处理利用_生产牛床垫料比例,True,规模化畜禽养殖场-宜昌水环境
public,rs_livestock_info_yc,f_scale_5,49,double precision,float8,YES,,粪便处理利用_作为栽培基质比例,True,规模化畜禽养殖场-宜昌水环境
public,rs_livestock_info_yc,f_scale_6,50,double precision,float8,YES,,粪便处理利用_作为燃料比例,True,规模化畜禽养殖场-宜昌水环境
public,rs_livestock_info_yc,f_scale_7,51,double precision,float8,YES,,粪便处理利用_鱼塘养殖比例,True,规模化畜禽养殖场-宜昌水环境
public,rs_livestock_info_yc,f_scale_8,52,double precision,float8,YES,,粪便处理利用_委托处理比例,True,规模化畜禽养殖场-宜昌水环境
public,rs_livestock_info_yc,f_scale_9,53,double precision,float8,YES,,粪便处理利用_场外丢弃比例,True,规模化畜禽养殖场-宜昌水环境
public,rs_livestock_info_yc,f_scale_10,54,double precision,float8,YES,,粪便处理利用_其他方式,True,规模化畜禽养殖场-宜昌水环境
public,rs_livestock_info_yc,water_name,55,character varying,varchar,YES,,受纳水体名称,True,规模化畜禽养殖场-宜昌水环境
public,rs_livestock_info_yc,water_code,56,character varying,varchar,YES,,受纳水体代码,True,规模化畜禽养殖场-宜昌水环境
public,rs_livestock_info_yc,glbh_flag,57,smallint,int2,YES,0,养殖场是否有锅炉,True,规模化畜禽养殖场-宜昌水环境
public,rs_livestock_info_yc,fzr,58,character varying,varchar,YES,,单位负责人,True,规模化畜禽养殖场-宜昌水环境
public,rs_livestock_info_yc,tjr,59,character varying,varchar,YES,,统计负责人,True,规模化畜禽养殖场-宜昌水环境
public,rs_livestock_info_yc,shr,60,character varying,varchar,YES,,审核人,True,规模化畜禽养殖场-宜昌水环境
public,rs_livestock_info_yc,bcrq,61,timestamp without time zone,timestamp,YES,,报出日期,True,规模化畜禽养殖场-宜昌水环境
public,rs_livestock_info_yc,lon,62,double precision,float8,YES,,经度,True,规模化畜禽养殖场-宜昌水环境
public,rs_livestock_info_yc,lat,63,double precision,float8,YES,,纬度,True,规模化畜禽养殖场-宜昌水环境
public,rs_livestock_info_yc,create_by,64,bigint,int8,YES,,创建人,True,规模化畜禽养殖场-宜昌水环境
public,rs_livestock_info_yc,create_time,65,timestamp without time zone,timestamp,YES,,创建时间,True,规模化畜禽养殖场-宜昌水环境
public,rs_livestock_info_yc,update_by,66,bigint,int8,YES,,更新人,True,规模化畜禽养殖场-宜昌水环境
public,rs_livestock_info_yc,update_time,67,timestamp without time zone,timestamp,YES,,更新时间,True,规模化畜禽养殖场-宜昌水环境
public,rs_livestock_info_yc,del_flag,68,character,bpchar,YES,0,删除标记,True,规模化畜禽养殖场-宜昌水环境
public,rs_outlet,id,1,bigint,int8,NO,,主键id,True,排污口信息表
public,rs_outlet,area_code,2,character varying,varchar,YES,,行政区代码,True,排污口信息表
public,rs_outlet,area_name,3,character varying,varchar,YES,,行政区名称：乡镇（街道）,True,排污口信息表
public,rs_outlet,county_name,4,character varying,varchar,YES,,县(区)名称,True,排污口信息表
public,rs_outlet,outlet_code,5,character varying,varchar,YES,,排污口编码：国家级,True,排污口信息表
public,rs_outlet,outlet_name,6,character varying,varchar,YES,,排污口名称,True,排污口信息表
public,rs_outlet,river_basin,7,character varying,varchar,YES,,流域名称,True,排污口信息表
public,rs_outlet,outlet_address,8,character varying,varchar,YES,,排污口地址,True,排污口信息表
public,rs_outlet,outlet_lon,9,double precision,float8,YES,,排污口经度,True,排污口信息表
public,rs_outlet,outlet_lat,10,double precision,float8,YES,,排污口纬度,True,排污口信息表
public,rs_outlet,catalog_level_1,11,character varying,varchar,YES,,排污口分类-一级分类,True,排污口信息表
public,rs_outlet,catalog_level_2,12,character varying,varchar,YES,,排污口分类-二级分类,True,排污口信息表
public,rs_outlet,catalog_level_3,13,character varying,varchar,YES,,排污口分类-三级分类,True,排污口信息表
public,rs_outlet,river_system,14,character varying,varchar,YES,,所属水系,True,排污口信息表
public,rs_outlet,outlet_owner_river,15,character varying,varchar,YES,,排出口归属水系,True,排污口信息表
public,rs_outlet,is_flow_lake,16,character,bpchar,YES,,是否入湖河流,True,排污口信息表
public,rs_outlet,lake_name,17,character varying,varchar,YES,,湖泊名称,True,排污口信息表
public,rs_outlet,is_key_river,18,character,bpchar,YES,,是否为重点河湖,True,排污口信息表
public,rs_outlet,key_river_name,19,character varying,varchar,YES,,重点河名称,True,排污口信息表
public,rs_outlet,is_water_function,20,character,bpchar,YES,,是否位于水功能区,True,排污口信息表
public,rs_outlet,water_function_level1,21,character varying,varchar,YES,,一级水功能区名称,True,排污口信息表
public,rs_outlet,water_quality_target1,22,character varying,varchar,YES,,水功能区水质目标,True,排污口信息表
public,rs_outlet,water_function_level2,23,character varying,varchar,YES,,二级水功能区名称,True,排污口信息表
public,rs_outlet,water_quality_target2,24,character varying,varchar,YES,,二级水功能区水质目标,True,排污口信息表
public,rs_outlet,is_water_environment,25,character,bpchar,YES,,是否位于水环境功能区,True,排污口信息表
public,rs_outlet,water_enviroment_function,26,character varying,varchar,YES,,水环境功能区名称,True,排污口信息表
public,rs_outlet,water_enviroment_target,27,character varying,varchar,YES,,水环境功能区目标,True,排污口信息表
public,rs_outlet,country_section_name,28,character varying,varchar,YES,,国控断面名称,True,排污口信息表
public,rs_outlet,province_section_name,29,character varying,varchar,YES,,省控断面名称,True,排污口信息表
public,rs_outlet,city_section_name,30,character varying,varchar,YES,,市控断面名称,True,排污口信息表
public,rs_outlet,river_info,31,character varying,varchar,YES,,河长信息,True,排污口信息表
public,rs_outlet,outlet_shape,32,character varying,varchar,YES,,口门形态（明渠、管道、泵站、涵闸、闸泵联用、箱涵、潜没、其他，单选）,True,排污口信息表
public,rs_outlet,drain_feature,33,character varying,varchar,YES,,排水特征（排水、无水、有死水、闸断、不确定，单选）,True,排污口信息表
public,rs_outlet,is_drain_abnormal,34,character,bpchar,YES,,有无异常状况（有、无）,True,排污口信息表
public,rs_outlet,drain_abnormal_desc,35,character varying,varchar,YES,,异常状况说明,True,排污口信息表
public,rs_outlet,is_monitor_sample,36,character,bpchar,YES,,是否监测采样,True,排污口信息表
public,rs_outlet,primary_obligor,37,character varying,varchar,YES,,主要责任主体名称,True,排污口信息表
public,rs_outlet,primary_obligor_address,38,character varying,varchar,YES,,主要责任体详细地址,True,排污口信息表
public,rs_outlet,other_obligor,39,character varying,varchar,YES,,其他责任主体名称（多个用英文逗号拼接）,True,排污口信息表
public,rs_outlet,primary_obligor_lon,40,double precision,float8,YES,,主要责任体经度,True,排污口信息表
public,rs_outlet,primary_obligor_lat,41,double precision,float8,YES,,主要责任体纬度,True,排污口信息表
public,rs_outlet,primary_obligor_contact,42,character varying,varchar,YES,,主要责任主体联系人,True,排污口信息表
public,rs_outlet,primary_obligor_phone,43,character varying,varchar,YES,,主要责任主体联系方式,True,排污口信息表
public,rs_outlet,is_drain_toxic,44,character,bpchar,YES,,是否排放有毒有害污染物,True,排污口信息表
public,rs_outlet,sewage_type,45,character varying,varchar,YES,,污水类型,True,排污口信息表
public,rs_outlet,is_large,46,character varying,varchar,YES,,是否为规模以上排口,True,排污口信息表
public,rs_outlet,handle_type,47,character varying,varchar,YES,,整治类型（依法取缔、清理合并、规范整治、无需整治，单选）,True,排污口信息表
public,rs_outlet,is_finish_standard,48,character,bpchar,YES,,是否完成规范化建设：是、否,True,排污口信息表
public,rs_outlet,standard_content,49,character varying,varchar,YES,,规范化建设内容,True,排污口信息表
public,rs_outlet,repair_judge_criteria,50,character varying,varchar,YES,,完成整治判定条件,True,排污口信息表
public,rs_outlet,exist_problem,51,character varying,varchar,YES,,排污口存在的问题,True,排污口信息表
public,rs_outlet,other_problem,52,character varying,varchar,YES,,其他问题描述,True,排污口信息表
public,rs_outlet,specific_requirement,53,character varying,varchar,YES,,具体情形和技术要求,True,排污口信息表
public,rs_outlet,handle_method,54,character varying,varchar,YES,,整治措施（多选用英文逗号分隔）,True,排污口信息表
public,rs_outlet,finish_date,55,timestamp without time zone,timestamp,YES,,完成时限,True,排污口信息表
public,rs_outlet,handle_stage,56,character varying,varchar,YES,,整治阶段（选项为：未整治、整治中、完成整治）,True,排污口信息表
public,rs_outlet,handle_result,57,character varying,varchar,YES,,整治成效,True,排污口信息表
public,rs_outlet,approve_advice,58,character varying,varchar,YES,,审批意见,True,排污口信息表
public,rs_outlet,approve_node,59,character varying,varchar,YES,,审批标记,True,排污口信息表
public,rs_outlet,create_by,60,character varying,varchar,YES,,创建人,True,排污口信息表
public,rs_outlet,create_time,61,timestamp without time zone,timestamp,YES,,创建时间,True,排污口信息表
public,rs_outlet,update_by,62,character varying,varchar,YES,,更新人,True,排污口信息表
public,rs_outlet,update_time,63,timestamp without time zone,timestamp,YES,,更新时间,True,排污口信息表
public,rs_outlet,del_flag,64,character,bpchar,YES,0,删除标记（0-正常，1-删除）,True,排污口信息表
public,rs_outlet,is_quick_detect,65,character varying,varchar,YES,,水质快速检测-是否具备采样条件,True,排污口信息表
public,rs_outlet,other_sewage_type,66,character varying,varchar,YES,,其他污水类型,True,排污口信息表
public,rs_outlet,drain_standard,67,character varying,varchar,YES,,排放标准（国家或地方发布的行业标准）,True,排污口信息表
public,rs_outlet,approve_status,68,character varying,varchar,YES,,审批登记情况（已审批、已登记、未审批、未登记）,True,排污口信息表
public,rs_outlet,quick_detect_ph,69,character varying,varchar,YES,,水质快速检测-pH值,True,排污口信息表
public,rs_outlet,quick_detect_cod,70,character varying,varchar,YES,,水质快速检测-COD（mg/L）,True,排污口信息表
public,rs_outlet,quick_detect_ad,71,character varying,varchar,YES,,水质快速检测-氨氮（mg/L）,True,排污口信息表
public,rs_outlet,quick_detect_zl,72,character varying,varchar,YES,,水质快速检测-总磷（mg/L）,True,排污口信息表
public,rs_outlet,quick_detect_sl,73,character varying,varchar,YES,,水质快速检测-流量(m^3/D),True,排污口信息表
public,rs_outlet,quick_detect_desc,74,character varying,varchar,YES,,,False,排污口信息表
public,rs_outlet,monitor_sample_date,75,character varying,varchar,YES,,采样时间（yyyy-MM-dd）,True,排污口信息表
public,rs_outlet,monitor_sample_sl,76,character varying,varchar,YES,,实验室监测-流量(m^3/D),True,排污口信息表
public,rs_outlet,monitor_sample_sw,77,character varying,varchar,YES,,实验室监测-水温（℃）,True,排污口信息表
public,rs_outlet,monitor_sample_bod,78,character varying,varchar,YES,,实验室监测-BOD,True,排污口信息表
public,rs_outlet,monitor_sample_hff,79,character varying,varchar,YES,,实验室监测-挥发酚,True,排污口信息表
public,rs_outlet,monitor_sample_ph,80,character varying,varchar,YES,,实验室监测-pH值,True,排污口信息表
public,rs_outlet,monitor_sample_cod,81,character varying,varchar,YES,,实验室监测-COD值,True,排污口信息表
public,rs_outlet,monitor_sample_ad,82,character varying,varchar,YES,,实验室监测-氨氮（mg/L）,True,排污口信息表
public,rs_outlet,monitor_sample_zl,83,character varying,varchar,YES,,实验室监测-总磷（mg/L）,True,排污口信息表
public,rs_outlet,monitor_sample_zd,84,character varying,varchar,YES,,实验室监测-总氮(mg/L),True,排污口信息表
public,rs_outlet,photo_close_path,85,character varying,varchar,YES,,排污口近景照片,True,排污口信息表
public,rs_outlet,photo_distant_path,86,character varying,varchar,YES,,排污口远景照片,True,排污口信息表
public,rs_outlet,photo_main_path,87,character varying,varchar,YES,,责任主体照片,True,排污口信息表
public,rs_outlet,photo_handle_finish_path,88,character varying,varchar,YES,,整治完成后的照片,True,排污口信息表
public,rs_outlet,outlet_code_province,89,character varying,varchar,YES,,排污口编码：省级,True,排污口信息表
public,rs_outlet,waterbody_manager_level,90,character varying,varchar,YES,,水体管理级别,True,排污口信息表
public,rs_outlet,waterbody_name_in,91,character varying,varchar,YES,,受纳水体名称,True,排污口信息表
public,rs_outlet,key_river_name_province,92,character varying,varchar,YES,,省级重点河湖名称,True,排污口信息表
public,rs_outlet,drain_abnormal_other,93,character varying,varchar,YES,,其他状况,True,排污口信息表
public,rs_outlet,primary_obligor_code,94,character varying,varchar,YES,,主要责任主体排污许可证号或排污登记号,True,排污口信息表
public,rs_outlet,unified_credit_code,95,character varying,varchar,YES,,统一信用代码,True,排污口信息表
public,rs_outlet,pollutant_name,96,character varying,varchar,YES,,污染物（多个用英文逗号拼接）,True,排污口信息表
public,rs_outlet,pollutant_density,97,character varying,varchar,YES,,污染物浓度（污染物对应浓度，多个用英文逗号拼接）,True,排污口信息表
public,rs_outlet,sewage_emission,98,character varying,varchar,YES,,年污水排放量(t)（污染物对应排放量，多个用英文逗号拼接）,True,排污口信息表
public,rs_outlet,pollutant_emission,99,character varying,varchar,YES,,年污染物排放总量(t)（污染物对应排放量，多个用英文逗号拼接）,True,排污口信息表
public,rs_outlet,handle_result_condition,100,character,bpchar,YES,,是否已满足整治总则中完成整治的判定条件,True,排污口信息表
public,rs_outlet,monitor_sample_type,101,character varying,varchar,YES,,采样类型,True,排污口信息表
public,rs_outlet,monitor_sample_mark,102,character varying,varchar,YES,,采样备注,True,排污口信息表
public,rs_outlet,has_sample_condition,103,character,bpchar,YES,,是否具备采样条件（默认无）,True,排污口信息表
public,rs_outlet,primary_table_id,104,character varying,varchar,YES,,主表ID,True,排污口信息表
public,rs_outlet,sfzdjg,105,character varying,varchar,YES,,是否重点监管排污口,True,排污口信息表
public,rs_outlet,geom,106,USER-DEFINED,geometry,YES,,几何信息,True,排污口信息表
public,rs_outlet_info_v2,id,1,bigint,int8,NO,nextval('archive_outlet_id_seq'::regclass),,False,排污口管理
public,rs_outlet_info_v2,outlet_code_national,2,character varying,varchar,YES,,排污口编码(国家统一赋码),True,排污口管理
public,rs_outlet_info_v2,outlet_code_local,3,character varying,varchar,YES,,排污口编码(省市系统自有编码),True,排污口管理
public,rs_outlet_info_v2,is_key_river_outlet,4,character varying,varchar,YES,,是否为重点河湖排污口,True,排污口管理
public,rs_outlet_info_v2,key_river_name,5,character varying,varchar,YES,,重点河湖名称,True,排污口管理
public,rs_outlet_info_v2,river_system,6,character varying,varchar,YES,,所属水系,True,排污口管理
public,rs_outlet_info_v2,province_city_district,7,character varying,varchar,YES,,省市区县,True,排污口管理
public,rs_outlet_info_v2,township,8,character varying,varchar,YES,,乡镇(街道),True,排污口管理
public,rs_outlet_info_v2,outlet_name,9,character varying,varchar,YES,,排污口名称,True,排污口管理
public,rs_outlet_info_v2,watershed_name,10,character varying,varchar,YES,,流域名称,True,排污口管理
public,rs_outlet_info_v2,outlet_category,11,character varying,varchar,YES,,排污口分类,True,排污口管理
public,rs_outlet_info_v2,is_lake_inflow,12,character varying,varchar,YES,,是否为入湖河流,True,排污口管理
public,rs_outlet_info_v2,is_water_func_zone,13,character varying,varchar,YES,,是否位于水功能区,True,排污口管理
public,rs_outlet_info_v2,level1_water_func_zone,14,character varying,varchar,YES,,一级水功能区名称,True,排污口管理
public,rs_outlet_info_v2,level1_water_quality_target,15,character varying,varchar,YES,,一级水功能区水质目标,True,排污口管理
public,rs_outlet_info_v2,level2_water_func_zone,16,character varying,varchar,YES,,二级水功能区名称,True,排污口管理
public,rs_outlet_info_v2,level2_water_quality_target,17,character varying,varchar,YES,,二级水功能区水质目标,True,排污口管理
public,rs_outlet_info_v2,is_water_env_func_zone,18,character varying,varchar,YES,,是否位于水环境功能区,True,排污口管理
public,rs_outlet_info_v2,water_env_func_zone_name,19,character varying,varchar,YES,,水环境功能区名称,True,排污口管理
public,rs_outlet_info_v2,water_env_func_zone_target,20,character varying,varchar,YES,,水环境功能区目标,True,排污口管理
public,rs_outlet_info_v2,national_section_name,21,character varying,varchar,YES,,国控断面名称,True,排污口管理
public,rs_outlet_info_v2,provincial_section_name,22,character varying,varchar,YES,,省控断面名称,True,排污口管理
public,rs_outlet_info_v2,municipal_section_name,23,character varying,varchar,YES,,市控断面名称,True,排污口管理
public,rs_outlet_info_v2,river_chief_info,24,character varying,varchar,YES,,河长信息,True,排污口管理
public,rs_outlet_info_v2,create_by,25,bigint,int8,YES,,,False,排污口管理
public,rs_outlet_info_v2,create_time,26,timestamp without time zone,timestamp,YES,CURRENT_TIMESTAMP,,False,排污口管理
public,rs_outlet_info_v2,update_by,27,bigint,int8,YES,,,False,排污口管理
public,rs_outlet_info_v2,update_time,28,timestamp without time zone,timestamp,YES,,,False,排污口管理
public,rs_outlet_info_v2,del_flag,29,character varying,varchar,YES,'0'::character varying,,False,排污口管理
public,rs_outlet_info_v2,geom,30,USER-DEFINED,geometry,YES,,图形信息,True,排污口管理
public,rs_outlet_live_v2,id,1,bigint,int8,NO,nextval('archive_outlet_live_id_seq'::regclass),,False,排污口实况
public,rs_outlet_live_v2,outlet_id,2,bigint,int8,NO,,关联排污口ID,True,排污口实况
public,rs_outlet_live_v2,geom,3,USER-DEFINED,geometry,YES,,排污口所在位置,True,排污口实况
public,rs_outlet_live_v2,gate_morphology,4,character varying,varchar,YES,,口门形态,True,排污口实况
public,rs_outlet_live_v2,drainage_feature,5,character varying,varchar,YES,,排水特征,True,排污口实况
public,rs_outlet_live_v2,has_abnormal,6,character varying,varchar,YES,,有无异常状况,True,排污口实况
public,rs_outlet_live_v2,has_online_monitor,7,character varying,varchar,YES,,是否实现在线监测,True,排污口实况
public,rs_outlet_live_v2,has_sampling_condition,8,character varying,varchar,YES,,是否具备采样条件,True,排污口实况
public,rs_outlet_live_v2,create_by,9,bigint,int8,YES,,,False,排污口实况
public,rs_outlet_live_v2,create_time,10,timestamp without time zone,timestamp,YES,CURRENT_TIMESTAMP,,False,排污口实况
public,rs_outlet_live_v2,update_by,11,bigint,int8,YES,,,False,排污口实况
public,rs_outlet_live_v2,update_time,12,timestamp without time zone,timestamp,YES,,,False,排污口实况
public,rs_outlet_live_v2,del_flag,13,character varying,varchar,YES,'0'::character varying,,False,排污口实况
public,rs_outlet_live_v2,outlet_name,14,character varying,varchar,YES,,排污口名称,True,排污口实况
public,rs_outlet_monitor_v2,id,1,bigint,int8,NO,nextval('archive_outlet_monitor_id_seq'::regclass),,False,排污口监测
public,rs_outlet_monitor_v2,outlet_id,2,bigint,int8,NO,,关联排污口ID,True,排污口监测
public,rs_outlet_monitor_v2,sampling_time,3,timestamp without time zone,timestamp,YES,,采样时间,True,排污口监测
public,rs_outlet_monitor_v2,monitor_type,4,character varying,varchar,YES,,监测类型,True,排污口监测
public,rs_outlet_monitor_v2,flow,5,numeric,numeric,YES,,流量(立方米/天),True,排污口监测
public,rs_outlet_monitor_v2,water_temp,6,numeric,numeric,YES,,水温(℃),True,排污口监测
public,rs_outlet_monitor_v2,bod,7,numeric,numeric,YES,,BOD(mg/L),True,排污口监测
public,rs_outlet_monitor_v2,cod,8,numeric,numeric,YES,,COD(mg/L),True,排污口监测
public,rs_outlet_monitor_v2,ph,9,numeric,numeric,YES,,pH,True,排污口监测
public,rs_outlet_monitor_v2,ammonia_nitrogen,10,numeric,numeric,YES,,氨氮(mg/L),True,排污口监测
public,rs_outlet_monitor_v2,total_phosphorus,11,numeric,numeric,YES,,总磷(mg/L),True,排污口监测
public,rs_outlet_monitor_v2,total_nitrogen,12,numeric,numeric,YES,,总氮(mg/L),True,排污口监测
public,rs_outlet_monitor_v2,remark,13,character varying,varchar,YES,,备注,True,排污口监测
public,rs_outlet_monitor_v2,create_by,14,bigint,int8,YES,,,False,排污口监测
public,rs_outlet_monitor_v2,create_time,15,timestamp without time zone,timestamp,YES,CURRENT_TIMESTAMP,,False,排污口监测
public,rs_outlet_monitor_v2,update_by,16,bigint,int8,YES,,,False,排污口监测
public,rs_outlet_monitor_v2,update_time,17,timestamp without time zone,timestamp,YES,,,False,排污口监测
public,rs_outlet_monitor_v2,del_flag,18,character varying,varchar,YES,'0'::character varying,,False,排污口监测
public,rs_outlet_monitor_v2,outlet_name,19,character varying,varchar,YES,,排污口名称,True,排污口监测
public,rs_outlet_remediation_v2,id,1,bigint,int8,NO,nextval('archive_outlet_remediation_id_seq'::regclass),,False,排污口整治
public,rs_outlet_remediation_v2,outlet_id,2,bigint,int8,NO,,关联排污口ID,True,排污口整治
public,rs_outlet_remediation_v2,is_remediated,3,character varying,varchar,YES,,是否完成整治,True,排污口整治
public,rs_outlet_remediation_v2,remediation_type,4,character varying,varchar,YES,,整治类型,True,排污口整治
public,rs_outlet_remediation_v2,remediation_video,5,character varying,varchar,YES,,整治视频,True,排污口整治
public,rs_outlet_remediation_v2,supporting_docs,6,character varying,varchar,YES,,证明材料,True,排污口整治
public,rs_outlet_remediation_v2,is_standardized,7,character varying,varchar,YES,,是否完成规范化建设,True,排污口整治
public,rs_outlet_remediation_v2,standardization_content,8,character varying,varchar,YES,,规范化建设内容,True,排污口整治
public,rs_outlet_remediation_v2,create_by,9,bigint,int8,YES,,,False,排污口整治
public,rs_outlet_remediation_v2,create_time,10,timestamp without time zone,timestamp,YES,CURRENT_TIMESTAMP,,False,排污口整治
public,rs_outlet_remediation_v2,update_by,11,bigint,int8,YES,,,False,排污口整治
public,rs_outlet_remediation_v2,update_time,12,timestamp without time zone,timestamp,YES,,,False,排污口整治
public,rs_outlet_remediation_v2,del_flag,13,character varying,varchar,YES,'0'::character varying,,False,排污口整治
public,rs_outlet_remediation_v2,outlet_name,14,character varying,varchar,YES,,排污口名称,True,排污口整治
public,rs_outlet_trace_v2,id,1,bigint,int8,NO,nextval('archive_outlet_trace_id_seq'::regclass),,False,排污口溯源
public,rs_outlet_trace_v2,outlet_id,2,bigint,int8,NO,,关联排污口ID,True,排污口溯源
public,rs_outlet_trace_v2,primary_entity_name,3,character varying,varchar,YES,,主要责任主体名称,True,排污口溯源
public,rs_outlet_trace_v2,other_entity_name,4,character varying,varchar,YES,,其他责任主体名称,True,排污口溯源
public,rs_outlet_trace_v2,address,5,character varying,varchar,YES,,详细地址,True,排污口溯源
public,rs_outlet_trace_v2,primary_contact,6,character varying,varchar,YES,,主要责任主体联系人,True,排污口溯源
public,rs_outlet_trace_v2,primary_phone,7,character varying,varchar,YES,,主要责任主体联系电话,True,排污口溯源
public,rs_outlet_trace_v2,discharge_permit_no,8,character varying,varchar,YES,,排污许可证号或排污登记号,True,排污口溯源
public,rs_outlet_trace_v2,credit_code,9,character varying,varchar,YES,,统一信用代码,True,排污口溯源
public,rs_outlet_trace_v2,emission_standard,10,character varying,varchar,YES,,排放标准,True,排污口溯源
public,rs_outlet_trace_v2,has_toxic_pollutant,11,character varying,varchar,YES,,是否排放有毒有害污染物,True,排污口溯源
public,rs_outlet_trace_v2,wastewater_type,12,character varying,varchar,YES,,污水类型,True,排污口溯源
public,rs_outlet_trace_v2,other_wastewater_type,13,character varying,varchar,YES,,其他污水类型,True,排污口溯源
public,rs_outlet_trace_v2,is_above_scale,14,character varying,varchar,YES,,是否为规模以上排污口,True,排污口溯源
public,rs_outlet_trace_v2,approval_status,15,character varying,varchar,YES,,审批登记情况,True,排污口溯源
public,rs_outlet_trace_v2,pollutant_info,16,text,text,YES,,污染物及排放量(JSON),True,排污口溯源
public,rs_outlet_trace_v2,create_by,17,bigint,int8,YES,,,False,排污口溯源
public,rs_outlet_trace_v2,create_time,18,timestamp without time zone,timestamp,YES,CURRENT_TIMESTAMP,,False,排污口溯源
public,rs_outlet_trace_v2,update_by,19,bigint,int8,YES,,,False,排污口溯源
public,rs_outlet_trace_v2,update_time,20,timestamp without time zone,timestamp,YES,,,False,排污口溯源
public,rs_outlet_trace_v2,del_flag,21,character varying,varchar,YES,'0'::character varying,,False,排污口溯源
public,rs_outlet_trace_v2,geom,22,USER-DEFINED,geometry,YES,,排污口所在位置,True,排污口溯源
public,rs_outlet_trace_v2,outlet_name,23,character varying,varchar,YES,,排污口名称,True,排污口溯源
public,rs_pollutant_enterprise,id,1,bigint,int8,NO,,主键,True,污染源企业信息表：宜昌污染源在线平台企业信息
public,rs_pollutant_enterprise,wrybh,2,character varying,varchar,NO,,污染源编号,True,污染源企业信息表：宜昌污染源在线平台企业信息
public,rs_pollutant_enterprise,wrymc,3,character varying,varchar,YES,,污染源名称,True,污染源企业信息表：宜昌污染源在线平台企业信息
public,rs_pollutant_enterprise,tyshxydm,4,character varying,varchar,YES,,统一社会信用代码,True,污染源企业信息表：宜昌污染源在线平台企业信息
public,rs_pollutant_enterprise,zzjgdm,5,character varying,varchar,YES,,组织机构代码,True,污染源企业信息表：宜昌污染源在线平台企业信息
public,rs_pollutant_enterprise,pwxkzbh,6,character varying,varchar,YES,,排污许可证编号,True,污染源企业信息表：宜昌污染源在线平台企业信息
public,rs_pollutant_enterprise,frmc,7,character varying,varchar,YES,,法人名称,True,污染源企业信息表：宜昌污染源在线平台企业信息
public,rs_pollutant_enterprise,lxdh,8,character varying,varchar,YES,,联系电话,True,污染源企业信息表：宜昌污染源在线平台企业信息
public,rs_pollutant_enterprise,zcdz,9,character varying,varchar,YES,,注册地址,True,污染源企业信息表：宜昌污染源在线平台企业信息
public,rs_pollutant_enterprise,jycsdz,10,character varying,varchar,YES,,经营场所地址,True,污染源企业信息表：宜昌污染源在线平台企业信息
public,rs_pollutant_enterprise,jd,11,double precision,float8,YES,,经度,True,污染源企业信息表：宜昌污染源在线平台企业信息
public,rs_pollutant_enterprise,wd,12,double precision,float8,YES,,纬度,True,污染源企业信息表：宜昌污染源在线平台企业信息
public,rs_pollutant_enterprise,hblxr,13,character varying,varchar,YES,,环保联系人,True,污染源企业信息表：宜昌污染源在线平台企业信息
public,rs_pollutant_enterprise,hbrlxdh,14,character varying,varchar,YES,,环保联系人电话,True,污染源企业信息表：宜昌污染源在线平台企业信息
public,rs_pollutant_enterprise,ssqx,15,character varying,varchar,YES,,所属区县,True,污染源企业信息表：宜昌污染源在线平台企业信息
public,rs_pollutant_enterprise,hymc,16,character varying,varchar,YES,,行业名称,True,污染源企业信息表：宜昌污染源在线平台企业信息
public,rs_pollutant_enterprise,zdlxmc,17,character varying,varchar,YES,,重点污染源类型名称,True,污染源企业信息表：宜昌污染源在线平台企业信息
public,rs_pollutant_enterprise,jgjb,18,character varying,varchar,YES,,监管级别（代码集：ZXJC_WRYJGJB）：ZDWRY、YBWRY,True,污染源企业信息表：宜昌污染源在线平台企业信息
public,rs_pollutant_enterprise,ywgs,19,character varying,varchar,YES,,运维公司,True,污染源企业信息表：宜昌污染源在线平台企业信息
public,rs_pollutant_enterprise,geom,20,USER-DEFINED,geometry,YES,,图形,True,污染源企业信息表：宜昌污染源在线平台企业信息
public,rs_pollutant_enterprise,create_by,21,bigint,int8,YES,,创建人,True,污染源企业信息表：宜昌污染源在线平台企业信息
public,rs_pollutant_enterprise,create_time,22,timestamp without time zone,timestamp,YES,CURRENT_TIMESTAMP,创建时间,True,污染源企业信息表：宜昌污染源在线平台企业信息
public,rs_pollutant_enterprise,update_by,23,bigint,int8,YES,,更新人,True,污染源企业信息表：宜昌污染源在线平台企业信息
public,rs_pollutant_enterprise,update_time,24,timestamp without time zone,timestamp,YES,CURRENT_TIMESTAMP,更新时间,True,污染源企业信息表：宜昌污染源在线平台企业信息
public,rs_pollutant_enterprise,del_flag,25,character,bpchar,YES,'0'::bpchar,删除标记: 0-未删除、1-已删除,True,污染源企业信息表：宜昌污染源在线平台企业信息
public,rs_pollutant_enterprise,record_type,26,smallint,int2,YES,0,记录类型：0-自动、1-手动,True,污染源企业信息表：宜昌污染源在线平台企业信息
public,rs_pollutant_enterprise,ssqxmc,27,character varying,varchar,YES,,区县名称,True,污染源企业信息表：宜昌污染源在线平台企业信息
public,rs_pollutant_info,id,1,bigint,int8,NO,,主键,True,企业污染源排口信息表：宜昌污染源在线平台
public,rs_pollutant_info,xh,2,character varying,varchar,YES,,序号：用于查询数据=driveId,True,企业污染源排口信息表：宜昌污染源在线平台
public,rs_pollutant_info,jcdbh,3,character varying,varchar,YES,,监测点编号,True,企业污染源排口信息表：宜昌污染源在线平台
public,rs_pollutant_info,jcdmc,4,character varying,varchar,YES,,监测点名称,True,企业污染源排口信息表：宜昌污染源在线平台
public,rs_pollutant_info,wrybh,5,character varying,varchar,NO,,污染源编号,True,企业污染源排口信息表：宜昌污染源在线平台
public,rs_pollutant_info,pwkwz,6,character varying,varchar,YES,,排放口位置,True,企业污染源排口信息表：宜昌污染源在线平台
public,rs_pollutant_info,jgjb,7,character varying,varchar,YES,'YB'::character varying,监管级别：ZD-重点、YB-一般,True,企业污染源排口信息表：宜昌污染源在线平台
public,rs_pollutant_info,sfjsk,8,character varying,varchar,YES,,是否进水口（0：否；1：是）,True,企业污染源排口信息表：宜昌污染源在线平台
public,rs_pollutant_info,sfzs,9,character,bpchar,YES,,是否烧结等无需折算（0：否；1：是）,True,企业污染源排口信息表：宜昌污染源在线平台
public,rs_pollutant_info,zsxs,10,character varying,varchar,YES,,折算系数,True,企业污染源排口信息表：宜昌污染源在线平台
public,rs_pollutant_info,jd,11,double precision,float8,YES,,经度,True,企业污染源排口信息表：宜昌污染源在线平台
public,rs_pollutant_info,wd,12,double precision,float8,YES,,纬度,True,企业污染源排口信息表：宜昌污染源在线平台
public,rs_pollutant_info,geom,13,USER-DEFINED,geometry,YES,,图形,True,企业污染源排口信息表：宜昌污染源在线平台
public,rs_pollutant_info,create_by,14,bigint,int8,YES,,创建人,True,企业污染源排口信息表：宜昌污染源在线平台
public,rs_pollutant_info,create_time,15,timestamp without time zone,timestamp,YES,CURRENT_TIMESTAMP,创建时间,True,企业污染源排口信息表：宜昌污染源在线平台
public,rs_pollutant_info,update_by,16,bigint,int8,YES,,更新人,True,企业污染源排口信息表：宜昌污染源在线平台
public,rs_pollutant_info,update_time,17,timestamp without time zone,timestamp,YES,CURRENT_TIMESTAMP,更新时间,True,企业污染源排口信息表：宜昌污染源在线平台
public,rs_pollutant_info,del_flag,18,character,bpchar,YES,'0'::bpchar,删除标记: 0-未删除、1-已删除,True,企业污染源排口信息表：宜昌污染源在线平台
public,rs_pollutant_info,record_type,19,smallint,int2,YES,0,记录类型：0-自动、1-手动,True,企业污染源排口信息表：宜昌污染源在线平台
public,rs_pollutant_info,wrlx,20,character varying,varchar,YES,,污染类型：FS-废水、FQ-废气,True,企业污染源排口信息表：宜昌污染源在线平台
public,rs_pollutant_info,outlet_id,21,bigint,int8,YES,,污染源id,True,企业污染源排口信息表：宜昌污染源在线平台
public,rs_sewage_info_v2,id,1,bigint,int8,NO,nextval('archive_wwtp_id_seq'::regclass),,False,污水处理厂档案管理及监测
public,rs_sewage_info_v2,admin_division,2,character varying,varchar,YES,,行政区划,True,污水处理厂档案管理及监测
public,rs_sewage_info_v2,project_name,3,character varying,varchar,YES,,项目名称,True,污水处理厂档案管理及监测
public,rs_sewage_info_v2,run_status,4,character varying,varchar,YES,,运行状态,True,污水处理厂档案管理及监测
public,rs_sewage_info_v2,treatment_process,5,character varying,varchar,YES,,处理工艺,True,污水处理厂档案管理及监测
public,rs_sewage_info_v2,project_location_lng,6,numeric,numeric,YES,,项目所在地经度,True,污水处理厂档案管理及监测
public,rs_sewage_info_v2,project_location_lat,7,numeric,numeric,YES,,项目所在地纬度,True,污水处理厂档案管理及监测
public,rs_sewage_info_v2,outlet_total_lng,8,numeric,numeric,YES,,污水总排放口经度,True,污水处理厂档案管理及监测
public,rs_sewage_info_v2,outlet_total_lat,9,numeric,numeric,YES,,污水总排放口纬度,True,污水处理厂档案管理及监测
public,rs_sewage_info_v2,design_scale,10,numeric,numeric,YES,,设计规模(t/d),True,污水处理厂档案管理及监测
public,rs_sewage_info_v2,actual_assess_scale,11,numeric,numeric,YES,,实际考核规模(t/d),True,污水处理厂档案管理及监测
public,rs_sewage_info_v2,load_rate,12,numeric,numeric,YES,,负荷率(%),True,污水处理厂档案管理及监测
public,rs_sewage_info_v2,influent_flow,13,numeric,numeric,YES,,进水流量(m3/d),True,污水处理厂档案管理及监测
public,rs_sewage_info_v2,influent_cod,14,numeric,numeric,YES,,进水COD(mg/L),True,污水处理厂档案管理及监测
public,rs_sewage_info_v2,influent_ph,15,numeric,numeric,YES,,进水pH,True,污水处理厂档案管理及监测
public,rs_sewage_info_v2,influent_ammonia,16,numeric,numeric,YES,,进水氨氮(mg/L),True,污水处理厂档案管理及监测
public,rs_sewage_info_v2,influent_tp,17,numeric,numeric,YES,,进水总磷(mg/L),True,污水处理厂档案管理及监测
public,rs_sewage_info_v2,influent_tn,18,numeric,numeric,YES,,进水总氮(mg/L),True,污水处理厂档案管理及监测
public,rs_sewage_info_v2,effluent_flow,19,numeric,numeric,YES,,出水流量(m3/d),True,污水处理厂档案管理及监测
public,rs_sewage_info_v2,effluent_cod,20,numeric,numeric,YES,,出水COD(mg/L),True,污水处理厂档案管理及监测
public,rs_sewage_info_v2,effluent_ph,21,numeric,numeric,YES,,出水pH,True,污水处理厂档案管理及监测
public,rs_sewage_info_v2,effluent_ammonia,22,numeric,numeric,YES,,出水氨氮(mg/L),True,污水处理厂档案管理及监测
public,rs_sewage_info_v2,effluent_tp,23,numeric,numeric,YES,,出水总磷(mg/L),True,污水处理厂档案管理及监测
public,rs_sewage_info_v2,effluent_tn,24,numeric,numeric,YES,,出水总氮(mg/L),True,污水处理厂档案管理及监测
public,rs_sewage_info_v2,cod_daily_reduction,25,numeric,numeric,YES,,COD日削减量(t/d),True,污水处理厂档案管理及监测
public,rs_sewage_info_v2,cod_annual_reduction,26,numeric,numeric,YES,,COD年削减量(t/a),True,污水处理厂档案管理及监测
public,rs_sewage_info_v2,pipe_total_length,27,numeric,numeric,YES,,园区管网总长(km),True,污水处理厂档案管理及监测
public,rs_sewage_info_v2,well_count,28,integer,int4,YES,,管井数量(个),True,污水处理厂档案管理及监测
public,rs_sewage_info_v2,pump_station_count,29,integer,int4,YES,,提升泵站数量(个),True,污水处理厂档案管理及监测
public,rs_sewage_info_v2,enterprise_total,30,integer,int4,YES,,园区企业总数(家),True,污水处理厂档案管理及监测
public,rs_sewage_info_v2,connected_enterprise,31,integer,int4,YES,,已接入企业数(家),True,污水处理厂档案管理及监测
public,rs_sewage_info_v2,connection_rate,32,numeric,numeric,YES,,接入率(%),True,污水处理厂档案管理及监测
public,rs_sewage_info_v2,enterprise_drainage,33,numeric,numeric,YES,,企业排水总量(m3/d),True,污水处理厂档案管理及监测
public,rs_sewage_info_v2,key_pollution_enterprise,34,integer,int4,YES,,重点排污企业数(家),True,污水处理厂档案管理及监测
public,rs_sewage_info_v2,online_monitor_enterprise,35,integer,int4,YES,,在线监测企业数(家),True,污水处理厂档案管理及监测
public,rs_sewage_info_v2,monitor_coverage_rate,36,numeric,numeric,YES,,监测覆盖率(%),True,污水处理厂档案管理及监测
public,rs_sewage_info_v2,monthly_fee_total,37,numeric,numeric,YES,,月污水处理费总额(元),True,污水处理厂档案管理及监测
public,rs_sewage_info_v2,should_collect_enterprise,38,integer,int4,YES,,应征企业数(家),True,污水处理厂档案管理及监测
public,rs_sewage_info_v2,actual_collect_enterprise,39,integer,int4,YES,,实征企业数(家),True,污水处理厂档案管理及监测
public,rs_sewage_info_v2,collection_rate,40,numeric,numeric,YES,,征收率(%),True,污水处理厂档案管理及监测
public,rs_sewage_info_v2,operation_unit,41,character varying,varchar,YES,,运营单位,True,污水处理厂档案管理及监测
public,rs_sewage_info_v2,plan_total_invest,42,numeric,numeric,YES,,计划总投资(万元),True,污水处理厂档案管理及监测
public,rs_sewage_info_v2,plan_station_invest,43,numeric,numeric,YES,,计划厂站投资(万元),True,污水处理厂档案管理及监测
public,rs_sewage_info_v2,plan_pipe_invest,44,numeric,numeric,YES,,计划管网投资(万元),True,污水处理厂档案管理及监测
public,rs_sewage_info_v2,done_total_invest,45,numeric,numeric,YES,,已完成总投资(万元),True,污水处理厂档案管理及监测
public,rs_sewage_info_v2,done_station_invest,46,numeric,numeric,YES,,已完成厂站投资(万元),True,污水处理厂档案管理及监测
public,rs_sewage_info_v2,done_pipe_invest,47,numeric,numeric,YES,,已完成管网投资(万元),True,污水处理厂档案管理及监测
public,rs_sewage_info_v2,total_invest_rate,48,numeric,numeric,YES,,总投资完成率(%),True,污水处理厂档案管理及监测
public,rs_sewage_info_v2,built_pipe_length,49,numeric,numeric,YES,,已建管网长度(km),True,污水处理厂档案管理及监测
public,rs_sewage_info_v2,collection_rate_efficiency,50,numeric,numeric,YES,,污水收集率(%),True,污水处理厂档案管理及监测
public,rs_sewage_info_v2,treatment_rate,51,numeric,numeric,YES,,污水处理率(%),True,污水处理厂档案管理及监测
public,rs_sewage_info_v2,compliance_rate,52,numeric,numeric,YES,,达标排放率(%),True,污水处理厂档案管理及监测
public,rs_sewage_info_v2,operation_load_rate,53,numeric,numeric,YES,,运行负荷率(%),True,污水处理厂档案管理及监测
public,rs_sewage_info_v2,center_lng,54,numeric,numeric,YES,,企业中心经度,True,污水处理厂档案管理及监测
public,rs_sewage_info_v2,center_lat,55,numeric,numeric,YES,,企业中心纬度,True,污水处理厂档案管理及监测
public,rs_sewage_info_v2,total_outlet_lng,56,numeric,numeric,YES,,污水处理设施总排口经度,True,污水处理厂档案管理及监测
public,rs_sewage_info_v2,total_outlet_lat,57,numeric,numeric,YES,,污水处理设施总排口纬度,True,污水处理厂档案管理及监测
public,rs_sewage_info_v2,tail_water_destination,58,character varying,varchar,YES,,尾水排放去向,True,污水处理厂档案管理及监测
public,rs_sewage_info_v2,outlet_photo,59,character varying,varchar,YES,,排口照片,True,污水处理厂档案管理及监测
public,rs_sewage_info_v2,create_by,60,bigint,int8,YES,,,False,污水处理厂档案管理及监测
public,rs_sewage_info_v2,create_time,61,timestamp without time zone,timestamp,YES,CURRENT_TIMESTAMP,,False,污水处理厂档案管理及监测
public,rs_sewage_info_v2,update_by,62,bigint,int8,YES,,,False,污水处理厂档案管理及监测
public,rs_sewage_info_v2,update_time,63,timestamp without time zone,timestamp,YES,,,False,污水处理厂档案管理及监测
public,rs_sewage_info_v2,del_flag,64,character varying,varchar,YES,'0'::character varying,,False,污水处理厂档案管理及监测
public,rs_sewage_info_yc,id,1,bigint,int8,NO,,主键id,True,污水处理厂信息表：宜昌水环境
public,rs_sewage_info_yc,name,2,character varying,varchar,YES,,企业名称,True,污水处理厂信息表：宜昌水环境
public,rs_sewage_info_yc,monitor_name,3,character varying,varchar,YES,,检测点名称,True,污水处理厂信息表：宜昌水环境
public,rs_sewage_info_yc,region_code,4,character varying,varchar,YES,,行政区编码,True,污水处理厂信息表：宜昌水环境
public,rs_sewage_info_yc,region_name,5,character varying,varchar,YES,,行政区名称,True,污水处理厂信息表：宜昌水环境
public,rs_sewage_info_yc,emission_type,6,character,bpchar,YES,,排放类型：0-废水,True,污水处理厂信息表：宜昌水环境
public,rs_sewage_info_yc,supervision_level,7,character,bpchar,YES,,监管级别：0-一般、1-重点,True,污水处理厂信息表：宜昌水环境
public,rs_sewage_info_yc,outlet_location,8,character varying,varchar,YES,,排污口位置,True,污水处理厂信息表：宜昌水环境
public,rs_sewage_info_yc,lon,9,double precision,float8,YES,,经度,True,污水处理厂信息表：宜昌水环境
public,rs_sewage_info_yc,lat,10,double precision,float8,YES,,纬度,True,污水处理厂信息表：宜昌水环境
public,rs_sewage_info_yc,create_by,11,bigint,int8,YES,,创建人,True,污水处理厂信息表：宜昌水环境
public,rs_sewage_info_yc,create_time,12,timestamp without time zone,timestamp,YES,,创建时间,True,污水处理厂信息表：宜昌水环境
public,rs_sewage_info_yc,update_by,13,bigint,int8,YES,,更新人,True,污水处理厂信息表：宜昌水环境
public,rs_sewage_info_yc,update_time,14,timestamp without time zone,timestamp,YES,,更新时间,True,污水处理厂信息表：宜昌水环境
public,rs_sewage_info_yc,del_flag,15,character,bpchar,YES,0,删除标记,True,污水处理厂信息表：宜昌水环境
public,rs_sewage_info_yc,town_flag,16,boolean,bool,YES,false,是否城镇污水处理厂,True,污水处理厂信息表：宜昌水环境
public,rs_sewage_info_yc,industrial_flag,17,boolean,bool,YES,false,是否工业污水处理厂,True,污水处理厂信息表：宜昌水环境
public,rs_sewage_park_info,id,1,bigint,int8,NO,,主键id,True,污水处理厂-园区配套信息表
public,rs_sewage_park_info,region_code,2,character varying,varchar,YES,,行政区编码,True,污水处理厂-园区配套信息表
public,rs_sewage_park_info,region_name,3,character varying,varchar,YES,,行政区名称,True,污水处理厂-园区配套信息表
public,rs_sewage_park_info,sewage_name,4,character varying,varchar,YES,,污水处理厂名称,True,污水处理厂-园区配套信息表
public,rs_sewage_park_info,sewage_id,5,bigint,int8,YES,,污水厂ID,True,污水处理厂-园区配套信息表
public,rs_sewage_park_info,throughput,6,double precision,float8,YES,,处理能力（万吨/日）,True,污水处理厂-园区配套信息表
public,rs_sewage_park_info,park_id,7,bigint,int8,YES,,配套园区ID,True,污水处理厂-园区配套信息表
public,rs_sewage_park_info,park_name,8,character varying,varchar,YES,,配套园区名称,True,污水处理厂-园区配套信息表
public,rs_sewage_park_info,lon,9,double precision,float8,YES,,经度,True,污水处理厂-园区配套信息表
public,rs_sewage_park_info,lat,10,double precision,float8,YES,,纬度,True,污水处理厂-园区配套信息表
public,rs_sewage_park_info,geom,11,USER-DEFINED,geometry,YES,,图形信息,True,污水处理厂-园区配套信息表
public,rs_sewage_park_info,remark,12,character varying,varchar,YES,,备注,True,污水处理厂-园区配套信息表
public,rs_sewage_park_info,create_by,13,bigint,int8,YES,,,False,污水处理厂-园区配套信息表
public,rs_sewage_park_info,create_time,14,timestamp without time zone,timestamp,YES,CURRENT_TIMESTAMP,,False,污水处理厂-园区配套信息表
public,rs_sewage_park_info,update_by,15,bigint,int8,YES,,,False,污水处理厂-园区配套信息表
public,rs_sewage_park_info,update_time,16,timestamp without time zone,timestamp,YES,,,False,污水处理厂-园区配套信息表
public,rs_sewage_park_info,del_flag,17,character varying,varchar,YES,'0'::character varying,,False,污水处理厂-园区配套信息表
public,rs_sewage_park_info,sewage_type,18,smallint,int2,NO,0,污水处理厂类型：0-工业、1-生活,True,污水处理厂-园区配套信息表
public,rs_warn_records,id,1,bigint,int8,NO,,主键id,True,污染预警消息通知
public,rs_warn_records,station_id,2,bigint,int8,YES,,站点id，warn_type为0时,True,污染预警消息通知
public,rs_warn_records,pollutant_id,3,bigint,int8,YES,,污染源id，warn_type为3时,True,污染预警消息通知
public,rs_warn_records,key_point_id,4,bigint,int8,YES,,"关键点id, warn_type为6时",True,污染预警消息通知
public,rs_warn_records,warn_indicator,5,character varying,varchar,YES,,预警指标,True,污染预警消息通知
public,rs_warn_records,warn_type,6,character,bpchar,YES,,预警类型：0 水质预警、1 水文预警、2 气象预警、3 污染源预警、4 网络异常、5 仪器异常,True,污染预警消息通知
public,rs_warn_records,warn_value,7,double precision,float8,YES,,预警值,True,污染预警消息通知
public,rs_warn_records,standard_value,8,double precision,float8,YES,,标准值,True,污染预警消息通知
public,rs_warn_records,unit,9,character varying,varchar,YES,,单位,True,污染预警消息通知
public,rs_warn_records,water_quality_level,10,character varying,varchar,YES,,水质监测指标等级,True,污染预警消息通知
public,rs_warn_records,warn_level,11,character,bpchar,YES,,告警等级：0 一般、1 严重、2 重度,True,污染预警消息通知
public,rs_warn_records,warn_content,12,character varying,varchar,YES,,预警内容,True,污染预警消息通知
public,rs_warn_records,warn_time,13,timestamp without time zone,timestamp,YES,,预警时间,True,污染预警消息通知
public,rs_warn_records,publish_status,14,character,bpchar,YES,,是否发布：0 未发布、1 已发布,True,污染预警消息通知
public,rs_warn_records,publish_time,15,timestamp without time zone,timestamp,YES,,发布时间,True,污染预警消息通知
public,rs_warn_records,check_status,16,character,bpchar,YES,,是否审核：0 未审核、1 已审核,True,污染预警消息通知
public,rs_warn_records,check_time,17,timestamp without time zone,timestamp,YES,,审核时间,True,污染预警消息通知
public,rs_warn_records,manual_auto,18,character,bpchar,YES,,0 手动处理、1 自动处理,True,污染预警消息通知
public,rs_warn_records,release_status,19,character,bpchar,YES,0,是否解除：0 未解除、1 已解除,True,污染预警消息通知
public,rs_warn_records,release_time,20,timestamp without time zone,timestamp,YES,,解除时间,True,污染预警消息通知
public,rs_warn_records,create_by,21,bigint,int8,YES,,创建人,True,污染预警消息通知
public,rs_warn_records,create_time,22,timestamp without time zone,timestamp,YES,,创建时间,True,污染预警消息通知
public,rs_warn_records,update_by,23,bigint,int8,YES,,更新人,True,污染预警消息通知
public,rs_warn_records,update_time,24,timestamp without time zone,timestamp,YES,,更新时间,True,污染预警消息通知
public,rs_warn_records,del_flag,25,character,bpchar,YES,0,删除标记：0 未删除、1 已删除,True,污染预警消息通知
public,rs_wastewater_day_records,id,1,bigint,int8,NO,nextval('rs_wastewater_day_records_1_id_seq'::regclass),主键ID,True,污染源监测日记录表
public,rs_wastewater_day_records,timestamp,2,timestamp without time zone,timestamp,YES,,统计日期（当日00:00:00）,True,污染源监测日记录表
public,rs_wastewater_day_records,type,3,character varying,varchar,YES,,类型：PS-排水口，PQ-排气口,True,污染源监测日记录表
public,rs_wastewater_day_records,pollutant_id,4,bigint,int8,YES,,"排污口/排气口ID（关联
 rs_pollutant_info.id）",True,污染源监测日记录表
public,rs_wastewater_day_records,status,5,character varying,varchar,YES,,"当日综合状态：nobeyond-正常，below-偏低
 ，beyond-超标",True,污染源监测日记录表
public,rs_wastewater_day_records,record_type,6,character varying,varchar,YES,,记录类型：0-正常统计，1-补录,True,污染源监测日记录表
public,rs_wastewater_day_records,ll,7,double precision,float8,YES,,日流量（各小时流量的平均值）,True,污染源监测日记录表
public,rs_wastewater_day_records,ll_count,8,integer,int4,YES,,日流量有效数据计数（参与平均的小时数）,True,污染源监测日记录表
public,rs_wastewater_day_records,pfl,9,double precision,float8,YES,,日排流量（各小时排流量的累加值）,True,污染源监测日记录表
public,rs_wastewater_day_records,pfl_count,10,integer,int4,YES,,日排流量有效数据计数（参与累加的小时数）,True,污染源监测日记录表
public,rs_wastewater_day_records,m1_value,11,double precision,float8,YES,,"【PS】化学需氧量(COD)日平均值 / 【PQ】烟尘日
 平均值",True,污染源监测日记录表
public,rs_wastewater_day_records,m1_count,12,integer,int4,YES,,m1 当日有效数据计数,True,污染源监测日记录表
public,rs_wastewater_day_records,m2_value,13,double precision,float8,YES,,"【PS】总氮(TN)日平均值 / 【PQ】二氧化硫日平均
 值",True,污染源监测日记录表
public,rs_wastewater_day_records,m2_count,14,integer,int4,YES,,m2 当日有效数据计数,True,污染源监测日记录表
public,rs_wastewater_day_records,m3_value,15,double precision,float8,YES,,【PS】pH日平均值 / 【PQ】氮氧化物日平均值,True,污染源监测日记录表
public,rs_wastewater_day_records,m3_count,16,integer,int4,YES,,m3 当日有效数据计数,True,污染源监测日记录表
public,rs_wastewater_day_records,m4_value,17,double precision,float8,YES,,【PS】氨氮日平均值 / 【PQ】一氧化氮日平均值,True,污染源监测日记录表
public,rs_wastewater_day_records,m4_count,18,integer,int4,YES,,m4 当日有效数据计数,True,污染源监测日记录表
public,rs_wastewater_day_records,m5_value,19,double precision,float8,YES,,【PS】水温日平均值 / 【PQ】二氧化氮日平均值,True,污染源监测日记录表
public,rs_wastewater_day_records,m5_count,20,integer,int4,YES,,m5 当日有效数据计数,True,污染源监测日记录表
public,rs_wastewater_day_records,m6_value,21,double precision,float8,YES,,【PS】总磷日平均值 / 【PQ】一氧化碳日平均值,True,污染源监测日记录表
public,rs_wastewater_day_records,m6_count,22,integer,int4,YES,,m6 当日有效数据计数,True,污染源监测日记录表
public,rs_wastewater_day_records,m7_value,23,double precision,float8,YES,,【PS】悬浮物日平均值 / 【PQ】氯化氢日平均值,True,污染源监测日记录表
public,rs_wastewater_day_records,m7_count,24,integer,int4,YES,,m7 当日有效数据计数,True,污染源监测日记录表
public,rs_wastewater_day_records,m8_value,25,double precision,float8,YES,,"【PS】余氯日平均值 / 【PQ】非甲烷总烃日平均值
 ",True,污染源监测日记录表
public,rs_wastewater_day_records,m8_count,26,integer,int4,YES,,m8 当日有效数据计数,True,污染源监测日记录表
public,rs_wastewater_day_records,m9_value,27,double precision,float8,YES,,【PS】六价铬日平均值 / 【PQ】苯日平均值,True,污染源监测日记录表
public,rs_wastewater_day_records,m9_count,28,integer,int4,YES,,m9 当日有效数据计数,True,污染源监测日记录表
public,rs_wastewater_day_records,m10_value,29,double precision,float8,YES,,【PS】石油类日平均值 / 【PQ】甲苯日平均值,True,污染源监测日记录表
public,rs_wastewater_day_records,m10_count,30,integer,int4,YES,,m10 当日有效数据计数,True,污染源监测日记录表
public,rs_wastewater_day_records,m11_value,31,double precision,float8,YES,,"【PS】氟化物日平均值 / 【PQ】二甲苯日平均值
 ",True,污染源监测日记录表
public,rs_wastewater_day_records,m11_count,32,integer,int4,YES,,m11 当日有效数据计数,True,污染源监测日记录表
public,rs_wastewater_day_records,m12_value,33,double precision,float8,YES,,"【PS】总铬日平均值 / 【PQ】碳氢化合物日平均
 值",True,污染源监测日记录表
public,rs_wastewater_day_records,m12_count,34,integer,int4,YES,,m12 当日有效数据计数,True,污染源监测日记录表
public,rs_wastewater_day_records,m13_value,35,double precision,float8,YES,,【PS】氰化物日平均值 / 【PQ】甲烷日平均值,True,污染源监测日记录表
public,rs_wastewater_day_records,m13_count,36,integer,int4,YES,,m13 当日有效数据计数,True,污染源监测日记录表
public,rs_wastewater_day_records,m14_value,37,double precision,float8,YES,,【PS】总锰日平均值 / 【PQ】氟化氢日平均值,True,污染源监测日记录表
public,rs_wastewater_day_records,m14_count,38,integer,int4,YES,,m14 当日有效数据计数,True,污染源监测日记录表
public,rs_wastewater_day_records,m15_value,39,double precision,float8,YES,,"【PS】总银日平均值 / 【PQ】二氧化碳日平均值
 ",True,污染源监测日记录表
public,rs_wastewater_day_records,m15_count,40,integer,int4,YES,,m15 当日有效数据计数,True,污染源监测日记录表
public,rs_wastewater_day_records,m16_value,41,double precision,float8,YES,,"【PS】总铜日平均值 / 【PQ】1,3-二甲基苯日平
 均值",True,污染源监测日记录表
public,rs_wastewater_day_records,m16_count,42,integer,int4,YES,,m16 当日有效数据计数,True,污染源监测日记录表
public,rs_wastewater_day_records,m17_value,43,double precision,float8,YES,,"【PS】总镍日平均值 / 【PQ】乙烯基苯(苯乙烯)
 日平均值",True,污染源监测日记录表
public,rs_wastewater_day_records,m17_count,44,integer,int4,YES,,m17 当日有效数据计数,True,污染源监测日记录表
public,rs_wastewater_day_records,m18_value,45,double precision,float8,YES,,【PS】总镉日平均值 / 【PQ】乙苯日平均值,True,污染源监测日记录表
public,rs_wastewater_day_records,m18_count,46,integer,int4,YES,,m18 当日有效数据计数,True,污染源监测日记录表
public,rs_wastewater_day_records,m19_value,47,double precision,float8,YES,,"【PS】总砷日平均值 / 【PQ】1,2-二甲基苯日平
 均值",True,污染源监测日记录表
public,rs_wastewater_day_records,m19_count,48,integer,int4,YES,,m19 当日有效数据计数,True,污染源监测日记录表
public,rs_wastewater_day_records,m20_value,49,double precision,float8,YES,,【PS】总铅日平均值 / 【PQ】氨(NH3)日平均值,True,污染源监测日记录表
public,rs_wastewater_day_records,m20_count,50,integer,int4,YES,,m20 当日有效数据计数,True,污染源监测日记录表
public,rs_wastewater_day_records,m21_value,51,double precision,float8,YES,,【PS】浊度日平均值（仅排水口）,True,污染源监测日记录表
public,rs_wastewater_day_records,m21_count,52,integer,int4,YES,,m21 当日有效数据计数（仅排水口）,True,污染源监测日记录表
public,rs_wastewater_day_records,m22_value,53,double precision,float8,YES,,【PS】总锌日平均值（仅排水口）,True,污染源监测日记录表
public,rs_wastewater_day_records,m22_count,54,integer,int4,YES,,m22 当日有效数据计数（仅排水口）,True,污染源监测日记录表
public,rs_wastewater_day_records,create_by,55,bigint,int8,YES,,创建人ID,True,污染源监测日记录表
public,rs_wastewater_day_records,create_time,56,timestamp without time zone,timestamp,YES,,创建时间,True,污染源监测日记录表
public,rs_wastewater_day_records,update_by,57,bigint,int8,YES,,更新人ID,True,污染源监测日记录表
public,rs_wastewater_day_records,update_time,58,timestamp without time zone,timestamp,YES,,更新时间,True,污染源监测日记录表
public,rs_wastewater_day_records,del_flag,59,character varying,varchar,YES,'0'::character varying,删除标记：0-正常，1-删除,True,污染源监测日记录表
public,rs_wastewater_hour_records,id,1,bigint,int8,NO,,主键id,True,污染源-小时监测数据表
public,rs_wastewater_hour_records,timestamp,2,timestamp without time zone,timestamp,YES,,数据时间,True,污染源-小时监测数据表
public,rs_wastewater_hour_records,type,3,character varying,varchar,YES,,类型：PS-排水口、PQ-排气口,True,污染源-小时监测数据表
public,rs_wastewater_hour_records,pollutant_id,4,bigint,int8,YES,,污染源id,True,污染源-小时监测数据表
public,rs_wastewater_hour_records,status,5,character varying,varchar,YES,,监测结果：0正常、1偏高、2偏低,True,污染源-小时监测数据表
public,rs_wastewater_hour_records,record_type,6,character varying,varchar,YES,,记录类型：0自动、1手工,True,污染源-小时监测数据表
public,rs_wastewater_hour_records,ll,7,double precision,float8,YES,,流量,True,污染源-小时监测数据表
public,rs_wastewater_hour_records,pfl,8,double precision,float8,YES,,排放量,True,污染源-小时监测数据表
public,rs_wastewater_hour_records,m1_value,9,double precision,float8,YES,,m1_value,True,污染源-小时监测数据表
public,rs_wastewater_hour_records,m1_status,10,character varying,varchar,YES,,m1_status,True,污染源-小时监测数据表
public,rs_wastewater_hour_records,m2_value,11,double precision,float8,YES,,m2_value,True,污染源-小时监测数据表
public,rs_wastewater_hour_records,m2_status,12,character varying,varchar,YES,,m2_status,True,污染源-小时监测数据表
public,rs_wastewater_hour_records,m3_value,13,double precision,float8,YES,,m3_value,True,污染源-小时监测数据表
public,rs_wastewater_hour_records,m3_status,14,character varying,varchar,YES,,m3_status,True,污染源-小时监测数据表
public,rs_wastewater_hour_records,m4_value,15,double precision,float8,YES,,m4_value,True,污染源-小时监测数据表
public,rs_wastewater_hour_records,m4_status,16,character varying,varchar,YES,,m4_status,True,污染源-小时监测数据表
public,rs_wastewater_hour_records,m5_value,17,double precision,float8,YES,,m5_value,True,污染源-小时监测数据表
public,rs_wastewater_hour_records,m5_status,18,character varying,varchar,YES,,m5_status,True,污染源-小时监测数据表
public,rs_wastewater_hour_records,m6_value,19,double precision,float8,YES,,m6_value,True,污染源-小时监测数据表
public,rs_wastewater_hour_records,m6_status,20,character varying,varchar,YES,,m6_status,True,污染源-小时监测数据表
public,rs_wastewater_hour_records,m7_value,21,double precision,float8,YES,,m7_value,True,污染源-小时监测数据表
public,rs_wastewater_hour_records,m7_status,22,character varying,varchar,YES,,m7_status,True,污染源-小时监测数据表
public,rs_wastewater_hour_records,m8_value,23,double precision,float8,YES,,m8_value,True,污染源-小时监测数据表
public,rs_wastewater_hour_records,m8_status,24,character varying,varchar,YES,,m8_status,True,污染源-小时监测数据表
public,rs_wastewater_hour_records,m9_value,25,double precision,float8,YES,,m9_value,True,污染源-小时监测数据表
public,rs_wastewater_hour_records,m9_status,26,character varying,varchar,YES,,m9_status,True,污染源-小时监测数据表
public,rs_wastewater_hour_records,m10_value,27,double precision,float8,YES,,m10_value,True,污染源-小时监测数据表
public,rs_wastewater_hour_records,m10_status,28,character varying,varchar,YES,,m10_status,True,污染源-小时监测数据表
public,rs_wastewater_hour_records,m11_value,29,double precision,float8,YES,,m11_value,True,污染源-小时监测数据表
public,rs_wastewater_hour_records,m11_status,30,character varying,varchar,YES,,m11_status,True,污染源-小时监测数据表
public,rs_wastewater_hour_records,m12_value,31,double precision,float8,YES,,m12_value,True,污染源-小时监测数据表
public,rs_wastewater_hour_records,m12_status,32,character varying,varchar,YES,,m12_status,True,污染源-小时监测数据表
public,rs_wastewater_hour_records,m13_value,33,double precision,float8,YES,,m13_value,True,污染源-小时监测数据表
public,rs_wastewater_hour_records,m13_status,34,character varying,varchar,YES,,m13_status,True,污染源-小时监测数据表
public,rs_wastewater_hour_records,m14_value,35,double precision,float8,YES,,m14_value,True,污染源-小时监测数据表
public,rs_wastewater_hour_records,m14_status,36,character varying,varchar,YES,,m14_status,True,污染源-小时监测数据表
public,rs_wastewater_hour_records,m15_value,37,double precision,float8,YES,,m15_value,True,污染源-小时监测数据表
public,rs_wastewater_hour_records,m15_status,38,character varying,varchar,YES,,m15_status,True,污染源-小时监测数据表
public,rs_wastewater_hour_records,m16_value,39,double precision,float8,YES,,m16_value,True,污染源-小时监测数据表
public,rs_wastewater_hour_records,m16_status,40,character varying,varchar,YES,,m16_status,True,污染源-小时监测数据表
public,rs_wastewater_hour_records,m17_value,41,double precision,float8,YES,,m17_value,True,污染源-小时监测数据表
public,rs_wastewater_hour_records,m17_status,42,character varying,varchar,YES,,m17_status,True,污染源-小时监测数据表
public,rs_wastewater_hour_records,m18_value,43,double precision,float8,YES,,m18_value,True,污染源-小时监测数据表
public,rs_wastewater_hour_records,m18_status,44,character varying,varchar,YES,,m18_status,True,污染源-小时监测数据表
public,rs_wastewater_hour_records,m19_value,45,double precision,float8,YES,,m19_value,True,污染源-小时监测数据表
public,rs_wastewater_hour_records,m19_status,46,character varying,varchar,YES,,m19_status,True,污染源-小时监测数据表
public,rs_wastewater_hour_records,m20_value,47,double precision,float8,YES,,m20_value,True,污染源-小时监测数据表
public,rs_wastewater_hour_records,m20_status,48,character varying,varchar,YES,,m20_status,True,污染源-小时监测数据表
public,rs_wastewater_hour_records,m21_value,49,double precision,float8,YES,,m21_value,True,污染源-小时监测数据表
public,rs_wastewater_hour_records,m21_status,50,character varying,varchar,YES,,m21_status,True,污染源-小时监测数据表
public,rs_wastewater_hour_records,m22_value,51,double precision,float8,YES,,m22_value,True,污染源-小时监测数据表
public,rs_wastewater_hour_records,m22_status,52,character varying,varchar,YES,,m22_status,True,污染源-小时监测数据表
public,rs_wastewater_hour_records,create_by,53,bigint,int8,YES,,创建人,True,污染源-小时监测数据表
public,rs_wastewater_hour_records,create_time,54,timestamp without time zone,timestamp,YES,,创建时间,True,污染源-小时监测数据表
public,rs_wastewater_hour_records,update_by,55,bigint,int8,YES,,更新人,True,污染源-小时监测数据表
public,rs_wastewater_hour_records,update_time,56,timestamp without time zone,timestamp,YES,,更新时间,True,污染源-小时监测数据表
public,rs_wastewater_hour_records,del_flag,57,character varying,varchar,YES,'0'::character varying,删除标记：0未删除、1已删除,True,污染源-小时监测数据表
public,rs_wastewater_month_records,id,1,bigint,int8,NO,nextval('rs_wastewater_month_records_1_id_seq'::regclass),主键ID,True,污染源监测月记录表
public,rs_wastewater_month_records,timestamp,2,timestamp without time zone,timestamp,YES,,统计月份起始时间（当月第一天00:00:00）,True,污染源监测月记录表
public,rs_wastewater_month_records,type,3,character varying,varchar,YES,,类型：PS-排水口，PQ-排气口,True,污染源监测月记录表
public,rs_wastewater_month_records,pollutant_id,4,bigint,int8,YES,,"排污口/排气口ID（关联
 rs_pollutant_info.id）",True,污染源监测月记录表
public,rs_wastewater_month_records,status,5,character varying,varchar,YES,,"当月综合状态：nobeyond-正常，below-偏低
 ，beyond-超标",True,污染源监测月记录表
public,rs_wastewater_month_records,record_type,6,character varying,varchar,YES,,记录类型：0-正常统计，1-补录,True,污染源监测月记录表
public,rs_wastewater_month_records,monitor_year,7,integer,int4,YES,,监测年份,True,污染源监测月记录表
public,rs_wastewater_month_records,monitor_month,8,integer,int4,YES,,监测月份,True,污染源监测月记录表
public,rs_wastewater_month_records,remark,9,character varying,varchar,YES,,备注,True,污染源监测月记录表
public,rs_wastewater_month_records,ll,10,double precision,float8,YES,,月流量（各日流量的平均值）,True,污染源监测月记录表
public,rs_wastewater_month_records,ll_count,11,integer,int4,YES,,月流量有效数据计数（参与平均的天数）,True,污染源监测月记录表
public,rs_wastewater_month_records,pfl,12,double precision,float8,YES,,月排流量（各日排流量的累加值）,True,污染源监测月记录表
public,rs_wastewater_month_records,pfl_count,13,integer,int4,YES,,月排流量有效数据计数（参与累加的天数）,True,污染源监测月记录表
public,rs_wastewater_month_records,m1_value,14,double precision,float8,YES,,"【PS】化学需氧量(COD)月平均值 / 【PQ】烟尘
 月平均值",True,污染源监测月记录表
public,rs_wastewater_month_records,m1_count,15,integer,int4,YES,,m1 当月有效数据计数,True,污染源监测月记录表
public,rs_wastewater_month_records,m2_value,16,double precision,float8,YES,,"【PS】总氮(TN)月平均值 / 【PQ】二氧化硫月平
 均值",True,污染源监测月记录表
public,rs_wastewater_month_records,m2_count,17,integer,int4,YES,,m2 当月有效数据计数,True,污染源监测月记录表
public,rs_wastewater_month_records,m3_value,18,double precision,float8,YES,,【PS】pH月平均值 / 【PQ】氮氧化物月平均值,True,污染源监测月记录表
public,rs_wastewater_month_records,m3_count,19,integer,int4,YES,,m3 当月有效数据计数,True,污染源监测月记录表
public,rs_wastewater_month_records,m4_value,20,double precision,float8,YES,,"【PS】氨氮月平均值 / 【PQ】一氧化氮月平均值
 ",True,污染源监测月记录表
public,rs_wastewater_month_records,m4_count,21,integer,int4,YES,,m4 当月有效数据计数,True,污染源监测月记录表
public,rs_wastewater_month_records,m5_value,22,double precision,float8,YES,,"【PS】水温月平均值 / 【PQ】二氧化氮月平均值
 ",True,污染源监测月记录表
public,rs_wastewater_month_records,m5_count,23,integer,int4,YES,,m5 当月有效数据计数,True,污染源监测月记录表
public,rs_wastewater_month_records,m6_value,24,double precision,float8,YES,,"【PS】总磷月平均值 / 【PQ】一氧化碳月平均值
 ",True,污染源监测月记录表
public,rs_wastewater_month_records,m6_count,25,integer,int4,YES,,m6 当月有效数据计数,True,污染源监测月记录表
public,rs_wastewater_month_records,m7_value,26,double precision,float8,YES,,"【PS】悬浮物月平均值 / 【PQ】氯化氢月平均值
 ",True,污染源监测月记录表
public,rs_wastewater_month_records,m7_count,27,integer,int4,YES,,m7 当月有效数据计数,True,污染源监测月记录表
public,rs_wastewater_month_records,m8_value,28,double precision,float8,YES,,"【PS】余氯月平均值 / 【PQ】非甲烷总烃月平均
 值",True,污染源监测月记录表
public,rs_wastewater_month_records,m8_count,29,integer,int4,YES,,m8 当月有效数据计数,True,污染源监测月记录表
public,rs_wastewater_month_records,m9_value,30,double precision,float8,YES,,【PS】六价铬月平均值 / 【PQ】苯月平均值,True,污染源监测月记录表
public,rs_wastewater_month_records,m9_count,31,integer,int4,YES,,m9 当月有效数据计数,True,污染源监测月记录表
public,rs_wastewater_month_records,m10_value,32,double precision,float8,YES,,"【PS】石油类月平均值 / 【PQ】甲苯月平均值
 ",True,污染源监测月记录表
public,rs_wastewater_month_records,m10_count,33,integer,int4,YES,,m10 当月有效数据计数,True,污染源监测月记录表
public,rs_wastewater_month_records,m11_value,34,double precision,float8,YES,,"【PS】氟化物月平均值 / 【PQ】二甲苯月平均
 值",True,污染源监测月记录表
public,rs_wastewater_month_records,m11_count,35,integer,int4,YES,,m11 当月有效数据计数,True,污染源监测月记录表
public,rs_wastewater_month_records,m12_value,36,double precision,float8,YES,,"【PS】总铬月平均值 / 【PQ】碳氢化合物月平
 均值",True,污染源监测月记录表
public,rs_wastewater_month_records,m12_count,37,integer,int4,YES,,m12 当月有效数据计数,True,污染源监测月记录表
public,rs_wastewater_month_records,m13_value,38,double precision,float8,YES,,"【PS】氰化物月平均值 / 【PQ】甲烷月平均值
 ",True,污染源监测月记录表
public,rs_wastewater_month_records,m13_count,39,integer,int4,YES,,m13 当月有效数据计数,True,污染源监测月记录表
public,rs_wastewater_month_records,m14_value,40,double precision,float8,YES,,"【PS】总锰月平均值 / 【PQ】氟化氢月平均值
 ",True,污染源监测月记录表
public,rs_wastewater_month_records,m14_count,41,integer,int4,YES,,m14 当月有效数据计数,True,污染源监测月记录表
public,rs_wastewater_month_records,m15_value,42,double precision,float8,YES,,"【PS】总银月平均值 / 【PQ】二氧化碳月平均
 值",True,污染源监测月记录表
public,rs_wastewater_month_records,m15_count,43,integer,int4,YES,,m15 当月有效数据计数,True,污染源监测月记录表
public,rs_wastewater_month_records,m16_value,44,double precision,float8,YES,,"【PS】总铜月平均值 / 【PQ】1,3-二甲基苯月
 平均值",True,污染源监测月记录表
public,rs_wastewater_month_records,m16_count,45,integer,int4,YES,,m16 当月有效数据计数,True,污染源监测月记录表
public,rs_wastewater_month_records,m17_value,46,double precision,float8,YES,,"【PS】总镍月平均值 / 【PQ】乙烯基苯(苯乙烯
 )月平均值",True,污染源监测月记录表
public,rs_wastewater_month_records,m17_count,47,integer,int4,YES,,m17 当月有效数据计数,True,污染源监测月记录表
public,rs_wastewater_month_records,m18_value,48,double precision,float8,YES,,【PS】总镉月平均值 / 【PQ】乙苯月平均值,True,污染源监测月记录表
public,rs_wastewater_month_records,m18_count,49,integer,int4,YES,,m18 当月有效数据计数,True,污染源监测月记录表
public,rs_wastewater_month_records,m19_value,50,double precision,float8,YES,,"【PS】总砷月平均值 / 【PQ】1,2-二甲基苯月
 平均值",True,污染源监测月记录表
public,rs_wastewater_month_records,m19_count,51,integer,int4,YES,,m19 当月有效数据计数,True,污染源监测月记录表
public,rs_wastewater_month_records,m20_value,52,double precision,float8,YES,,"【PS】总铅月平均值 / 【PQ】氨(NH3)月平均值
 ",True,污染源监测月记录表
public,rs_wastewater_month_records,m20_count,53,integer,int4,YES,,m20 当月有效数据计数,True,污染源监测月记录表
public,rs_wastewater_month_records,m21_value,54,double precision,float8,YES,,【PS】浊度月平均值（仅排水口）,True,污染源监测月记录表
public,rs_wastewater_month_records,m21_count,55,integer,int4,YES,,m21 当月有效数据计数（仅排水口）,True,污染源监测月记录表
public,rs_wastewater_month_records,m22_value,56,double precision,float8,YES,,【PS】总锌月平均值（仅排水口）,True,污染源监测月记录表
public,rs_wastewater_month_records,m22_count,57,integer,int4,YES,,m22 当月有效数据计数（仅排水口）,True,污染源监测月记录表
public,rs_wastewater_month_records,create_by,58,bigint,int8,YES,,创建人ID,True,污染源监测月记录表
public,rs_wastewater_month_records,create_time,59,timestamp without time zone,timestamp,YES,,创建时间,True,污染源监测月记录表
public,rs_wastewater_month_records,update_by,60,bigint,int8,YES,,更新人ID,True,污染源监测月记录表
public,rs_wastewater_month_records,update_time,61,timestamp without time zone,timestamp,YES,,更新时间,True,污染源监测月记录表
public,rs_wastewater_month_records,del_flag,62,character varying,varchar,YES,'0'::character varying,删除标记：0-正常，1-删除,True,污染源监测月记录表
public,rs_wastewater_standard,id,1,bigint,int8,NO,nextval('rs_wastewater_standard_1_id_seq'::regclass),主键id,True,废水/废气排放标准配置表
public,rs_wastewater_standard,indicator_name,2,character varying,varchar,YES,,指标名称,True,废水/废气排放标准配置表
public,rs_wastewater_standard,apply_type,3,character,bpchar,YES,,适用类型：0 污水处理厂、1 其他,True,废水/废气排放标准配置表
public,rs_wastewater_standard,l1_value,4,double precision,float8,YES,,最低标准,True,废水/废气排放标准配置表
public,rs_wastewater_standard,l2_value,5,double precision,float8,YES,,小时标准,True,废水/废气排放标准配置表
public,rs_wastewater_standard,l3_value,6,double precision,float8,YES,,日标准,True,废水/废气排放标准配置表
public,rs_wastewater_standard,max_value,7,double precision,float8,YES,,最高允许排放浓度,True,废水/废气排放标准配置表
public,rs_wastewater_standard,create_by,8,bigint,int8,YES,,创建人,True,废水/废气排放标准配置表
public,rs_wastewater_standard,create_time,9,timestamp without time zone,timestamp,YES,,创建时间,True,废水/废气排放标准配置表
public,rs_wastewater_standard,update_by,10,bigint,int8,YES,,更新人,True,废水/废气排放标准配置表
public,rs_wastewater_standard,update_time,11,timestamp without time zone,timestamp,YES,,更新时间,True,废水/废气排放标准配置表
public,rs_wastewater_standard,del_flag,12,character,bpchar,YES,'0'::bpchar,删除标记：0 未删除、1 已删除,True,废水/废气排放标准配置表
public,rs_wastewater_standard,jcdbh,13,character varying,varchar,YES,,监测点编号,True,废水/废气排放标准配置表
public,rs_wastewater_standard,indicator_code,14,character varying,varchar,YES,,指标编码,True,废水/废气排放标准配置表
public,rs_wastewater_standard,type,15,character varying,varchar,YES,,排放口类型：PS 排水口、PQ 排气口,True,废水/废气排放标准配置表
public,se_watershed,id,1,bigint,int8,NO,,,False,流域产值信息：年统计值
public,se_watershed,region_code,2,character varying,varchar,YES,,所属区域Code,True,流域产值信息：年统计值
public,se_watershed,total_population,3,double precision,float8,YES,,总人口,True,流域产值信息：年统计值
public,se_watershed,total_product_value,4,double precision,float8,YES,,地区生产总值,True,流域产值信息：年统计值
public,se_watershed,total_river_area,5,double precision,float8,YES,,水面面积：k㎡,True,流域产值信息：年统计值
public,se_watershed,total_watershed_area,6,double precision,float8,YES,,流域面积：k㎡,True,流域产值信息：年统计值
public,se_watershed,water_depth_avg,7,double precision,float8,YES,,年平均水深：m,True,流域产值信息：年统计值
public,se_watershed,runoff_value,8,double precision,float8,YES,,径流量：亿m³,True,流域产值信息：年统计值
public,se_watershed,statistic_year,9,bigint,int8,YES,,统计年份,True,流域产值信息：年统计值
public,se_watershed,update_by,10,bigint,int8,YES,,创建人,True,流域产值信息：年统计值
public,se_watershed,update_time,11,timestamp without time zone,timestamp,YES,,创建时间,True,流域产值信息：年统计值
public,se_watershed,del_flag,12,character,bpchar,YES,0,删除标记：0 未删除、1 已删除,True,流域产值信息：年统计值
public,se_watershed,name,13,character varying,varchar,YES,,流域名称,True,流域产值信息：年统计值
public,se_watershed,mark,14,character varying,varchar,YES,,备注,True,流域产值信息：年统计值
public,se_watershed_river,id,1,bigint,int8,NO,nextval('se_watershed_river_id_seq'::regclass),主键id,True,流域河流管理档案表
public,se_watershed_river,serial_no,2,integer,int4,YES,,序号,True,流域河流管理档案表
public,se_watershed_river,river_name,3,character varying,varchar,YES,NULL::character varying,河流名称,True,流域河流管理档案表
public,se_watershed_river,river_alias,4,character varying,varchar,YES,NULL::character varying,河流别称,True,流域河流管理档案表
public,se_watershed_river,river_level,5,integer,int4,YES,,河流级别,True,流域河流管理档案表
public,se_watershed_river,parent_river_name,6,character varying,varchar,YES,NULL::character varying,上一级河流名称,True,流域河流管理档案表
public,se_watershed_river,river_length,7,double precision,float8,YES,,河流长度(km),True,流域河流管理档案表
public,se_watershed_river,hubei_length,8,double precision,float8,YES,,湖北长度(km),True,流域河流管理档案表
public,se_watershed_river,yichang_length,9,double precision,float8,YES,,宜昌长度(km),True,流域河流管理档案表
public,se_watershed_river,watershed_area,10,double precision,float8,YES,,流域面积(km2),True,流域河流管理档案表
public,se_watershed_river,hubei_area,11,double precision,float8,YES,,湖北面积(km2),True,流域河流管理档案表
public,se_watershed_river,yichang_area,12,double precision,float8,YES,,宜昌面积(km2),True,流域河流管理档案表
public,se_watershed_river,flow_districts,13,character varying,varchar,YES,NULL::character varying,流经市内行政区,True,流域河流管理档案表
public,se_watershed_river,source_province,14,character varying,varchar,YES,NULL::character varying,源头省,True,流域河流管理档案表
public,se_watershed_river,source_county,15,character varying,varchar,YES,NULL::character varying,源头县（市）,True,流域河流管理档案表
public,se_watershed_river,source_town,16,character varying,varchar,YES,NULL::character varying,源头乡镇,True,流域河流管理档案表
public,se_watershed_river,source_village,17,character varying,varchar,YES,NULL::character varying,源头村,True,流域河流管理档案表
public,se_watershed_river,mouth_province,18,character varying,varchar,YES,NULL::character varying,河口省,True,流域河流管理档案表
public,se_watershed_river,mouth_county,19,character varying,varchar,YES,NULL::character varying,河口县（市）,True,流域河流管理档案表
public,se_watershed_river,mouth_town,20,character varying,varchar,YES,NULL::character varying,河口乡镇,True,流域河流管理档案表
public,se_watershed_river,mouth_village,21,character varying,varchar,YES,NULL::character varying,河口村,True,流域河流管理档案表
public,se_watershed_river,create_by,22,bigint,int8,YES,,创建人,True,流域河流管理档案表
public,se_watershed_river,create_time,23,timestamp without time zone,timestamp,YES,CURRENT_TIMESTAMP,创建时间,True,流域河流管理档案表
public,se_watershed_river,update_by,24,bigint,int8,YES,,更新人,True,流域河流管理档案表
public,se_watershed_river,update_time,25,timestamp without time zone,timestamp,YES,CURRENT_TIMESTAMP,更新时间,True,流域河流管理档案表
public,se_watershed_river,del_flag,26,character,bpchar,YES,'0'::bpchar,删除标记: 0-未删除、1-已删除,True,流域河流管理档案表
public,spatial_ref_sys,srid,1,integer,int4,NO,,,False,
public,spatial_ref_sys,auth_name,2,character varying,varchar,YES,,,False,
public,spatial_ref_sys,auth_srid,3,integer,int4,YES,,,False,
public,spatial_ref_sys,srtext,4,character varying,varchar,YES,,,False,
public,spatial_ref_sys,proj4text,5,character varying,varchar,YES,,,False,
public,stg_sjtj_sxhysjzxpt_dbo_operator_day_burnup_df,b_date,1,character varying,varchar,YES,,日期,True,船舶公司每天的燃耗
public,stg_sjtj_sxhysjzxpt_dbo_operator_day_burnup_df,operator,2,character varying,varchar,YES,,船运公司,True,船舶公司每天的燃耗
public,stg_sjtj_sxhysjzxpt_dbo_operator_day_burnup_df,burnup,3,double precision,float8,YES,,燃耗值,True,船舶公司每天的燃耗
public,stg_sjtj_sxhysjzxpt_dbo_operator_day_burnup_df,dt,4,character varying,varchar,YES,,分区日期,True,船舶公司每天的燃耗
public,stg_sjtj_sxhysjzxpt_t_vessel_info_df,declareno,1,character varying,varchar,YES,,船舶报港号,True,船舶报港离港信息
public,stg_sjtj_sxhysjzxpt_t_vessel_info_df,portname,2,character varying,varchar,YES,,港口,True,船舶报港离港信息
public,stg_sjtj_sxhysjzxpt_t_vessel_info_df,voyname,3,character varying,varchar,YES,,航线,True,船舶报港离港信息
public,stg_sjtj_sxhysjzxpt_t_vessel_info_df,vslname,4,character varying,varchar,YES,,船号,True,船舶报港离港信息
public,stg_sjtj_sxhysjzxpt_t_vessel_info_df,declaretime,5,character varying,varchar,YES,,报港时间,True,船舶报港离港信息
public,stg_sjtj_sxhysjzxpt_t_vessel_info_df,levelporttime,6,character varying,varchar,YES,,离港时间,True,船舶报港离港信息
public,stg_sjtj_sxhysjzxpt_t_vessel_info_df,companyname,7,character varying,varchar,YES,,航运企业,True,船舶报港离港信息
public,stg_sjtj_sxhysjzxpt_t_vessel_info_df,dt,8,character varying,varchar,YES,,分区日期,True,船舶报港离港信息
public,stg_sjtysj_cbwrwxtzlxxxt_b_anchorage_clean_company_df,id,1,bigint,int8,YES,,id,True,锚地与清洁公司关联表
public,stg_sjtysj_cbwrwxtzlxxxt_b_anchorage_clean_company_df,anchorage_id,2,bigint,int8,YES,,锚地id,True,锚地与清洁公司关联表
public,stg_sjtysj_cbwrwxtzlxxxt_b_anchorage_clean_company_df,company_id,3,bigint,int8,YES,,清洁公司id,True,锚地与清洁公司关联表
public,stg_sjtysj_cbwrwxtzlxxxt_b_anchorage_clean_company_df,dt,4,character varying,varchar,YES,,分区日期,True,锚地与清洁公司关联表
public,stg_sjtysj_cbwrwxtzlxxxt_b_anchorage_info_df,id,1,bigint,int8,YES,,id,True,锚地信息表
public,stg_sjtysj_cbwrwxtzlxxxt_b_anchorage_info_df,area,2,character varying,varchar,YES,,省,True,锚地信息表
public,stg_sjtysj_cbwrwxtzlxxxt_b_anchorage_info_df,address,3,character varying,varchar,YES,,详细地址,True,锚地信息表
public,stg_sjtysj_cbwrwxtzlxxxt_b_anchorage_info_df,anchorage_name,4,character varying,varchar,YES,,锚地名称,True,锚地信息表
public,stg_sjtysj_cbwrwxtzlxxxt_b_anchorage_info_df,lon,5,double precision,float8,YES,,经度,True,锚地信息表
public,stg_sjtysj_cbwrwxtzlxxxt_b_anchorage_info_df,lat,6,double precision,float8,YES,,纬度,True,锚地信息表
public,stg_sjtysj_cbwrwxtzlxxxt_b_anchorage_info_df,corp_code,7,character varying,varchar,YES,,所属管理机构code,True,锚地信息表
public,stg_sjtysj_cbwrwxtzlxxxt_b_anchorage_info_df,corp_codes,8,character varying,varchar,YES,,所属管理机构多级关系,True,锚地信息表
public,stg_sjtysj_cbwrwxtzlxxxt_b_anchorage_info_df,create_by,9,character varying,varchar,YES,,,False,锚地信息表
public,stg_sjtysj_cbwrwxtzlxxxt_b_anchorage_info_df,create_date,10,timestamp without time zone,timestamp,YES,,,False,锚地信息表
public,stg_sjtysj_cbwrwxtzlxxxt_b_anchorage_info_df,update_by,11,character varying,varchar,YES,,,False,锚地信息表
public,stg_sjtysj_cbwrwxtzlxxxt_b_anchorage_info_df,update_date,12,timestamp without time zone,timestamp,YES,,,False,锚地信息表
public,stg_sjtysj_cbwrwxtzlxxxt_b_anchorage_info_df,river_area,13,character varying,varchar,YES,,流域,True,锚地信息表
public,stg_sjtysj_cbwrwxtzlxxxt_b_anchorage_info_df,dam,14,character varying,varchar,YES,,（0坝上，1坝下）,True,锚地信息表
public,stg_sjtysj_cbwrwxtzlxxxt_b_anchorage_info_df,dt,15,character varying,varchar,YES,,分区日期,True,锚地信息表
public,stg_sjtysj_cbwrwxtzlxxxt_b_clean_company_df,id,1,bigint,int8,YES,,id,True,船舶污染物清洁公司信息
public,stg_sjtysj_cbwrwxtzlxxxt_b_clean_company_df,comp_name,2,character varying,varchar,YES,,清洁公司名称,True,船舶污染物清洁公司信息
public,stg_sjtysj_cbwrwxtzlxxxt_b_clean_company_df,comp_code,3,character varying,varchar,YES,,组织机构代码,True,船舶污染物清洁公司信息
public,stg_sjtysj_cbwrwxtzlxxxt_b_clean_company_df,legal_person,4,character varying,varchar,YES,,法人,True,船舶污染物清洁公司信息
public,stg_sjtysj_cbwrwxtzlxxxt_b_clean_company_df,tel,5,character varying,varchar,YES,,联系电话,True,船舶污染物清洁公司信息
public,stg_sjtysj_cbwrwxtzlxxxt_b_clean_company_df,area,6,character varying,varchar,YES,, 省，市，区,True,船舶污染物清洁公司信息
public,stg_sjtysj_cbwrwxtzlxxxt_b_clean_company_df,address,7,character varying,varchar,YES,,详细地址,True,船舶污染物清洁公司信息
public,stg_sjtysj_cbwrwxtzlxxxt_b_clean_company_df,business_scope,8,character varying,varchar,YES,,经营范围:生活垃圾、生活污水、油污水,True,船舶污染物清洁公司信息
public,stg_sjtysj_cbwrwxtzlxxxt_b_clean_company_df,validity_end,9,timestamp without time zone,timestamp,YES,,经营许可有效期,True,船舶污染物清洁公司信息
public,stg_sjtysj_cbwrwxtzlxxxt_b_clean_company_df,create_by,10,character varying,varchar,YES,,创建者,True,船舶污染物清洁公司信息
public,stg_sjtysj_cbwrwxtzlxxxt_b_clean_company_df,create_date,11,timestamp without time zone,timestamp,YES,,创建日期,True,船舶污染物清洁公司信息
public,stg_sjtysj_cbwrwxtzlxxxt_b_clean_company_df,update_by,12,character varying,varchar,YES,,更新人,True,船舶污染物清洁公司信息
public,stg_sjtysj_cbwrwxtzlxxxt_b_clean_company_df,update_date,13,timestamp without time zone,timestamp,YES,,更新日期,True,船舶污染物清洁公司信息
public,stg_sjtysj_cbwrwxtzlxxxt_b_clean_company_df,seal_img_url,14,character varying,varchar,YES,,图片路径,True,船舶污染物清洁公司信息
public,stg_sjtysj_cbwrwxtzlxxxt_b_clean_company_df,dt,15,character varying,varchar,YES,,分区日期,True,船舶污染物清洁公司信息
public,stg_sjtysj_cbwrwxtzlxxxt_b_coordination_index_df,id,1,bigint,int8,NO,,主键,True,全流程协同指数
public,stg_sjtysj_cbwrwxtzlxxxt_b_coordination_index_df,on_duty_receive_ship_count,2,bigint,int8,YES,,出勤清洁船舶数,True,全流程协同指数
public,stg_sjtysj_cbwrwxtzlxxxt_b_coordination_index_df,apply_num,3,bigint,int8,YES,,申请提交单次,True,全流程协同指数
public,stg_sjtysj_cbwrwxtzlxxxt_b_coordination_index_df,receive_num,4,bigint,int8,YES,,接受单次,True,全流程协同指数
public,stg_sjtysj_cbwrwxtzlxxxt_b_coordination_index_df,transfer_num,5,bigint,int8,YES,,转运单次,True,全流程协同指数
public,stg_sjtysj_cbwrwxtzlxxxt_b_coordination_index_df,process_num,6,bigint,int8,YES,,处置单次,True,全流程协同指数
public,stg_sjtysj_cbwrwxtzlxxxt_b_coordination_index_df,day,7,character varying,varchar,YES,,日期,True,全流程协同指数
public,stg_sjtysj_cbwrwxtzlxxxt_b_coordination_index_df,coordination_index,8,numeric,numeric,YES,,协同指数,True,全流程协同指数
public,stg_sjtysj_cbwrwxtzlxxxt_b_coordination_index_df,dt,9,character varying,varchar,YES,,分区日期,True,全流程协同指数
public,stg_sjtysj_cbwrwxtzlxxxt_b_day_pollution_weight_df,id,1,bigint,int8,YES,,主键,True,根据行船类别统计每日污染物提交重量
public,stg_sjtysj_cbwrwxtzlxxxt_b_day_pollution_weight_df,date,2,timestamp without time zone,timestamp,YES,,日期,True,根据行船类别统计每日污染物提交重量
public,stg_sjtysj_cbwrwxtzlxxxt_b_day_pollution_weight_df,kc_shlj,3,character varying,varchar,YES,,客船生活垃圾重量,True,根据行船类别统计每日污染物提交重量
public,stg_sjtysj_cbwrwxtzlxxxt_b_day_pollution_weight_df,kc_shws,4,character varying,varchar,YES,,客船生活污水重量,True,根据行船类别统计每日污染物提交重量
public,stg_sjtysj_cbwrwxtzlxxxt_b_day_pollution_weight_df,kc_hyws,5,character varying,varchar,YES,,客船含油污水重量,True,根据行船类别统计每日污染物提交重量
public,stg_sjtysj_cbwrwxtzlxxxt_b_day_pollution_weight_df,kc_fy,6,character varying,varchar,YES,,客船废油重量,True,根据行船类别统计每日污染物提交重量
public,stg_sjtysj_cbwrwxtzlxxxt_b_day_pollution_weight_df,hc_shlj,7,character varying,varchar,YES,,货船生活垃圾重量,True,根据行船类别统计每日污染物提交重量
public,stg_sjtysj_cbwrwxtzlxxxt_b_day_pollution_weight_df,hc_shws,8,character varying,varchar,YES,,货船生活污水重量,True,根据行船类别统计每日污染物提交重量
public,stg_sjtysj_cbwrwxtzlxxxt_b_day_pollution_weight_df,hc_hyws,9,character varying,varchar,YES,,货船含油污水重量,True,根据行船类别统计每日污染物提交重量
public,stg_sjtysj_cbwrwxtzlxxxt_b_day_pollution_weight_df,hc_fy,10,character varying,varchar,YES,,货船废油重量,True,根据行船类别统计每日污染物提交重量
public,stg_sjtysj_cbwrwxtzlxxxt_b_day_pollution_weight_df,qt_shlj,11,character varying,varchar,YES,,其他类型船生活垃圾重量,True,根据行船类别统计每日污染物提交重量
public,stg_sjtysj_cbwrwxtzlxxxt_b_day_pollution_weight_df,qt_shws,12,character varying,varchar,YES,,其他类型船生活污水重量,True,根据行船类别统计每日污染物提交重量
public,stg_sjtysj_cbwrwxtzlxxxt_b_day_pollution_weight_df,qt_hyws,13,character varying,varchar,YES,,其他类型船含油污水重量,True,根据行船类别统计每日污染物提交重量
public,stg_sjtysj_cbwrwxtzlxxxt_b_day_pollution_weight_df,qt_fy,14,character varying,varchar,YES,,其他类型船废油重量,True,根据行船类别统计每日污染物提交重量
public,stg_sjtysj_cbwrwxtzlxxxt_b_day_pollution_weight_df,dt,15,character varying,varchar,YES,,分区日期,True,根据行船类别统计每日污染物提交重量
public,stg_sjtysj_cbwrwxtzlxxxt_b_day_receive_ship_kpi_df,id,1,bigint,int8,YES,,主键,True,接收船舶考评日报
public,stg_sjtysj_cbwrwxtzlxxxt_b_day_receive_ship_kpi_df,day,2,character varying,varchar,YES,,日期,True,接收船舶考评日报
public,stg_sjtysj_cbwrwxtzlxxxt_b_day_receive_ship_kpi_df,receive_ship_id,3,bigint,int8,YES,,接收船舶id,True,接收船舶考评日报
public,stg_sjtysj_cbwrwxtzlxxxt_b_day_receive_ship_kpi_df,receive_ship_name,4,character varying,varchar,YES,,接收船舶名称,True,接收船舶考评日报
public,stg_sjtysj_cbwrwxtzlxxxt_b_day_receive_ship_kpi_df,company_id,5,bigint,int8,YES,,清洁公司id,True,接收船舶考评日报
public,stg_sjtysj_cbwrwxtzlxxxt_b_day_receive_ship_kpi_df,company_name,6,character varying,varchar,YES,,清洁公司名称,True,接收船舶考评日报
public,stg_sjtysj_cbwrwxtzlxxxt_b_day_receive_ship_kpi_df,ship_select_count,7,bigint,int8,YES,,行船选择数,True,接收船舶考评日报
public,stg_sjtysj_cbwrwxtzlxxxt_b_day_receive_ship_kpi_df,qrcode_js_count,8,bigint,int8,YES,,扫码接单数,True,接收船舶考评日报
public,stg_sjtysj_cbwrwxtzlxxxt_b_day_receive_ship_kpi_df,subscribe_js_count,9,bigint,int8,YES,,预约接单数,True,接收船舶考评日报
public,stg_sjtysj_cbwrwxtzlxxxt_b_day_receive_ship_kpi_df,js_poll_num,10,numeric,numeric,YES,,接收污染物数量,True,接收船舶考评日报
public,stg_sjtysj_cbwrwxtzlxxxt_b_day_receive_ship_kpi_df,dt,11,character varying,varchar,YES,,分区日期,True,接收船舶考评日报
public,stg_sjtysj_cbwrwxtzlxxxt_b_day_subject_num_df,id,1,bigint,int8,YES,,主键,True,净小宜全流程各类型主体数量
public,stg_sjtysj_cbwrwxtzlxxxt_b_day_subject_num_df,day,2,character varying,varchar,YES,,日期,True,净小宜全流程各类型主体数量
public,stg_sjtysj_cbwrwxtzlxxxt_b_day_subject_num_df,receive_ship_num,3,bigint,int8,YES,,清洁船舶数量,True,净小宜全流程各类型主体数量
public,stg_sjtysj_cbwrwxtzlxxxt_b_day_subject_num_df,wharf_num,4,bigint,int8,YES,,码头数量,True,净小宜全流程各类型主体数量
public,stg_sjtysj_cbwrwxtzlxxxt_b_day_subject_num_df,transfer_car_num,5,bigint,int8,YES,,转运车辆数量,True,净小宜全流程各类型主体数量
public,stg_sjtysj_cbwrwxtzlxxxt_b_day_subject_num_df,process_unit_num,6,bigint,int8,YES,,处置单位数量,True,净小宜全流程各类型主体数量
public,stg_sjtysj_cbwrwxtzlxxxt_b_day_subject_num_df,supervise_org_num,7,bigint,int8,YES,,监管单位数量,True,净小宜全流程各类型主体数量
public,stg_sjtysj_cbwrwxtzlxxxt_b_day_subject_num_df,dt,8,character varying,varchar,YES,,分区日期,True,净小宜全流程各类型主体数量
public,stg_sjtysj_cbwrwxtzlxxxt_b_day_sxhy_df,id,1,bigint,int8,YES,,主键,True,洗舱服务
public,stg_sjtysj_cbwrwxtzlxxxt_b_day_sxhy_df,day,2,character varying,varchar,YES,,日期,True,洗舱服务
public,stg_sjtysj_cbwrwxtzlxxxt_b_day_sxhy_df,xcs_order_cnt,3,bigint,int8,YES,,洗舱水艘次,True,洗舱服务
public,stg_sjtysj_cbwrwxtzlxxxt_b_day_sxhy_df,xcs_vol,4,numeric,numeric,YES,,洗舱水量 (m?),True,洗舱服务
public,stg_sjtysj_cbwrwxtzlxxxt_b_day_sxhy_df,order_cnt,5,bigint,int8,YES,,污染物交付总单次,True,洗舱服务
public,stg_sjtysj_cbwrwxtzlxxxt_b_day_sxhy_df,order_weight,6,numeric,numeric,YES,,污染物交付总重量(吨),True,洗舱服务
public,stg_sjtysj_cbwrwxtzlxxxt_b_day_sxhy_df,ship_cnt_td,7,bigint,int8,YES,,污染物交付行船数td值,True,洗舱服务
public,stg_sjtysj_cbwrwxtzlxxxt_b_day_sxhy_df,ship_cnt_mtd,8,bigint,int8,YES,,污染物交付行船数mtd值,True,洗舱服务
public,stg_sjtysj_cbwrwxtzlxxxt_b_day_sxhy_df,ship_cnt_ytd,9,bigint,int8,YES,,污染物交付行船数ytd值,True,洗舱服务
public,stg_sjtysj_cbwrwxtzlxxxt_b_day_sxhy_df,dt,10,character varying,varchar,YES,,分区日期,True,洗舱服务
public,stg_sjtysj_cbwrwxtzlxxxt_b_month_receive_ship_kpi_df,id,1,bigint,int8,YES,,主键,True,污染物接收量数据
public,stg_sjtysj_cbwrwxtzlxxxt_b_month_receive_ship_kpi_df,month,2,character varying,varchar,YES,,日期,True,污染物接收量数据
public,stg_sjtysj_cbwrwxtzlxxxt_b_month_receive_ship_kpi_df,receive_ship_id,3,bigint,int8,YES,,接收船舶id,True,污染物接收量数据
public,stg_sjtysj_cbwrwxtzlxxxt_b_month_receive_ship_kpi_df,receive_ship_name,4,character varying,varchar,YES,,接收船舶名称,True,污染物接收量数据
public,stg_sjtysj_cbwrwxtzlxxxt_b_month_receive_ship_kpi_df,company_id,5,bigint,int8,YES,,接收船舶所属清洁公司id,True,污染物接收量数据
public,stg_sjtysj_cbwrwxtzlxxxt_b_month_receive_ship_kpi_df,company_name,6,character varying,varchar,YES,,接收船舶所属清洁公司名称,True,污染物接收量数据
public,stg_sjtysj_cbwrwxtzlxxxt_b_month_receive_ship_kpi_df,subsidy_amount,7,numeric,numeric,YES,,补贴金额,True,污染物接收量数据
public,stg_sjtysj_cbwrwxtzlxxxt_b_month_receive_ship_kpi_df,receive_order_count,8,bigint,int8,YES,,接单数,True,污染物接收量数据
public,stg_sjtysj_cbwrwxtzlxxxt_b_month_receive_ship_kpi_df,receive_poll_num,9,numeric,numeric,YES,,污染物接收量,True,污染物接收量数据
public,stg_sjtysj_cbwrwxtzlxxxt_b_month_receive_ship_kpi_df,receive_shlj_num,10,numeric,numeric,YES,,生活垃圾接收量,True,污染物接收量数据
public,stg_sjtysj_cbwrwxtzlxxxt_b_month_receive_ship_kpi_df,receive_shws_num,11,numeric,numeric,YES,,生活污水接收量,True,污染物接收量数据
public,stg_sjtysj_cbwrwxtzlxxxt_b_month_receive_ship_kpi_df,receive_hyws_num,12,numeric,numeric,YES,,含油污水接收量,True,污染物接收量数据
public,stg_sjtysj_cbwrwxtzlxxxt_b_month_receive_ship_kpi_df,receive_fy_num,13,numeric,numeric,YES,,废油接收量,True,污染物接收量数据
public,stg_sjtysj_cbwrwxtzlxxxt_b_month_receive_ship_kpi_df,receive_shlj_order_count,14,bigint,int8,YES,,生活垃圾接单数,True,污染物接收量数据
public,stg_sjtysj_cbwrwxtzlxxxt_b_month_receive_ship_kpi_df,receive_shws_order_count,15,bigint,int8,YES,,生活污水接单数,True,污染物接收量数据
public,stg_sjtysj_cbwrwxtzlxxxt_b_month_receive_ship_kpi_df,receive_hyws_order_count,16,bigint,int8,YES,,含油污水接单数,True,污染物接收量数据
public,stg_sjtysj_cbwrwxtzlxxxt_b_month_receive_ship_kpi_df,receive_fy_order_count,17,bigint,int8,YES,,废油接单数,True,污染物接收量数据
public,stg_sjtysj_cbwrwxtzlxxxt_b_month_receive_ship_kpi_df,create_time,18,character varying,varchar,YES,,创建时间,True,污染物接收量数据
public,stg_sjtysj_cbwrwxtzlxxxt_b_month_receive_ship_kpi_df,update_time,19,character varying,varchar,YES,,更新时间,True,污染物接收量数据
public,stg_sjtysj_cbwrwxtzlxxxt_b_month_receive_ship_kpi_df,dt,20,character varying,varchar,YES,,分区日期,True,污染物接收量数据
public,stg_sjtysj_cbwrwxtzlxxxt_b_order_receive_minute_df,id,1,bigint,int8,YES,,主键id,True,每日各清洁公司接单接收时效数据
public,stg_sjtysj_cbwrwxtzlxxxt_b_order_receive_minute_df,day,2,character varying,varchar,YES,,日期,True,每日各清洁公司接单接收时效数据
public,stg_sjtysj_cbwrwxtzlxxxt_b_order_receive_minute_df,clean_company_name,3,character varying,varchar,YES,,清洁公司名称,True,每日各清洁公司接单接收时效数据
public,stg_sjtysj_cbwrwxtzlxxxt_b_order_receive_minute_df,order_minute,4,numeric,numeric,YES,,接单时效,True,每日各清洁公司接单接收时效数据
public,stg_sjtysj_cbwrwxtzlxxxt_b_order_receive_minute_df,order_num,5,bigint,int8,YES,,接单单数,True,每日各清洁公司接单接收时效数据
public,stg_sjtysj_cbwrwxtzlxxxt_b_order_receive_minute_df,receive_minute,6,numeric,numeric,YES,,接收时效,True,每日各清洁公司接单接收时效数据
public,stg_sjtysj_cbwrwxtzlxxxt_b_order_receive_minute_df,receive_num,7,bigint,int8,YES,,接收单数,True,每日各清洁公司接单接收时效数据
public,stg_sjtysj_cbwrwxtzlxxxt_b_order_receive_minute_df,dt,8,character varying,varchar,YES,,分区日期,True,每日各清洁公司接单接收时效数据
public,stg_sjtysj_cbwrwxtzlxxxt_b_process_unit_info_df,id,1,bigint,int8,NO,,id,True,船舶污染物处置单位信息表
public,stg_sjtysj_cbwrwxtzlxxxt_b_process_unit_info_df,unit_name,2,character varying,varchar,YES,,处置单位名称,True,船舶污染物处置单位信息表
public,stg_sjtysj_cbwrwxtzlxxxt_b_process_unit_info_df,unit_code,3,character varying,varchar,YES,,组织机构代码,True,船舶污染物处置单位信息表
public,stg_sjtysj_cbwrwxtzlxxxt_b_process_unit_info_df,unit_type,4,character varying,varchar,YES,,"单位类型:转运单位,处置单位",True,船舶污染物处置单位信息表
public,stg_sjtysj_cbwrwxtzlxxxt_b_process_unit_info_df,legal_person,5,character varying,varchar,YES,,法人代表,True,船舶污染物处置单位信息表
public,stg_sjtysj_cbwrwxtzlxxxt_b_process_unit_info_df,phone,6,character varying,varchar,YES,,联系电话,True,船舶污染物处置单位信息表
public,stg_sjtysj_cbwrwxtzlxxxt_b_process_unit_info_df,address,7,character varying,varchar,YES,,地址,True,船舶污染物处置单位信息表
public,stg_sjtysj_cbwrwxtzlxxxt_b_process_unit_info_df,address_name,8,character varying,varchar,YES,,省，市，区，地址名称,True,船舶污染物处置单位信息表
public,stg_sjtysj_cbwrwxtzlxxxt_b_process_unit_info_df,detail,9,character varying,varchar,YES,,地址详情,True,船舶污染物处置单位信息表
public,stg_sjtysj_cbwrwxtzlxxxt_b_process_unit_info_df,process_unit_type,10,character varying,varchar,YES,,处置单位类型，1：固废处置场，2:污水处理场，3炼油场,True,船舶污染物处置单位信息表
public,stg_sjtysj_cbwrwxtzlxxxt_b_process_unit_info_df,create_by,11,character varying,varchar,YES,,创建者,True,船舶污染物处置单位信息表
public,stg_sjtysj_cbwrwxtzlxxxt_b_process_unit_info_df,create_date,12,timestamp without time zone,timestamp,YES,,创建时间,True,船舶污染物处置单位信息表
public,stg_sjtysj_cbwrwxtzlxxxt_b_process_unit_info_df,update_by,13,character varying,varchar,YES,,更新人,True,船舶污染物处置单位信息表
public,stg_sjtysj_cbwrwxtzlxxxt_b_process_unit_info_df,update_date,14,timestamp without time zone,timestamp,YES,,更新时间,True,船舶污染物处置单位信息表
public,stg_sjtysj_cbwrwxtzlxxxt_b_process_unit_info_df,seal_img_url,15,character varying,varchar,YES,,印章图片路径,True,船舶污染物处置单位信息表
public,stg_sjtysj_cbwrwxtzlxxxt_b_process_unit_info_df,manager_unit,16,character varying,varchar,YES,,主管单位,True,船舶污染物处置单位信息表
public,stg_sjtysj_cbwrwxtzlxxxt_b_process_unit_info_df,business_scope,17,character varying,varchar,YES,,业务范围,True,船舶污染物处置单位信息表
public,stg_sjtysj_cbwrwxtzlxxxt_b_process_unit_info_df,business_scope_name,18,character varying,varchar,YES,,业务范围名称,True,船舶污染物处置单位信息表
public,stg_sjtysj_cbwrwxtzlxxxt_b_process_unit_info_df,dt,19,character varying,varchar,YES,,分区日期,True,船舶污染物处置单位信息表
public,stg_sjtysj_cbwrwxtzlxxxt_b_receive_ship_assessment_df,id,1,bigint,int8,YES,,,False,接受船舶评估
public,stg_sjtysj_cbwrwxtzlxxxt_b_receive_ship_assessment_df,resiveshipid,2,bigint,int8,YES,,接收船舶id,True,接受船舶评估
public,stg_sjtysj_cbwrwxtzlxxxt_b_receive_ship_assessment_df,resiveshipname,3,character varying,varchar,YES,,接收船舶名称,True,接受船舶评估
public,stg_sjtysj_cbwrwxtzlxxxt_b_receive_ship_assessment_df,cleancompayid,4,bigint,int8,YES,,清洁公司id,True,接受船舶评估
public,stg_sjtysj_cbwrwxtzlxxxt_b_receive_ship_assessment_df,shipnum,5,bigint,int8,YES,,行船选择,True,接受船舶评估
public,stg_sjtysj_cbwrwxtzlxxxt_b_receive_ship_assessment_df,billnum,6,bigint,int8,YES,,按时接单,True,接受船舶评估
public,stg_sjtysj_cbwrwxtzlxxxt_b_receive_ship_assessment_df,ontimes,7,bigint,int8,YES,,按时接收,True,接受船舶评估
public,stg_sjtysj_cbwrwxtzlxxxt_b_receive_ship_assessment_df,unbillnum,8,bigint,int8,YES,,未按时接单,True,接受船舶评估
public,stg_sjtysj_cbwrwxtzlxxxt_b_receive_ship_assessment_df,untimes,9,bigint,int8,YES,,未按时接收,True,接受船舶评估
public,stg_sjtysj_cbwrwxtzlxxxt_b_receive_ship_assessment_df,evaluation,10,bigint,int8,YES,,服务评分,True,接受船舶评估
public,stg_sjtysj_cbwrwxtzlxxxt_b_receive_ship_assessment_df,createtime,11,character varying,varchar,YES,,时间,True,接受船舶评估
public,stg_sjtysj_cbwrwxtzlxxxt_b_receive_ship_assessment_df,countevaluation,12,bigint,int8,YES,,服务总平均分,True,接受船舶评估
public,stg_sjtysj_cbwrwxtzlxxxt_b_receive_ship_assessment_df,dt,13,character varying,varchar,YES,,分区日期,True,接受船舶评估
public,stg_sjtysj_cbwrwxtzlxxxt_b_receive_ship_info_df,id,1,bigint,int8,YES,,id,True,船舶污染物接收船舶信息表
public,stg_sjtysj_cbwrwxtzlxxxt_b_receive_ship_info_df,ship_name,2,character varying,varchar,YES,,船名,True,船舶污染物接收船舶信息表
public,stg_sjtysj_cbwrwxtzlxxxt_b_receive_ship_info_df,clean_company_id,3,bigint,int8,YES,,所属公司id,True,船舶污染物接收船舶信息表
public,stg_sjtysj_cbwrwxtzlxxxt_b_receive_ship_info_df,registry_port,4,character varying,varchar,YES,,船籍港,True,船舶污染物接收船舶信息表
public,stg_sjtysj_cbwrwxtzlxxxt_b_receive_ship_info_df,ship_owner,5,character varying,varchar,YES,,船舶所有人,True,船舶污染物接收船舶信息表
public,stg_sjtysj_cbwrwxtzlxxxt_b_receive_ship_info_df,ship_operator,6,character varying,varchar,YES,,船舶经营人,True,船舶污染物接收船舶信息表
public,stg_sjtysj_cbwrwxtzlxxxt_b_receive_ship_info_df,captain,7,character varying,varchar,YES,,船长,True,船舶污染物接收船舶信息表
public,stg_sjtysj_cbwrwxtzlxxxt_b_receive_ship_info_df,captain_phone,8,character varying,varchar,YES,,船长电话,True,船舶污染物接收船舶信息表
public,stg_sjtysj_cbwrwxtzlxxxt_b_receive_ship_info_df,ship_type,9,character varying,varchar,YES,,船舶类型：生活垃圾、生活污水、油污水、多功能,True,船舶污染物接收船舶信息表
public,stg_sjtysj_cbwrwxtzlxxxt_b_receive_ship_info_df,aircert_validity,10,timestamp without time zone,timestamp,YES,,船舶适航证书有效期,True,船舶污染物接收船舶信息表
public,stg_sjtysj_cbwrwxtzlxxxt_b_receive_ship_info_df,mmsi,11,character varying,varchar,YES,,海上移动识别码,True,船舶污染物接收船舶信息表
public,stg_sjtysj_cbwrwxtzlxxxt_b_receive_ship_info_df,load_weight,12,numeric,numeric,YES,,核载重量,True,船舶污染物接收船舶信息表
public,stg_sjtysj_cbwrwxtzlxxxt_b_receive_ship_info_df,carrier_volume,13,numeric,numeric,YES,,核载体积,True,船舶污染物接收船舶信息表
public,stg_sjtysj_cbwrwxtzlxxxt_b_receive_ship_info_df,status,14,character varying,varchar,YES,,0冻结、1离线、2空闲、3作业中,True,船舶污染物接收船舶信息表
public,stg_sjtysj_cbwrwxtzlxxxt_b_receive_ship_info_df,create_by,15,character varying,varchar,YES,,创建者,True,船舶污染物接收船舶信息表
public,stg_sjtysj_cbwrwxtzlxxxt_b_receive_ship_info_df,create_date,16,timestamp without time zone,timestamp,YES,,创建时间,True,船舶污染物接收船舶信息表
public,stg_sjtysj_cbwrwxtzlxxxt_b_receive_ship_info_df,update_by,17,character varying,varchar,YES,,更新人,True,船舶污染物接收船舶信息表
public,stg_sjtysj_cbwrwxtzlxxxt_b_receive_ship_info_df,update_date,18,timestamp without time zone,timestamp,YES,,更新时间,True,船舶污染物接收船舶信息表
public,stg_sjtysj_cbwrwxtzlxxxt_b_receive_ship_info_df,fee_standard_status,19,character varying,varchar,YES,,收费标准申请状态，0为审批中，1为已完成,True,船舶污染物接收船舶信息表
public,stg_sjtysj_cbwrwxtzlxxxt_b_receive_ship_info_df,anchoring_distance,20,bigint,int8,YES,,锚定距离,True,船舶污染物接收船舶信息表
public,stg_sjtysj_cbwrwxtzlxxxt_b_receive_ship_info_df,free_flag,21,bigint,int8,YES,,是否从事免费接收,True,船舶污染物接收船舶信息表
public,stg_sjtysj_cbwrwxtzlxxxt_b_receive_ship_info_df,dt,22,character varying,varchar,YES,,分区日期,True,船舶污染物接收船舶信息表
public,stg_sjtysj_cbwrwxtzlxxxt_b_transfer_car_df,id,1,bigint,int8,YES,,id,True,转运车辆信息
public,stg_sjtysj_cbwrwxtzlxxxt_b_transfer_car_df,car_num,2,character varying,varchar,YES,,车牌号,True,转运车辆信息
public,stg_sjtysj_cbwrwxtzlxxxt_b_transfer_car_df,process_unit_id,3,bigint,int8,YES,,所属单位id,True,转运车辆信息
public,stg_sjtysj_cbwrwxtzlxxxt_b_transfer_car_df,driver,4,character varying,varchar,YES,,主要司机,True,转运车辆信息
public,stg_sjtysj_cbwrwxtzlxxxt_b_transfer_car_df,phone,5,character varying,varchar,YES,,联系电话,True,转运车辆信息
public,stg_sjtysj_cbwrwxtzlxxxt_b_transfer_car_df,car_type,6,character varying,varchar,YES,,车辆类型,True,转运车辆信息
public,stg_sjtysj_cbwrwxtzlxxxt_b_transfer_car_df,auto_trans_flag,7,bigint,int8,YES,,上岸即处置开关,True,转运车辆信息
public,stg_sjtysj_cbwrwxtzlxxxt_b_transfer_car_df,create_by,8,character varying,varchar,YES,,创建者,True,转运车辆信息
public,stg_sjtysj_cbwrwxtzlxxxt_b_transfer_car_df,create_date,9,timestamp without time zone,timestamp,YES,,创建时间,True,转运车辆信息
public,stg_sjtysj_cbwrwxtzlxxxt_b_transfer_car_df,update_by,10,character varying,varchar,YES,,更新者,True,转运车辆信息
public,stg_sjtysj_cbwrwxtzlxxxt_b_transfer_car_df,update_date,11,timestamp without time zone,timestamp,YES,,更新时间,True,转运车辆信息
public,stg_sjtysj_cbwrwxtzlxxxt_b_transfer_car_df,dt,12,character varying,varchar,YES,,分区日期,True,转运车辆信息
public,stg_sjtysj_cbwrwxtzlxxxt_b_wharf_info_df,id,1,bigint,int8,YES,,,False,船舶污染物接收码头信息表
public,stg_sjtysj_cbwrwxtzlxxxt_b_wharf_info_df,wharf_name,2,character varying,varchar,YES,,码头公司名称,True,船舶污染物接收码头信息表
public,stg_sjtysj_cbwrwxtzlxxxt_b_wharf_info_df,wharf_code,3,character varying,varchar,YES,,码头代码,True,船舶污染物接收码头信息表
public,stg_sjtysj_cbwrwxtzlxxxt_b_wharf_info_df,legal_person,4,character varying,varchar,YES,,法人代表,True,船舶污染物接收码头信息表
public,stg_sjtysj_cbwrwxtzlxxxt_b_wharf_info_df,phone,5,character varying,varchar,YES,,联系电话,True,船舶污染物接收码头信息表
public,stg_sjtysj_cbwrwxtzlxxxt_b_wharf_info_df,area,6,character varying,varchar,YES,, 省，市，区,True,船舶污染物接收码头信息表
public,stg_sjtysj_cbwrwxtzlxxxt_b_wharf_info_df,address,7,character varying,varchar,YES,,详细地址,True,船舶污染物接收码头信息表
public,stg_sjtysj_cbwrwxtzlxxxt_b_wharf_info_df,validity_end,8,timestamp without time zone,timestamp,YES,,经营许可有效期,True,船舶污染物接收码头信息表
public,stg_sjtysj_cbwrwxtzlxxxt_b_wharf_info_df,receive_range,9,character varying,varchar,YES,,接收范围(0为生活垃圾，1为生活污水，2为含油污水，3为废油),True,船舶污染物接收码头信息表
public,stg_sjtysj_cbwrwxtzlxxxt_b_wharf_info_df,anchorage_id,10,bigint,int8,YES,,关联接收区域id,True,船舶污染物接收码头信息表
public,stg_sjtysj_cbwrwxtzlxxxt_b_wharf_info_df,create_by,11,character varying,varchar,YES,,创建者,True,船舶污染物接收码头信息表
public,stg_sjtysj_cbwrwxtzlxxxt_b_wharf_info_df,create_date,12,timestamp without time zone,timestamp,YES,,创建时间,True,船舶污染物接收码头信息表
public,stg_sjtysj_cbwrwxtzlxxxt_b_wharf_info_df,update_by,13,character varying,varchar,YES,,更新人,True,船舶污染物接收码头信息表
public,stg_sjtysj_cbwrwxtzlxxxt_b_wharf_info_df,update_date,14,timestamp without time zone,timestamp,YES,,更新时间,True,船舶污染物接收码头信息表
public,stg_sjtysj_cbwrwxtzlxxxt_b_wharf_info_df,seal_img_url,15,character varying,varchar,YES,,印章图片路径,True,船舶污染物接收码头信息表
public,stg_sjtysj_cbwrwxtzlxxxt_b_wharf_info_df,pipe_network,16,character varying,varchar,YES,,管网是否接入，0为未接入，1为接入,True,船舶污染物接收码头信息表
public,stg_sjtysj_cbwrwxtzlxxxt_b_wharf_info_df,process_id,17,bigint,int8,YES,,处置单位id,True,船舶污染物接收码头信息表
public,stg_sjtysj_cbwrwxtzlxxxt_b_wharf_info_df,only_jxy_flag,18,bigint,int8,YES,,是否只用于净小宜,True,船舶污染物接收码头信息表
public,stg_sjtysj_cbwrwxtzlxxxt_b_wharf_info_df,dt,19,character varying,varchar,YES,,分区日期,True,船舶污染物接收码头信息表
public,stg_sjtysj_cbwrwxtzlxxxt_b_wharf_info_df,geom,20,USER-DEFINED,geometry,YES,,,False,船舶污染物接收码头信息表
public,stg_sjtysj_cbwrwxtzlxxxt_b_wharf_kpi_df,id,1,bigint,int8,YES,,主键,True,码头接单情况
public,stg_sjtysj_cbwrwxtzlxxxt_b_wharf_kpi_df,day,2,character varying,varchar,YES,,日期,True,码头接单情况
public,stg_sjtysj_cbwrwxtzlxxxt_b_wharf_kpi_df,wharf_name,3,character varying,varchar,YES,,码头名称,True,码头接单情况
public,stg_sjtysj_cbwrwxtzlxxxt_b_wharf_kpi_df,shlj_num,4,numeric,numeric,YES,,生活垃圾接收量,True,码头接单情况
public,stg_sjtysj_cbwrwxtzlxxxt_b_wharf_kpi_df,shws_num,5,numeric,numeric,YES,,生活污水接收量,True,码头接单情况
public,stg_sjtysj_cbwrwxtzlxxxt_b_wharf_kpi_df,hyws_num,6,numeric,numeric,YES,,含油污水接收量,True,码头接单情况
public,stg_sjtysj_cbwrwxtzlxxxt_b_wharf_kpi_df,fy_num,7,numeric,numeric,YES,,废油接收量,True,码头接单情况
public,stg_sjtysj_cbwrwxtzlxxxt_b_wharf_kpi_df,order_count,8,bigint,int8,YES,,接收单数,True,码头接单情况
public,stg_sjtysj_cbwrwxtzlxxxt_b_wharf_kpi_df,dt,9,character varying,varchar,YES,,分区日期,True,码头接单情况
public,stg_sjtysj_cbwrwxtzlxxxt_p_apply_detail_df,id,1,bigint,int8,YES,,id,True,污染物接收明细
public,stg_sjtysj_cbwrwxtzlxxxt_p_apply_detail_df,apply_no,2,character varying,varchar,YES,,接受申请号,True,污染物接收明细
public,stg_sjtysj_cbwrwxtzlxxxt_p_apply_detail_df,poll_type,3,character varying,varchar,YES,,污染物类型,True,污染物接收明细
public,stg_sjtysj_cbwrwxtzlxxxt_p_apply_detail_df,num,4,character varying,varchar,YES,,数量,True,污染物接收明细
public,stg_sjtysj_cbwrwxtzlxxxt_p_apply_detail_df,remain_num,5,character varying,varchar,YES,,剩余数量,True,污染物接收明细
public,stg_sjtysj_cbwrwxtzlxxxt_p_apply_detail_df,unit,6,character varying,varchar,YES,,单位,True,污染物接收明细
public,stg_sjtysj_cbwrwxtzlxxxt_p_apply_detail_df,amount,7,numeric,numeric,YES,,金额,True,污染物接收明细
public,stg_sjtysj_cbwrwxtzlxxxt_p_apply_detail_df,apply_picture,8,character varying,varchar,YES,,申请照,True,污染物接收明细
public,stg_sjtysj_cbwrwxtzlxxxt_p_apply_detail_df,receive_picture,9,character varying,varchar,YES,,接收船舶照片,True,污染物接收明细
public,stg_sjtysj_cbwrwxtzlxxxt_p_apply_detail_df,apply_trans_picture,10,character varying,varchar,YES,,接收船舶申请转运照片,True,污染物接收明细
public,stg_sjtysj_cbwrwxtzlxxxt_p_apply_detail_df,trans_picture,11,character varying,varchar,YES,,转运车辆照片,True,污染物接收明细
public,stg_sjtysj_cbwrwxtzlxxxt_p_apply_detail_df,handle_picture,12,character varying,varchar,YES,,处理照片,True,污染物接收明细
public,stg_sjtysj_cbwrwxtzlxxxt_p_apply_detail_df,remark,13,character varying,varchar,YES,,备注,True,污染物接收明细
public,stg_sjtysj_cbwrwxtzlxxxt_p_apply_detail_df,trans_status,14,bigint,int8,YES,,转运状态,True,污染物接收明细
public,stg_sjtysj_cbwrwxtzlxxxt_p_apply_detail_df,apply_szy_status,15,bigint,int8,YES,,申请szy单状态  收转运,True,污染物接收明细
public,stg_sjtysj_cbwrwxtzlxxxt_p_apply_detail_df,dt,16,character varying,varchar,YES,,分区日期,True,污染物接收明细
public,stg_sjtysj_cbwrwxtzlxxxt_p_ashore_apply_df,apply_no,1,character varying,varchar,NO,,上岸申请编号,True,污染物接收表
public,stg_sjtysj_cbwrwxtzlxxxt_p_ashore_apply_df,status,2,character varying,varchar,YES,,"垃圾申请状态
djd: 待接单
yjd:已接单
yjs:已接收
ycjt:已处结
qx:取消
yzy:已转运
bfzy:不转运",True,污染物接收表
public,stg_sjtysj_cbwrwxtzlxxxt_p_ashore_apply_df,anchorage_name,3,character varying,varchar,YES,,锚地名,True,污染物接收表
public,stg_sjtysj_cbwrwxtzlxxxt_p_ashore_apply_df,port_id,4,bigint,int8,YES,,港口id,True,污染物接收表
public,stg_sjtysj_cbwrwxtzlxxxt_p_ashore_apply_df,ship_name,5,character varying,varchar,YES,,船名,True,污染物接收表
public,stg_sjtysj_cbwrwxtzlxxxt_p_ashore_apply_df,ship_nation,6,character varying,varchar,YES,,船舶国籍,True,污染物接收表
public,stg_sjtysj_cbwrwxtzlxxxt_p_ashore_apply_df,poll_type,7,character varying,varchar,YES,,船舶类型,True,污染物接收表
public,stg_sjtysj_cbwrwxtzlxxxt_p_ashore_apply_df,num,8,numeric,numeric,YES,,数量,True,污染物接收表
public,stg_sjtysj_cbwrwxtzlxxxt_p_ashore_apply_df,unit,9,character varying,varchar,YES,,单位,True,污染物接收表
public,stg_sjtysj_cbwrwxtzlxxxt_p_ashore_apply_df,amount,10,numeric,numeric,YES,,金额,True,污染物接收表
public,stg_sjtysj_cbwrwxtzlxxxt_p_ashore_apply_df,app_id,11,character varying,varchar,YES,,申请照id,True,污染物接收表
public,stg_sjtysj_cbwrwxtzlxxxt_p_ashore_apply_df,remark,12,character varying,varchar,YES,,备注,True,污染物接收表
public,stg_sjtysj_cbwrwxtzlxxxt_p_ashore_apply_df,source,13,character varying,varchar,YES,,来源,True,污染物接收表
public,stg_sjtysj_cbwrwxtzlxxxt_p_ashore_apply_df,create_by,14,character varying,varchar,YES,,创建者,True,污染物接收表
public,stg_sjtysj_cbwrwxtzlxxxt_p_ashore_apply_df,create_date,15,timestamp without time zone,timestamp,YES,,创建时间,True,污染物接收表
public,stg_sjtysj_cbwrwxtzlxxxt_p_ashore_apply_df,update_by,16,character varying,varchar,YES,,更新者,True,污染物接收表
public,stg_sjtysj_cbwrwxtzlxxxt_p_ashore_apply_df,update_date,17,timestamp without time zone,timestamp,YES,,更新时间,True,污染物接收表
public,stg_sjtysj_cbwrwxtzlxxxt_p_ashore_apply_df,confirm_by,18,character varying,varchar,YES,,确认者,True,污染物接收表
public,stg_sjtysj_cbwrwxtzlxxxt_p_ashore_apply_df,confirm_date,19,timestamp without time zone,timestamp,YES,,确认时间,True,污染物接收表
public,stg_sjtysj_cbwrwxtzlxxxt_p_ashore_apply_df,confirm_id,20,character varying,varchar,YES,,确认照id,True,污染物接收表
public,stg_sjtysj_cbwrwxtzlxxxt_p_ashore_apply_df,receive_num,21,character varying,varchar,YES,,接收工单号,True,污染物接收表
public,stg_sjtysj_cbwrwxtzlxxxt_p_ashore_apply_df,wharf_id,22,bigint,int8,YES,,码头id,True,污染物接收表
public,stg_sjtysj_cbwrwxtzlxxxt_p_ashore_apply_df,receive_ship_id,23,bigint,int8,YES,,接收船舶id,True,污染物接收表
public,stg_sjtysj_cbwrwxtzlxxxt_p_ashore_apply_df,receive_ship_name,24,character varying,varchar,YES,,接收船舶名,True,污染物接收表
public,stg_sjtysj_cbwrwxtzlxxxt_p_ashore_apply_df,receive_ship_nation,25,character varying,varchar,YES,,接收船舶国籍,True,污染物接收表
public,stg_sjtysj_cbwrwxtzlxxxt_p_ashore_apply_df,delivery_ship_captain,26,character varying,varchar,YES,,交付船舶船长,True,污染物接收表
public,stg_sjtysj_cbwrwxtzlxxxt_p_ashore_apply_df,captain_phone,27,character varying,varchar,YES,,船长联系方式,True,污染物接收表
public,stg_sjtysj_cbwrwxtzlxxxt_p_ashore_apply_df,receive_ship_captain,28,character varying,varchar,YES,,接收船舶船长,True,污染物接收表
public,stg_sjtysj_cbwrwxtzlxxxt_p_ashore_apply_df,receive_ship_captain_phone,29,character varying,varchar,YES,,接收船舶船长联系方式,True,污染物接收表
public,stg_sjtysj_cbwrwxtzlxxxt_p_ashore_apply_df,receive_company,30,character varying,varchar,YES,,接收单位,True,污染物接收表
public,stg_sjtysj_cbwrwxtzlxxxt_p_ashore_apply_df,receive_person,31,character varying,varchar,YES,,接收人,True,污染物接收表
public,stg_sjtysj_cbwrwxtzlxxxt_p_ashore_apply_df,receive_date,32,timestamp without time zone,timestamp,YES,,接收时间：当状态为：yjs,True,污染物接收表
public,stg_sjtysj_cbwrwxtzlxxxt_p_ashore_apply_df,complete_receive_date,33,timestamp without time zone,timestamp,YES,,完成接收时间,True,污染物接收表
public,stg_sjtysj_cbwrwxtzlxxxt_p_ashore_apply_df,goods_type,34,character varying,varchar,YES,,货物种类,True,污染物接收表
public,stg_sjtysj_cbwrwxtzlxxxt_p_ashore_apply_df,actual_tons,35,numeric,numeric,YES,,实载吨位,True,污染物接收表
public,stg_sjtysj_cbwrwxtzlxxxt_p_ashore_apply_df,standard_container_num,36,numeric,numeric,YES,,标箱数量,True,污染物接收表
public,stg_sjtysj_cbwrwxtzlxxxt_p_ashore_apply_df,domestic_trade_num,37,numeric,numeric,YES,,内贸数量,True,污染物接收表
public,stg_sjtysj_cbwrwxtzlxxxt_p_ashore_apply_df,foreign_trade_num,38,numeric,numeric,YES,,外贸数量,True,污染物接收表
public,stg_sjtysj_cbwrwxtzlxxxt_p_ashore_apply_df,actual_crew_num,39,bigint,int8,YES,,实际船员人数,True,污染物接收表
public,stg_sjtysj_cbwrwxtzlxxxt_p_ashore_apply_df,actual_poll_type,40,character varying,varchar,YES,,实际污染物类型,True,污染物接收表
public,stg_sjtysj_cbwrwxtzlxxxt_p_ashore_apply_df,actual_poll_num,41,numeric,numeric,YES,,实际污染物数量,True,污染物接收表
public,stg_sjtysj_cbwrwxtzlxxxt_p_ashore_apply_df,actual_poll_unit,42,character varying,varchar,YES,,实际污染物单位,True,污染物接收表
public,stg_sjtysj_cbwrwxtzlxxxt_p_ashore_apply_df,evaluation,43,bigint,int8,YES,,本次服务评价,True,污染物接收表
public,stg_sjtysj_cbwrwxtzlxxxt_p_ashore_apply_df,expected_delivery_time,44,timestamp without time zone,timestamp,YES,,期望交付时间,True,污染物接收表
public,stg_sjtysj_cbwrwxtzlxxxt_p_ashore_apply_df,reject_reason,45,character varying,varchar,YES,,拒收理由,True,污染物接收表
public,stg_sjtysj_cbwrwxtzlxxxt_p_ashore_apply_df,pdf_img_url,46,character varying,varchar,YES,,pdf图片地址,True,污染物接收表
public,stg_sjtysj_cbwrwxtzlxxxt_p_ashore_apply_df,shlj_text,47,character varying,varchar,YES,,,False,污染物接收表
public,stg_sjtysj_cbwrwxtzlxxxt_p_ashore_apply_df,shlj_time,48,character varying,varchar,YES,,生活垃圾说明,True,污染物接收表
public,stg_sjtysj_cbwrwxtzlxxxt_p_ashore_apply_df,fy_text,49,character varying,varchar,YES,,费油说明,True,污染物接收表
public,stg_sjtysj_cbwrwxtzlxxxt_p_ashore_apply_df,fy_time,50,character varying,varchar,YES,,,False,污染物接收表
public,stg_sjtysj_cbwrwxtzlxxxt_p_ashore_apply_df,hyws_text,51,character varying,varchar,YES,,含油污水,True,污染物接收表
public,stg_sjtysj_cbwrwxtzlxxxt_p_ashore_apply_df,hyws_time,52,character varying,varchar,YES,,,False,污染物接收表
public,stg_sjtysj_cbwrwxtzlxxxt_p_ashore_apply_df,shws_text,53,character varying,varchar,YES,,生活污水说明,True,污染物接收表
public,stg_sjtysj_cbwrwxtzlxxxt_p_ashore_apply_df,shws_time,54,character varying,varchar,YES,,,False,污染物接收表
public,stg_sjtysj_cbwrwxtzlxxxt_p_ashore_apply_df,ypj_status,55,character varying,varchar,YES,,是否已评价状态,True,污染物接收表
public,stg_sjtysj_cbwrwxtzlxxxt_p_ashore_apply_df,deliverer,56,character varying,varchar,YES,,交付人,True,污染物接收表
public,stg_sjtysj_cbwrwxtzlxxxt_p_ashore_apply_df,cex_data_source,57,bigint,int8,YES,,0:预约 1:扫码（码头） 3: 扫码(车船),True,污染物接收表
public,stg_sjtysj_cbwrwxtzlxxxt_p_ashore_apply_df,qrcode_confirm_flag,58,bigint,int8,YES,,扫码交互，是否确认过 0：未确认 1：已确认 是否有填报货种货量标志,True,污染物接收表
public,stg_sjtysj_cbwrwxtzlxxxt_p_ashore_apply_df,qrcode_confirm_time,59,timestamp without time zone,timestamp,YES,,扫码交互确认时间（填报货种货量时间）,True,污染物接收表
public,stg_sjtysj_cbwrwxtzlxxxt_p_ashore_apply_df,from_port_province,60,character varying,varchar,YES,,,False,污染物接收表
public,stg_sjtysj_cbwrwxtzlxxxt_p_ashore_apply_df,from_port_city,61,character varying,varchar,YES,,,False,污染物接收表
public,stg_sjtysj_cbwrwxtzlxxxt_p_ashore_apply_df,to_port_province,62,character varying,varchar,YES,,,False,污染物接收表
public,stg_sjtysj_cbwrwxtzlxxxt_p_ashore_apply_df,to_port_city,63,character varying,varchar,YES,,,False,污染物接收表
public,stg_sjtysj_cbwrwxtzlxxxt_p_ashore_apply_df,dt,64,character varying,varchar,YES,,分区日期,True,污染物接收表
public,stg_sjtysj_cbwrwxtzlxxxt_p_handover_trans_detail_df,id,1,bigint,int8,NO,,主键,True,污染物转运B流程明细单
public,stg_sjtysj_cbwrwxtzlxxxt_p_handover_trans_detail_df,trans_no,2,character varying,varchar,YES,,,False,污染物转运B流程明细单
public,stg_sjtysj_cbwrwxtzlxxxt_p_handover_trans_detail_df,type,3,character varying,varchar,YES,,js:接收行明细、cc:存储单,True,污染物转运B流程明细单
public,stg_sjtysj_cbwrwxtzlxxxt_p_handover_trans_detail_df,js_apply_no,4,character varying,varchar,YES,,,False,污染物转运B流程明细单
public,stg_sjtysj_cbwrwxtzlxxxt_p_handover_trans_detail_df,js_detail_id,5,bigint,int8,YES,,,False,污染物转运B流程明细单
public,stg_sjtysj_cbwrwxtzlxxxt_p_handover_trans_detail_df,cc_store_no,6,character varying,varchar,YES,,存储单单号，可能没有,True,污染物转运B流程明细单
public,stg_sjtysj_cbwrwxtzlxxxt_p_handover_trans_detail_df,create_time,7,character varying,varchar,YES,,,False,污染物转运B流程明细单
public,stg_sjtysj_cbwrwxtzlxxxt_p_handover_trans_detail_df,dt,8,character varying,varchar,YES,,分区日期,True,污染物转运B流程明细单
public,stg_sjtysj_cbwrwxtzlxxxt_p_handover_trans_df,id,1,bigint,int8,YES,,主键,True,污染物转运B流程
public,stg_sjtysj_cbwrwxtzlxxxt_p_handover_trans_df,trans_no,2,character varying,varchar,YES,,转运单号,True,污染物转运B流程
public,stg_sjtysj_cbwrwxtzlxxxt_p_handover_trans_df,status,3,character varying,varchar,YES,,状态： dzy、yjs、yzy,True,污染物转运B流程
public,stg_sjtysj_cbwrwxtzlxxxt_p_handover_trans_df,cc_status,4,character varying,varchar,YES,, 后续存储状态 wsq：未申请， dcc : 待存储，ycc : 已存储,True,污染物转运B流程
public,stg_sjtysj_cbwrwxtzlxxxt_p_handover_trans_df,trans_subject_type,5,character varying,varchar,YES,,转运主体类型 0:接收船舶 1:转运车辆,True,污染物转运B流程
public,stg_sjtysj_cbwrwxtzlxxxt_p_handover_trans_df,trans_subject_id,6,bigint,int8,YES,,转运主体id,True,污染物转运B流程
public,stg_sjtysj_cbwrwxtzlxxxt_p_handover_trans_df,trans_subject_name,7,character varying,varchar,YES,,转运主体名称（船名、车牌号）,True,污染物转运B流程
public,stg_sjtysj_cbwrwxtzlxxxt_p_handover_trans_df,trans_subject_contact_person,8,character varying,varchar,YES,,转运主体联系人,True,污染物转运B流程
public,stg_sjtysj_cbwrwxtzlxxxt_p_handover_trans_df,trans_subject_contact_telephone,9,character varying,varchar,YES,,转运主体联系方式,True,污染物转运B流程
public,stg_sjtysj_cbwrwxtzlxxxt_p_handover_trans_df,trans_subject_company,10,character varying,varchar,YES,,转运主体所属公司,True,污染物转运B流程
public,stg_sjtysj_cbwrwxtzlxxxt_p_handover_trans_df,confirm_receive_time,11,character varying,varchar,YES,,转运主体确认接收完成时间（点击按钮的时间）,True,污染物转运B流程
public,stg_sjtysj_cbwrwxtzlxxxt_p_handover_trans_df,receive_complete_time,12,character varying,varchar,YES,,接收完成时间,True,污染物转运B流程
public,stg_sjtysj_cbwrwxtzlxxxt_p_handover_trans_df,poll_type,13,character varying,varchar,YES,,污染物类型,True,污染物转运B流程
public,stg_sjtysj_cbwrwxtzlxxxt_p_handover_trans_df,poll_weight_num,14,numeric,numeric,YES,,污染物数量,True,污染物转运B流程
public,stg_sjtysj_cbwrwxtzlxxxt_p_handover_trans_df,apply_wharf_id,15,bigint,int8,YES,,申请码头id,True,污染物转运B流程
public,stg_sjtysj_cbwrwxtzlxxxt_p_handover_trans_df,apply_wharf_name,16,character varying,varchar,YES,,申请码头名称,True,污染物转运B流程
public,stg_sjtysj_cbwrwxtzlxxxt_p_handover_trans_df,apply_wharf_company,17,character varying,varchar,YES,,申请码头所属公司 （没有的填入码头名称）,True,污染物转运B流程
public,stg_sjtysj_cbwrwxtzlxxxt_p_handover_trans_df,apply_anchorage_name,18,character varying,varchar,YES,,交互水域,True,污染物转运B流程
public,stg_sjtysj_cbwrwxtzlxxxt_p_handover_trans_df,apply_contact_person,19,character varying,varchar,YES,,申请-联系人,True,污染物转运B流程
public,stg_sjtysj_cbwrwxtzlxxxt_p_handover_trans_df,apply_contact_telephone,20,character varying,varchar,YES,,申请-联系人手机号,True,污染物转运B流程
public,stg_sjtysj_cbwrwxtzlxxxt_p_handover_trans_df,target_wharf_id,21,bigint,int8,YES,,目的地码头id （注：目的码头界面上看不到该单据）,True,污染物转运B流程
public,stg_sjtysj_cbwrwxtzlxxxt_p_handover_trans_df,target_wharf_name,22,character varying,varchar,YES,,目的地码头名称,True,污染物转运B流程
public,stg_sjtysj_cbwrwxtzlxxxt_p_handover_trans_df,trans_start_time,23,character varying,varchar,YES,,交互时间（转运开始时间）,True,污染物转运B流程
public,stg_sjtysj_cbwrwxtzlxxxt_p_handover_trans_df,trans_complete_time,24,character varying,varchar,YES,,转运完成时间,True,污染物转运B流程
public,stg_sjtysj_cbwrwxtzlxxxt_p_handover_trans_df,apply_img_path,25,character varying,varchar,YES,,申请转运照片,True,污染物转运B流程
public,stg_sjtysj_cbwrwxtzlxxxt_p_handover_trans_df,cc_store_no,26,character varying,varchar,YES,,后续存储单单号,True,污染物转运B流程
public,stg_sjtysj_cbwrwxtzlxxxt_p_handover_trans_df,create_time,27,character varying,varchar,YES,,申请时间,True,污染物转运B流程
public,stg_sjtysj_cbwrwxtzlxxxt_p_handover_trans_df,create_by,28,character varying,varchar,YES,,申请账号,True,污染物转运B流程
public,stg_sjtysj_cbwrwxtzlxxxt_p_handover_trans_df,remarks,29,character varying,varchar,YES,,备注,True,污染物转运B流程
public,stg_sjtysj_cbwrwxtzlxxxt_p_handover_trans_df,pdf_img_url,30,character varying,varchar,YES,,联单图片,True,污染物转运B流程
public,stg_sjtysj_cbwrwxtzlxxxt_p_handover_trans_df,dt,31,character varying,varchar,YES,,分区日期,True,污染物转运B流程
public,stg_sjtysj_cbwrwxtzlxxxt_p_receive_storage_df,apply_detail_id,1,bigint,int8,YES,,id,True,污染物存储明细单
public,stg_sjtysj_cbwrwxtzlxxxt_p_receive_storage_df,wharf_id,2,bigint,int8,YES,,存储码头id,True,污染物存储明细单
public,stg_sjtysj_cbwrwxtzlxxxt_p_receive_storage_df,apply_no,3,character varying,varchar,YES,,申请单号,True,污染物存储明细单
public,stg_sjtysj_cbwrwxtzlxxxt_p_receive_storage_df,storage_no,4,character varying,varchar,YES,,存储单号,True,污染物存储明细单
public,stg_sjtysj_cbwrwxtzlxxxt_p_receive_storage_df,dt,5,character varying,varchar,YES,,分区日期,True,污染物存储明细单
public,stg_sjtysj_cbwrwxtzlxxxt_p_trans_apply_detail_df,trans_no,1,character varying,varchar,YES,,转运申请编号,True,污染物转运处置明细单
public,stg_sjtysj_cbwrwxtzlxxxt_p_trans_apply_detail_df,trans_apply_line,2,bigint,int8,YES,,转运申请行,True,污染物转运处置明细单
public,stg_sjtysj_cbwrwxtzlxxxt_p_trans_apply_detail_df,receive_line,3,bigint,int8,YES,,接收申请行,True,污染物转运处置明细单
public,stg_sjtysj_cbwrwxtzlxxxt_p_trans_apply_detail_df,ashore_apply_no,4,character varying,varchar,YES,,接收申请号,True,污染物转运处置明细单
public,stg_sjtysj_cbwrwxtzlxxxt_p_trans_apply_detail_df,dt,5,character varying,varchar,YES,,分区日期,True,污染物转运处置明细单
public,stg_sjtysj_cbwrwxtzlxxxt_p_trans_apply_df,trans_no,1,character varying,varchar,NO,,转运编号,True,污染物转运处置表
public,stg_sjtysj_cbwrwxtzlxxxt_p_trans_apply_df,status,2,character varying,varchar,YES,,待转运：创建完成后变成待转运状态，只有此状态下可修改,True,污染物转运处置表
public,stg_sjtysj_cbwrwxtzlxxxt_p_trans_apply_df,delivery_company_name,3,character varying,varchar,YES,,交付单位,True,污染物转运处置表
public,stg_sjtysj_cbwrwxtzlxxxt_p_trans_apply_df,delivery_ship_name,4,character varying,varchar,YES,,交付船舶名,True,污染物转运处置表
public,stg_sjtysj_cbwrwxtzlxxxt_p_trans_apply_df,delivery_ship_nation,5,character varying,varchar,YES,,船舶国籍,True,污染物转运处置表
public,stg_sjtysj_cbwrwxtzlxxxt_p_trans_apply_df,delivery_ship_caption,6,character varying,varchar,YES,,交付船舶船长,True,污染物转运处置表
public,stg_sjtysj_cbwrwxtzlxxxt_p_trans_apply_df,delivery_ship_caption_tel,7,character varying,varchar,YES,,船长联系方式,True,污染物转运处置表
public,stg_sjtysj_cbwrwxtzlxxxt_p_trans_apply_df,car_id,8,bigint,int8,YES,,车辆id,True,污染物转运处置表
public,stg_sjtysj_cbwrwxtzlxxxt_p_trans_apply_df,car_num,9,character varying,varchar,YES,,转运车牌号,True,污染物转运处置表
public,stg_sjtysj_cbwrwxtzlxxxt_p_trans_apply_df,car_driver,10,character varying,varchar,YES,,转运车辆驾驶员姓名：,True,污染物转运处置表
public,stg_sjtysj_cbwrwxtzlxxxt_p_trans_apply_df,car_driver_tel,11,character varying,varchar,YES,,联系方式,True,污染物转运处置表
public,stg_sjtysj_cbwrwxtzlxxxt_p_trans_apply_df,unit,12,character varying,varchar,YES,,转运单位,True,污染物转运处置表
public,stg_sjtysj_cbwrwxtzlxxxt_p_trans_apply_df,trans_address,13,character varying,varchar,YES,,转运地址,True,污染物转运处置表
public,stg_sjtysj_cbwrwxtzlxxxt_p_trans_apply_df,commit_num,14,numeric,numeric,YES,,提交数,True,污染物转运处置表
public,stg_sjtysj_cbwrwxtzlxxxt_p_trans_apply_df,trans_num,15,numeric,numeric,YES,,转运数,True,污染物转运处置表
public,stg_sjtysj_cbwrwxtzlxxxt_p_trans_apply_df,hander_num,16,numeric,numeric,YES,,处置数,True,污染物转运处置表
public,stg_sjtysj_cbwrwxtzlxxxt_p_trans_apply_df,create_by,17,character varying,varchar,YES,,创建者,True,污染物转运处置表
public,stg_sjtysj_cbwrwxtzlxxxt_p_trans_apply_df,create_date,18,timestamp without time zone,timestamp,YES,,创建时间,True,污染物转运处置表
public,stg_sjtysj_cbwrwxtzlxxxt_p_trans_apply_df,update_by,19,character varying,varchar,YES,,更新者,True,污染物转运处置表
public,stg_sjtysj_cbwrwxtzlxxxt_p_trans_apply_df,update_date,20,timestamp without time zone,timestamp,YES,,更新时间,True,污染物转运处置表
public,stg_sjtysj_cbwrwxtzlxxxt_p_trans_apply_df,confirm_by,21,character varying,varchar,YES,,确认者,True,污染物转运处置表
public,stg_sjtysj_cbwrwxtzlxxxt_p_trans_apply_df,confirm_date,22,timestamp without time zone,timestamp,YES,,确认时间,True,污染物转运处置表
public,stg_sjtysj_cbwrwxtzlxxxt_p_trans_apply_df,recycle_company_id,23,bigint,int8,YES,,回收单位id,True,污染物转运处置表
public,stg_sjtysj_cbwrwxtzlxxxt_p_trans_apply_df,recycle_company_name,24,character varying,varchar,YES,,回收单位名,True,污染物转运处置表
public,stg_sjtysj_cbwrwxtzlxxxt_p_trans_apply_df,recycle_person,25,character varying,varchar,YES,,回收人,True,污染物转运处置表
public,stg_sjtysj_cbwrwxtzlxxxt_p_trans_apply_df,recycle_phone,26,character varying,varchar,YES,,回收人联系方式,True,污染物转运处置表
public,stg_sjtysj_cbwrwxtzlxxxt_p_trans_apply_df,delivery_address,27,character varying,varchar,YES,,交付地点,True,污染物转运处置表
public,stg_sjtysj_cbwrwxtzlxxxt_p_trans_apply_df,process_unit_id,28,bigint,int8,YES,,处置单位id,True,污染物转运处置表
public,stg_sjtysj_cbwrwxtzlxxxt_p_trans_apply_df,hander_by,29,character varying,varchar,YES,,处置人,True,污染物转运处置表
public,stg_sjtysj_cbwrwxtzlxxxt_p_trans_apply_df,hander_date,30,timestamp without time zone,timestamp,YES,,处置时间,True,污染物转运处置表
public,stg_sjtysj_cbwrwxtzlxxxt_p_trans_apply_df,hander_comp,31,character varying,varchar,YES,,处置单位,True,污染物转运处置表
public,stg_sjtysj_cbwrwxtzlxxxt_p_trans_apply_df,hander_tel,32,character varying,varchar,YES,,处置人联系方式,True,污染物转运处置表
public,stg_sjtysj_cbwrwxtzlxxxt_p_trans_apply_df,process_address,33,character varying,varchar,YES,,处置地址 ,True,污染物转运处置表
public,stg_sjtysj_cbwrwxtzlxxxt_p_trans_apply_df,poll_type,34,character varying,varchar,YES,,垃圾类型,True,污染物转运处置表
public,stg_sjtysj_cbwrwxtzlxxxt_p_trans_apply_df,poll_num,35,numeric,numeric,YES,,垃圾数量,True,污染物转运处置表
public,stg_sjtysj_cbwrwxtzlxxxt_p_trans_apply_df,poll_unit,36,character varying,varchar,YES,,垃圾数量单位,True,污染物转运处置表
public,stg_sjtysj_cbwrwxtzlxxxt_p_trans_apply_df,apply_recyclable_trash,37,numeric,numeric,YES,,申请可回收垃圾数量,True,污染物转运处置表
public,stg_sjtysj_cbwrwxtzlxxxt_p_trans_apply_df,apply_kitchen_trash,38,numeric,numeric,YES,,申请厨余垃圾数量,True,污染物转运处置表
public,stg_sjtysj_cbwrwxtzlxxxt_p_trans_apply_df,apply_other_trash,39,numeric,numeric,YES,,申请其他垃圾数量,True,污染物转运处置表
public,stg_sjtysj_cbwrwxtzlxxxt_p_trans_apply_df,apply_harmful_trash,40,numeric,numeric,YES,,申请有害垃圾数量,True,污染物转运处置表
public,stg_sjtysj_cbwrwxtzlxxxt_p_trans_apply_df,receive_recyclable_trash,41,numeric,numeric,YES,,接收可回收垃圾数量,True,污染物转运处置表
public,stg_sjtysj_cbwrwxtzlxxxt_p_trans_apply_df,trans_kitchen_trash,42,numeric,numeric,YES,,转运厨余垃圾数量,True,污染物转运处置表
public,stg_sjtysj_cbwrwxtzlxxxt_p_trans_apply_df,trans_other_trash,43,numeric,numeric,YES,,转运其他垃圾数量,True,污染物转运处置表
public,stg_sjtysj_cbwrwxtzlxxxt_p_trans_apply_df,trans_harmful_trash,44,numeric,numeric,YES,,转运有害垃圾数量,True,污染物转运处置表
public,stg_sjtysj_cbwrwxtzlxxxt_p_trans_apply_df,process_kitchen_trash,45,numeric,numeric,YES,,处置厨余垃圾数量,True,污染物转运处置表
public,stg_sjtysj_cbwrwxtzlxxxt_p_trans_apply_df,process_other_trash,46,numeric,numeric,YES,,处置其他垃圾数量,True,污染物转运处置表
public,stg_sjtysj_cbwrwxtzlxxxt_p_trans_apply_df,process_harmful_trash,47,numeric,numeric,YES,,处置有害垃圾数量,True,污染物转运处置表
public,stg_sjtysj_cbwrwxtzlxxxt_p_trans_apply_df,recycle_pic,48,character varying,varchar,YES,,回收照片,True,污染物转运处置表
public,stg_sjtysj_cbwrwxtzlxxxt_p_trans_apply_df,recycle_remarks,49,character varying,varchar,YES,,回收备注,True,污染物转运处置表
public,stg_sjtysj_cbwrwxtzlxxxt_p_trans_apply_df,apply_trans_pic,50,character varying,varchar,YES,,接收船舶申请转运照片,True,污染物转运处置表
public,stg_sjtysj_cbwrwxtzlxxxt_p_trans_apply_df,car_trans_pic,51,character varying,varchar,YES,,车辆转运作业照片,True,污染物转运处置表
public,stg_sjtysj_cbwrwxtzlxxxt_p_trans_apply_df,car_trans_remarks,52,character varying,varchar,YES,,转运车辆备注,True,污染物转运处置表
public,stg_sjtysj_cbwrwxtzlxxxt_p_trans_apply_df,handle_pic,53,character varying,varchar,YES,,实际处置照片,True,污染物转运处置表
public,stg_sjtysj_cbwrwxtzlxxxt_p_trans_apply_df,handle_remarks,54,character varying,varchar,YES,,实际处置备注,True,污染物转运处置表
public,stg_sjtysj_cbwrwxtzlxxxt_p_trans_apply_df,process_pdf,55,character varying,varchar,YES,,处置pdf,True,污染物转运处置表
public,stg_sjtysj_cbwrwxtzlxxxt_p_trans_apply_df,pdf_img_url,56,character varying,varchar,YES,,pdf处置联单图片地址,True,污染物转运处置表
public,stg_sjtysj_cbwrwxtzlxxxt_p_trans_apply_df,pdf_trans_img_url,57,character varying,varchar,YES,,转运时生成pdf转图片地址,True,污染物转运处置表
public,stg_sjtysj_cbwrwxtzlxxxt_p_trans_apply_df,landing_time,58,timestamp without time zone,timestamp,YES,,靠岸时间,True,污染物转运处置表
public,stg_sjtysj_cbwrwxtzlxxxt_p_trans_apply_df,withdrawal_stats,59,character varying,varchar,YES,,撤回状态:1.待转运撤回，2.待转运修改,True,污染物转运处置表
public,stg_sjtysj_cbwrwxtzlxxxt_p_trans_apply_df,pipe_network,60,character varying,varchar,YES,,管网,True,污染物转运处置表
public,stg_sjtysj_cbwrwxtzlxxxt_p_trans_apply_df,wharf_name,61,character varying,varchar,YES,,码头名称,True,污染物转运处置表
public,stg_sjtysj_cbwrwxtzlxxxt_p_trans_apply_df,wharf_id,62,bigint,int8,YES,,码头id,True,污染物转运处置表
public,stg_sjtysj_cbwrwxtzlxxxt_p_trans_apply_df,wharf_mobile,63,character varying,varchar,YES,,码头联系方式,True,污染物转运处置表
public,stg_sjtysj_cbwrwxtzlxxxt_p_trans_apply_df,trans_vo,64,character varying,varchar,YES,,船e行转运单证号,True,污染物转运处置表
public,stg_sjtysj_cbwrwxtzlxxxt_p_trans_apply_df,process_vo,65,character varying,varchar,YES,,船e行处置单证号,True,污染物转运处置表
public,stg_sjtysj_cbwrwxtzlxxxt_p_trans_apply_df,trans_vo_time,66,character varying,varchar,YES,,推送船e行转运时间,True,污染物转运处置表
public,stg_sjtysj_cbwrwxtzlxxxt_p_trans_apply_df,process_vo_time,67,character varying,varchar,YES,,推送船e行处置时间,True,污染物转运处置表
public,stg_sjtysj_cbwrwxtzlxxxt_p_trans_apply_df,delivery_subject_type,68,character varying,varchar,YES,,申请主体类型 4: 码头; 0:接收船舶,True,污染物转运处置表
public,stg_sjtysj_cbwrwxtzlxxxt_p_trans_apply_df,delivery_subject_id,69,bigint,int8,YES,,申请主体id,True,污染物转运处置表
public,stg_sjtysj_cbwrwxtzlxxxt_p_trans_apply_df,confirm_trans_time,70,timestamp without time zone,timestamp,YES,,确认转运时间,True,污染物转运处置表
public,stg_sjtysj_cbwrwxtzlxxxt_p_trans_apply_df,confirm_process_time,71,timestamp without time zone,timestamp,YES,,确认处置时间,True,污染物转运处置表
public,stg_sjtysj_cbwrwxtzlxxxt_p_trans_apply_df,dt,72,character varying,varchar,YES,,分区日期,True,污染物转运处置表
public,stg_sjtysj_cbwrwxtzlxxxt_p_wharf_storage_df,storage_no,1,character varying,varchar,YES,,存储编号,True,污染物码头存储表
public,stg_sjtysj_cbwrwxtzlxxxt_p_wharf_storage_df,status,2,character varying,varchar,YES,,转运状态,True,污染物码头存储表
public,stg_sjtysj_cbwrwxtzlxxxt_p_wharf_storage_df,receive_company_name,3,character varying,varchar,YES,,接收船舶公司名,True,污染物码头存储表
public,stg_sjtysj_cbwrwxtzlxxxt_p_wharf_storage_df,receive_ship_name,4,character varying,varchar,YES,,接收船名,True,污染物码头存储表
public,stg_sjtysj_cbwrwxtzlxxxt_p_wharf_storage_df,receive_ship_caption,5,character varying,varchar,YES,,接收船船长,True,污染物码头存储表
public,stg_sjtysj_cbwrwxtzlxxxt_p_wharf_storage_df,receive_ship_caption_tel,6,character varying,varchar,YES,,接收船船长电话,True,污染物码头存储表
public,stg_sjtysj_cbwrwxtzlxxxt_p_wharf_storage_df,create_by,7,character varying,varchar,YES,,创建者,True,污染物码头存储表
public,stg_sjtysj_cbwrwxtzlxxxt_p_wharf_storage_df,create_date,8,timestamp without time zone,timestamp,YES,,创建时间,True,污染物码头存储表
public,stg_sjtysj_cbwrwxtzlxxxt_p_wharf_storage_df,update_by,9,character varying,varchar,YES,,更新者,True,污染物码头存储表
public,stg_sjtysj_cbwrwxtzlxxxt_p_wharf_storage_df,update_date,10,timestamp without time zone,timestamp,YES,,更新时间,True,污染物码头存储表
public,stg_sjtysj_cbwrwxtzlxxxt_p_wharf_storage_df,confirm_by,11,character varying,varchar,YES,,确认人,True,污染物码头存储表
public,stg_sjtysj_cbwrwxtzlxxxt_p_wharf_storage_df,confirm_date,12,timestamp without time zone,timestamp,YES,,确认时间,True,污染物码头存储表
public,stg_sjtysj_cbwrwxtzlxxxt_p_wharf_storage_df,wharf_name,13,character varying,varchar,YES,,码头名称,True,污染物码头存储表
public,stg_sjtysj_cbwrwxtzlxxxt_p_wharf_storage_df,wharf_id,14,bigint,int8,YES,,码头id,True,污染物码头存储表
public,stg_sjtysj_cbwrwxtzlxxxt_p_wharf_storage_df,poll_type,15,character varying,varchar,YES,,污染物类型,True,污染物码头存储表
public,stg_sjtysj_cbwrwxtzlxxxt_p_wharf_storage_df,poll_num,16,numeric,numeric,YES,,污染物数据量,True,污染物码头存储表
public,stg_sjtysj_cbwrwxtzlxxxt_p_wharf_storage_df,poll_unit,17,character varying,varchar,YES,,污染物单位,True,污染物码头存储表
public,stg_sjtysj_cbwrwxtzlxxxt_p_wharf_storage_df,remarks,18,character varying,varchar,YES,,备注,True,污染物码头存储表
public,stg_sjtysj_cbwrwxtzlxxxt_p_wharf_storage_df,picture,19,character varying,varchar,YES,,图片地址,True,污染物码头存储表
public,stg_sjtysj_cbwrwxtzlxxxt_p_wharf_storage_df,receive_area,20,character varying,varchar,YES,,接收水域,True,污染物码头存储表
public,stg_sjtysj_cbwrwxtzlxxxt_p_wharf_storage_df,storage_order_pdf,21,character varying,varchar,YES,,存储联单地址,True,污染物码头存储表
public,stg_sjtysj_cbwrwxtzlxxxt_p_wharf_storage_df,storage_order_img,22,character varying,varchar,YES,,存储联单图片地址,True,污染物码头存储表
public,stg_sjtysj_cbwrwxtzlxxxt_p_wharf_storage_df,handover_trans_no,23,character varying,varchar,YES,,前置szy单单号（可空）,True,污染物码头存储表
public,stg_sjtysj_cbwrwxtzlxxxt_p_wharf_storage_df,apply_szy_status,24,bigint,int8,YES,,是否申请了szy单 0：未申请 1：已申请,True,污染物码头存储表
public,stg_sjtysj_cbwrwxtzlxxxt_p_wharf_storage_df,dt,25,character varying,varchar,YES,,分区日期,True,污染物码头存储表
public,stg_sslhhpj_hbsxkqycszhslzhglptjsxm_att_bas_base_df,bas_code,1,character varying,varchar,YES,,流域代码,True,流域基础信息
public,stg_sslhhpj_hbsxkqycszhslzhglptjsxm_att_bas_base_df,bas_name,2,character varying,varchar,YES,,流域名称,True,流域基础信息
public,stg_sslhhpj_hbsxkqycszhslzhglptjsxm_att_bas_base_df,parent_bas_code,3,character varying,varchar,YES,,父级流域代码,True,流域基础信息
public,stg_sslhhpj_hbsxkqycszhslzhglptjsxm_att_bas_base_df,businessid,4,character varying,varchar,YES,,统一编码,True,流域基础信息
public,stg_sslhhpj_hbsxkqycszhslzhglptjsxm_att_bas_base_df,low_left_long,5,numeric,numeric,YES,,左下角经度,True,流域基础信息
public,stg_sslhhpj_hbsxkqycszhslzhglptjsxm_att_bas_base_df,low_left_lat,6,numeric,numeric,YES,,左下角纬度,True,流域基础信息
public,stg_sslhhpj_hbsxkqycszhslzhglptjsxm_att_bas_base_df,up_right_long,7,numeric,numeric,YES,,右上角经度,True,流域基础信息
public,stg_sslhhpj_hbsxkqycszhslzhglptjsxm_att_bas_base_df,up_right_lat,8,numeric,numeric,YES,,右上角纬度,True,流域基础信息
public,stg_sslhhpj_hbsxkqycszhslzhglptjsxm_att_bas_base_df,cr_over_type,9,character varying,varchar,YES,,跨界类型 0未知 1跨国并跨省 2跨国 3跨省 4跨市 5跨县 6县界内,True,流域基础信息
public,stg_sslhhpj_hbsxkqycszhslzhglptjsxm_att_bas_base_df,adcd,10,character varying,varchar,YES,,所属行政区划编码,True,流域基础信息
public,stg_sslhhpj_hbsxkqycszhslzhglptjsxm_att_bas_base_df,bas_ad_name,11,character varying,varchar,YES,,流域所属行政区,True,流域基础信息
public,stg_sslhhpj_hbsxkqycszhslzhglptjsxm_att_bas_base_df,bas_grad,12,character varying,varchar,YES,,流域级别 1 一级流域 2二级流域 3三级流域 4四级流域 5五级流域 6六级流域 ..... .......以此类推,True,流域基础信息
public,stg_sslhhpj_hbsxkqycszhslzhglptjsxm_att_bas_base_df,bas_area,13,numeric,numeric,YES,,流域面积,True,流域基础信息
public,stg_sslhhpj_hbsxkqycszhslzhglptjsxm_att_bas_base_df,sort,14,bigint,int8,YES,,排序,True,流域基础信息
public,stg_sslhhpj_hbsxkqycszhslzhglptjsxm_att_bas_base_df,bas_source,15,character varying,varchar,YES,,流域来源：0-自然资源 1-流域治理划分流域,True,流域基础信息
public,stg_sslhhpj_hbsxkqycszhslzhglptjsxm_att_bas_base_df,note,16,character varying,varchar,YES,,流域介绍,True,流域基础信息
public,stg_sslhhpj_hbsxkqycszhslzhglptjsxm_att_bas_base_df,coordinates,17,character varying,varchar,YES,,地理坐标,True,流域基础信息
public,stg_sslhhpj_hbsxkqycszhslzhglptjsxm_att_bas_base_df,optype,18,character varying,varchar,YES,,操作类型:(0-初始 1-新增 2-修改 3-删除),True,流域基础信息
public,stg_sslhhpj_hbsxkqycszhslzhglptjsxm_att_bas_base_df,source,19,character varying,varchar,YES,,"数据来源:(数据中台,水旱灾害防御)",True,流域基础信息
public,stg_sslhhpj_hbsxkqycszhslzhglptjsxm_att_bas_base_df,optime,20,timestamp without time zone,timestamp,YES,,操作时间,True,流域基础信息
public,stg_sslhhpj_hbsxkqycszhslzhglptjsxm_att_bas_base_df,dt,21,character varying,varchar,YES,,分区日期,True,流域基础信息
public,stg_sslhhpj_hbsxkqycszhslzhglptjsxm_att_wmst_base_df,wmst_code,1,character varying,varchar,YES,,监视点代码,True,影像监视点基础信息
public,stg_sslhhpj_hbsxkqycszhslzhglptjsxm_att_wmst_base_df,wmst_name,2,character varying,varchar,YES,,监视点名称,True,影像监视点基础信息
public,stg_sslhhpj_hbsxkqycszhslzhglptjsxm_att_wmst_base_df,businessid,3,character varying,varchar,YES,,统一编码,True,影像监视点基础信息
public,stg_sslhhpj_hbsxkqycszhslzhglptjsxm_att_wmst_base_df,wmst_type,4,character varying,varchar,YES,,监视点类型(1-图像站 2-视频站),True,影像监视点基础信息
public,stg_sslhhpj_hbsxkqycszhslzhglptjsxm_att_wmst_base_df,wmst_lon,5,numeric,numeric,YES,,监视点经度,True,影像监视点基础信息
public,stg_sslhhpj_hbsxkqycszhslzhglptjsxm_att_wmst_base_df,wmst_lat,6,numeric,numeric,YES,,监视点纬度,True,影像监视点基础信息
public,stg_sslhhpj_hbsxkqycszhslzhglptjsxm_att_wmst_base_df,wmst_xzc,7,character varying,varchar,YES,,监视点所在县镇村,True,影像监视点基础信息
public,stg_sslhhpj_hbsxkqycszhslzhglptjsxm_att_wmst_base_df,wmst_loc,8,character varying,varchar,YES,,监视点所在位置(组),True,影像监视点基础信息
public,stg_sslhhpj_hbsxkqycszhslzhglptjsxm_att_wmst_base_df,adcd,9,character varying,varchar,YES,,行政区划编码,True,影像监视点基础信息
public,stg_sslhhpj_hbsxkqycszhslzhglptjsxm_att_wmst_base_df,rv_name,10,character varying,varchar,YES,,所在河流名称,True,影像监视点基础信息
public,stg_sslhhpj_hbsxkqycszhslzhglptjsxm_att_wmst_base_df,wmst_obj,11,character varying,varchar,YES,,监视对象(水库 河道 湖泊 电站 施工现场),True,影像监视点基础信息
public,stg_sslhhpj_hbsxkqycszhslzhglptjsxm_att_wmst_base_df,object_code,12,character varying,varchar,YES,,监控对象编码,True,影像监视点基础信息
public,stg_sslhhpj_hbsxkqycszhslzhglptjsxm_att_wmst_base_df,device_type,13,character varying,varchar,YES,,设备类型(枪机，半球，球机，云台枪机),True,影像监视点基础信息
public,stg_sslhhpj_hbsxkqycszhslzhglptjsxm_att_wmst_base_df,wmst_status,14,character varying,varchar,YES,,设备状态(0-离线 1-在线),True,影像监视点基础信息
public,stg_sslhhpj_hbsxkqycszhslzhglptjsxm_att_wmst_base_df,sbcs,15,character varying,varchar,YES,,设备厂商,True,影像监视点基础信息
public,stg_sslhhpj_hbsxkqycszhslzhglptjsxm_att_wmst_base_df,bmgs,16,character varying,varchar,YES,,编码格式,True,影像监视点基础信息
public,stg_sslhhpj_hbsxkqycszhslzhglptjsxm_att_wmst_base_df,fbl,17,character varying,varchar,YES,,分辨率,True,影像监视点基础信息
public,stg_sslhhpj_hbsxkqycszhslzhglptjsxm_att_wmst_base_df,ktjjfw,18,character varying,varchar,YES,,可调焦距范围,True,影像监视点基础信息
public,stg_sslhhpj_hbsxkqycszhslzhglptjsxm_att_wmst_base_df,adminunit,19,character varying,varchar,YES,,管理单位,True,影像监视点基础信息
public,stg_sslhhpj_hbsxkqycszhslzhglptjsxm_att_wmst_base_df,drctrdpt,20,character varying,varchar,YES,,主管部门,True,影像监视点基础信息
public,stg_sslhhpj_hbsxkqycszhslzhglptjsxm_att_wmst_base_df,adm_dep,21,character varying,varchar,YES,,归口管理部门(1-水利部门 2-电力部门 3-农业部门 4-林业部门 5-城建部门 6-航运部门 7-环保部门 9-其他),True,影像监视点基础信息
public,stg_sslhhpj_hbsxkqycszhslzhglptjsxm_att_wmst_base_df,note,22,character varying,varchar,YES,,监视点介绍,True,影像监视点基础信息
public,stg_sslhhpj_hbsxkqycszhslzhglptjsxm_att_wmst_base_df,region_source,23,character varying,varchar,YES,,组织来源分类,True,影像监视点基础信息
public,stg_sslhhpj_hbsxkqycszhslzhglptjsxm_att_wmst_base_df,sfxs,24,character varying,varchar,YES,,是否显示：0-不显示 1-显示,True,影像监视点基础信息
public,stg_sslhhpj_hbsxkqycszhslzhglptjsxm_att_wmst_base_df,optype,25,character varying,varchar,YES,,操作类型(0-初始 1-新增 2-修改 3-删除),True,影像监视点基础信息
public,stg_sslhhpj_hbsxkqycszhslzhglptjsxm_att_wmst_base_df,source,26,character varying,varchar,YES,,"数据来源名称(数据中台,数据填报)",True,影像监视点基础信息
public,stg_sslhhpj_hbsxkqycszhslzhglptjsxm_att_wmst_base_df,optime,27,timestamp without time zone,timestamp,YES,,操作时间,True,影像监视点基础信息
public,stg_sslhhpj_hbsxkqycszhslzhglptjsxm_att_wmst_base_df,dt,28,character varying,varchar,YES,,分区日期,True,影像监视点基础信息
public,stg_sslhhpj_hbsxkqycszhslzhglptjsxm_rcm_rv_lk_res_df,id,1,character varying,varchar,YES,,主键id,True,河湖库信息表
public,stg_sslhhpj_hbsxkqycszhslzhglptjsxm_rcm_rv_lk_res_df,obj_id,2,character varying,varchar,YES,,河流id/湖泊id/水库id,True,河湖库信息表
public,stg_sslhhpj_hbsxkqycszhslzhglptjsxm_rcm_rv_lk_res_df,obj_type,3,character varying,varchar,YES,,河湖库类型,True,河湖库信息表
public,stg_sslhhpj_hbsxkqycszhslzhglptjsxm_rcm_rv_lk_res_df,obj_code,4,character varying,varchar,YES,,河湖库编号,True,河湖库信息表
public,stg_sslhhpj_hbsxkqycszhslzhglptjsxm_rcm_rv_lk_res_df,obj_name,5,character varying,varchar,YES,,河湖库名称,True,河湖库信息表
public,stg_sslhhpj_hbsxkqycszhslzhglptjsxm_rcm_rv_lk_res_df,basin_id,6,character varying,varchar,YES,,流域id,True,河湖库信息表
public,stg_sslhhpj_hbsxkqycszhslzhglptjsxm_rcm_rv_lk_res_df,note,7,character varying,varchar,YES,,备注,True,河湖库信息表
public,stg_sslhhpj_hbsxkqycszhslzhglptjsxm_rcm_rv_lk_res_df,sort_order,8,bigint,int8,YES,,序号,True,河湖库信息表
public,stg_sslhhpj_hbsxkqycszhslzhglptjsxm_rcm_rv_lk_res_df,create_by,9,character varying,varchar,YES,,创建人,True,河湖库信息表
public,stg_sslhhpj_hbsxkqycszhslzhglptjsxm_rcm_rv_lk_res_df,create_time,10,timestamp without time zone,timestamp,YES,,创建时间,True,河湖库信息表
public,stg_sslhhpj_hbsxkqycszhslzhglptjsxm_rcm_rv_lk_res_df,update_by,11,character varying,varchar,YES,,更新人,True,河湖库信息表
public,stg_sslhhpj_hbsxkqycszhslzhglptjsxm_rcm_rv_lk_res_df,update_time,12,timestamp without time zone,timestamp,YES,,更新时间,True,河湖库信息表
public,stg_sslhhpj_hbsxkqycszhslzhglptjsxm_rcm_rv_lk_res_df,iz_del,13,character varying,varchar,YES,,是否删除,True,河湖库信息表
public,stg_sslhhpj_hbsxkqycszhslzhglptjsxm_rcm_rv_lk_res_df,water_system,14,character varying,varchar,YES,,水系,True,河湖库信息表
public,stg_sslhhpj_hbsxkqycszhslzhglptjsxm_rcm_rv_lk_res_df,dt,15,character varying,varchar,YES,,分区日期,True,河湖库信息表
public,stg_sslhhpj_hbsxkqycszhslzhglptjsxm_rel_st_source_df,st_code,1,character varying,varchar,YES,,监测站编码,True,监测站来源分类表
public,stg_sslhhpj_hbsxkqycszhslzhglptjsxm_rel_st_source_df,atcunit,2,character varying,varchar,YES,,来源分类：水文，山洪，气象，中小水库，三峡库区,True,监测站来源分类表
public,stg_sslhhpj_hbsxkqycszhslzhglptjsxm_rel_st_source_df,dt,3,character varying,varchar,YES,,分区日期,True,监测站来源分类表
public,stg_sslhhpj_hbsxkqycszhslzhglptjsxm_warn_stcd_r_df,countywarnid,1,character varying,varchar,YES,,countywarnid,True,预警测站关联表
public,stg_sslhhpj_hbsxkqycszhslzhglptjsxm_warn_stcd_r_df,warnid,2,character varying,varchar,YES,,预警id,True,预警测站关联表
public,stg_sslhhpj_hbsxkqycszhslzhglptjsxm_warn_stcd_r_df,stcd,3,character varying,varchar,YES,,测站编码,True,预警测站关联表
public,stg_sslhhpj_hbsxkqycszhslzhglptjsxm_warn_stcd_r_df,stwarnid,4,character varying,varchar,YES,,全局预警编码,True,预警测站关联表
public,stg_sslhhpj_hbsxkqycszhslzhglptjsxm_warn_stcd_r_df,countystwarnid,5,character varying,varchar,YES,,测站预警编码,True,预警测站关联表
public,stg_sslhhpj_hbsxkqycszhslzhglptjsxm_warn_stcd_r_df,dt,6,character varying,varchar,YES,,分区日期,True,预警测站关联表
public,stg_sslhhpj_hbsxkqycszhslzhglptjsxm_wr_mp_b_df,mp_cd,1,character varying,varchar,YES,,监测点代码,True,监测站(点)-取用水监测点基本信息表
public,stg_sslhhpj_hbsxkqycszhslzhglptjsxm_wr_mp_b_df,mp_nm,2,character varying,varchar,YES,,监测点名称,True,监测站(点)-取用水监测点基本信息表
public,stg_sslhhpj_hbsxkqycszhslzhglptjsxm_wr_mp_b_df,mp_addr,3,character varying,varchar,YES,,监测点地址,True,监测站(点)-取用水监测点基本信息表
public,stg_sslhhpj_hbsxkqycszhslzhglptjsxm_wr_mp_b_df,mp_item,4,character varying,varchar,YES,,监测项目,True,监测站(点)-取用水监测点基本信息表
public,stg_sslhhpj_hbsxkqycszhslzhglptjsxm_wr_mp_b_df,sour_tp,5,character varying,varchar,YES,,水源类型,True,监测站(点)-取用水监测点基本信息表
public,stg_sslhhpj_hbsxkqycszhslzhglptjsxm_wr_mp_b_df,is_auto,6,character varying,varchar,YES,,是否为直接监测,True,监测站(点)-取用水监测点基本信息表
public,stg_sslhhpj_hbsxkqycszhslzhglptjsxm_wr_mp_b_df,ts,7,timestamp without time zone,timestamp,YES,,时间戳,True,监测站(点)-取用水监测点基本信息表
public,stg_sslhhpj_hbsxkqycszhslzhglptjsxm_wr_mp_b_df,nt,8,character varying,varchar,YES,,备注,True,监测站(点)-取用水监测点基本信息表
public,stg_sslhhpj_hbsxkqycszhslzhglptjsxm_wr_mp_b_df,is_argw,9,character varying,varchar,YES,,是否为纯农业用水,True,监测站(点)-取用水监测点基本信息表
public,stg_sslhhpj_hbsxkqycszhslzhglptjsxm_wr_mp_b_df,is_stat,10,character varying,varchar,YES,,是否参与统计(9:单独过滤掉的站点),True,监测站(点)-取用水监测点基本信息表
public,stg_sslhhpj_hbsxkqycszhslzhglptjsxm_wr_mp_b_df,use_type,11,character varying,varchar,YES,,用水类型,True,监测站(点)-取用水监测点基本信息表
public,stg_sslhhpj_hbsxkqycszhslzhglptjsxm_wr_mp_b_df,mon_g,12,character varying,varchar,YES,,监控级别,True,监测站(点)-取用水监测点基本信息表
public,stg_sslhhpj_hbsxkqycszhslzhglptjsxm_wr_mp_b_df,wi_type,13,character varying,varchar,YES,,取水特征类型,True,监测站(点)-取用水监测点基本信息表
public,stg_sslhhpj_hbsxkqycszhslzhglptjsxm_wr_mp_b_df,mon_rat,14,numeric,numeric,YES,,监控比例,True,监测站(点)-取用水监测点基本信息表
public,stg_sslhhpj_hbsxkqycszhslzhglptjsxm_wr_mp_b_df,use_dt,15,timestamp without time zone,timestamp,YES,,投入使用日期,True,监测站(点)-取用水监测点基本信息表
public,stg_sslhhpj_hbsxkqycszhslzhglptjsxm_wr_mp_b_df,day_max,16,numeric,numeric,YES,,日最大取水能力,True,监测站(点)-取用水监测点基本信息表
public,stg_sslhhpj_hbsxkqycszhslzhglptjsxm_wr_mp_b_df,gq_tp,17,character varying,varchar,YES,,流量获取方式,True,监测站(点)-取用水监测点基本信息表
public,stg_sslhhpj_hbsxkqycszhslzhglptjsxm_wr_mp_b_df,isuse,18,character varying,varchar,YES,,是否启用: 0 停用 1 启用,True,监测站(点)-取用水监测点基本信息表
public,stg_sslhhpj_hbsxkqycszhslzhglptjsxm_wr_mp_b_df,phase,19,character varying,varchar,YES,,时期 1 表示一期工程(相应测站设站年月为2016年1月1日前的为一期工程) 2 表示二期工程,True,监测站(点)-取用水监测点基本信息表
public,stg_sslhhpj_hbsxkqycszhslzhglptjsxm_wr_mp_b_df,is_rep_dww,20,character varying,varchar,YES,,是否仅报送日水量,True,监测站(点)-取用水监测点基本信息表
public,stg_sslhhpj_hbsxkqycszhslzhglptjsxm_wr_mp_b_df,type,21,character varying,varchar,YES,,"取水管道类型（1.主管,2.备管,3.季节性取水）",True,监测站(点)-取用水监测点基本信息表
public,stg_sslhhpj_hbsxkqycszhslzhglptjsxm_wr_mp_b_df,lon,22,character varying,varchar,YES,,经度,True,监测站(点)-取用水监测点基本信息表
public,stg_sslhhpj_hbsxkqycszhslzhglptjsxm_wr_mp_b_df,lat,23,character varying,varchar,YES,,纬度,True,监测站(点)-取用水监测点基本信息表
public,stg_sslhhpj_hbsxkqycszhslzhglptjsxm_wr_mp_b_df,dt,24,character varying,varchar,YES,,分区日期,True,监测站(点)-取用水监测点基本信息表
public,stg_ycsjtysj_sxhyzssj_base_channel_df,id,1,bigint,int8,YES,,主键,True,航道信息表
public,stg_ycsjtysj_sxhyzssj_base_channel_df,channel_name,2,character varying,varchar,YES,,航道名,True,航道信息表
public,stg_ycsjtysj_sxhyzssj_base_channel_df,river_name,3,character varying,varchar,YES,,河流名,True,航道信息表
public,stg_ycsjtysj_sxhyzssj_base_channel_df,channel_start_point,4,character varying,varchar,YES,,航道起点,True,航道信息表
public,stg_ycsjtysj_sxhyzssj_base_channel_df,channel_end_point,5,character varying,varchar,YES,,航道终点,True,航道信息表
public,stg_ycsjtysj_sxhyzssj_base_channel_df,of_branch,6,character varying,varchar,YES,,所属支流,True,航道信息表
public,stg_ycsjtysj_sxhyzssj_base_channel_df,design_channel_mileage,7,character varying,varchar,YES,,规划航道里程(公里),True,航道信息表
public,stg_ycsjtysj_sxhyzssj_base_channel_df,delete_flag,8,bigint,int8,YES,,逻辑删除标志位,True,航道信息表
public,stg_ycsjtysj_sxhyzssj_base_channel_df,dt,9,character varying,varchar,YES,,分区日期,True,航道信息表
public,stg_ycsjtysj_sxhyzssj_base_channel_level_df,id,1,bigint,int8,YES,,主键,True,航道按等级|县市区划分
public,stg_ycsjtysj_sxhyzssj_base_channel_level_df,channel_id,2,bigint,int8,YES,,航道id,True,航道按等级|县市区划分
public,stg_ycsjtysj_sxhyzssj_base_channel_level_df,channel_name,3,character varying,varchar,YES,,航道名称,True,航道按等级|县市区划分
public,stg_ycsjtysj_sxhyzssj_base_channel_level_df,channel_river,4,character varying,varchar,YES,,航道河流名称,True,航道按等级|县市区划分
public,stg_ycsjtysj_sxhyzssj_base_channel_level_df,channel_of_branch,5,character varying,varchar,YES,,航道所属支流,True,航道按等级|县市区划分
public,stg_ycsjtysj_sxhyzssj_base_channel_level_df,level,6,character varying,varchar,YES,,航道等级,True,航道按等级|县市区划分
public,stg_ycsjtysj_sxhyzssj_base_channel_level_df,level_num,7,bigint,int8,YES,,航道等级,True,航道按等级|县市区划分
public,stg_ycsjtysj_sxhyzssj_base_channel_level_df,mileage,8,numeric,numeric,YES,,里程,True,航道按等级|县市区划分
public,stg_ycsjtysj_sxhyzssj_base_channel_level_df,area,9,character varying,varchar,YES,,县市区,True,航道按等级|县市区划分
public,stg_ycsjtysj_sxhyzssj_base_channel_level_df,dt,10,character varying,varchar,YES,,分区日期,True,航道按等级|县市区划分
public,stg_ycsjtysj_sxhyzssj_base_ship_df,id,1,bigint,int8,YES,,主键,True,图层管理（船舶）KPI
public,stg_ycsjtysj_sxhyzssj_base_ship_df,mmsi,2,character varying,varchar,YES,,,False,图层管理（船舶）KPI
public,stg_ycsjtysj_sxhyzssj_base_ship_df,custom_ship_type,3,character varying,varchar,YES,,船舶类型(集装箱船/滚装船/货船/客船/清洁船/公务船),True,图层管理（船舶）KPI
public,stg_ycsjtysj_sxhyzssj_base_ship_df,name_en,4,character varying,varchar,YES,,英文船名,True,图层管理（船舶）KPI
public,stg_ycsjtysj_sxhyzssj_base_ship_df,name_cn,5,character varying,varchar,YES,,中文船名,True,图层管理（船舶）KPI
public,stg_ycsjtysj_sxhyzssj_base_ship_df,ship_length,6,numeric,numeric,YES,,船长,True,图层管理（船舶）KPI
public,stg_ycsjtysj_sxhyzssj_base_ship_df,ship_width,7,numeric,numeric,YES,,船宽,True,图层管理（船舶）KPI
public,stg_ycsjtysj_sxhyzssj_base_ship_df,ship_left,8,numeric,numeric,YES,,左舷距,True,图层管理（船舶）KPI
public,stg_ycsjtysj_sxhyzssj_base_ship_df,ship_trail,9,numeric,numeric,YES,,尾距,True,图层管理（船舶）KPI
public,stg_ycsjtysj_sxhyzssj_base_ship_df,ship_draft,10,numeric,numeric,YES,,吃水,True,图层管理（船舶）KPI
public,stg_ycsjtysj_sxhyzssj_base_ship_df,guest_amount,11,character varying,varchar,YES,,客位数,True,图层管理（船舶）KPI
public,stg_ycsjtysj_sxhyzssj_base_ship_df,poll_scope,12,character varying,varchar,YES,,污染物接收范围（生活垃圾、生活垃圾，油污水）,True,图层管理（船舶）KPI
public,stg_ycsjtysj_sxhyzssj_base_ship_df,org,13,character varying,varchar,YES,,所属机构,True,图层管理（船舶）KPI
public,stg_ycsjtysj_sxhyzssj_base_ship_df,jxy_receive_ship_id,14,bigint,int8,YES,,清洁船净小宜id,True,图层管理（船舶）KPI
public,stg_ycsjtysj_sxhyzssj_base_ship_df,delete_flag,15,character varying,varchar,YES,,逻辑删除标志位,True,图层管理（船舶）KPI
public,stg_ycsjtysj_sxhyzssj_base_ship_df,create_time,16,timestamp without time zone,timestamp,YES,,,False,图层管理（船舶）KPI
public,stg_ycsjtysj_sxhyzssj_base_ship_df,update_time,17,timestamp without time zone,timestamp,YES,,,False,图层管理（船舶）KPI
public,stg_ycsjtysj_sxhyzssj_base_ship_df,dt,18,character varying,varchar,YES,,分区日期,True,图层管理（船舶）KPI
public,stg_ycsjtysj_sxhyzssj_data_coverage_wharf_df,id,1,bigint,int8,YES,,主键,True,图层管理（码头）KPI
public,stg_ycsjtysj_sxhyzssj_data_coverage_wharf_df,wharf_type,2,character varying,varchar,YES,,码头类型(客运码头/货运码头/环保专业码头),True,图层管理（码头）KPI
public,stg_ycsjtysj_sxhyzssj_data_coverage_wharf_df,build_scale,3,character varying,varchar,YES,,建设规模,True,图层管理（码头）KPI
public,stg_ycsjtysj_sxhyzssj_data_coverage_wharf_df,shoreline_length,4,character varying,varchar,YES,,岸线长度,True,图层管理（码头）KPI
public,stg_ycsjtysj_sxhyzssj_data_coverage_wharf_df,pass_power,5,character varying,varchar,YES,,设计年通过能力,True,图层管理（码头）KPI
public,stg_ycsjtysj_sxhyzssj_data_coverage_wharf_df,pollutant_scope,6,character varying,varchar,YES,,污染物接收范围,True,图层管理（码头）KPI
public,stg_ycsjtysj_sxhyzssj_data_coverage_wharf_df,wharf_name,7,character varying,varchar,YES,,码头简称,True,图层管理（码头）KPI
public,stg_ycsjtysj_sxhyzssj_data_coverage_wharf_df,wharf_full_name,8,character varying,varchar,YES,,码头全称,True,图层管理（码头）KPI
public,stg_ycsjtysj_sxhyzssj_data_coverage_wharf_df,jxy_wharf_id,9,bigint,int8,YES,,净小宜码头 id,True,图层管理（码头）KPI
public,stg_ycsjtysj_sxhyzssj_data_coverage_wharf_df,longitude,10,character varying,varchar,YES,,经度,True,图层管理（码头）KPI
public,stg_ycsjtysj_sxhyzssj_data_coverage_wharf_df,latitude,11,character varying,varchar,YES,,纬度,True,图层管理（码头）KPI
public,stg_ycsjtysj_sxhyzssj_data_coverage_wharf_df,img_url,12,character varying,varchar,YES,,码头图片,True,图层管理（码头）KPI
public,stg_ycsjtysj_sxhyzssj_data_coverage_wharf_df,dt,13,character varying,varchar,YES,,分区日期,True,图层管理（码头）KPI
public,stg_ycsjtysj_sxhyzssj_data_ship_info_df,mmsi,1,character varying,varchar,YES,,mmsi,True,图层管理（清洁船舶）KPI
public,stg_ycsjtysj_sxhyzssj_data_ship_info_df,name,2,character varying,varchar,YES,,船名,True,图层管理（清洁船舶）KPI
public,stg_ycsjtysj_sxhyzssj_data_ship_info_df,cnname,3,character varying,varchar,YES,,中文船名,True,图层管理（清洁船舶）KPI
public,stg_ycsjtysj_sxhyzssj_data_ship_info_df,type,4,character varying,varchar,YES,,船舶大类,True,图层管理（清洁船舶）KPI
public,stg_ycsjtysj_sxhyzssj_data_ship_info_df,jxy_receive_ship_id,5,bigint,int8,YES,,清洁船净小宜id,True,图层管理（清洁船舶）KPI
public,stg_ycsjtysj_sxhyzssj_data_ship_info_df,draught,6,character varying,varchar,YES,,吃水,True,图层管理（清洁船舶）KPI
public,stg_ycsjtysj_sxhyzssj_data_ship_info_df,length,7,character varying,varchar,YES,,船长,True,图层管理（清洁船舶）KPI
public,stg_ycsjtysj_sxhyzssj_data_ship_info_df,width,8,character varying,varchar,YES,,船宽,True,图层管理（清洁船舶）KPI
public,stg_ycsjtysj_sxhyzssj_data_ship_info_df,type_other,9,character varying,varchar,YES,,船舶小类,True,图层管理（清洁船舶）KPI
public,stg_ycsjtysj_sxhyzssj_data_ship_info_df,seat,10,character varying,varchar,YES,,座位数,True,图层管理（清洁船舶）KPI
public,stg_ycsjtysj_sxhyzssj_data_ship_info_df,dt,11,character varying,varchar,YES,,分区日期,True,图层管理（清洁船舶）KPI
public,stg_ycssthjj_ltwsjgpt_t_sjzx_wry_jbxx_df,xh,1,character varying,varchar,YES,,数据唯一标识,True,污染源_基本信息
public,stg_ycssthjj_ltwsjgpt_t_sjzx_wry_jbxx_df,entercode,2,character varying,varchar,YES,,符合HJ 608-2017第6部分的编码规则要求，用于标识唯一固定污染源,True,污染源_基本信息
public,stg_ycssthjj_ltwsjgpt_t_sjzx_wry_jbxx_df,entername,3,character varying,varchar,YES,,固定源名称,True,污染源_基本信息
public,stg_ycssthjj_ltwsjgpt_t_sjzx_wry_jbxx_df,companyname,4,character varying,varchar,YES,,固定源对应的企业名称,True,污染源_基本信息
public,stg_ycssthjj_ltwsjgpt_t_sjzx_wry_jbxx_df,tyshxydm,5,character varying,varchar,YES,,统一社会信用代码,True,污染源_基本信息
public,stg_ycssthjj_ltwsjgpt_t_sjzx_wry_jbxx_df,corpcode,6,character varying,varchar,YES,,组织机构代码,True,污染源_基本信息
public,stg_ycssthjj_ltwsjgpt_t_sjzx_wry_jbxx_df,registrationid,7,character varying,varchar,YES,,税务注册号,True,污染源_基本信息
public,stg_ycssthjj_ltwsjgpt_t_sjzx_wry_jbxx_df,licensenum,8,character varying,varchar,YES,,排污许可证代码,True,污染源_基本信息
public,stg_ycssthjj_ltwsjgpt_t_sjzx_wry_jbxx_df,code_region,9,character varying,varchar,YES,,符合GB/T 2260-2019行政区代码表,True,污染源_基本信息
public,stg_ycssthjj_ltwsjgpt_t_sjzx_wry_jbxx_df,regionname,10,character varying,varchar,YES,,符合GB/T 2260-2019行政区代码表,True,污染源_基本信息
public,stg_ycssthjj_ltwsjgpt_t_sjzx_wry_jbxx_df,sssf,11,character varying,varchar,YES,,符合GB/T 2260-2019行政区代码表，如：440000,True,污染源_基本信息
public,stg_ycssthjj_ltwsjgpt_t_sjzx_wry_jbxx_df,ssds,12,character varying,varchar,YES,,符合GB/T 2260-2019行政区代码表，如：440300,True,污染源_基本信息
public,stg_ycssthjj_ltwsjgpt_t_sjzx_wry_jbxx_df,ssqx,13,character varying,varchar,YES,,符合GB/T 2260-2019行政区代码表，如：440305,True,污染源_基本信息
public,stg_ycssthjj_ltwsjgpt_t_sjzx_wry_jbxx_df,code_trade,14,character varying,varchar,YES,,符合GB/T 4754-2017行业代码表,True,污染源_基本信息
public,stg_ycssthjj_ltwsjgpt_t_sjzx_wry_jbxx_df,tradename,15,character varying,varchar,YES,,符合GB/T 4754-2017行业代码表,True,污染源_基本信息
public,stg_ycssthjj_ltwsjgpt_t_sjzx_wry_jbxx_df,enteraddress,16,character varying,varchar,YES,,经营场所地址,True,污染源_基本信息
public,stg_ycssthjj_ltwsjgpt_t_sjzx_wry_jbxx_df,longitude,17,character varying,varchar,YES,,WGS-84坐标系，如：116.681291,True,污染源_基本信息
public,stg_ycssthjj_ltwsjgpt_t_sjzx_wry_jbxx_df,latitude,18,character varying,varchar,YES,,WGS-84坐标系，如：39.780852,True,污染源_基本信息
public,stg_ycssthjj_ltwsjgpt_t_sjzx_wry_jbxx_df,lydm,19,character varying,varchar,YES,,所属流域代码,True,污染源_基本信息
public,stg_ycssthjj_ltwsjgpt_t_sjzx_wry_jbxx_df,lymc,20,character varying,varchar,YES,,所属流域名称,True,污染源_基本信息
public,stg_ycssthjj_ltwsjgpt_t_sjzx_wry_jbxx_df,szgyyq,21,character varying,varchar,YES,,所在工业园区,True,污染源_基本信息
public,stg_ycssthjj_ltwsjgpt_t_sjzx_wry_jbxx_df,snstdm,22,character varying,varchar,YES,,受纳水体代码,True,污染源_基本信息
public,stg_ycssthjj_ltwsjgpt_t_sjzx_wry_jbxx_df,snstmc,23,character varying,varchar,YES,,受纳水体名称,True,污染源_基本信息
public,stg_ycssthjj_ltwsjgpt_t_sjzx_wry_jbxx_df,status,24,character varying,varchar,YES,,固定源状态（代码集：WRY_GDYZT）,True,污染源_基本信息
public,stg_ycssthjj_ltwsjgpt_t_sjzx_wry_jbxx_df,regaddress,25,character varying,varchar,YES,,注册地址,True,污染源_基本信息
public,stg_ycssthjj_ltwsjgpt_t_sjzx_wry_jbxx_df,corpname,26,character varying,varchar,YES,,法人名称,True,污染源_基本信息
public,stg_ycssthjj_ltwsjgpt_t_sjzx_wry_jbxx_df,telephone,27,character varying,varchar,YES,,固定电话,True,污染源_基本信息
public,stg_ycssthjj_ltwsjgpt_t_sjzx_wry_jbxx_df,environlinkmen,28,character varying,varchar,YES,,环保联系人,True,污染源_基本信息
public,stg_ycssthjj_ltwsjgpt_t_sjzx_wry_jbxx_df,environtel,29,character varying,varchar,YES,,环保联系人电话,True,污染源_基本信息
public,stg_ycssthjj_ltwsjgpt_t_sjzx_wry_jbxx_df,entersize,30,character varying,varchar,YES,,企业规模（代码集：WRY_QYGM）,True,污染源_基本信息
public,stg_ycssthjj_ltwsjgpt_t_sjzx_wry_jbxx_df,jyfw,31,character varying,varchar,YES,,经营范围,True,污染源_基本信息
public,stg_ycssthjj_ltwsjgpt_t_sjzx_wry_jbxx_df,createtime,32,timestamp without time zone,timestamp,YES,,投运时间,True,污染源_基本信息
public,stg_ycssthjj_ltwsjgpt_t_sjzx_wry_jbxx_df,fax,33,character varying,varchar,YES,,传真,True,污染源_基本信息
public,stg_ycssthjj_ltwsjgpt_t_sjzx_wry_jbxx_df,website,34,character varying,varchar,YES,,网址,True,污染源_基本信息
public,stg_ycssthjj_ltwsjgpt_t_sjzx_wry_jbxx_df,email,35,character varying,varchar,YES,,邮箱,True,污染源_基本信息
public,stg_ycssthjj_ltwsjgpt_t_sjzx_wry_jbxx_df,description,36,character varying,varchar,YES,,污染源简介,True,污染源_基本信息
public,stg_ycssthjj_ltwsjgpt_t_sjzx_wry_jbxx_df,datasource,37,character varying,varchar,YES,,数据来源（代码集：WRY_SJLY）,True,污染源_基本信息
public,stg_ycssthjj_ltwsjgpt_t_sjzx_wry_jbxx_df,orgid,38,character varying,varchar,YES,,用于数据权限，取行政区代码，省级用2位，地市用4位，区县用6位,True,污染源_基本信息
public,stg_ycssthjj_ltwsjgpt_t_sjzx_wry_jbxx_df,cjr,39,character varying,varchar,YES,,创建人,True,污染源_基本信息
public,stg_ycssthjj_ltwsjgpt_t_sjzx_wry_jbxx_df,cjsj,40,timestamp without time zone,timestamp,YES,,创建时间,True,污染源_基本信息
public,stg_ycssthjj_ltwsjgpt_t_sjzx_wry_jbxx_df,xgr,41,character varying,varchar,YES,,修改人,True,污染源_基本信息
public,stg_ycssthjj_ltwsjgpt_t_sjzx_wry_jbxx_df,xgsj,42,timestamp without time zone,timestamp,YES,,修改时间,True,污染源_基本信息
public,stg_ycssthjj_ltwsjgpt_t_sjzx_wry_jbxx_df,sjly,43,character varying,varchar,YES,,数据采集来源（代码集：SJGL_SJLY）,True,污染源_基本信息
public,stg_ycssthjj_ltwsjgpt_t_sjzx_wry_jbxx_df,rksj,44,timestamp without time zone,timestamp,YES,,默认取当前时间,True,污染源_基本信息
public,stg_ycssthjj_ltwsjgpt_t_sjzx_wry_jbxx_df,gxsj,45,timestamp without time zone,timestamp,YES,,数据修改后需要更新此时间,True,污染源_基本信息
public,stg_ycssthjj_ltwsjgpt_t_sjzx_wry_jbxx_df,czbj,46,character varying,varchar,YES,,操作标记（I：插入；U：更新；D：删除）,True,污染源_基本信息
public,stg_ycssthjj_ltwsjgpt_t_sjzx_wry_jbxx_df,dt,47,character varying,varchar,YES,,分区日期,True,污染源_基本信息
public,stg_ycssthjj_lysthjjkyjpt_t_sjzx_szzdjcz_df,ywid,1,character varying,varchar,YES,,业务id,True,城市数字公共基础设施建设__水质自动监测站
public,stg_ycssthjj_lysthjjkyjpt_t_sjzx_szzdjcz_df,ywmc,2,character varying,varchar,YES,,业务名称,True,城市数字公共基础设施建设__水质自动监测站
public,stg_ycssthjj_lysthjjkyjpt_t_sjzx_szzdjcz_df,qxbm,3,character varying,varchar,YES,,区县编码,True,城市数字公共基础设施建设__水质自动监测站
public,stg_ycssthjj_lysthjjkyjpt_t_sjzx_szzdjcz_df,ssqx,4,character varying,varchar,YES,,所属区县,True,城市数字公共基础设施建设__水质自动监测站
public,stg_ycssthjj_lysthjjkyjpt_t_sjzx_szzdjcz_df,flbm,5,character varying,varchar,YES,,分类编码,True,城市数字公共基础设施建设__水质自动监测站
public,stg_ycssthjj_lysthjjkyjpt_t_sjzx_szzdjcz_df,flmc,6,character varying,varchar,YES,,分类名称,True,城市数字公共基础设施建设__水质自动监测站
public,stg_ycssthjj_lysthjjkyjpt_t_sjzx_szzdjcz_df,21bsm,7,character varying,varchar,YES,,21位标识码,True,城市数字公共基础设施建设__水质自动监测站
public,stg_ycssthjj_lysthjjkyjpt_t_sjzx_szzdjcz_df,zcbm,8,character varying,varchar,YES,,注册部门,True,城市数字公共基础设施建设__水质自动监测站
public,stg_ycssthjj_lysthjjkyjpt_t_sjzx_szzdjcz_df,dm,9,character varying,varchar,YES,,短码,True,城市数字公共基础设施建设__水质自动监测站
public,stg_ycssthjj_lysthjjkyjpt_t_sjzx_szzdjcz_df,bdm,10,character varying,varchar,YES,,北斗码,True,城市数字公共基础设施建设__水质自动监测站
public,stg_ycssthjj_lysthjjkyjpt_t_sjzx_szzdjcz_df,19bsm,11,character varying,varchar,YES,,19位标识码,True,城市数字公共基础设施建设__水质自动监测站
public,stg_ycssthjj_lysthjjkyjpt_t_sjzx_szzdjcz_df,dt,12,character varying,varchar,YES,,分区日期,True,城市数字公共基础设施建设__水质自动监测站
public,stg_ycssthjj_wryzxjkpt_t_zxjc_s_w_1_df,xh,1,character varying,varchar,NO,,序号,True,监控数据_日数据_污染物_
public,stg_ycssthjj_wryzxjkpt_t_zxjc_s_w_1_df,jcdxh,2,character varying,varchar,YES,,监测点序号,True,监控数据_日数据_污染物_
public,stg_ycssthjj_wryzxjkpt_t_zxjc_s_w_1_df,jcsj,3,timestamp without time zone,timestamp,YES,,监测时间,True,监控数据_日数据_污染物_
public,stg_ycssthjj_wryzxjkpt_t_zxjc_s_w_1_df,wrwbh,4,character varying,varchar,YES,,污染源编号,True,监控数据_日数据_污染物_
public,stg_ycssthjj_wryzxjkpt_t_zxjc_s_w_1_df,zxjcz,5,numeric,numeric,YES,,最新监测值,True,监控数据_日数据_污染物_
public,stg_ycssthjj_wryzxjkpt_t_zxjc_s_w_1_df,pjjcz,6,numeric,numeric,YES,,平均监测值,True,监控数据_日数据_污染物_
public,stg_ycssthjj_wryzxjkpt_t_zxjc_s_w_1_df,zdjcz,7,numeric,numeric,YES,,最大监测值,True,监控数据_日数据_污染物_
public,stg_ycssthjj_wryzxjkpt_t_zxjc_s_w_1_df,xyz,8,numeric,numeric,YES,,最小监测值,True,监控数据_日数据_污染物_
public,stg_ycssthjj_wryzxjkpt_t_zxjc_s_w_1_df,zxzsz,9,numeric,numeric,YES,,最新指数值,True,监控数据_日数据_污染物_
public,stg_ycssthjj_wryzxjkpt_t_zxjc_s_w_1_df,pjzsz,10,numeric,numeric,YES,,平均指数值,True,监控数据_日数据_污染物_
public,stg_ycssthjj_wryzxjkpt_t_zxjc_s_w_1_df,zdzsz,11,numeric,numeric,YES,,最大指数值,True,监控数据_日数据_污染物_
public,stg_ycssthjj_wryzxjkpt_t_zxjc_s_w_1_df,xyzsz,12,numeric,numeric,YES,,最小指数值,True,监控数据_日数据_污染物_
public,stg_ycssthjj_wryzxjkpt_t_zxjc_s_w_1_df,wrwpfl,13,numeric,numeric,YES,,污染物排放量,True,监控数据_日数据_污染物_
public,stg_ycssthjj_wryzxjkpt_t_zxjc_s_w_1_df,xywrwpfl,14,numeric,numeric,YES,,小时污染物排放量,True,监控数据_日数据_污染物_
public,stg_ycssthjj_wryzxjkpt_t_zxjc_s_w_1_df,sjly,15,character varying,varchar,YES,,数据来源,True,监控数据_日数据_污染物_
public,stg_ycssthjj_wryzxjkpt_t_zxjc_s_w_1_df,sjzt,16,character varying,varchar,YES,,数据状态,True,监控数据_日数据_污染物_
public,stg_ycssthjj_wryzxjkpt_t_zxjc_s_w_1_df,zt,17,character varying,varchar,YES,,记录状态,True,监控数据_日数据_污染物_
public,stg_ycssthjj_wryzxjkpt_t_zxjc_s_w_1_df,orgid,18,character varying,varchar,YES,,所属机构ID,True,监控数据_日数据_污染物_
public,stg_ycssthjj_wryzxjkpt_t_zxjc_s_w_1_df,cjr,19,character varying,varchar,YES,,创建人,True,监控数据_日数据_污染物_
public,stg_ycssthjj_wryzxjkpt_t_zxjc_s_w_1_df,cjsj,20,timestamp without time zone,timestamp,YES,,创建时间,True,监控数据_日数据_污染物_
public,stg_ycssthjj_wryzxjkpt_t_zxjc_s_w_1_df,xgr,21,character varying,varchar,YES,,修改人,True,监控数据_日数据_污染物_
public,stg_ycssthjj_wryzxjkpt_t_zxjc_s_w_1_df,xgsj,22,timestamp without time zone,timestamp,YES,,修改时间,True,监控数据_日数据_污染物_
public,stg_ycssthjj_wryzxjkpt_t_zxjc_s_w_1_df,dt,23,character varying,varchar,YES,,分区日期,True,监控数据_日数据_污染物_
public,wh_hydrological_day_records,id,1,bigint,int8,NO,,id,True,水文监测日记录表
public,wh_hydrological_day_records,station_id,2,bigint,int8,YES,,所属站点id,True,水文监测日记录表
public,wh_hydrological_day_records,m1_value,3,double precision,float8,YES,,水深（单位米）,True,水文监测日记录表
public,wh_hydrological_day_records,m1_count,4,bigint,int8,YES,,记录数1,True,水文监测日记录表
public,wh_hydrological_day_records,m2_value,5,double precision,float8,YES,,流速（单位m/s）,True,水文监测日记录表
public,wh_hydrological_day_records,m2_count,6,bigint,int8,YES,,记录数2,True,水文监测日记录表
public,wh_hydrological_day_records,m3_value,7,double precision,float8,YES,,流量（单位m3/s）,True,水文监测日记录表
public,wh_hydrological_day_records,m3_count,8,bigint,int8,YES,,记录数3,True,水文监测日记录表
public,wh_hydrological_day_records,m4_value,9,double precision,float8,YES,,m4_value,True,水文监测日记录表
public,wh_hydrological_day_records,m4_count,10,bigint,int8,YES,,记录数4,True,水文监测日记录表
public,wh_hydrological_day_records,m5_value,11,double precision,float8,YES,,m5_value,True,水文监测日记录表
public,wh_hydrological_day_records,m5_count,12,bigint,int8,YES,,记录数5,True,水文监测日记录表
public,wh_hydrological_day_records,m6_value,13,double precision,float8,YES,,m6_value,True,水文监测日记录表
public,wh_hydrological_day_records,m6_count,14,bigint,int8,YES,,记录数6,True,水文监测日记录表
public,wh_hydrological_day_records,m7_value,15,double precision,float8,YES,,m7_value,True,水文监测日记录表
public,wh_hydrological_day_records,m7_count,16,bigint,int8,YES,,记录数7,True,水文监测日记录表
public,wh_hydrological_day_records,m8_value,17,double precision,float8,YES,,m8_value,True,水文监测日记录表
public,wh_hydrological_day_records,m8_count,18,bigint,int8,YES,,记录数8,True,水文监测日记录表
public,wh_hydrological_day_records,m9_value,19,double precision,float8,YES,,m9_value,True,水文监测日记录表
public,wh_hydrological_day_records,m9_count,20,bigint,int8,YES,,记录数9,True,水文监测日记录表
public,wh_hydrological_day_records,m10_value,21,double precision,float8,YES,,m10_value,True,水文监测日记录表
public,wh_hydrological_day_records,m10_count,22,bigint,int8,YES,,记录数10,True,水文监测日记录表
public,wh_hydrological_day_records,record_type,23,character,bpchar,YES,,记录类型：0 自动、1 手工,True,水文监测日记录表
public,wh_hydrological_day_records,monitor_time,24,timestamp without time zone,timestamp,YES,,监测时间,True,水文监测日记录表
public,wh_hydrological_day_records,create_by,25,bigint,int8,YES,,创建人,True,水文监测日记录表
public,wh_hydrological_day_records,create_time,26,timestamp without time zone,timestamp,YES,,创建时间,True,水文监测日记录表
public,wh_hydrological_day_records,update_by,27,bigint,int8,YES,,更新人,True,水文监测日记录表
public,wh_hydrological_day_records,update_time,28,timestamp without time zone,timestamp,YES,,更新时间,True,水文监测日记录表
public,wh_hydrological_day_records,del_flag,29,character,bpchar,YES,0,删除标记：0 未删除、1 已删除,True,水文监测日记录表
public,wh_hydrological_hour_records,id,1,bigint,int8,NO,,id,True,水文监测小时记录表
public,wh_hydrological_hour_records,station_id,2,bigint,int8,YES,,所属站点id,True,水文监测小时记录表
public,wh_hydrological_hour_records,m1_value,3,double precision,float8,YES,,水深（单位米）,True,水文监测小时记录表
public,wh_hydrological_hour_records,m2_value,4,double precision,float8,YES,,流速（单位m/s）,True,水文监测小时记录表
public,wh_hydrological_hour_records,m3_value,5,double precision,float8,YES,,流量（单位m3/s）,True,水文监测小时记录表
public,wh_hydrological_hour_records,m4_value,6,double precision,float8,YES,,m4_value,True,水文监测小时记录表
public,wh_hydrological_hour_records,m5_value,7,double precision,float8,YES,,m5_value,True,水文监测小时记录表
public,wh_hydrological_hour_records,m6_value,8,double precision,float8,YES,,m6_value,True,水文监测小时记录表
public,wh_hydrological_hour_records,m7_value,9,double precision,float8,YES,,m7_value,True,水文监测小时记录表
public,wh_hydrological_hour_records,m8_value,10,double precision,float8,YES,,m8_value,True,水文监测小时记录表
public,wh_hydrological_hour_records,m9_value,11,double precision,float8,YES,,m9_value,True,水文监测小时记录表
public,wh_hydrological_hour_records,m10_value,12,double precision,float8,YES,,m10_value,True,水文监测小时记录表
public,wh_hydrological_hour_records,record_type,13,character,bpchar,YES,,记录类型：0 自动、1 手工,True,水文监测小时记录表
public,wh_hydrological_hour_records,monitor_time,14,timestamp without time zone,timestamp,YES,,监测时间,True,水文监测小时记录表
public,wh_hydrological_hour_records,create_by,15,bigint,int8,YES,,创建人,True,水文监测小时记录表
public,wh_hydrological_hour_records,create_time,16,timestamp without time zone,timestamp,YES,,创建时间,True,水文监测小时记录表
public,wh_hydrological_hour_records,update_by,17,bigint,int8,YES,,更新人,True,水文监测小时记录表
public,wh_hydrological_hour_records,update_time,18,timestamp without time zone,timestamp,YES,,更新时间,True,水文监测小时记录表
public,wh_hydrological_hour_records,del_flag,19,character,bpchar,YES,0,删除标记：0 未删除、1 已删除,True,水文监测小时记录表
public,wh_hydrological_records_1,id,1,bigint,int8,NO,,主键id,True,水文数据表
public,wh_hydrological_records_1,station_id,2,bigint,int8,YES,,所属站点id,True,水文数据表
public,wh_hydrological_records_1,indicator_code,3,character varying,varchar,YES,,监测指标编号,True,水文数据表
public,wh_hydrological_records_1,monitor_value,4,double precision,float8,YES,,监测值,True,水文数据表
public,wh_hydrological_records_1,monitor_time,5,timestamp without time zone,timestamp,YES,,监测时间,True,水文数据表
public,wh_hydrological_records_1,record_type,6,character,bpchar,YES,,记录类型：0 自动、1 手工,True,水文数据表
public,wh_hydrological_records_1,create_by,7,bigint,int8,YES,,创建人,True,水文数据表
public,wh_hydrological_records_1,create_time,8,timestamp without time zone,timestamp,YES,,创建时间,True,水文数据表
public,wh_hydrological_records_1,update_by,9,bigint,int8,YES,,更新人,True,水文数据表
public,wh_hydrological_records_1,update_time,10,timestamp without time zone,timestamp,YES,,更新时间,True,水文数据表
public,wh_hydrological_records_1,del_flag,11,character,bpchar,YES,0,删除标记：0 未删除、1 已删除,True,水文数据表
public,wh_meteorological_day_records,id,1,bigint,int8,NO,,id,True,气象数据日记录表
public,wh_meteorological_day_records,station_id,2,bigint,int8,YES,,所属站点id,True,气象数据日记录表
public,wh_meteorological_day_records,m1_value,3,double precision,float8,YES,,风速（单位m/s）,True,气象数据日记录表
public,wh_meteorological_day_records,m1_count,4,bigint,int8,YES,,记录数1,True,气象数据日记录表
public,wh_meteorological_day_records,m2_value,5,double precision,float8,YES,,风向,True,气象数据日记录表
public,wh_meteorological_day_records,m2_count,6,bigint,int8,YES,,记录数2,True,气象数据日记录表
public,wh_meteorological_day_records,m3_value,7,double precision,float8,YES,,气压（单位hPa）,True,气象数据日记录表
public,wh_meteorological_day_records,m3_count,8,bigint,int8,YES,,记录数3,True,气象数据日记录表
public,wh_meteorological_day_records,m4_value,9,double precision,float8,YES,,气温（单位℃）,True,气象数据日记录表
public,wh_meteorological_day_records,m4_count,10,bigint,int8,YES,,记录数4,True,气象数据日记录表
public,wh_meteorological_day_records,m5_value,11,double precision,float8,YES,,相对湿度（单位RH）,True,气象数据日记录表
public,wh_meteorological_day_records,m5_count,12,bigint,int8,YES,,记录数5,True,气象数据日记录表
public,wh_meteorological_day_records,m6_value,13,double precision,float8,YES,,雨量（单位mm/m2）,True,气象数据日记录表
public,wh_meteorological_day_records,m6_count,14,bigint,int8,YES,,记录数6,True,气象数据日记录表
public,wh_meteorological_day_records,m7_value,15,double precision,float8,YES,,蒸发量（单位mm/m2）,True,气象数据日记录表
public,wh_meteorological_day_records,m7_count,16,bigint,int8,YES,,记录数7,True,气象数据日记录表
public,wh_meteorological_day_records,m8_value,17,double precision,float8,YES,,小时降雨量（mm）,True,气象数据日记录表
public,wh_meteorological_day_records,m8_count,18,bigint,int8,YES,,记录数8,True,气象数据日记录表
public,wh_meteorological_day_records,m9_value,19,double precision,float8,YES,,24小时降雨量（mm）,True,气象数据日记录表
public,wh_meteorological_day_records,m9_count,20,bigint,int8,YES,,记录数9,True,气象数据日记录表
public,wh_meteorological_day_records,m10_value,21,double precision,float8,YES,,累计降雨量（mm）,True,气象数据日记录表
public,wh_meteorological_day_records,m10_count,22,bigint,int8,YES,,记录数10,True,气象数据日记录表
public,wh_meteorological_day_records,m11_value,23,double precision,float8,YES,,m11_value,True,气象数据日记录表
public,wh_meteorological_day_records,m11_count,24,bigint,int8,YES,,记录数11,True,气象数据日记录表
public,wh_meteorological_day_records,m12_value,25,double precision,float8,YES,,m12_value,True,气象数据日记录表
public,wh_meteorological_day_records,m12_count,26,bigint,int8,YES,,记录数12,True,气象数据日记录表
public,wh_meteorological_day_records,m13_value,27,double precision,float8,YES,,m13_value,True,气象数据日记录表
public,wh_meteorological_day_records,m13_count,28,bigint,int8,YES,,记录数13,True,气象数据日记录表
public,wh_meteorological_day_records,m14_value,29,double precision,float8,YES,,m14_value,True,气象数据日记录表
public,wh_meteorological_day_records,m14_count,30,bigint,int8,YES,,记录数14,True,气象数据日记录表
public,wh_meteorological_day_records,m15_value,31,double precision,float8,YES,,m15_value,True,气象数据日记录表
public,wh_meteorological_day_records,m15_count,32,bigint,int8,YES,,记录数15,True,气象数据日记录表
public,wh_meteorological_day_records,rain_fall,33,double precision,float8,YES,,8-20时降水量（mm）,True,气象数据日记录表
public,wh_meteorological_day_records,high_temp,34,double precision,float8,YES,,日最高气温（℃）,True,气象数据日记录表
public,wh_meteorological_day_records,low_temp,35,double precision,float8,YES,,日最低气温（℃）,True,气象数据日记录表
public,wh_meteorological_day_records,record_type,36,character,bpchar,YES,,记录类型：0 自动、1 手工,True,气象数据日记录表
public,wh_meteorological_day_records,monitor_time,37,timestamp without time zone,timestamp,YES,,监测时间,True,气象数据日记录表
public,wh_meteorological_day_records,create_by,38,bigint,int8,YES,,创建人,True,气象数据日记录表
public,wh_meteorological_day_records,create_time,39,timestamp without time zone,timestamp,YES,,创建时间,True,气象数据日记录表
public,wh_meteorological_day_records,update_by,40,bigint,int8,YES,,更新人,True,气象数据日记录表
public,wh_meteorological_day_records,update_time,41,timestamp without time zone,timestamp,YES,,更新时间,True,气象数据日记录表
public,wh_meteorological_day_records,del_flag,42,character,bpchar,YES,0,删除标记：0 未删除、1 已删除,True,气象数据日记录表
public,wh_meteorological_hour_records,id,1,bigint,int8,NO,,id,True,气象数据小时记录表
public,wh_meteorological_hour_records,station_id,2,bigint,int8,YES,,所属站点id,True,气象数据小时记录表
public,wh_meteorological_hour_records,m1_value,3,double precision,float8,YES,,风速（m/s）,True,气象数据小时记录表
public,wh_meteorological_hour_records,m2_value,4,double precision,float8,YES,,风向,True,气象数据小时记录表
public,wh_meteorological_hour_records,m3_value,5,double precision,float8,YES,,气压（hPa）,True,气象数据小时记录表
public,wh_meteorological_hour_records,m4_value,6,double precision,float8,YES,,气温（℃）,True,气象数据小时记录表
public,wh_meteorological_hour_records,m5_value,7,double precision,float8,YES,,相对湿度（%）,True,气象数据小时记录表
public,wh_meteorological_hour_records,m6_value,8,double precision,float8,YES,,分钟降雨量（mm）,True,气象数据小时记录表
public,wh_meteorological_hour_records,m7_value,9,double precision,float8,YES,,蒸发量（单位mm/m2）,True,气象数据小时记录表
public,wh_meteorological_hour_records,m8_value,10,double precision,float8,YES,,小时降雨量（mm）,True,气象数据小时记录表
public,wh_meteorological_hour_records,m9_value,11,double precision,float8,YES,,24小时降雨量（mm）,True,气象数据小时记录表
public,wh_meteorological_hour_records,m10_value,12,double precision,float8,YES,,累计降雨量（mm）,True,气象数据小时记录表
public,wh_meteorological_hour_records,m11_value,13,double precision,float8,YES,,m11_value,True,气象数据小时记录表
public,wh_meteorological_hour_records,m12_value,14,double precision,float8,YES,,m12_value,True,气象数据小时记录表
public,wh_meteorological_hour_records,m13_value,15,double precision,float8,YES,,m13_value,True,气象数据小时记录表
public,wh_meteorological_hour_records,m14_value,16,double precision,float8,YES,,m14_value,True,气象数据小时记录表
public,wh_meteorological_hour_records,m15_value,17,double precision,float8,YES,,m15_value,True,气象数据小时记录表
public,wh_meteorological_hour_records,record_type,18,character,bpchar,YES,,记录类型：0 自动、1 手工,True,气象数据小时记录表
public,wh_meteorological_hour_records,monitor_time,19,timestamp without time zone,timestamp,YES,,监测时间,True,气象数据小时记录表
public,wh_meteorological_hour_records,create_by,20,bigint,int8,YES,,创建人,True,气象数据小时记录表
public,wh_meteorological_hour_records,create_time,21,timestamp without time zone,timestamp,YES,,创建时间,True,气象数据小时记录表
public,wh_meteorological_hour_records,update_by,22,bigint,int8,YES,,更新人,True,气象数据小时记录表
public,wh_meteorological_hour_records,update_time,23,timestamp without time zone,timestamp,YES,,更新时间,True,气象数据小时记录表
public,wh_meteorological_hour_records,del_flag,24,character,bpchar,YES,0,删除标记：0 未删除、1 已删除,True,气象数据小时记录表
public,wh_meteorological_predict_day_records,id,1,text,text,NO,,id,True,气象预报日记录表
public,wh_meteorological_predict_day_records,station_id,2,bigint,int8,YES,,所属站点id,True,气象预报日记录表
public,wh_meteorological_predict_day_records,winddirect_10m_24h,3,double precision,float8,YES,,,False,气象预报日记录表
public,wh_meteorological_predict_day_records,winddirect8_10m_24h,4,character varying,varchar,YES,,,False,气象预报日记录表
public,wh_meteorological_predict_day_records,winddirect16_10m_24h,5,character varying,varchar,YES,,,False,气象预报日记录表
public,wh_meteorological_predict_day_records,hum_2m_24h,6,double precision,float8,YES,,,False,气象预报日记录表
public,wh_meteorological_predict_day_records,hum_2m_24h_min,7,double precision,float8,YES,,,False,气象预报日记录表
public,wh_meteorological_predict_day_records,hum_2m_24h_max,8,double precision,float8,YES,,,False,气象预报日记录表
public,wh_meteorological_predict_day_records,stapress_24h,9,double precision,float8,YES,,,False,气象预报日记录表
public,wh_meteorological_predict_day_records,pressure_24h,10,double precision,float8,YES,,,False,气象预报日记录表
public,wh_meteorological_predict_day_records,p850inver_24h,11,double precision,float8,YES,,,False,气象预报日记录表
public,wh_meteorological_predict_day_records,p925inver_24h,12,double precision,float8,YES,,,False,气象预报日记录表
public,wh_meteorological_predict_day_records,swdown_24h,13,double precision,float8,YES,,,False,气象预报日记录表
public,wh_meteorological_predict_day_records,glw_24h,14,double precision,float8,YES,,,False,气象预报日记录表
public,wh_meteorological_predict_day_records,height_24h,15,double precision,float8,YES,,,False,气象预报日记录表
public,wh_meteorological_predict_day_records,rain_24h_total,16,double precision,float8,YES,,,False,气象预报日记录表
public,wh_meteorological_predict_day_records,dewpoint_24h,17,double precision,float8,YES,,,False,气象预报日记录表
public,wh_meteorological_predict_day_records,lowcloud_24h,18,double precision,float8,YES,,,False,气象预报日记录表
public,wh_meteorological_predict_day_records,midcloud_24h,19,double precision,float8,YES,,,False,气象预报日记录表
public,wh_meteorological_predict_day_records,highcloud_24h,20,double precision,float8,YES,,,False,气象预报日记录表
public,wh_meteorological_predict_day_records,totalcloud_24h,21,double precision,float8,YES,,,False,气象预报日记录表
public,wh_meteorological_predict_day_records,tem_2m_24h,22,double precision,float8,YES,,,False,气象预报日记录表
public,wh_meteorological_predict_day_records,tem_2m_24h_min,23,double precision,float8,YES,,,False,气象预报日记录表
public,wh_meteorological_predict_day_records,tem_2m_24h_max,24,double precision,float8,YES,,,False,气象预报日记录表
public,wh_meteorological_predict_day_records,visib_24h,25,double precision,float8,YES,,,False,气象预报日记录表
public,wh_meteorological_predict_day_records,pbl_24h,26,double precision,float8,YES,,,False,气象预报日记录表
public,wh_meteorological_predict_day_records,pbl_24h_min,27,double precision,float8,YES,,,False,气象预报日记录表
public,wh_meteorological_predict_day_records,pbl_24h_max,28,double precision,float8,YES,,,False,气象预报日记录表
public,wh_meteorological_predict_day_records,windspeed_10m_24h,29,double precision,float8,YES,,,False,气象预报日记录表
public,wh_meteorological_predict_day_records,windspeed_10m_24h_min,30,double precision,float8,YES,,,False,气象预报日记录表
public,wh_meteorological_predict_day_records,windspeed_10m_24h_max,31,double precision,float8,YES,,,False,气象预报日记录表
public,wh_meteorological_predict_day_records,predictiontime,32,timestamp without time zone,timestamp,YES,,,False,气象预报日记录表
public,wh_meteorological_predict_day_records,time,33,bigint,int8,YES,,"预报时次,如08时、20时",True,气象预报日记录表
public,wh_meteorological_predict_day_records,predictioninterval,34,bigint,int8,YES,,,False,气象预报日记录表
public,wh_meteorological_predict_day_records,datadate,35,timestamp without time zone,timestamp,YES,,,False,气象预报日记录表
public,wh_meteorological_predict_day_records,create_by,36,bigint,int8,YES,,创建人,True,气象预报日记录表
public,wh_meteorological_predict_day_records,create_time,37,timestamp without time zone,timestamp,YES,,创建时间,True,气象预报日记录表
public,wh_meteorological_predict_day_records,update_by,38,bigint,int8,YES,,更新人,True,气象预报日记录表
public,wh_meteorological_predict_day_records,update_time,39,timestamp without time zone,timestamp,YES,,更新时间,True,气象预报日记录表
public,wh_meteorological_predict_day_records,del_flag,40,character,bpchar,YES,0,删除标记：0 未删除、1 已删除,True,气象预报日记录表
public,wh_meteorological_predict_hour_records,id,1,text,text,NO,,id,True,气象预报小时记录表
public,wh_meteorological_predict_hour_records,station_id,2,bigint,int8,YES,,所属站点id,True,气象预报小时记录表
public,wh_meteorological_predict_hour_records,winddirect_10m_1h,3,double precision,float8,YES,,,False,气象预报小时记录表
public,wh_meteorological_predict_hour_records,winddirect8_10m_1h,4,character varying,varchar,YES,,,False,气象预报小时记录表
public,wh_meteorological_predict_hour_records,winddirect16_10m_1h,5,character varying,varchar,YES,,,False,气象预报小时记录表
public,wh_meteorological_predict_hour_records,windspeed_10m_1h,6,double precision,float8,YES,,,False,气象预报小时记录表
public,wh_meteorological_predict_hour_records,tem_2m_1h,7,double precision,float8,YES,,,False,气象预报小时记录表
public,wh_meteorological_predict_hour_records,hum_2m_1h,8,double precision,float8,YES,,,False,气象预报小时记录表
public,wh_meteorological_predict_hour_records,dewpoint_1h,9,double precision,float8,YES,,,False,气象预报小时记录表
public,wh_meteorological_predict_hour_records,dtem_2m_1h,10,double precision,float8,YES,,,False,气象预报小时记录表
public,wh_meteorological_predict_hour_records,dtem_2m_3h,11,double precision,float8,YES,,,False,气象预报小时记录表
public,wh_meteorological_predict_hour_records,dtem_2m_6h,12,double precision,float8,YES,,,False,气象预报小时记录表
public,wh_meteorological_predict_hour_records,dtem_2m_12h,13,double precision,float8,YES,,,False,气象预报小时记录表
public,wh_meteorological_predict_hour_records,dtem_2m_24h,14,double precision,float8,YES,,,False,气象预报小时记录表
public,wh_meteorological_predict_hour_records,rain_1h,15,double precision,float8,YES,,,False,气象预报小时记录表
public,wh_meteorological_predict_hour_records,rain_3h,16,double precision,float8,YES,,,False,气象预报小时记录表
public,wh_meteorological_predict_hour_records,rain_6h,17,double precision,float8,YES,,,False,气象预报小时记录表
public,wh_meteorological_predict_hour_records,rain_12h,18,double precision,float8,YES,,,False,气象预报小时记录表
public,wh_meteorological_predict_hour_records,rain_24h,19,double precision,float8,YES,,,False,气象预报小时记录表
public,wh_meteorological_predict_hour_records,lowcloud_1h,20,double precision,float8,YES,,,False,气象预报小时记录表
public,wh_meteorological_predict_hour_records,midcloud_1h,21,double precision,float8,YES,,,False,气象预报小时记录表
public,wh_meteorological_predict_hour_records,highcloud_1h,22,double precision,float8,YES,,,False,气象预报小时记录表
public,wh_meteorological_predict_hour_records,totalcloud_1h,23,double precision,float8,YES,,,False,气象预报小时记录表
public,wh_meteorological_predict_hour_records,pbl_1h,24,double precision,float8,YES,,,False,气象预报小时记录表
public,wh_meteorological_predict_hour_records,height_1h,25,double precision,float8,YES,,,False,气象预报小时记录表
public,wh_meteorological_predict_hour_records,pressure_1h,26,double precision,float8,YES,,,False,气象预报小时记录表
public,wh_meteorological_predict_hour_records,stapress_1h,27,double precision,float8,YES,,,False,气象预报小时记录表
public,wh_meteorological_predict_hour_records,glw_1h,28,double precision,float8,YES,,,False,气象预报小时记录表
public,wh_meteorological_predict_hour_records,swdown_1h,29,double precision,float8,YES,,,False,气象预报小时记录表
public,wh_meteorological_predict_hour_records,p850inver_1h,30,double precision,float8,YES,,,False,气象预报小时记录表
public,wh_meteorological_predict_hour_records,p925inver_1h,31,double precision,float8,YES,,,False,气象预报小时记录表
public,wh_meteorological_predict_hour_records,visib_1h,32,double precision,float8,YES,,,False,气象预报小时记录表
public,wh_meteorological_predict_hour_records,predictiontime,33,timestamp without time zone,timestamp,YES,,,False,气象预报小时记录表
public,wh_meteorological_predict_hour_records,time,34,bigint,int8,YES,,"预报时次,如08时、20时",True,气象预报小时记录表
public,wh_meteorological_predict_hour_records,predictioninterval,35,bigint,int8,YES,,,False,气象预报小时记录表
public,wh_meteorological_predict_hour_records,datadate,36,timestamp without time zone,timestamp,YES,,,False,气象预报小时记录表
public,wh_meteorological_predict_hour_records,create_by,37,bigint,int8,YES,,创建人,True,气象预报小时记录表
public,wh_meteorological_predict_hour_records,create_time,38,timestamp without time zone,timestamp,YES,,创建时间,True,气象预报小时记录表
public,wh_meteorological_predict_hour_records,update_by,39,bigint,int8,YES,,更新人,True,气象预报小时记录表
public,wh_meteorological_predict_hour_records,update_time,40,timestamp without time zone,timestamp,YES,,更新时间,True,气象预报小时记录表
public,wh_meteorological_predict_hour_records,del_flag,41,character,bpchar,YES,0,删除标记：0 未删除、1 已删除,True,气象预报小时记录表
public,wh_meteorological_records_1,id,1,bigint,int8,NO,,数据id,True,气象数据表
public,wh_meteorological_records_1,station_id,2,bigint,int8,YES,,所属站点id,True,气象数据表
public,wh_meteorological_records_1,indicator_code,3,character varying,varchar,YES,,监测指标编号,True,气象数据表
public,wh_meteorological_records_1,monitor_value,4,double precision,float8,YES,,监测值,True,气象数据表
public,wh_meteorological_records_1,monitor_time,5,timestamp without time zone,timestamp,YES,,监测时间,True,气象数据表
public,wh_meteorological_records_1,record_type,6,character,bpchar,YES,,记录类型：0 自动、1 手工,True,气象数据表
public,wh_meteorological_records_1,create_by,7,bigint,int8,YES,,创建人,True,气象数据表
public,wh_meteorological_records_1,create_time,8,timestamp without time zone,timestamp,YES,,创建时间,True,气象数据表
public,wh_meteorological_records_1,update_by,9,bigint,int8,YES,,更新人,True,气象数据表
public,wh_meteorological_records_1,update_time,10,timestamp without time zone,timestamp,YES,,更新时间,True,气象数据表
public,wh_meteorological_records_1,del_flag,11,character,bpchar,YES,0,删除标记：0 未删除、1 已删除,True,气象数据表
public,wm_camera_info,id,1,bigint,int8,NO,,主键,True,摄像头基本信息表
public,wm_camera_info,camera_name,2,character varying,varchar,YES,,摄像头名称,True,摄像头基本信息表
public,wm_camera_info,device_type,3,character varying,varchar,YES,,设备类型,True,摄像头基本信息表
public,wm_camera_info,device_code,4,character varying,varchar,YES,,设备编号,True,摄像头基本信息表
public,wm_camera_info,device_supplier,5,character varying,varchar,YES,,设备厂商,True,摄像头基本信息表
public,wm_camera_info,device_origin,6,character varying,varchar,YES,,设备来源,True,摄像头基本信息表
public,wm_camera_info,address,7,character varying,varchar,YES,,摄像头地址,True,摄像头基本信息表
public,wm_camera_info,lon,8,numeric,numeric,YES,,经度,True,摄像头基本信息表
public,wm_camera_info,lat,9,numeric,numeric,YES,,纬度,True,摄像头基本信息表
public,wm_camera_info,monitor_subject,10,character varying,varchar,YES,,监控对象,True,摄像头基本信息表
public,wm_camera_info,remark,11,character varying,varchar,YES,,备注,True,摄像头基本信息表
public,wm_camera_info,create_by,12,bigint,int8,YES,,创建人,True,摄像头基本信息表
public,wm_camera_info,create_time,13,timestamp without time zone,timestamp,YES,,创建时间,True,摄像头基本信息表
public,wm_camera_info,update_by,14,bigint,int8,YES,,更新人,True,摄像头基本信息表
public,wm_camera_info,update_time,15,timestamp without time zone,timestamp,YES,,更新时间,True,摄像头基本信息表
public,wm_camera_info,del_flag,16,character varying,varchar,YES,'0'::character varying,删除标记：0 未删除、1 已删除,True,摄像头基本信息表
public,wm_camera_platform,id,1,bigint,int8,NO,,,False,视频平台设备信息表
public,wm_camera_platform,device_code,2,character varying,varchar,NO,,设备编码(国标20位),True,视频平台设备信息表
public,wm_camera_platform,name,3,character varying,varchar,YES,,设备名称,True,视频平台设备信息表
public,wm_camera_platform,manufacturer,4,character varying,varchar,YES,,厂商,True,视频平台设备信息表
public,wm_camera_platform,model,5,character varying,varchar,YES,,型号,True,视频平台设备信息表
public,wm_camera_platform,transport,6,character varying,varchar,YES,'TCP'::character varying,传输方式: TCP/UDP,True,视频平台设备信息表
public,wm_camera_platform,stream_mode,7,character varying,varchar,YES,'TCP-PASSIVE'::character varying,流模式: TCP被动模式/UDP,True,视频平台设备信息表
public,wm_camera_platform,ip_address,8,character varying,varchar,YES,,设备IP地址,True,视频平台设备信息表
public,wm_camera_platform,port,9,integer,int4,YES,,设备端口,True,视频平台设备信息表
public,wm_camera_platform,online,10,smallint,int2,YES,0,"是否在线: 0-离线, 1-在线",True,视频平台设备信息表
public,wm_camera_platform,heart_beat_interval,11,integer,int4,YES,60,心跳检测间隔(秒),True,视频平台设备信息表
public,wm_camera_platform,heart_beat_count,12,integer,int4,YES,3,健康检查次数,True,视频平台设备信息表
public,wm_camera_platform,charset,13,character varying,varchar,YES,'GB2312'::character varying,字符集,True,视频平台设备信息表
public,wm_camera_platform,lon,14,double precision,float8,YES,,经度,True,视频平台设备信息表
public,wm_camera_platform,lat,15,double precision,float8,YES,,纬度,True,视频平台设备信息表
public,wm_camera_platform,remark,16,character varying,varchar,YES,,备注,True,视频平台设备信息表
public,wm_camera_platform,create_by,17,bigint,int8,YES,,创建人,True,视频平台设备信息表
public,wm_camera_platform,create_time,18,timestamp without time zone,timestamp,YES,CURRENT_TIMESTAMP,创建时间,True,视频平台设备信息表
public,wm_camera_platform,update_by,19,bigint,int8,YES,,更新人,True,视频平台设备信息表
public,wm_camera_platform,update_time,20,timestamp without time zone,timestamp,YES,CURRENT_TIMESTAMP,更新时间,True,视频平台设备信息表
public,wm_camera_platform,del_flag,21,character varying,varchar,YES,'0'::character varying,"删除标记: 0-未删除, 1-已删除",True,视频平台设备信息表
public,wm_directory,id,1,bigint,int8,NO,,主键ID,True,目录树实体
public,wm_directory,name,2,character varying,varchar,NO,,目录名称,True,目录树实体
public,wm_directory,parent_id,3,bigint,int8,YES,,父目录ID，根目录为null,True,目录树实体
public,wm_directory,path,4,character varying,varchar,YES,,完整路径,True,目录树实体
public,wm_directory,description,5,character varying,varchar,YES,,目录描述,True,目录树实体
public,wm_directory,sort,6,integer,int4,YES,0,排序值,True,目录树实体
public,wm_directory,type,7,character varying,varchar,YES,,目录类型（如：panorama/other）,True,目录树实体
public,wm_directory,create_time,8,timestamp without time zone,timestamp,YES,CURRENT_TIMESTAMP,创建时间,True,目录树实体
public,wm_directory,update_time,9,timestamp without time zone,timestamp,YES,CURRENT_TIMESTAMP,更新时间,True,目录树实体
public,wm_directory,is_deleted,10,boolean,bool,YES,false,是否删除,True,目录树实体
public,wm_hydrological_info,id,1,bigint,int8,NO,,监测站点的唯一id,True,水位站基本信息表
public,wm_hydrological_info,station_code,2,character varying,varchar,YES,,水位站编码,True,水位站基本信息表
public,wm_hydrological_info,station_name,3,character varying,varchar,YES,,监测站点名称,True,水位站基本信息表
public,wm_hydrological_info,short_name,4,character varying,varchar,YES,,简称,True,水位站基本信息表
public,wm_hydrological_info,region_code,5,character varying,varchar,YES,,,False,水位站基本信息表
public,wm_hydrological_info,iot_connect_type,6,character varying,varchar,YES,,通信协议类型：0 tcp、1 http、2 mqtt,True,水位站基本信息表
public,wm_hydrological_info,belong_to_city,7,character varying,varchar,YES,,归属地市,True,水位站基本信息表
public,wm_hydrological_info,water_body_id,8,bigint,int8,YES,,所属水体id,True,水位站基本信息表
public,wm_hydrological_info,station_type,9,character varying,varchar,YES,,站类型(岸基站1|浮船站2),True,水位站基本信息表
public,wm_hydrological_info,build_state,10,character varying,varchar,YES,,"建站状态(待建0,已建1)",True,水位站基本信息表
public,wm_hydrological_info,water_type,11,character varying,varchar,YES,,水体类型：0 河流、1 湖泊,True,水位站基本信息表
public,wm_hydrological_info,section_id,12,bigint,int8,YES,,断面id,True,水位站基本信息表
public,wm_hydrological_info,river_in,13,bigint,int8,YES,0,一维模型来流入汇口,True,水位站基本信息表
public,wm_hydrological_info,pollutant_id,14,bigint,int8,YES,,污染源id,True,水位站基本信息表
public,wm_hydrological_info,in_outlet,15,character,bpchar,YES,,污染源类型为污水处理厂时：0 进水口、1 出水口,True,水位站基本信息表
public,wm_hydrological_info,river_out,16,bigint,int8,YES,0,一维模型出水口,True,水位站基本信息表
public,wm_hydrological_info,efdc_in,17,character varying,varchar,YES,0,efdc模型来流入汇口,True,水位站基本信息表
public,wm_hydrological_info,efdc_out,18,character varying,varchar,YES,0,efdc模型出水口,True,水位站基本信息表
public,wm_hydrological_info,efdc_i,19,bigint,int8,YES,,站点所在二维网格I值,True,水位站基本信息表
public,wm_hydrological_info,efdc_j,20,bigint,int8,YES,,站点所在二维网格J值,True,水位站基本信息表
public,wm_hydrological_info,head_water,21,bigint,int8,YES,,headwater序号,True,水位站基本信息表
public,wm_hydrological_info,lake_in,22,character,bpchar,YES,,是否为入湖港道：0 否、1 是,True,水位站基本信息表
public,wm_hydrological_info,hydrological_table_name,23,character varying,varchar,YES,,水位监测记录表名,True,水位站基本信息表
public,wm_hydrological_info,hydrological_indicator_codes,24,character varying,varchar,YES,,水位监测指标编号集合，逗号连接,True,水位站基本信息表
public,wm_hydrological_info,geom,25,USER-DEFINED,geometry,YES,,,False,水位站基本信息表
public,wm_hydrological_info,frequency,26,character varying,varchar,YES,,测量频率,True,水位站基本信息表
public,wm_hydrological_info,equipments,27,character varying,varchar,YES,,自动站的设备清单,True,水位站基本信息表
public,wm_hydrological_info,build_time,28,date,date,YES,,建设时间,True,水位站基本信息表
public,wm_hydrological_info,responsible_person,29,character varying,varchar,YES,,站点责任人,True,水位站基本信息表
public,wm_hydrological_info,contact_number,30,character varying,varchar,YES,,责任人联系电话,True,水位站基本信息表
public,wm_hydrological_info,last_maintenance_time,31,date,date,YES,,,False,水位站基本信息表
public,wm_hydrological_info,img_url,32,character varying,varchar,YES,,照片地址,True,水位站基本信息表
public,wm_hydrological_info,img_name,33,character varying,varchar,YES,,照片名称,True,水位站基本信息表
public,wm_hydrological_info,img_format,34,character varying,varchar,YES,,照片格式：img、png等,True,水位站基本信息表
public,wm_hydrological_info,remark,35,character varying,varchar,YES,,备注信息,True,水位站基本信息表
public,wm_hydrological_info,create_by,36,bigint,int8,YES,,创建人,True,水位站基本信息表
public,wm_hydrological_info,create_time,37,timestamp without time zone,timestamp,YES,,创建时间,True,水位站基本信息表
public,wm_hydrological_info,update_by,38,bigint,int8,YES,,更新人,True,水位站基本信息表
public,wm_hydrological_info,update_time,39,timestamp without time zone,timestamp,YES,,更新时间,True,水位站基本信息表
public,wm_hydrological_info,del_flag,40,character,bpchar,YES,0,删除标记：0 未删除、1 已删除,True,水位站基本信息表
public,wm_image_info,id,1,bigint,int8,NO,,,False,档案图片信息表：用于保存各种站点、断面、污染源的图片信息
public,wm_image_info,pid,2,bigint,int8,NO,,照片关联的id,True,档案图片信息表：用于保存各种站点、断面、污染源的图片信息
public,wm_image_info,image_url,3,character varying,varchar,NO,,图片地址,True,档案图片信息表：用于保存各种站点、断面、污染源的图片信息
public,wm_image_info,image_formats,4,character varying,varchar,YES,,图片格式,True,档案图片信息表：用于保存各种站点、断面、污染源的图片信息
public,wm_image_info,image_type,5,smallint,int2,YES,0,图片类型：0-未知、1-断面、2-自动站......,True,档案图片信息表：用于保存各种站点、断面、污染源的图片信息
public,wm_image_info,create_by,6,bigint,int8,YES,1,创建人,True,档案图片信息表：用于保存各种站点、断面、污染源的图片信息
public,wm_image_info,create_time,7,timestamp without time zone,timestamp,YES,CURRENT_TIMESTAMP,创建时间,True,档案图片信息表：用于保存各种站点、断面、污染源的图片信息
public,wm_image_info,update_by,8,bigint,int8,YES,1,更新人,True,档案图片信息表：用于保存各种站点、断面、污染源的图片信息
public,wm_image_info,update_time,9,timestamp without time zone,timestamp,YES,CURRENT_TIMESTAMP,更新时间,True,档案图片信息表：用于保存各种站点、断面、污染源的图片信息
public,wm_image_info,del_flag,10,character,bpchar,YES,'0'::bpchar,删除标记: 0-未删除、1-已删除,True,档案图片信息表：用于保存各种站点、断面、污染源的图片信息
public,wm_image_info,image_name,11,character varying,varchar,YES,,文件名称：原始文件名,True,档案图片信息表：用于保存各种站点、断面、污染源的图片信息
public,wm_image_info,image_tag,12,character varying,varchar,YES,,图片标签,True,档案图片信息表：用于保存各种站点、断面、污染源的图片信息
public,wm_meteorological_info,id,1,bigint,int8,NO,nextval('wm_meteorological_info_id_seq'::regclass),监测站点的唯一id,True,气象自动监测站基本信息表
public,wm_meteorological_info,station_code,2,character varying,varchar,YES,,气象编码,True,气象自动监测站基本信息表
public,wm_meteorological_info,station_name,3,character varying,varchar,YES,,监测站点名称,True,气象自动监测站基本信息表
public,wm_meteorological_info,short_name,4,character varying,varchar,YES,,简称,True,气象自动监测站基本信息表
public,wm_meteorological_info,region_code,5,character varying,varchar,YES,,,False,气象自动监测站基本信息表
public,wm_meteorological_info,iot_connect_type,6,character varying,varchar,YES,,通信协议类型：0 tcp、1 http、2 mqtt,True,气象自动监测站基本信息表
public,wm_meteorological_info,belong_to_city,7,character varying,varchar,YES,,归属地市,True,气象自动监测站基本信息表
public,wm_meteorological_info,station_type,8,character varying,varchar,YES,,站类型(岸基站1|浮船站2),True,气象自动监测站基本信息表
public,wm_meteorological_info,build_state,9,character varying,varchar,YES,,"建站状态(待建0,已建1)",True,气象自动监测站基本信息表
public,wm_meteorological_info,water_type,10,character varying,varchar,YES,,水体类型：0 河流、1 湖泊,True,气象自动监测站基本信息表
public,wm_meteorological_info,water_body_id,11,bigint,int8,YES,,所属水体id,True,气象自动监测站基本信息表
public,wm_meteorological_info,section_id,12,bigint,int8,YES,,断面id,True,气象自动监测站基本信息表
public,wm_meteorological_info,river_in,13,bigint,int8,YES,0,一维模型来流入汇口,True,气象自动监测站基本信息表
public,wm_meteorological_info,pollutant_id,14,bigint,int8,YES,,污染源id,True,气象自动监测站基本信息表
public,wm_meteorological_info,in_outlet,15,character,bpchar,YES,,污染源类型为污水处理厂时：0 进水口、1 出水口,True,气象自动监测站基本信息表
public,wm_meteorological_info,river_out,16,bigint,int8,YES,0,一维模型出水口,True,气象自动监测站基本信息表
public,wm_meteorological_info,efdc_in,17,character varying,varchar,YES,0,efdc模型来流入汇口,True,气象自动监测站基本信息表
public,wm_meteorological_info,efdc_out,18,character varying,varchar,YES,0,efdc模型出水口,True,气象自动监测站基本信息表
public,wm_meteorological_info,efdc_i,19,bigint,int8,YES,,站点所在二维网格I值,True,气象自动监测站基本信息表
public,wm_meteorological_info,efdc_j,20,bigint,int8,YES,,站点所在二维网格J值,True,气象自动监测站基本信息表
public,wm_meteorological_info,head_water,21,bigint,int8,YES,,headwater序号,True,气象自动监测站基本信息表
public,wm_meteorological_info,lake_in,22,character,bpchar,YES,,是否为入湖港道：0 否、1 是,True,气象自动监测站基本信息表
public,wm_meteorological_info,meteorological_table_name,23,character varying,varchar,YES,,气象监测记录表名,True,气象自动监测站基本信息表
public,wm_meteorological_info,meteorological_indicator_codes,24,character varying,varchar,YES,,气象监测指标编号集合，逗号连接,True,气象自动监测站基本信息表
public,wm_meteorological_info,geom,25,USER-DEFINED,geometry,YES,,,False,气象自动监测站基本信息表
public,wm_meteorological_info,frequency,26,character varying,varchar,YES,,测量频率,True,气象自动监测站基本信息表
public,wm_meteorological_info,equipments,27,character varying,varchar,YES,,自动站的设备清单,True,气象自动监测站基本信息表
public,wm_meteorological_info,build_time,28,date,date,YES,,建设时间,True,气象自动监测站基本信息表
public,wm_meteorological_info,responsible_person,29,character varying,varchar,YES,,站点责任人,True,气象自动监测站基本信息表
public,wm_meteorological_info,contact_number,30,character varying,varchar,YES,,责任人联系电话,True,气象自动监测站基本信息表
public,wm_meteorological_info,last_maintenance_time,31,date,date,YES,,,False,气象自动监测站基本信息表
public,wm_meteorological_info,img_url,32,character varying,varchar,YES,,照片地址,True,气象自动监测站基本信息表
public,wm_meteorological_info,img_name,33,character varying,varchar,YES,,照片名称,True,气象自动监测站基本信息表
public,wm_meteorological_info,img_format,34,character varying,varchar,YES,,照片格式：img、png等,True,气象自动监测站基本信息表
public,wm_meteorological_info,remark,35,character varying,varchar,YES,,备注信息,True,气象自动监测站基本信息表
public,wm_meteorological_info,create_by,36,bigint,int8,YES,,创建人,True,气象自动监测站基本信息表
public,wm_meteorological_info,create_time,37,timestamp without time zone,timestamp,YES,,创建时间,True,气象自动监测站基本信息表
public,wm_meteorological_info,update_by,38,bigint,int8,YES,,更新人,True,气象自动监测站基本信息表
public,wm_meteorological_info,update_time,39,timestamp without time zone,timestamp,YES,,更新时间,True,气象自动监测站基本信息表
public,wm_meteorological_info,del_flag,40,character,bpchar,YES,0,删除标记：0 未删除、1 已删除,True,气象自动监测站基本信息表
public,wm_panorama_layer,id,1,bigint,int8,NO,nextval('wm_panorama_layer_id_seq'::regclass),自增主键,True,全景图层信息表
public,wm_panorama_layer,point_name,2,character varying,varchar,YES,,点位名称,True,全景图层信息表
public,wm_panorama_layer,topic,3,character varying,varchar,YES,,所属专题,True,全景图层信息表
public,wm_panorama_layer,directory_id,4,bigint,int8,YES,,目录ID,True,全景图层信息表
public,wm_panorama_layer,longitude,5,numeric,numeric,YES,,经度,True,全景图层信息表
public,wm_panorama_layer,latitude,6,numeric,numeric,YES,,纬度,True,全景图层信息表
public,wm_panorama_layer,icon,7,character varying,varchar,YES,,图标地址,True,全景图层信息表
public,wm_panorama_layer,coverage_radius,8,numeric,numeric,YES,,覆盖半径(km),True,全景图层信息表
public,wm_panorama_layer,create_time,9,timestamp without time zone,timestamp,YES,CURRENT_TIMESTAMP,创建时间,True,全景图层信息表
public,wm_panorama_layer,update_time,10,timestamp without time zone,timestamp,YES,CURRENT_TIMESTAMP,更新时间,True,全景图层信息表
public,wm_panorama_layer,is_deleted,11,boolean,bool,YES,false,是否删除（true:已删除，false:未删除）,True,全景图层信息表
public,wm_panorama_layer_relation,id,1,bigint,int8,NO,nextval('wm_panorama_layer_relation_id_seq'::regclass),自增主键,True,全景图层关联关系表
public,wm_panorama_layer_relation,panorama_id,2,bigint,int8,YES,,全景ID,True,全景图层关联关系表
public,wm_panorama_layer_relation,layer_id,3,character varying,varchar,YES,,图层ID,True,全景图层关联关系表
public,wm_panorama_layer_relation,feature_id,4,character varying,varchar,YES,,要素ID,True,全景图层关联关系表
public,wm_panorama_layer_relation,create_time,5,timestamp without time zone,timestamp,YES,CURRENT_TIMESTAMP,创建时间,True,全景图层关联关系表
public,wm_panorama_layer_relation,update_time,6,timestamp without time zone,timestamp,YES,CURRENT_TIMESTAMP,更新时间,True,全景图层关联关系表
public,wm_panorama_layer_relation,is_deleted,7,boolean,bool,YES,false,是否删除（true:已删除，false:未删除）,True,全景图层关联关系表
public,wm_panorama_video,id,1,integer,int4,NO,nextval('wm_panorama_video_id_seq'::regclass),自增主键,True,全景视频信息表
public,wm_panorama_video,layer_id,2,integer,int4,YES,,所属全景图层ID,True,全景视频信息表
public,wm_panorama_video,name,3,character varying,varchar,YES,,视频名称,True,全景视频信息表
public,wm_panorama_video,shoot_time,4,timestamp without time zone,timestamp,YES,,拍摄时间,True,全景视频信息表
public,wm_panorama_video,description,5,text,text,YES,,描述,True,全景视频信息表
public,wm_panorama_video,url,6,character varying,varchar,YES,,访问地址,True,全景视频信息表
public,wm_panorama_video,create_time,7,timestamp without time zone,timestamp,YES,CURRENT_TIMESTAMP,创建时间,True,全景视频信息表
public,wm_panorama_video,update_time,8,timestamp without time zone,timestamp,YES,CURRENT_TIMESTAMP,更新时间,True,全景视频信息表
public,wm_panorama_video,is_deleted,9,boolean,bool,YES,false,是否删除（true:已删除，false:未删除）,True,全景视频信息表
public,wm_raster_info,id,1,bigint,int8,NO,,,False,
public,wm_raster_info,scene_id,2,character varying,varchar,YES,,遥感监测影像信息实体类,True,
public,wm_raster_info,satellite_info,3,character varying,varchar,YES,,拍摄卫星,True,
public,wm_raster_info,sensor_info,4,character varying,varchar,YES,,传感器信息,True,
public,wm_raster_info,orbit_name,5,character varying,varchar,YES,,轨道名称,True,
public,wm_raster_info,processing_version,6,character varying,varchar,YES,,数据级别,True,
public,wm_raster_info,content_type,7,character varying,varchar,YES,,文件内容类型,True,
public,wm_raster_info,data_location,8,character varying,varchar,YES,,数据位置,True,
public,wm_raster_info,image_datetime,9,timestamp without time zone,timestamp,YES,,影像获取时间（年_月_日_时_分）,True,
public,wm_raster_info,image_path,10,character varying,varchar,YES,,缩略图路径,True,
public,wm_raster_info,inversion_flag,11,character varying,varchar,YES,,是否反演,True,
public,wm_raster_info,create_time,12,timestamp without time zone,timestamp,YES,,创建时间,True,
public,wm_raster_info,update_time,13,timestamp without time zone,timestamp,YES,,更新时间,True,
public,wm_raster_info,del_flag,14,character,bpchar,YES,,删除标志：0-正常，1-已删除,True,
public,wm_raster_inversion,id,1,bigint,int8,NO,,,False,
public,wm_raster_inversion,record_id,2,bigint,int8,YES,,遥感反演结果表（合并版）,True,
public,wm_raster_inversion,indicator_code,3,bigint,int8,YES,,遥感监测分析项编码,True,
public,wm_raster_inversion,indicator_name,4,character varying,varchar,YES,,指标项名称,True,
public,wm_raster_inversion,inversion_type,5,character varying,varchar,YES,,反演类型：water_environment-水环境，algalbloom-水生态，landuse-土地利用,True,
public,wm_raster_inversion,file_path,6,character varying,varchar,YES,,反演文件路径,True,
public,wm_raster_inversion,l1_area,7,double precision,float8,YES,,I类/浮叶挺水植被/背景面积,True,
public,wm_raster_inversion,l2_area,8,double precision,float8,YES,,II类/沉水植被/耕地面积,True,
public,wm_raster_inversion,l3_area,9,double precision,float8,YES,,III类/水华/园地面积,True,
public,wm_raster_inversion,l4_area,10,double precision,float8,YES,,IV类/水体/林地面积,True,
public,wm_raster_inversion,l5_area,11,double precision,float8,YES,,V类/水体面积,True,
public,wm_raster_inversion,l6_area,12,double precision,float8,YES,,劣V类/建设用地面积,True,
public,wm_raster_inversion,unit,13,character varying,varchar,YES,,面积单位,True,
public,wm_raster_inversion,service_url,14,text,text,YES,,服务地址,True,
public,wm_raster_inversion,data_time,15,timestamp without time zone,timestamp,YES,,数据日期,True,
public,wm_raster_inversion,create_time,16,timestamp without time zone,timestamp,YES,,创建时间,True,
public,wm_raster_inversion,update_time,17,timestamp without time zone,timestamp,YES,,更新时间,True,
public,wm_raster_inversion,del_flag,18,character,bpchar,YES,0,删除标志,True,
public,wm_raster_inversion_config,id,1,bigint,int8,NO,,,False,
public,wm_raster_inversion_config,type_code,2,bigint,int8,NO,,,False,
public,wm_raster_inversion_config,name,3,character varying,varchar,NO,,,False,
public,wm_raster_inversion_config,boundaries_json,4,text,text,NO,,,False,
public,wm_raster_inversion_config,labels_json,5,text,text,NO,,,False,
public,wm_raster_inversion_config,colors_json,6,text,text,NO,,,False,
public,wm_raster_inversion_config,create_time,7,timestamp without time zone,timestamp,NO,CURRENT_TIMESTAMP,,False,
public,wm_raster_inversion_config,update_time,8,timestamp without time zone,timestamp,NO,CURRENT_TIMESTAMP,,False,
public,wm_raster_inversion_config,del_flag,9,character,bpchar,NO,0,,False,
public,wm_section_info,id,1,bigint,int8,NO,nextval('wm_section_info_id_seq'::regclass),断面id,True,断面基本信息表
public,wm_section_info,water_body_id,2,bigint,int8,YES,,水体id,True,断面基本信息表
public,wm_section_info,control_unit_id,3,bigint,int8,YES,,控制单元id,True,断面基本信息表
public,wm_section_info,region_id,4,bigint,int8,YES,,所属区域id,True,断面基本信息表
public,wm_section_info,section_code,5,character varying,varchar,YES,,断面编码,True,断面基本信息表
public,wm_section_info,section_name,6,character varying,varchar,YES,,断面名称,True,断面基本信息表
public,wm_section_info,trans_regional,7,character varying,varchar,YES,,跨界类型,True,断面基本信息表
public,wm_section_info,geom,8,USER-DEFINED,geometry,YES,,几何信息,True,断面基本信息表
public,wm_section_info,section_nature,9,character varying,varchar,YES,,断面属性,True,断面基本信息表
public,wm_section_info,section_level,10,character varying,varchar,YES,,断面级别：0-国控、1-省控、2-市控,True,断面基本信息表
public,wm_section_info,manage_type,11,character varying,varchar,YES,,管理类型,True,断面基本信息表
public,wm_section_info,manage_level,12,character varying,varchar,YES,,管理级别,True,断面基本信息表
public,wm_section_info,is_examine,13,character,bpchar,YES,,考核断面：0 否、1 是,True,断面基本信息表
public,wm_section_info,examine_level,14,character varying,varchar,YES,,考核级别,True,断面基本信息表
public,wm_section_info,examine_city,15,character varying,varchar,YES,,考核城市,True,断面基本信息表
public,wm_section_info,tributary_trunk,16,character,bpchar,YES,,支流/干流：0 干流、1 支流,True,断面基本信息表
public,wm_section_info,upstream_section_id,17,bigint,int8,YES,,上游断面id,True,断面基本信息表
public,wm_section_info,grid_code,18,character varying,varchar,YES,,网格号,True,断面基本信息表
public,wm_section_info,grid_i,19,character varying,varchar,YES,,网格I值,True,断面基本信息表
public,wm_section_info,grid_j,20,character varying,varchar,YES,,网格J值,True,断面基本信息表
public,wm_section_info,remark,21,character varying,varchar,YES,,备注,True,断面基本信息表
public,wm_section_info,create_by,22,bigint,int8,YES,,创建人,True,断面基本信息表
public,wm_section_info,create_time,23,timestamp without time zone,timestamp,YES,,创建时间,True,断面基本信息表
public,wm_section_info,update_by,24,bigint,int8,YES,,更新人,True,断面基本信息表
public,wm_section_info,update_time,25,timestamp without time zone,timestamp,YES,,更新时间,True,断面基本信息表
public,wm_section_info,del_flag,26,character,bpchar,YES,0,删除标记：0 未删除、1 已删除,True,断面基本信息表
public,wm_section_wq_info,id,1,bigint,int8,NO,,id,True,断面水质目标信息表
public,wm_section_wq_info,section_id,2,bigint,int8,YES,,断面id,True,断面水质目标信息表
public,wm_section_wq_info,year,3,bigint,int8,YES,,年份,True,断面水质目标信息表
public,wm_section_wq_info,month,4,bigint,int8,YES,,"月份：0,1,2,3,4,5,6,7,8,9,10,11,12（0表示全年）",True,断面水质目标信息表
public,wm_section_wq_info,water_quality_target_level,5,character varying,varchar,YES,,目标水质,True,断面水质目标信息表
public,wm_section_wq_info,create_by,6,bigint,int8,YES,,创建人,True,断面水质目标信息表
public,wm_section_wq_info,create_time,7,timestamp without time zone,timestamp,YES,,创建时间,True,断面水质目标信息表
public,wm_section_wq_info,update_by,8,bigint,int8,YES,,更新人,True,断面水质目标信息表
public,wm_section_wq_info,update_time,9,timestamp without time zone,timestamp,YES,,更新时间,True,断面水质目标信息表
public,wm_section_wq_info,del_flag,10,character,bpchar,YES,0,删除标记：0 未删除、1 已删除,True,断面水质目标信息表
public,wm_station_info,id,1,bigint,int8,NO,,监测站点的唯一id,True,水质自动监测站基本信息表
public,wm_station_info,station_code,2,character varying,varchar,YES,,站点编码,True,水质自动监测站基本信息表
public,wm_station_info,station_name,3,character varying,varchar,YES,,监测站点名称,True,水质自动监测站基本信息表
public,wm_station_info,short_name,4,character varying,varchar,YES,,简称,True,水质自动监测站基本信息表
public,wm_station_info,region_code,5,character varying,varchar,YES,,,False,水质自动监测站基本信息表
public,wm_station_info,iot_connect_type,6,character varying,varchar,YES,,通信协议类型：0 tcp、1 http、2 mqtt,True,水质自动监测站基本信息表
public,wm_station_info,belong_to_city,7,character varying,varchar,YES,,归属地市,True,水质自动监测站基本信息表
public,wm_station_info,station_type,8,character varying,varchar,YES,,站类型(岸基站1|浮船站2),True,水质自动监测站基本信息表
public,wm_station_info,build_state,9,character varying,varchar,YES,,"建站状态(待建0,已建1)",True,水质自动监测站基本信息表
public,wm_station_info,water_type,10,character varying,varchar,YES,,水体类型：0 河流、1 湖泊,True,水质自动监测站基本信息表
public,wm_station_info,water_body_id,11,bigint,int8,YES,,所属水体id,True,水质自动监测站基本信息表
public,wm_station_info,section_id,12,bigint,int8,YES,,断面id,True,水质自动监测站基本信息表
public,wm_station_info,river_in,13,bigint,int8,YES,0,一维模型来流入汇口,True,水质自动监测站基本信息表
public,wm_station_info,pollutant_id,14,bigint,int8,YES,,污染源id,True,水质自动监测站基本信息表
public,wm_station_info,in_outlet,15,character,bpchar,YES,,污染源类型为污水处理厂时：0 进水口、1 出水口,True,水质自动监测站基本信息表
public,wm_station_info,river_out,16,bigint,int8,YES,0,一维模型出水口,True,水质自动监测站基本信息表
public,wm_station_info,efdc_in,17,character varying,varchar,YES,0,efdc模型来流入汇口,True,水质自动监测站基本信息表
public,wm_station_info,efdc_out,18,character varying,varchar,YES,0,efdc模型出水口,True,水质自动监测站基本信息表
public,wm_station_info,efdc_i,19,bigint,int8,YES,,站点所在二维网格I值,True,水质自动监测站基本信息表
public,wm_station_info,efdc_j,20,bigint,int8,YES,,站点所在二维网格J值,True,水质自动监测站基本信息表
public,wm_station_info,head_water,21,bigint,int8,YES,,headwater序号,True,水质自动监测站基本信息表
public,wm_station_info,lake_in,22,character,bpchar,YES,,是否为入湖港道：0 否、1 是,True,水质自动监测站基本信息表
public,wm_station_info,water_quality_table_name,23,character varying,varchar,YES,,水质监测记录表名,True,水质自动监测站基本信息表
public,wm_station_info,hydrological_table_name,24,character varying,varchar,YES,,水文监测记录表名,True,水质自动监测站基本信息表
public,wm_station_info,meteorological_table_name,25,character varying,varchar,YES,,气象监测记录表名,True,水质自动监测站基本信息表
public,wm_station_info,water_quality_indicator_codes,26,character varying,varchar,YES,,水质监测指标id集合，逗号连接,True,水质自动监测站基本信息表
public,wm_station_info,hydrological_indicator_codes,27,character varying,varchar,YES,,水文监测指标id集合，逗号连接,True,水质自动监测站基本信息表
public,wm_station_info,meteorological_indicator_codes,28,character varying,varchar,YES,,气象监测指标id集合，逗号连接,True,水质自动监测站基本信息表
public,wm_station_info,geom,29,USER-DEFINED,geometry,YES,,,False,水质自动监测站基本信息表
public,wm_station_info,intake_lon,30,double precision,float8,YES,,取水口位置,True,水质自动监测站基本信息表
public,wm_station_info,intake_lat,31,double precision,float8,YES,,取水口位置,True,水质自动监测站基本信息表
public,wm_station_info,frequency,32,character varying,varchar,YES,,测量频率,True,水质自动监测站基本信息表
public,wm_station_info,equipments,33,character varying,varchar,YES,,自动站的设备清单,True,水质自动监测站基本信息表
public,wm_station_info,build_time,34,date,date,YES,,建设时间,True,水质自动监测站基本信息表
public,wm_station_info,responsible_person,35,character varying,varchar,YES,,站点责任人,True,水质自动监测站基本信息表
public,wm_station_info,contact_number,36,character varying,varchar,YES,,责任人联系电话,True,水质自动监测站基本信息表
public,wm_station_info,last_maintenance_time,37,date,date,YES,,,False,水质自动监测站基本信息表
public,wm_station_info,img_url,38,character varying,varchar,YES,,照片地址,True,水质自动监测站基本信息表
public,wm_station_info,img_name,39,character varying,varchar,YES,,照片名称,True,水质自动监测站基本信息表
public,wm_station_info,img_format,40,character varying,varchar,YES,,照片格式：img、png等,True,水质自动监测站基本信息表
public,wm_station_info,remark,41,character varying,varchar,YES,,备注信息,True,水质自动监测站基本信息表
public,wm_station_info,create_by,42,bigint,int8,YES,,创建人,True,水质自动监测站基本信息表
public,wm_station_info,create_time,43,timestamp without time zone,timestamp,YES,,创建时间,True,水质自动监测站基本信息表
public,wm_station_info,update_by,44,bigint,int8,YES,,更新人,True,水质自动监测站基本信息表
public,wm_station_info,update_time,45,timestamp without time zone,timestamp,YES,,更新时间,True,水质自动监测站基本信息表
public,wm_station_info,del_flag,46,character,bpchar,YES,0,删除标记：0 未删除、1 已删除,True,水质自动监测站基本信息表
public,wm_station_info,station_level,47,character varying,varchar,YES,1,站点的级别(省站1|市站2),True,水质自动监测站基本信息表
public,wm_station_info_v2,id,1,bigint,int8,NO,,主键,True,自动站管理
public,wm_station_info_v2,station_code,2,character varying,varchar,YES,,站点编码,True,自动站管理
public,wm_station_info_v2,station_name,3,character varying,varchar,YES,,站点名称,True,自动站管理
public,wm_station_info_v2,short_name,4,character varying,varchar,YES,,站点简称,True,自动站管理
public,wm_station_info_v2,station_type,5,character varying,varchar,YES,,站类型：1-岸基站、2-浮船站,True,自动站管理
public,wm_station_info_v2,station_level,6,character varying,varchar,YES,,站点的级别：1-省站、2-市站,True,自动站管理
public,wm_station_info_v2,iot_connect_type,7,character varying,varchar,YES,,通信协议类型：0 tcp、1 http、2 mqtt,True,自动站管理
public,wm_station_info_v2,region_code,8,character varying,varchar,YES,,行政区编码,True,自动站管理
public,wm_station_info_v2,region_name,9,character varying,varchar,YES,,行政区名称,True,自动站管理
public,wm_station_info_v2,build_state,10,character varying,varchar,YES,,建站状态：0-待建、1-已建,True,自动站管理
public,wm_station_info_v2,build_time,11,timestamp without time zone,timestamp,YES,,建设时间,True,自动站管理
public,wm_station_info_v2,water_body_id,12,bigint,int8,YES,,水体id,True,自动站管理
public,wm_station_info_v2,section_id,13,bigint,int8,YES,,断面id,True,自动站管理
public,wm_station_info_v2,equipment_manufacturer,14,character varying,varchar,YES,,设备厂家,True,自动站管理
public,wm_station_info_v2,equipment_model,15,character varying,varchar,YES,,设备型号,True,自动站管理
public,wm_station_info_v2,monitor_indicators,16,character varying,varchar,YES,,监测指标,True,自动站管理
public,wm_station_info_v2,monitor_frequency,17,character varying,varchar,YES,,监测频次,True,自动站管理
public,wm_station_info_v2,eight_direction_photo,18,character varying,varchar,YES,,八方图,True,自动站管理
public,wm_station_info_v2,om_unit,19,character varying,varchar,YES,,运维单位,True,自动站管理
public,wm_station_info_v2,om_person,20,character varying,varchar,YES,,运维人员,True,自动站管理
public,wm_station_info_v2,contact_info,21,character varying,varchar,YES,,联系方式,True,自动站管理
public,wm_station_info_v2,geom,22,USER-DEFINED,geometry,YES,,图形信息,True,自动站管理
public,wm_station_info_v2,create_by,23,bigint,int8,YES,,,False,自动站管理
public,wm_station_info_v2,create_time,24,timestamp without time zone,timestamp,YES,CURRENT_TIMESTAMP,,False,自动站管理
public,wm_station_info_v2,update_by,25,bigint,int8,YES,,,False,自动站管理
public,wm_station_info_v2,update_time,26,timestamp without time zone,timestamp,YES,,,False,自动站管理
public,wm_station_info_v2,del_flag,27,character varying,varchar,YES,'0'::character varying,"0未删除,1已删除",True,自动站管理
public,wm_station_info_v2,remark,28,character varying,varchar,YES,,备注,True,自动站管理
public,wm_station_info_v2,section_name,29,character varying,varchar,YES,,断面名称,True,自动站管理
public,wm_station_info_v2,water_body_name,30,character varying,varchar,YES,,水体名称,True,自动站管理
public,wm_station_info_v2,water_body_type,31,character varying,varchar,YES,,水体类型：0-河流、1-湖泊,True,自动站管理
public,wm_uav_info,id,1,bigint,int8,NO,,,False,大疆无人机基础信息
public,wm_uav_info,code,2,character varying,varchar,YES,,编码,True,大疆无人机基础信息
public,wm_uav_info,name,3,character varying,varchar,YES,,名称,True,大疆无人机基础信息
public,wm_uav_info,gateway_sn,4,character varying,varchar,YES,,网关SN编码,True,大疆无人机基础信息
public,wm_uav_info,gateway_callsign,5,character varying,varchar,YES,,网关名称,True,大疆无人机基础信息
public,wm_uav_info,gateway_device_model,6,character varying,varchar,YES,,型号，json格式,True,大疆无人机基础信息
public,wm_uav_info,gateway_device_online_status,7,smallint,int2,YES,,网关在线状态,True,大疆无人机基础信息
public,wm_uav_info,gateway_mode_code,8,integer,int4,YES,,网关型号编码,True,大疆无人机基础信息
public,wm_uav_info,gateway_camera_list,9,character varying,varchar,YES,,网关摄像头列表,True,大疆无人机基础信息
public,wm_uav_info,drone_sn,10,character varying,varchar,YES,,无人机SN编码,True,大疆无人机基础信息
public,wm_uav_info,drone_callsign,11,character varying,varchar,YES,,无人机名称,True,大疆无人机基础信息
public,wm_uav_info,drone_device_model,12,character varying,varchar,YES,,无人机型号,True,大疆无人机基础信息
public,wm_uav_info,drone_device_online_status,13,character varying,varchar,YES,,无人机在线状态,True,大疆无人机基础信息
public,wm_uav_info,drone_mode_code,14,integer,int4,YES,,型号编码,True,大疆无人机基础信息
public,wm_uav_info,drone_camera_list,15,character varying,varchar,YES,,无人机摄像头列表,True,大疆无人机基础信息
public,wm_uav_info,gateway_lon,16,double precision,float8,YES,,网关经度,True,大疆无人机基础信息
public,wm_uav_info,gateway_lat,17,double precision,float8,YES,,网关纬度,True,大疆无人机基础信息
public,wm_uav_info,activation_time,18,bigint,int8,YES,,机场激活时间(unix 时间戳),True,大疆无人机基础信息
public,wm_uav_info,acc_time,19,integer,int4,YES,,机场累计运行时长,True,大疆无人机基础信息
public,wm_uav_info,humidity,20,real,float4,YES,,舱内湿度,True,大疆无人机基础信息
public,wm_uav_info,job_number,21,integer,int4,YES,,机场累计作业次数,True,大疆无人机基础信息
public,wm_uav_info,storage_total,22,integer,int4,YES,,存储容量 单位：KB,True,大疆无人机基础信息
public,wm_uav_info,storage_used,23,integer,int4,YES,,已使用容量 单位：KB,True,大疆无人机基础信息
public,wm_uav_info,brand,24,character varying,varchar,YES,,品牌：大疆/纵横昆仑,True,大疆无人机基础信息
public,wm_uav_info,weight,25,character varying,varchar,YES,,整机重量,True,大疆无人机基础信息
public,wm_uav_info,power,26,character varying,varchar,YES,,功率,True,大疆无人机基础信息
public,wm_uav_info,temperature,27,character varying,varchar,YES,,工作温度,True,大疆无人机基础信息
public,wm_uav_info,protect_level,28,character varying,varchar,YES,,保护等级,True,大疆无人机基础信息
public,wm_uav_info,max_height,29,character varying,varchar,YES,,最大高度,True,大疆无人机基础信息
public,wm_uav_info,max_radius,30,character varying,varchar,YES,,最大工作半径,True,大疆无人机基础信息
public,wm_uav_info,charging_time,31,character varying,varchar,YES,,充电时间,True,大疆无人机基础信息
public,wm_uav_info,cycle_num,32,character varying,varchar,YES,,电池循环次数,True,大疆无人机基础信息
public,wm_uav_info,duration_time,33,character varying,varchar,YES,,备用电池续航时间,True,大疆无人机基础信息
public,wm_uav_info,remark,34,character varying,varchar,YES,,备注信息,True,大疆无人机基础信息
public,wm_uav_info,create_by,35,bigint,int8,YES,,创建人,True,大疆无人机基础信息
public,wm_uav_info,create_time,36,timestamp without time zone,timestamp,YES,,创建时间,True,大疆无人机基础信息
public,wm_uav_info,update_by,37,bigint,int8,YES,,更新人,True,大疆无人机基础信息
public,wm_uav_info,update_time,38,timestamp without time zone,timestamp,YES,,更新时间,True,大疆无人机基础信息
public,wm_uav_info,del_flag,39,character,bpchar,YES,'0'::bpchar,删除标记：0 未删除、1 已删除,True,大疆无人机基础信息
public,wm_water_intake,id,1,bigint,int8,NO,nextval('wm_water_intake_id_seq'::regclass),,False,水源地-取水口
public,wm_water_intake,geom,2,USER-DEFINED,geometry,YES,,,False,水源地-取水口
public,wm_water_intake,region_code,3,character varying,varchar,YES,,行政区编码,True,水源地-取水口
public,wm_water_intake,region_name,4,character varying,varchar,YES,,行政区名称,True,水源地-取水口
public,wm_water_intake,name,5,character varying,varchar,YES,,名称,True,水源地-取水口
public,wm_water_intake,city,6,character varying,varchar,YES,,城市,True,水源地-取水口
public,wm_water_intake,county,7,character varying,varchar,YES,,区县,True,水源地-取水口
public,wm_water_intake,water_type,8,character varying,varchar,YES,,水源类型,True,水源地-取水口
public,wm_water_intake,used_mark,9,character varying,varchar,YES,,使用状态,True,水源地-取水口
public,wm_water_intake,township,10,character varying,varchar,YES,,乡镇,True,水源地-取水口
public,wm_water_intake,remark,11,character varying,varchar,YES,,备注,True,水源地-取水口
public,wm_water_intake,level,12,character varying,varchar,YES,,级别：乡镇、区县,True,水源地-取水口
public,wm_water_intake,code,13,character varying,varchar,YES,,水源编码,True,水源地-取水口
public,wm_water_intake,static_flag,14,character varying,varchar,YES,'否'::character varying,统计标识：是、否,True,水源地-取水口
public,wm_water_source,id,1,bigint,int8,NO,,,False,水源地信息：通过code码关联
public,wm_water_source,code,2,character varying,varchar,YES,,代码,True,水源地信息：通过code码关联
public,wm_water_source,name,3,character varying,varchar,YES,,水源名称,True,水源地信息：通过code码关联
public,wm_water_source,alias,4,character varying,varchar,YES,,别名,True,水源地信息：通过code码关联
public,wm_water_source,region_code,5,character varying,varchar,YES,,行政区代码,True,水源地信息：通过code码关联
public,wm_water_source,region_name,6,character varying,varchar,YES,,行政区名称,True,水源地信息：通过code码关联
public,wm_water_source,river_system_code,7,character varying,varchar,YES,,水系代码,True,水源地信息：通过code码关联
public,wm_water_source,river_system_name,8,character varying,varchar,YES,,水系名称,True,水源地信息：通过code码关联
public,wm_water_source,river_system_name_2,9,character varying,varchar,YES,,二级水系名称,True,水源地信息：通过code码关联
public,wm_water_source,river_system_name_3,10,character varying,varchar,YES,,三级级水系名称,True,水源地信息：通过code码关联
public,wm_water_source,source_type,11,character varying,varchar,YES,,水源类型,True,水源地信息：通过code码关联
public,wm_water_source,source_state,12,character varying,varchar,YES,,水源状态,True,水源地信息：通过code码关联
public,wm_water_source,level,13,character varying,varchar,YES,,级别,True,水源地信息：通过code码关联
public,wm_water_source,protect_area_status,14,character varying,varchar,YES,,保护区划定情况,True,水源地信息：通过code码关联
public,wm_water_source,protect_area_cert,15,character varying,varchar,YES,,保护区划定文号,True,水源地信息：通过code码关联
public,wm_water_source,protect_level,16,smallint,int2,YES,,保护区级别：1、2、3,True,水源地信息：通过code码关联
public,wm_water_source,supply_type,17,character varying,varchar,YES,,供水类型,True,水源地信息：通过code码关联
public,wm_water_source,supply_service,18,character varying,varchar,YES,,服务对象,True,水源地信息：通过code码关联
public,wm_water_source,supply_water_daily,19,character varying,varchar,YES,,日均供水能力（吨/天）,True,水源地信息：通过code码关联
public,wm_water_source,supply_water_year,20,double precision,float8,YES,,年实际取水量(万吨),True,水源地信息：通过code码关联
public,wm_water_source,supply_water_avg,21,double precision,float8,YES,,人均取水量（升/天）,True,水源地信息：通过code码关联
public,wm_water_source,service_people_count,22,bigint,int8,YES,,服务人数,True,水源地信息：通过code码关联
public,wm_water_source,water_word_info,23,character varying,varchar,YES,,对应水厂名称,True,水源地信息：通过code码关联
public,wm_water_source,dbsqssw,24,real,float4,YES,0,地表水取水水位（m）,True,水源地信息：通过code码关联
public,wm_water_source,dbssjksw,25,real,float4,YES,0,地表水设计枯水位（m）,True,水源地信息：通过code码关联
public,wm_water_source,dxsmctj,26,character varying,varchar,YES,,地下水埋藏条件,True,水源地信息：通过code码关联
public,wm_water_source,dxshsjzlx,27,character varying,varchar,YES,,地下水含水介质类型,True,水源地信息：通过code码关联
public,wm_water_source,dxssjjs,28,real,float4,YES,0,地下水设计降深（m）,True,水源地信息：通过code码关联
public,wm_water_source,dxsswms,29,real,float4,YES,0,地下水水位埋深（m）,True,水源地信息：通过code码关联
public,wm_water_source,ccsy,30,character varying,varchar,YES,'否'::character varying,超采水源: 是、否,True,水源地信息：通过code码关联
public,wm_water_source,cjjjdkhzb,31,character varying,varchar,YES,'否'::character varying,长江经济带考核指标: 是、否,True,水源地信息：通过code码关联
public,wm_water_source,build_year,32,integer,int4,YES,,取水口建成年份,True,水源地信息：通过code码关联
public,wm_water_source,used_year,33,integer,int4,YES,,取水口正式使用年份,True,水源地信息：通过code码关联
public,wm_water_source,image_path,34,character varying,varchar,YES,,图片路径,True,水源地信息：通过code码关联
public,wm_water_source,remark,35,character varying,varchar,YES,,备注,True,水源地信息：通过code码关联
public,wm_water_source,geom,36,USER-DEFINED,geometry,YES,,,False,水源地信息：通过code码关联
public,wm_water_source_bak0421,id,1,bigint,int8,NO,,,False,水源地信息：通过code码关联
public,wm_water_source_bak0421,code,2,character varying,varchar,YES,,代码,True,水源地信息：通过code码关联
public,wm_water_source_bak0421,name,3,character varying,varchar,YES,,水源名称,True,水源地信息：通过code码关联
public,wm_water_source_bak0421,alias,4,character varying,varchar,YES,,别名,True,水源地信息：通过code码关联
public,wm_water_source_bak0421,area_code,5,character varying,varchar,YES,,行政区代码,True,水源地信息：通过code码关联
public,wm_water_source_bak0421,address,6,character varying,varchar,YES,,水源口地址,True,水源地信息：通过code码关联
public,wm_water_source_bak0421,river_system_code,7,character varying,varchar,YES,,水系代码,True,水源地信息：通过code码关联
public,wm_water_source_bak0421,river_system_name,8,character varying,varchar,YES,,水系名称,True,水源地信息：通过code码关联
public,wm_water_source_bak0421,source_type,9,character varying,varchar,YES,,水源类型,True,水源地信息：通过code码关联
public,wm_water_source_bak0421,supply_type,10,character varying,varchar,YES,,供水类型,True,水源地信息：通过code码关联
public,wm_water_source_bak0421,supply_service,11,character varying,varchar,YES,,服务对象,True,水源地信息：通过code码关联
public,wm_water_source_bak0421,source_state,12,character varying,varchar,YES,,水源状态,True,水源地信息：通过code码关联
public,wm_water_source_bak0421,service_people_count,13,bigint,int8,YES,,服务人数,True,水源地信息：通过code码关联
public,wm_water_source_bak0421,supply_water_daily,14,character varying,varchar,YES,,日均供水能力（吨/天）,True,水源地信息：通过code码关联
public,wm_water_source_bak0421,supply_water_year,15,double precision,float8,YES,,年实际取水量(万吨),True,水源地信息：通过code码关联
public,wm_water_source_bak0421,supply_water_avg,16,double precision,float8,YES,,人均取水量（升/天）,True,水源地信息：通过code码关联
public,wm_water_source_bak0421,check_result,17,character varying,varchar,YES,,考核结果,True,水源地信息：通过code码关联
public,wm_water_source_bak0421,has_monitor,18,character varying,varchar,YES,,年是否开展水质监测,True,水源地信息：通过code码关联
public,wm_water_source_bak0421,monitor_count,19,bigint,int8,YES,,监测次数,True,水源地信息：通过code码关联
public,wm_water_source_bak0421,monitor_result,20,bigint,int8,YES,,达标情况,True,水源地信息：通过code码关联
public,wm_water_source_bak0421,traffic_pass_info,21,character varying,varchar,YES,,交通穿越情况,True,水源地信息：通过code码关联
public,wm_water_source_bak0421,has_take_cert,22,character varying,varchar,YES,,是否有取水许可证文号,True,水源地信息：通过code码关联
public,wm_water_source_bak0421,take_cert_code,23,character varying,varchar,YES,,取水许可证文号,True,水源地信息：通过code码关联
public,wm_water_source_bak0421,has_health_cert,24,character varying,varchar,YES,,有无水厂卫生合格证号,True,水源地信息：通过code码关联
public,wm_water_source_bak0421,health_cert_code,25,character varying,varchar,YES,,卫生合格证号,True,水源地信息：通过code码关联
public,wm_water_source_bak0421,process_technology,26,character varying,varchar,YES,,水厂处理工艺,True,水源地信息：通过code码关联
public,wm_water_source_bak0421,protect_area_level1,27,double precision,float8,YES,,一级保护区面积（m2）,True,水源地信息：通过code码关联
public,wm_water_source_bak0421,protect_area_level2,28,double precision,float8,YES,,二级保护区面积（m2）,True,水源地信息：通过code码关联
public,wm_water_source_bak0421,approve_area,29,double precision,float8,YES,,准保护区面积（m2）,True,水源地信息：通过code码关联
public,wm_water_source_bak0421,lon,30,double precision,float8,YES,,经度,True,水源地信息：通过code码关联
public,wm_water_source_bak0421,lat,31,double precision,float8,YES,,纬度,True,水源地信息：通过code码关联
public,wm_water_source_bak0421,image_path,32,character varying,varchar,YES,,图片路径,True,水源地信息：通过code码关联
public,wm_water_source_bak0421,remark,33,character varying,varchar,YES,,备注,True,水源地信息：通过code码关联
public,wm_water_source_bak0421,protect_area_status,34,character varying,varchar,YES,,保护区划定情况,True,水源地信息：通过code码关联
public,wm_water_source_bak0421,protect_area_cert,35,character varying,varchar,YES,,保护区划定文号,True,水源地信息：通过code码关联
public,wm_water_source_bak0421,protect_area_define,36,character varying,varchar,YES,,水源保护区划分,True,水源地信息：通过code码关联
public,wm_water_source_bak0421,polluter_level1,37,character varying,varchar,YES,,一级保护区内污染源,True,水源地信息：通过code码关联
public,wm_water_source_bak0421,polluter_level2,38,character varying,varchar,YES,,二级保护区内污染源,True,水源地信息：通过code码关联
public,wm_water_source_bak0421,traffice_pass_enviroment,39,bigint,int8,YES,,交通穿越存在环境问题数量,True,水源地信息：通过code码关联
public,wm_water_source_bak0421,traffice_pass_finish,40,bigint,int8,YES,,交通穿越已完成整治数量,True,水源地信息：通过code码关联
public,wm_water_source_bak0421,traffice_pass_handle,41,bigint,int8,YES,,交通穿越整治中数量,True,水源地信息：通过code码关联
public,wm_water_source_bak0421,protect_flag_define,42,character varying,varchar,YES,,保护区标识标志设定情况,True,水源地信息：通过code码关联
public,wm_water_source_bak0421,protect_flag_finish,43,bigint,int8,YES,,标识标志设定存在环境问题数量,True,水源地信息：通过code码关联
public,wm_water_source_bak0421,protect_flag_hanle,44,bigint,int8,YES,,标识标志设定已完成整治数量,True,水源地信息：通过code码关联
public,wm_water_source_bak0421,protect_flag_problem,45,bigint,int8,YES,,标识标志设定存在环境问题数量,True,水源地信息：通过code码关联
public,wm_water_source_bak0421,geom1,46,text,text,YES,,一级水源地面图形：4490,True,水源地信息：通过code码关联
public,wm_water_source_bak0421,geom2,47,text,text,YES,,二级水源地面图形：4490,True,水源地信息：通过code码关联
public,wm_water_source_bak0421,level,48,character varying,varchar,YES,,级别,True,水源地信息：通过code码关联
public,wm_water_source_bak0421,river_system_name_3,49,character varying,varchar,YES,,三级级水系名称,True,水源地信息：通过code码关联
public,wm_water_source_bak0421,water_word_info,50,character varying,varchar,YES,,对应水厂名称,True,水源地信息：通过code码关联
public,wm_water_source_bak0421,dbsqssw,51,real,float4,YES,0,地表水取水水位（m）,True,水源地信息：通过code码关联
public,wm_water_source_bak0421,dbssjksw,52,real,float4,YES,0,地表水设计枯水位（m）,True,水源地信息：通过code码关联
public,wm_water_source_bak0421,dxsmctj,53,character varying,varchar,YES,,地下水埋藏条件,True,水源地信息：通过code码关联
public,wm_water_source_bak0421,dxshsjzlx,54,character varying,varchar,YES,,地下水含水介质类型,True,水源地信息：通过code码关联
public,wm_water_source_bak0421,dxssjjs,55,real,float4,YES,0,地下水设计降深（m）,True,水源地信息：通过code码关联
public,wm_water_source_bak0421,dxsswms,56,real,float4,YES,0,地下水水位埋深（m）,True,水源地信息：通过code码关联
public,wm_water_source_bak0421,ccsy,57,character varying,varchar,YES,'否'::character varying,超采水源: 是、否,True,水源地信息：通过code码关联
public,wm_water_source_bak0421,cjjjdkhzb,58,character varying,varchar,YES,'否'::character varying,长江经济带考核指标: 是、否,True,水源地信息：通过code码关联
public,wm_water_source_bak0421,river_system_name_2,59,character varying,varchar,YES,,二级水系名称,True,水源地信息：通过code码关联
public,wm_water_source_bak0421,build_year,60,integer,int4,YES,,取水口建成年份,True,水源地信息：通过code码关联
public,wm_water_source_bak0421,used_year,61,integer,int4,YES,,取水口正式使用年份,True,水源地信息：通过code码关联
public,wm_water_source_intake_v2,id,1,bigint,int8,NO,nextval('archive_water_source_intake_id_seq'::regclass),,False,饮用水水源地管理及监测-取水口
public,wm_water_source_intake_v2,name,2,character varying,varchar,YES,,名称,True,饮用水水源地管理及监测-取水口
public,wm_water_source_intake_v2,city,3,character varying,varchar,YES,,地市,True,饮用水水源地管理及监测-取水口
public,wm_water_source_intake_v2,district,4,character varying,varchar,YES,,区县,True,饮用水水源地管理及监测-取水口
public,wm_water_source_intake_v2,township,5,character varying,varchar,YES,,乡镇,True,饮用水水源地管理及监测-取水口
public,wm_water_source_intake_v2,source_level,6,character varying,varchar,YES,,水源地级别（县级以上；乡镇级；百吨千人）,True,饮用水水源地管理及监测-取水口
public,wm_water_source_intake_v2,source_type,7,character varying,varchar,YES,,水源地类型（河流型；湖库型；地下水型）,True,饮用水水源地管理及监测-取水口
public,wm_water_source_intake_v2,source_status,8,character varying,varchar,YES,,水源地状态（在用；备用；应急；规划）,True,饮用水水源地管理及监测-取水口
public,wm_water_source_intake_v2,source_code,9,character varying,varchar,YES,,水源地编码,True,饮用水水源地管理及监测-取水口
public,wm_water_source_intake_v2,water_quality_class,10,character varying,varchar,YES,,水质类别（Ⅰ；Ⅱ；Ⅲ；Ⅳ；Ⅴ）,True,饮用水水源地管理及监测-取水口
public,wm_water_source_intake_v2,supply_population,11,integer,int4,YES,,供水人口（人）,True,饮用水水源地管理及监测-取水口
public,wm_water_source_intake_v2,daily_supply_capacity,12,numeric,numeric,YES,,日均供水能力（吨/天）,True,饮用水水源地管理及监测-取水口
public,wm_water_source_intake_v2,annual_actual_withdrawal,13,numeric,numeric,YES,,年实际取水量（万吨）,True,饮用水水源地管理及监测-取水口
public,wm_water_source_intake_v2,per_capita_withdrawal,14,numeric,numeric,YES,,人均取水量（升/天）,True,饮用水水源地管理及监测-取水口
public,wm_water_source_intake_v2,remark,15,text,text,YES,,备注,True,饮用水水源地管理及监测-取水口
public,wm_water_source_intake_v2,create_by,16,bigint,int8,YES,,,False,饮用水水源地管理及监测-取水口
public,wm_water_source_intake_v2,create_time,17,timestamp without time zone,timestamp,YES,CURRENT_TIMESTAMP,,False,饮用水水源地管理及监测-取水口
public,wm_water_source_intake_v2,update_by,18,bigint,int8,YES,,,False,饮用水水源地管理及监测-取水口
public,wm_water_source_intake_v2,update_time,19,timestamp without time zone,timestamp,YES,,,False,饮用水水源地管理及监测-取水口
public,wm_water_source_intake_v2,del_flag,20,character varying,varchar,YES,'0'::character varying,,False,饮用水水源地管理及监测-取水口
public,wm_water_source_intake_v2,geom,21,USER-DEFINED,geometry,YES,,取水口位置,True,饮用水水源地管理及监测-取水口
public,wm_water_source_intake_v2,region_code,22,character varying,varchar,YES,,行政区编码,True,饮用水水源地管理及监测-取水口
public,wm_water_source_zone_v2,id,1,bigint,int8,NO,nextval('archive_water_source_zone_id_seq'::regclass),,False,饮用水水源地管理及监测-保护区
public,wm_water_source_zone_v2,name,2,character varying,varchar,YES,,名称,True,饮用水水源地管理及监测-保护区
public,wm_water_source_zone_v2,city,3,character varying,varchar,YES,,地市,True,饮用水水源地管理及监测-保护区
public,wm_water_source_zone_v2,district,4,character varying,varchar,YES,,区县,True,饮用水水源地管理及监测-保护区
public,wm_water_source_zone_v2,township,5,character varying,varchar,YES,,乡镇,True,饮用水水源地管理及监测-保护区
public,wm_water_source_zone_v2,source_level,6,character varying,varchar,YES,,水源地级别（县级以上；乡镇级；百吨千人）,True,饮用水水源地管理及监测-保护区
public,wm_water_source_zone_v2,zone_level,7,character varying,varchar,YES,,保护区级别（1-一级保护区；2-二级保护区；3-准保护区）,True,饮用水水源地管理及监测-保护区
public,wm_water_source_zone_v2,area,8,numeric,numeric,YES,,面积（单位：平方千米）,True,饮用水水源地管理及监测-保护区
public,wm_water_source_zone_v2,source_type,9,character varying,varchar,YES,,水源地类型（河流型；湖库型；地下水型）,True,饮用水水源地管理及监测-保护区
public,wm_water_source_zone_v2,source_status,10,character varying,varchar,YES,,水源地状态（在用；备用；应急；规划）,True,饮用水水源地管理及监测-保护区
public,wm_water_source_zone_v2,source_code,11,character varying,varchar,YES,,水源地编码,True,饮用水水源地管理及监测-保护区
public,wm_water_source_zone_v2,remark,12,text,text,YES,,备注,True,饮用水水源地管理及监测-保护区
public,wm_water_source_zone_v2,create_by,13,bigint,int8,YES,,,False,饮用水水源地管理及监测-保护区
public,wm_water_source_zone_v2,create_time,14,timestamp without time zone,timestamp,YES,CURRENT_TIMESTAMP,,False,饮用水水源地管理及监测-保护区
public,wm_water_source_zone_v2,update_by,15,bigint,int8,YES,,,False,饮用水水源地管理及监测-保护区
public,wm_water_source_zone_v2,update_time,16,timestamp without time zone,timestamp,YES,,,False,饮用水水源地管理及监测-保护区
public,wm_water_source_zone_v2,del_flag,17,character varying,varchar,YES,'0'::character varying,,False,饮用水水源地管理及监测-保护区
public,wm_water_source_zone_v2,region_code,18,character varying,varchar,YES,,行政区代码,True,饮用水水源地管理及监测-保护区
public,wm_water_source_zone_v2,geom,19,USER-DEFINED,geometry,YES,,,False,饮用水水源地管理及监测-保护区
public,wm_waterbody_info,id,1,bigint,int8,NO,,id,True,水体信息实体类
public,wm_waterbody_info,water_body_code,2,character varying,varchar,YES,,,False,水体信息实体类
public,wm_waterbody_info,water_body_name,3,character varying,varchar,YES,,水体名称,True,水体信息实体类
public,wm_waterbody_info,water_body_type,4,character,bpchar,YES,,水体类型：0 河流、1 湖泊,True,水体信息实体类
public,wm_waterbody_info,water_body_function,5,character varying,varchar,YES,,,False,水体信息实体类
public,wm_waterbody_info,geom,6,text,text,YES,,几何信息,True,水体信息实体类
public,wm_waterbody_info,img_url,7,character varying,varchar,YES,,照片地址,True,水体信息实体类
public,wm_waterbody_info,img_format,8,character varying,varchar,YES,,照片格式：img、png等,True,水体信息实体类
public,wm_waterbody_info,img_name,9,character varying,varchar,YES,,照片名称,True,水体信息实体类
public,wm_waterbody_info,control_unit_id,10,bigint,int8,YES,,所属控制单元id,True,水体信息实体类
public,wm_waterbody_info,basin,11,character varying,varchar,YES,,,False,水体信息实体类
public,wm_waterbody_info,length,12,double precision,float8,YES,,水体长度（km）,True,水体信息实体类
public,wm_waterbody_info,width,13,character varying,varchar,YES,,水体宽度（m）,True,水体信息实体类
public,wm_waterbody_info,area,14,double precision,float8,YES,,水体面积（km2）,True,水体信息实体类
public,wm_waterbody_info,bend_coefficient,15,double precision,float8,YES,,弯曲系数,True,水体信息实体类
public,wm_waterbody_info,storage,16,double precision,float8,YES,,蓄水量（m3）,True,水体信息实体类
public,wm_waterbody_info,country,17,character varying,varchar,YES,,,False,水体信息实体类
public,wm_waterbody_info,start_village,18,character varying,varchar,YES,,,False,水体信息实体类
public,wm_waterbody_info,end_village,19,character varying,varchar,YES,,,False,水体信息实体类
public,wm_waterbody_info,up_stream,20,character varying,varchar,YES,,,False,水体信息实体类
public,wm_waterbody_info,down_stream,21,character varying,varchar,YES,,,False,水体信息实体类
public,wm_waterbody_info,remark,22,character varying,varchar,YES,,,False,水体信息实体类
public,wm_waterbody_info,create_by,23,bigint,int8,YES,,创建人,True,水体信息实体类
public,wm_waterbody_info,create_time,24,timestamp without time zone,timestamp,YES,,创建时间,True,水体信息实体类
public,wm_waterbody_info,update_by,25,bigint,int8,YES,,更新人,True,水体信息实体类
public,wm_waterbody_info,update_time,26,timestamp without time zone,timestamp,YES,,更新时间,True,水体信息实体类
public,wm_waterbody_info,del_flag,27,character,bpchar,YES,0,删除标记：0 未删除、1 已删除,True,水体信息实体类
public,wm_waterquality_day_records,id,1,bigint,int8,NO,,id,True,水质监测日记录表
public,wm_waterquality_day_records,station_id,2,bigint,int8,YES,,站点id,True,水质监测日记录表
public,wm_waterquality_day_records,m1_value,3,double precision,float8,YES,,水温监测值,True,水质监测日记录表
public,wm_waterquality_day_records,m1_count,4,bigint,int8,YES,,记录数1,True,水质监测日记录表
public,wm_waterquality_day_records,m2_value,5,double precision,float8,YES,,PH监测值,True,水质监测日记录表
public,wm_waterquality_day_records,m2_count,6,bigint,int8,YES,,记录数2,True,水质监测日记录表
public,wm_waterquality_day_records,m3_value,7,double precision,float8,YES,,溶解氧监测值,True,水质监测日记录表
public,wm_waterquality_day_records,m3_count,8,bigint,int8,YES,,记录数3,True,水质监测日记录表
public,wm_waterquality_day_records,m4_value,9,double precision,float8,YES,,浊度监测值,True,水质监测日记录表
public,wm_waterquality_day_records,m4_count,10,bigint,int8,YES,,记录数4,True,水质监测日记录表
public,wm_waterquality_day_records,m5_value,11,double precision,float8,YES,,电导率监测值,True,水质监测日记录表
public,wm_waterquality_day_records,m5_count,12,bigint,int8,YES,,记录数5,True,水质监测日记录表
public,wm_waterquality_day_records,m6_value,13,double precision,float8,YES,,氨氮监测值,True,水质监测日记录表
public,wm_waterquality_day_records,m6_count,14,bigint,int8,YES,,记录数6,True,水质监测日记录表
public,wm_waterquality_day_records,m7_value,15,double precision,float8,YES,,高锰酸盐指数监测值,True,水质监测日记录表
public,wm_waterquality_day_records,m7_count,16,bigint,int8,YES,,记录数7,True,水质监测日记录表
public,wm_waterquality_day_records,m8_value,17,double precision,float8,YES,,总磷监测值,True,水质监测日记录表
public,wm_waterquality_day_records,m8_count,18,bigint,int8,YES,,记录数8,True,水质监测日记录表
public,wm_waterquality_day_records,m9_value,19,double precision,float8,YES,,总氮监测值,True,水质监测日记录表
public,wm_waterquality_day_records,m9_count,20,bigint,int8,YES,,记录数9,True,水质监测日记录表
public,wm_waterquality_day_records,m10_value,21,double precision,float8,YES,,化学需氧量监测值,True,水质监测日记录表
public,wm_waterquality_day_records,m10_count,22,bigint,int8,YES,,记录数10,True,水质监测日记录表
public,wm_waterquality_day_records,m11_value,23,double precision,float8,YES,,监测值,True,水质监测日记录表
public,wm_waterquality_day_records,m11_count,24,bigint,int8,YES,,记录数11,True,水质监测日记录表
public,wm_waterquality_day_records,m12_value,25,double precision,float8,YES,,监测值,True,水质监测日记录表
public,wm_waterquality_day_records,m12_count,26,bigint,int8,YES,,记录数12,True,水质监测日记录表
public,wm_waterquality_day_records,m13_value,27,double precision,float8,YES,,监测值,True,水质监测日记录表
public,wm_waterquality_day_records,m13_count,28,bigint,int8,YES,,记录数13,True,水质监测日记录表
public,wm_waterquality_day_records,m14_value,29,double precision,float8,YES,,监测值,True,水质监测日记录表
public,wm_waterquality_day_records,m14_count,30,bigint,int8,YES,,记录数14,True,水质监测日记录表
public,wm_waterquality_day_records,m15_value,31,double precision,float8,YES,,监测值,True,水质监测日记录表
public,wm_waterquality_day_records,m15_count,32,bigint,int8,YES,,记录数15,True,水质监测日记录表
public,wm_waterquality_day_records,m16_value,33,double precision,float8,YES,,监测值,True,水质监测日记录表
public,wm_waterquality_day_records,m16_count,34,bigint,int8,YES,,记录数16,True,水质监测日记录表
public,wm_waterquality_day_records,m17_value,35,double precision,float8,YES,,监测值,True,水质监测日记录表
public,wm_waterquality_day_records,m17_count,36,bigint,int8,YES,,记录数17,True,水质监测日记录表
public,wm_waterquality_day_records,m18_value,37,double precision,float8,YES,,监测值,True,水质监测日记录表
public,wm_waterquality_day_records,m18_count,38,bigint,int8,YES,,记录数18,True,水质监测日记录表
public,wm_waterquality_day_records,m19_value,39,double precision,float8,YES,,监测值,True,水质监测日记录表
public,wm_waterquality_day_records,m19_count,40,bigint,int8,YES,,记录数19,True,水质监测日记录表
public,wm_waterquality_day_records,m20_value,41,double precision,float8,YES,,监测值,True,水质监测日记录表
public,wm_waterquality_day_records,m20_count,42,bigint,int8,YES,,记录数20,True,水质监测日记录表
public,wm_waterquality_day_records,m21_value,43,double precision,float8,YES,,监测值,True,水质监测日记录表
public,wm_waterquality_day_records,m21_count,44,bigint,int8,YES,,记录数21,True,水质监测日记录表
public,wm_waterquality_day_records,m22_value,45,double precision,float8,YES,,监测值,True,水质监测日记录表
public,wm_waterquality_day_records,m22_count,46,bigint,int8,YES,,记录数22,True,水质监测日记录表
public,wm_waterquality_day_records,m23_value,47,double precision,float8,YES,,监测值,True,水质监测日记录表
public,wm_waterquality_day_records,m23_count,48,bigint,int8,YES,,记录数23,True,水质监测日记录表
public,wm_waterquality_day_records,m24_value,49,double precision,float8,YES,,监测值,True,水质监测日记录表
public,wm_waterquality_day_records,m24_count,50,bigint,int8,YES,,记录数24,True,水质监测日记录表
public,wm_waterquality_day_records,m25_value,51,double precision,float8,YES,,监测值,True,水质监测日记录表
public,wm_waterquality_day_records,m25_count,52,bigint,int8,YES,,记录数25,True,水质监测日记录表
public,wm_waterquality_day_records,m26_value,53,double precision,float8,YES,,监测值,True,水质监测日记录表
public,wm_waterquality_day_records,m26_count,54,bigint,int8,YES,,记录数26,True,水质监测日记录表
public,wm_waterquality_day_records,m27_value,55,double precision,float8,YES,,监测值,True,水质监测日记录表
public,wm_waterquality_day_records,m27_count,56,bigint,int8,YES,,记录数27,True,水质监测日记录表
public,wm_waterquality_day_records,m28_value,57,double precision,float8,YES,,监测值,True,水质监测日记录表
public,wm_waterquality_day_records,m28_count,58,bigint,int8,YES,,记录数28,True,水质监测日记录表
public,wm_waterquality_day_records,m29_value,59,double precision,float8,YES,,监测值29,True,水质监测日记录表
public,wm_waterquality_day_records,m29_count,60,bigint,int8,YES,,记录数29,True,水质监测日记录表
public,wm_waterquality_day_records,m30_value,61,double precision,float8,YES,,监测值30,True,水质监测日记录表
public,wm_waterquality_day_records,m30_count,62,bigint,int8,YES,,记录数30,True,水质监测日记录表
public,wm_waterquality_day_records,m31_value,63,double precision,float8,YES,,监测值31,True,水质监测日记录表
public,wm_waterquality_day_records,m31_count,64,bigint,int8,YES,,记录数31,True,水质监测日记录表
public,wm_waterquality_day_records,monitor_time,65,timestamp without time zone,timestamp,YES,,监测时间,True,水质监测日记录表
public,wm_waterquality_day_records,status,66,character,bpchar,YES,,,False,水质监测日记录表
public,wm_waterquality_day_records,water_quality_level,67,character varying,varchar,YES,,水质级别,True,水质监测日记录表
public,wm_waterquality_day_records,record_type,68,character,bpchar,YES,,,False,水质监测日记录表
public,wm_waterquality_day_records,create_by,69,bigint,int8,YES,,创建人,True,水质监测日记录表
public,wm_waterquality_day_records,create_time,70,timestamp without time zone,timestamp,YES,,创建时间,True,水质监测日记录表
public,wm_waterquality_day_records,update_by,71,bigint,int8,YES,,更新人,True,水质监测日记录表
public,wm_waterquality_day_records,update_time,72,timestamp without time zone,timestamp,YES,,更新时间,True,水质监测日记录表
public,wm_waterquality_day_records,del_flag,73,character,bpchar,YES,0,删除标记：0 未删除、1 已删除,True,水质监测日记录表
public,wm_waterquality_hour_records,id,1,bigint,int8,NO,,id,True,水质监测小时记录表
public,wm_waterquality_hour_records,station_id,2,bigint,int8,YES,,监测站id,True,水质监测小时记录表
public,wm_waterquality_hour_records,m1_value,3,double precision,float8,YES,,水温监测值,True,水质监测小时记录表
public,wm_waterquality_hour_records,m1_status,4,character,bpchar,YES,,监测结果：0 正常、1 超标,True,水质监测小时记录表
public,wm_waterquality_hour_records,m1_level,5,character varying,varchar,YES,,水质级别：I、II、Ⅲ、IV、V、劣V,True,水质监测小时记录表
public,wm_waterquality_hour_records,m2_value,6,double precision,float8,YES,,PH监测值,True,水质监测小时记录表
public,wm_waterquality_hour_records,m2_status,7,character,bpchar,YES,,监测结果：0 正常、1 超标,True,水质监测小时记录表
public,wm_waterquality_hour_records,m2_level,8,character varying,varchar,YES,,水质级别：I、II、Ⅲ、IV、V、劣V,True,水质监测小时记录表
public,wm_waterquality_hour_records,m3_value,9,double precision,float8,YES,,溶解氧监测值,True,水质监测小时记录表
public,wm_waterquality_hour_records,m3_status,10,character,bpchar,YES,,监测结果：0 正常、2 偏低,True,水质监测小时记录表
public,wm_waterquality_hour_records,m3_level,11,character varying,varchar,YES,,水质级别：I、II、Ⅲ、IV、V、劣V,True,水质监测小时记录表
public,wm_waterquality_hour_records,m4_value,12,double precision,float8,YES,,浊度监测值,True,水质监测小时记录表
public,wm_waterquality_hour_records,m4_status,13,character,bpchar,YES,,监测结果：0 正常、1 超标,True,水质监测小时记录表
public,wm_waterquality_hour_records,m5_value,14,double precision,float8,YES,,电导率监测值,True,水质监测小时记录表
public,wm_waterquality_hour_records,m5_status,15,character,bpchar,YES,,监测结果：0 正常、1 超标,True,水质监测小时记录表
public,wm_waterquality_hour_records,m6_value,16,double precision,float8,YES,,氨氮监测值,True,水质监测小时记录表
public,wm_waterquality_hour_records,m6_status,17,character,bpchar,YES,,监测结果：0 正常、1 超标,True,水质监测小时记录表
public,wm_waterquality_hour_records,m6_level,18,character varying,varchar,YES,,水质级别：I、II、Ⅲ、IV、V、劣V,True,水质监测小时记录表
public,wm_waterquality_hour_records,m7_value,19,double precision,float8,YES,,高锰酸盐指数监测值,True,水质监测小时记录表
public,wm_waterquality_hour_records,m7_status,20,character,bpchar,YES,,监测结果：0 正常、1 超标,True,水质监测小时记录表
public,wm_waterquality_hour_records,m7_level,21,character varying,varchar,YES,,水质级别：I、II、Ⅲ、IV、V、劣V,True,水质监测小时记录表
public,wm_waterquality_hour_records,m8_value,22,double precision,float8,YES,,总磷监测值,True,水质监测小时记录表
public,wm_waterquality_hour_records,m8_status,23,character,bpchar,YES,,监测结果：0 正常、1 超标,True,水质监测小时记录表
public,wm_waterquality_hour_records,m8_level,24,character varying,varchar,YES,,水质级别：I、II、Ⅲ、IV、V、劣V,True,水质监测小时记录表
public,wm_waterquality_hour_records,m9_value,25,double precision,float8,YES,,总氮监测值,True,水质监测小时记录表
public,wm_waterquality_hour_records,m9_status,26,character,bpchar,YES,,监测结果：0 正常、1 超标,True,水质监测小时记录表
public,wm_waterquality_hour_records,m9_level,27,character varying,varchar,YES,,水质级别：I、II、Ⅲ、IV、V、劣V,True,水质监测小时记录表
public,wm_waterquality_hour_records,m10_value,28,double precision,float8,YES,,叶绿素a监测值,True,水质监测小时记录表
public,wm_waterquality_hour_records,m10_status,29,character,bpchar,YES,,监测结果：0 正常、1 超标,True,水质监测小时记录表
public,wm_waterquality_hour_records,m11_value,30,double precision,float8,YES,,藻密度监测值,True,水质监测小时记录表
public,wm_waterquality_hour_records,m11_status,31,character,bpchar,YES,,监测结果：0 正常、1 超标,True,水质监测小时记录表
public,wm_waterquality_hour_records,m12_value,32,double precision,float8,YES,,化学需氧量监测值,True,水质监测小时记录表
public,wm_waterquality_hour_records,m12_status,33,character,bpchar,YES,,监测结果：0 正常、1 超标,True,水质监测小时记录表
public,wm_waterquality_hour_records,m12_level,34,character varying,varchar,YES,,水质级别：I、II、Ⅲ、IV、V、劣V,True,水质监测小时记录表
public,wm_waterquality_hour_records,m13_value,35,double precision,float8,YES,,五日生化需氧量监测值,True,水质监测小时记录表
public,wm_waterquality_hour_records,m13_status,36,character,bpchar,YES,,监测结果：0 正常、1 超标,True,水质监测小时记录表
public,wm_waterquality_hour_records,m13_level,37,character varying,varchar,YES,,水质级别：I、II、Ⅲ、IV、V、劣V,True,水质监测小时记录表
public,wm_waterquality_hour_records,m14_value,38,double precision,float8,YES,,监测值,True,水质监测小时记录表
public,wm_waterquality_hour_records,m14_status,39,character,bpchar,YES,,监测结果：0 正常、1 超标,True,水质监测小时记录表
public,wm_waterquality_hour_records,m15_value,40,double precision,float8,YES,,监测值,True,水质监测小时记录表
public,wm_waterquality_hour_records,m15_status,41,character,bpchar,YES,,监测结果：0 正常、1 超标,True,水质监测小时记录表
public,wm_waterquality_hour_records,m16_value,42,double precision,float8,YES,,监测值,True,水质监测小时记录表
public,wm_waterquality_hour_records,m16_status,43,character,bpchar,YES,,监测结果：0 正常、1 超标,True,水质监测小时记录表
public,wm_waterquality_hour_records,m17_value,44,double precision,float8,YES,,监测值,True,水质监测小时记录表
public,wm_waterquality_hour_records,m17_status,45,character,bpchar,YES,,监测结果：0 正常、1 超标,True,水质监测小时记录表
public,wm_waterquality_hour_records,m18_value,46,double precision,float8,YES,,监测值,True,水质监测小时记录表
public,wm_waterquality_hour_records,m18_status,47,character,bpchar,YES,,监测结果：0 正常、1 超标,True,水质监测小时记录表
public,wm_waterquality_hour_records,m19_value,48,double precision,float8,YES,,监测值,True,水质监测小时记录表
public,wm_waterquality_hour_records,m19_status,49,character,bpchar,YES,,监测结果：0 正常、1 超标,True,水质监测小时记录表
public,wm_waterquality_hour_records,m20_value,50,double precision,float8,YES,,监测值,True,水质监测小时记录表
public,wm_waterquality_hour_records,m20_status,51,character,bpchar,YES,,监测结果：0 正常、1 超标,True,水质监测小时记录表
public,wm_waterquality_hour_records,m21_value,52,double precision,float8,YES,,监测值,True,水质监测小时记录表
public,wm_waterquality_hour_records,m21_status,53,character,bpchar,YES,,监测结果：0 正常、1 超标,True,水质监测小时记录表
public,wm_waterquality_hour_records,m22_value,54,double precision,float8,YES,,监测值,True,水质监测小时记录表
public,wm_waterquality_hour_records,m22_status,55,character,bpchar,YES,,监测结果：0 正常、1 超标,True,水质监测小时记录表
public,wm_waterquality_hour_records,m23_value,56,double precision,float8,YES,,监测值,True,水质监测小时记录表
public,wm_waterquality_hour_records,m23_status,57,character,bpchar,YES,,监测结果：0 正常、1 超标,True,水质监测小时记录表
public,wm_waterquality_hour_records,m24_value,58,double precision,float8,YES,,监测值,True,水质监测小时记录表
public,wm_waterquality_hour_records,m24_status,59,character,bpchar,YES,,监测结果：0 正常、1 超标,True,水质监测小时记录表
public,wm_waterquality_hour_records,m25_value,60,double precision,float8,YES,,监测值,True,水质监测小时记录表
public,wm_waterquality_hour_records,m25_status,61,character,bpchar,YES,,监测结果：0 正常、1 超标,True,水质监测小时记录表
public,wm_waterquality_hour_records,m26_value,62,double precision,float8,YES,,监测值,True,水质监测小时记录表
public,wm_waterquality_hour_records,m26_status,63,character,bpchar,YES,,监测结果：0 正常、1 超标,True,水质监测小时记录表
public,wm_waterquality_hour_records,m27_value,64,double precision,float8,YES,,监测值,True,水质监测小时记录表
public,wm_waterquality_hour_records,m27_status,65,character,bpchar,YES,,监测结果：0 正常、1 超标,True,水质监测小时记录表
public,wm_waterquality_hour_records,m28_value,66,double precision,float8,YES,,监测值,True,水质监测小时记录表
public,wm_waterquality_hour_records,m28_status,67,character,bpchar,YES,,监测结果：0 正常、1 超标,True,水质监测小时记录表
public,wm_waterquality_hour_records,m29_value,68,double precision,float8,YES,,监测值,True,水质监测小时记录表
public,wm_waterquality_hour_records,m29_status,69,character,bpchar,YES,,监测结果：0 正常、1 超标,True,水质监测小时记录表
public,wm_waterquality_hour_records,m30_value,70,double precision,float8,YES,,监测值,True,水质监测小时记录表
public,wm_waterquality_hour_records,m30_status,71,character,bpchar,YES,,监测结果：0 正常、1 超标,True,水质监测小时记录表
public,wm_waterquality_hour_records,m31_value,72,double precision,float8,YES,,监测值,True,水质监测小时记录表
public,wm_waterquality_hour_records,m31_status,73,character,bpchar,YES,,监测结果：0 正常、1 超标,True,水质监测小时记录表
public,wm_waterquality_hour_records,monitor_time,74,timestamp without time zone,timestamp,YES,,监测时间,True,水质监测小时记录表
public,wm_waterquality_hour_records,status,75,character,bpchar,YES,,监测结果：0 正常、1 超标,True,水质监测小时记录表
public,wm_waterquality_hour_records,water_quality_level,76,character varying,varchar,YES,,水质级别：I、II、Ⅲ、IV、V、劣V,True,水质监测小时记录表
public,wm_waterquality_hour_records,record_type,77,character,bpchar,YES,,记录类型：0 自动、1 手工,True,水质监测小时记录表
public,wm_waterquality_hour_records,create_by,78,bigint,int8,YES,,创建人,True,水质监测小时记录表
public,wm_waterquality_hour_records,create_time,79,timestamp without time zone,timestamp,YES,,创建时间,True,水质监测小时记录表
public,wm_waterquality_hour_records,update_by,80,bigint,int8,YES,,更新人,True,水质监测小时记录表
public,wm_waterquality_hour_records,update_time,81,timestamp without time zone,timestamp,YES,,更新时间,True,水质监测小时记录表
public,wm_waterquality_hour_records,del_flag,82,character,bpchar,YES,0,删除标记：0 未删除、1 已删除,True,水质监测小时记录表
public,wm_waterquality_month_records,id,1,bigint,int8,NO,,id,True,水质监测月记录表
public,wm_waterquality_month_records,station_id,2,bigint,int8,YES,,站点id,True,水质监测月记录表
public,wm_waterquality_month_records,section_id,3,bigint,int8,YES,,断面id,True,水质监测月记录表
public,wm_waterquality_month_records,m1_value,4,double precision,float8,YES,,水温监测值,True,水质监测月记录表
public,wm_waterquality_month_records,m1_count,5,bigint,int8,YES,,记录数1,True,水质监测月记录表
public,wm_waterquality_month_records,m2_value,6,double precision,float8,YES,,PH监测值,True,水质监测月记录表
public,wm_waterquality_month_records,m2_count,7,bigint,int8,YES,,记录数2,True,水质监测月记录表
public,wm_waterquality_month_records,m3_value,8,double precision,float8,YES,,溶解氧监测值,True,水质监测月记录表
public,wm_waterquality_month_records,m3_count,9,bigint,int8,YES,,记录数3,True,水质监测月记录表
public,wm_waterquality_month_records,m4_value,10,double precision,float8,YES,,浊度监测值,True,水质监测月记录表
public,wm_waterquality_month_records,m4_count,11,bigint,int8,YES,,记录数4,True,水质监测月记录表
public,wm_waterquality_month_records,m5_value,12,double precision,float8,YES,,电导率监测值,True,水质监测月记录表
public,wm_waterquality_month_records,m5_count,13,bigint,int8,YES,,记录数5,True,水质监测月记录表
public,wm_waterquality_month_records,m6_value,14,double precision,float8,YES,,氨氮监测值,True,水质监测月记录表
public,wm_waterquality_month_records,m6_count,15,bigint,int8,YES,,记录数6,True,水质监测月记录表
public,wm_waterquality_month_records,m7_value,16,double precision,float8,YES,,高锰酸盐指数监测值,True,水质监测月记录表
public,wm_waterquality_month_records,m7_count,17,bigint,int8,YES,,记录数7,True,水质监测月记录表
public,wm_waterquality_month_records,m8_value,18,double precision,float8,YES,,总磷监测值,True,水质监测月记录表
public,wm_waterquality_month_records,m8_count,19,bigint,int8,YES,,记录数8,True,水质监测月记录表
public,wm_waterquality_month_records,m9_value,20,double precision,float8,YES,,总氮监测值,True,水质监测月记录表
public,wm_waterquality_month_records,m9_count,21,bigint,int8,YES,,记录数9,True,水质监测月记录表
public,wm_waterquality_month_records,m10_value,22,double precision,float8,YES,,叶绿素a,True,水质监测月记录表
public,wm_waterquality_month_records,m10_count,23,bigint,int8,YES,,记录数10,True,水质监测月记录表
public,wm_waterquality_month_records,m11_value,24,double precision,float8,YES,,藻密度,True,水质监测月记录表
public,wm_waterquality_month_records,m11_count,25,bigint,int8,YES,,记录数11,True,水质监测月记录表
public,wm_waterquality_month_records,m12_value,26,double precision,float8,YES,,化学需氧量,True,水质监测月记录表
public,wm_waterquality_month_records,m12_count,27,bigint,int8,YES,,记录数12,True,水质监测月记录表
public,wm_waterquality_month_records,m13_value,28,double precision,float8,YES,,五日生化需氧量,True,水质监测月记录表
public,wm_waterquality_month_records,m13_count,29,bigint,int8,YES,,记录数13,True,水质监测月记录表
public,wm_waterquality_month_records,m14_value,30,double precision,float8,YES,,铜,True,水质监测月记录表
public,wm_waterquality_month_records,m14_count,31,bigint,int8,YES,,记录数14,True,水质监测月记录表
public,wm_waterquality_month_records,m15_value,32,double precision,float8,YES,,锌,True,水质监测月记录表
public,wm_waterquality_month_records,m15_count,33,bigint,int8,YES,,记录数15,True,水质监测月记录表
public,wm_waterquality_month_records,m16_value,34,double precision,float8,YES,,氟化物,True,水质监测月记录表
public,wm_waterquality_month_records,m16_count,35,bigint,int8,YES,,记录数16,True,水质监测月记录表
public,wm_waterquality_month_records,m17_value,36,double precision,float8,YES,,硒,True,水质监测月记录表
public,wm_waterquality_month_records,m17_count,37,bigint,int8,YES,,记录数17,True,水质监测月记录表
public,wm_waterquality_month_records,m18_value,38,double precision,float8,YES,,砷,True,水质监测月记录表
public,wm_waterquality_month_records,m18_count,39,bigint,int8,YES,,记录数18,True,水质监测月记录表
public,wm_waterquality_month_records,m19_value,40,double precision,float8,YES,,汞,True,水质监测月记录表
public,wm_waterquality_month_records,m19_count,41,bigint,int8,YES,,记录数19,True,水质监测月记录表
public,wm_waterquality_month_records,m20_value,42,double precision,float8,YES,,镉,True,水质监测月记录表
public,wm_waterquality_month_records,m20_count,43,bigint,int8,YES,,记录数20,True,水质监测月记录表
public,wm_waterquality_month_records,m21_value,44,double precision,float8,YES,,铬,True,水质监测月记录表
public,wm_waterquality_month_records,m21_count,45,bigint,int8,YES,,记录数21,True,水质监测月记录表
public,wm_waterquality_month_records,m22_value,46,double precision,float8,YES,,铅,True,水质监测月记录表
public,wm_waterquality_month_records,m22_count,47,bigint,int8,YES,,记录数22,True,水质监测月记录表
public,wm_waterquality_month_records,m23_value,48,double precision,float8,YES,,氰化物,True,水质监测月记录表
public,wm_waterquality_month_records,m23_count,49,bigint,int8,YES,,记录数23,True,水质监测月记录表
public,wm_waterquality_month_records,m24_value,50,double precision,float8,YES,,挥发酚,True,水质监测月记录表
public,wm_waterquality_month_records,m24_count,51,bigint,int8,YES,,记录数24,True,水质监测月记录表
public,wm_waterquality_month_records,m25_value,52,double precision,float8,YES,,石油类,True,水质监测月记录表
public,wm_waterquality_month_records,m25_count,53,bigint,int8,YES,,记录数25,True,水质监测月记录表
public,wm_waterquality_month_records,m26_value,54,double precision,float8,YES,,阴离子表面活性剂,True,水质监测月记录表
public,wm_waterquality_month_records,m26_count,55,bigint,int8,YES,,记录数26,True,水质监测月记录表
public,wm_waterquality_month_records,m27_value,56,double precision,float8,YES,,硫化物,True,水质监测月记录表
public,wm_waterquality_month_records,m27_count,57,bigint,int8,YES,,记录数27,True,水质监测月记录表
public,wm_waterquality_month_records,m28_value,58,double precision,float8,YES,,水中油,True,水质监测月记录表
public,wm_waterquality_month_records,m28_count,59,bigint,int8,YES,,记录数28,True,水质监测月记录表
public,wm_waterquality_month_records,m29_value,60,double precision,float8,YES,,硝酸盐,True,水质监测月记录表
public,wm_waterquality_month_records,m29_count,61,bigint,int8,YES,,记录数29,True,水质监测月记录表
public,wm_waterquality_month_records,m30_value,62,double precision,float8,YES,,生物毒性,True,水质监测月记录表
public,wm_waterquality_month_records,m30_count,63,bigint,int8,YES,,记录数30,True,水质监测月记录表
public,wm_waterquality_month_records,m31_value,64,double precision,float8,YES,,大肠杆菌,True,水质监测月记录表
public,wm_waterquality_month_records,m31_count,65,bigint,int8,YES,,记录数31,True,水质监测月记录表
public,wm_waterquality_month_records,monitor_time,66,timestamp without time zone,timestamp,YES,,监测时间,True,水质监测月记录表
public,wm_waterquality_month_records,monitor_year,67,bigint,int8,YES,,监测年份,True,水质监测月记录表
public,wm_waterquality_month_records,monitor_month,68,bigint,int8,YES,,监测月份,True,水质监测月记录表
public,wm_waterquality_month_records,record_type,69,character,bpchar,YES,1,记录类型：0 自动、1 手工,True,水质监测月记录表
public,wm_waterquality_month_records,water_quality_level,70,character varying,varchar,YES,,水质级别,True,水质监测月记录表
public,wm_waterquality_month_records,main_pollutant,71,character varying,varchar,YES,,主要污染物，逗号连接,True,水质监测月记录表
public,wm_waterquality_month_records,remark,72,character varying,varchar,YES,,备注,True,水质监测月记录表
public,wm_waterquality_month_records,create_by,73,bigint,int8,YES,,创建人,True,水质监测月记录表
public,wm_waterquality_month_records,create_time,74,timestamp without time zone,timestamp,YES,,创建时间,True,水质监测月记录表
public,wm_waterquality_month_records,update_by,75,bigint,int8,YES,,更新人,True,水质监测月记录表
public,wm_waterquality_month_records,update_time,76,timestamp without time zone,timestamp,YES,,更新时间,True,水质监测月记录表
public,wm_waterquality_month_records,del_flag,77,character,bpchar,YES,0,删除标记：0 未删除、1 已删除,True,水质监测月记录表
public,wm_waterquality_threshold,id,1,text,text,NO,,id,True,站点水质指标阈值
public,wm_waterquality_threshold,station_id,2,bigint,int8,YES,,监测站id,True,站点水质指标阈值
public,wm_waterquality_threshold,m1_value,3,double precision,float8,YES,,水温阈值(℃),True,站点水质指标阈值
public,wm_waterquality_threshold,m2_value,4,double precision,float8,YES,,pH阈值(无量纲),True,站点水质指标阈值
public,wm_waterquality_threshold,m3_value,5,double precision,float8,YES,,溶解氧阈值(mg/L),True,站点水质指标阈值
public,wm_waterquality_threshold,m4_value,6,double precision,float8,YES,,浊度阈值(NTU),True,站点水质指标阈值
public,wm_waterquality_threshold,m5_value,7,double precision,float8,YES,,电导率阈值(μS/cm),True,站点水质指标阈值
public,wm_waterquality_threshold,m6_value,8,double precision,float8,YES,,氨氮阈值(mg/L),True,站点水质指标阈值
public,wm_waterquality_threshold,m7_value,9,double precision,float8,YES,,高锰酸盐指数阈值(mg/L),True,站点水质指标阈值
public,wm_waterquality_threshold,m8_value,10,double precision,float8,YES,,总磷阈值(mg/L),True,站点水质指标阈值
public,wm_waterquality_threshold,m9_value,11,double precision,float8,YES,,总氮阈值(mg/L),True,站点水质指标阈值
public,wm_waterquality_threshold,m10_value,12,double precision,float8,YES,,叶绿素a阈值(ug/L),True,站点水质指标阈值
public,wm_waterquality_threshold,m11_value,13,double precision,float8,YES,,藻密度阈值(cell/mL),True,站点水质指标阈值
public,wm_waterquality_threshold,m12_value,14,double precision,float8,YES,,化学需氧量阈值(mg/L),True,站点水质指标阈值
public,wm_waterquality_threshold,m13_value,15,double precision,float8,YES,,五日生化需氧量阈值(mg/L),True,站点水质指标阈值
public,wm_waterquality_threshold,m14_value,16,double precision,float8,YES,,铜阈值(mg/L),True,站点水质指标阈值
public,wm_waterquality_threshold,m15_value,17,double precision,float8,YES,,硒阈值(mg/L),True,站点水质指标阈值
public,wm_waterquality_threshold,m16_value,18,double precision,float8,YES,,锌阈值(mg/L),True,站点水质指标阈值
public,wm_waterquality_threshold,m17_value,19,double precision,float8,YES,,氟化物阈值(mg/L),True,站点水质指标阈值
public,wm_waterquality_threshold,m18_value,20,double precision,float8,YES,,砷阈值(mg/L),True,站点水质指标阈值
public,wm_waterquality_threshold,m19_value,21,double precision,float8,YES,,汞阈值(mg/L),True,站点水质指标阈值
public,wm_waterquality_threshold,m20_value,22,double precision,float8,YES,,镉阈值(mg/L),True,站点水质指标阈值
public,wm_waterquality_threshold,m21_value,23,double precision,float8,YES,,铬阈值(mg/L),True,站点水质指标阈值
public,wm_waterquality_threshold,m22_value,24,double precision,float8,YES,,铅阈值(mg/L),True,站点水质指标阈值
public,wm_waterquality_threshold,m23_value,25,double precision,float8,YES,,氰化物阈值(mg/L),True,站点水质指标阈值
public,wm_waterquality_threshold,m24_value,26,double precision,float8,YES,,挥发酚阈值(mg/L),True,站点水质指标阈值
public,wm_waterquality_threshold,m25_value,27,double precision,float8,YES,,石油类阈值(mg/L),True,站点水质指标阈值
public,wm_waterquality_threshold,m26_value,28,double precision,float8,YES,,阴离子表面活性剂阈值(mg/L),True,站点水质指标阈值
public,wm_waterquality_threshold,m27_value,29,double precision,float8,YES,,硫化物阈值(mg/L),True,站点水质指标阈值
public,wm_waterquality_threshold,m28_value,30,double precision,float8,YES,,水中油阈值(mg/L),True,站点水质指标阈值
public,wm_waterquality_threshold,m29_value,31,double precision,float8,YES,,硝酸盐阈值(mg/L),True,站点水质指标阈值
public,wm_waterquality_threshold,m30_value,32,double precision,float8,YES,,生物毒性阈值(%),True,站点水质指标阈值
public,wm_waterquality_threshold,m31_value,33,double precision,float8,YES,,大肠杆菌阈值(cell/L),True,站点水质指标阈值
public,wm_waterquality_threshold,create_by,34,bigint,int8,YES,,创建人,True,站点水质指标阈值
public,wm_waterquality_threshold,create_time,35,timestamp without time zone,timestamp,YES,,创建时间,True,站点水质指标阈值
public,wm_waterquality_threshold,update_by,36,bigint,int8,YES,,更新人,True,站点水质指标阈值
public,wm_waterquality_threshold,update_time,37,timestamp without time zone,timestamp,YES,,更新时间,True,站点水质指标阈值
public,wm_waterquality_threshold,del_flag,38,character,bpchar,YES,0,删除标记：0 未删除、1 已删除,True,站点水质指标阈值
public,wm_waterquality_year_records,id,1,bigint,int8,NO,,id,True,水质监测年记录表
public,wm_waterquality_year_records,station_id,2,bigint,int8,YES,,站点id,True,水质监测年记录表
public,wm_waterquality_year_records,section_id,3,bigint,int8,YES,,断面id,True,水质监测年记录表
public,wm_waterquality_year_records,m1_value,4,double precision,float8,YES,,水温监测值,True,水质监测年记录表
public,wm_waterquality_year_records,m1_count,5,bigint,int8,YES,,记录数1,True,水质监测年记录表
public,wm_waterquality_year_records,m2_value,6,double precision,float8,YES,,PH监测值,True,水质监测年记录表
public,wm_waterquality_year_records,m2_count,7,bigint,int8,YES,,记录数2,True,水质监测年记录表
public,wm_waterquality_year_records,m3_value,8,double precision,float8,YES,,溶解氧监测值,True,水质监测年记录表
public,wm_waterquality_year_records,m3_count,9,bigint,int8,YES,,记录数3,True,水质监测年记录表
public,wm_waterquality_year_records,m4_value,10,double precision,float8,YES,,浊度监测值,True,水质监测年记录表
public,wm_waterquality_year_records,m4_count,11,bigint,int8,YES,,记录数4,True,水质监测年记录表
public,wm_waterquality_year_records,m5_value,12,double precision,float8,YES,,电导率监测值,True,水质监测年记录表
public,wm_waterquality_year_records,m5_count,13,bigint,int8,YES,,记录数5,True,水质监测年记录表
public,wm_waterquality_year_records,m6_value,14,double precision,float8,YES,,氨氮监测值,True,水质监测年记录表
public,wm_waterquality_year_records,m6_count,15,bigint,int8,YES,,记录数6,True,水质监测年记录表
public,wm_waterquality_year_records,m7_value,16,double precision,float8,YES,,高锰酸盐指数监测值,True,水质监测年记录表
public,wm_waterquality_year_records,m7_count,17,bigint,int8,YES,,记录数7,True,水质监测年记录表
public,wm_waterquality_year_records,m8_value,18,double precision,float8,YES,,总磷监测值,True,水质监测年记录表
public,wm_waterquality_year_records,m8_count,19,bigint,int8,YES,,记录数8,True,水质监测年记录表
public,wm_waterquality_year_records,m9_value,20,double precision,float8,YES,,总氮监测值,True,水质监测年记录表
public,wm_waterquality_year_records,m9_count,21,bigint,int8,YES,,记录数9,True,水质监测年记录表
public,wm_waterquality_year_records,m10_value,22,double precision,float8,YES,,化学需氧量监测值,True,水质监测年记录表
public,wm_waterquality_year_records,m10_count,23,bigint,int8,YES,,记录数10,True,水质监测年记录表
public,wm_waterquality_year_records,m11_value,24,double precision,float8,YES,,监测值,True,水质监测年记录表
public,wm_waterquality_year_records,m11_count,25,bigint,int8,YES,,记录数11,True,水质监测年记录表
public,wm_waterquality_year_records,m12_value,26,double precision,float8,YES,,监测值,True,水质监测年记录表
public,wm_waterquality_year_records,m12_count,27,bigint,int8,YES,,记录数12,True,水质监测年记录表
public,wm_waterquality_year_records,m13_value,28,double precision,float8,YES,,监测值,True,水质监测年记录表
public,wm_waterquality_year_records,m13_count,29,bigint,int8,YES,,记录数13,True,水质监测年记录表
public,wm_waterquality_year_records,m14_value,30,double precision,float8,YES,,监测值,True,水质监测年记录表
public,wm_waterquality_year_records,m14_count,31,bigint,int8,YES,,记录数14,True,水质监测年记录表
public,wm_waterquality_year_records,m15_value,32,double precision,float8,YES,,监测值,True,水质监测年记录表
public,wm_waterquality_year_records,m15_count,33,bigint,int8,YES,,记录数15,True,水质监测年记录表
public,wm_waterquality_year_records,m16_value,34,double precision,float8,YES,,监测值,True,水质监测年记录表
public,wm_waterquality_year_records,m16_count,35,bigint,int8,YES,,记录数16,True,水质监测年记录表
public,wm_waterquality_year_records,m17_value,36,double precision,float8,YES,,监测值,True,水质监测年记录表
public,wm_waterquality_year_records,m17_count,37,bigint,int8,YES,,记录数17,True,水质监测年记录表
public,wm_waterquality_year_records,m18_value,38,double precision,float8,YES,,监测值,True,水质监测年记录表
public,wm_waterquality_year_records,m18_count,39,bigint,int8,YES,,记录数18,True,水质监测年记录表
public,wm_waterquality_year_records,m19_value,40,double precision,float8,YES,,监测值,True,水质监测年记录表
public,wm_waterquality_year_records,m19_count,41,bigint,int8,YES,,记录数19,True,水质监测年记录表
public,wm_waterquality_year_records,m20_value,42,double precision,float8,YES,,监测值,True,水质监测年记录表
public,wm_waterquality_year_records,m20_count,43,bigint,int8,YES,,记录数20,True,水质监测年记录表
public,wm_waterquality_year_records,m21_value,44,double precision,float8,YES,,监测值,True,水质监测年记录表
public,wm_waterquality_year_records,m21_count,45,bigint,int8,YES,,记录数21,True,水质监测年记录表
public,wm_waterquality_year_records,m22_value,46,double precision,float8,YES,,监测值,True,水质监测年记录表
public,wm_waterquality_year_records,m22_count,47,bigint,int8,YES,,记录数22,True,水质监测年记录表
public,wm_waterquality_year_records,m23_value,48,double precision,float8,YES,,监测值,True,水质监测年记录表
public,wm_waterquality_year_records,m23_count,49,bigint,int8,YES,,记录数23,True,水质监测年记录表
public,wm_waterquality_year_records,m24_value,50,double precision,float8,YES,,监测值,True,水质监测年记录表
public,wm_waterquality_year_records,m24_count,51,bigint,int8,YES,,记录数24,True,水质监测年记录表
public,wm_waterquality_year_records,m25_value,52,double precision,float8,YES,,监测值,True,水质监测年记录表
public,wm_waterquality_year_records,m25_count,53,bigint,int8,YES,,记录数25,True,水质监测年记录表
public,wm_waterquality_year_records,m26_value,54,double precision,float8,YES,,监测值,True,水质监测年记录表
public,wm_waterquality_year_records,m26_count,55,bigint,int8,YES,,记录数26,True,水质监测年记录表
public,wm_waterquality_year_records,m27_value,56,double precision,float8,YES,,监测值,True,水质监测年记录表
public,wm_waterquality_year_records,m27_count,57,bigint,int8,YES,,记录数27,True,水质监测年记录表
public,wm_waterquality_year_records,m28_value,58,double precision,float8,YES,,监测值,True,水质监测年记录表
public,wm_waterquality_year_records,m28_count,59,bigint,int8,YES,,记录数28,True,水质监测年记录表
public,wm_waterquality_year_records,monitor_time,60,timestamp without time zone,timestamp,YES,,监测时间,True,水质监测年记录表
public,wm_waterquality_year_records,monitor_year,61,bigint,int8,YES,,监测年份,True,水质监测年记录表
public,wm_waterquality_year_records,monitor_month,62,bigint,int8,YES,,监测月份,True,水质监测年记录表
public,wm_waterquality_year_records,record_type,63,character,bpchar,YES,,记录类型：0 自动、1 手工,True,水质监测年记录表
public,wm_waterquality_year_records,water_quality_level,64,character varying,varchar,YES,,水质级别,True,水质监测年记录表
public,wm_waterquality_year_records,main_pollutant,65,character varying,varchar,YES,,主要污染物，逗号连接,True,水质监测年记录表
public,wm_waterquality_year_records,remark,66,character varying,varchar,YES,,备注,True,水质监测年记录表
public,wm_waterquality_year_records,create_by,67,bigint,int8,YES,,创建人,True,水质监测年记录表
public,wm_waterquality_year_records,create_time,68,timestamp without time zone,timestamp,YES,,创建时间,True,水质监测年记录表
public,wm_waterquality_year_records,update_by,69,bigint,int8,YES,,更新人,True,水质监测年记录表
public,wm_waterquality_year_records,update_time,70,timestamp without time zone,timestamp,YES,,更新时间,True,水质监测年记录表
public,wm_waterquality_year_records,del_flag,71,character,bpchar,YES,0,删除标记：0 未删除、1 已删除,True,水质监测年记录表
public,wst_asset,id,1,bigint,int8,NO,nextval('wst_asset_id_seq'::regclass),主键ID,True,水安全溯源模块-统一资产表，存储断面、站点、排口、企业、园区、闸坝、管线、摄像头、事故池等可上图、可查询、可关联对象
public,wst_asset,asset_code,2,character varying,varchar,YES,,资产编码,True,水安全溯源模块-统一资产表，存储断面、站点、排口、企业、园区、闸坝、管线、摄像头、事故池等可上图、可查询、可关联对象
public,wst_asset,asset_name,3,character varying,varchar,NO,,资产名称,True,水安全溯源模块-统一资产表，存储断面、站点、排口、企业、园区、闸坝、管线、摄像头、事故池等可上图、可查询、可关联对象
public,wst_asset,asset_type,4,character varying,varchar,NO,,资产类型，例如 national_section、provincial_section、auto_station、outfall、water_enterprise、chemical_park、wwtp、water_intake、camera、accident_pool、park_pipe、park_river,True,水安全溯源模块-统一资产表，存储断面、站点、排口、企业、园区、闸坝、管线、摄像头、事故池等可上图、可查询、可关联对象
public,wst_asset,asset_subtype,5,character varying,varchar,YES,,资产子类型，用于进一步细分资产类型，例如雨水排口、污水排口、永久闸、临时闸、主管、支管,True,水安全溯源模块-统一资产表，存储断面、站点、排口、企业、园区、闸坝、管线、摄像头、事故池等可上图、可查询、可关联对象
public,wst_asset,zone_id,6,bigint,int8,YES,,默认所属分区ID，关联 wst_control_zone.id，用于列表过滤、统计、权限、地图筛选,True,水安全溯源模块-统一资产表，存储断面、站点、排口、企业、园区、闸坝、管线、摄像头、事故池等可上图、可查询、可关联对象
public,wst_asset,source_system,7,character varying,varchar,YES,,数据来源系统，例如 manual=手工录入，permit=排污许可系统，monitor=监测系统，gis=GIS导入,True,水安全溯源模块-统一资产表，存储断面、站点、排口、企业、园区、闸坝、管线、摄像头、事故池等可上图、可查询、可关联对象
public,wst_asset,source_id,8,character varying,varchar,YES,,来源系统中的原始ID,True,水安全溯源模块-统一资产表，存储断面、站点、排口、企业、园区、闸坝、管线、摄像头、事故池等可上图、可查询、可关联对象
public,wst_asset,administrative_region_code,9,character varying,varchar,YES,,行政区划编码,True,水安全溯源模块-统一资产表，存储断面、站点、排口、企业、园区、闸坝、管线、摄像头、事故池等可上图、可查询、可关联对象
public,wst_asset,administrative_region_name,10,character varying,varchar,YES,,行政区划名称,True,水安全溯源模块-统一资产表，存储断面、站点、排口、企业、园区、闸坝、管线、摄像头、事故池等可上图、可查询、可关联对象
public,wst_asset,address,11,character varying,varchar,YES,,详细地址,True,水安全溯源模块-统一资产表，存储断面、站点、排口、企业、园区、闸坝、管线、摄像头、事故池等可上图、可查询、可关联对象
public,wst_asset,river_name,12,character varying,varchar,YES,,关联河流名称,True,水安全溯源模块-统一资产表，存储断面、站点、排口、企业、园区、闸坝、管线、摄像头、事故池等可上图、可查询、可关联对象
public,wst_asset,river_code,13,character varying,varchar,YES,,关联河流编码,True,水安全溯源模块-统一资产表，存储断面、站点、排口、企业、园区、闸坝、管线、摄像头、事故池等可上图、可查询、可关联对象
public,wst_asset,basin_code,14,character varying,varchar,YES,,所属流域编码,True,水安全溯源模块-统一资产表，存储断面、站点、排口、企业、园区、闸坝、管线、摄像头、事故池等可上图、可查询、可关联对象
public,wst_asset,longitude,15,numeric,numeric,YES,,经度,True,水安全溯源模块-统一资产表，存储断面、站点、排口、企业、园区、闸坝、管线、摄像头、事故池等可上图、可查询、可关联对象
public,wst_asset,latitude,16,numeric,numeric,YES,,纬度,True,水安全溯源模块-统一资产表，存储断面、站点、排口、企业、园区、闸坝、管线、摄像头、事故池等可上图、可查询、可关联对象
public,wst_asset,elevation,17,numeric,numeric,YES,,高程，单位米,True,水安全溯源模块-统一资产表，存储断面、站点、排口、企业、园区、闸坝、管线、摄像头、事故池等可上图、可查询、可关联对象
public,wst_asset,status,18,character varying,varchar,YES,'active'::character varying,状态：active=启用，disabled=停用，candidate=候选，invalid=无效,True,水安全溯源模块-统一资产表，存储断面、站点、排口、企业、园区、闸坝、管线、摄像头、事故池等可上图、可查询、可关联对象
public,wst_asset,geom,19,USER-DEFINED,geometry,YES,,资产空间几何，点、线、面均可，坐标系SRID=4326,True,水安全溯源模块-统一资产表，存储断面、站点、排口、企业、园区、闸坝、管线、摄像头、事故池等可上图、可查询、可关联对象
public,wst_asset,metadata_json,20,jsonb,jsonb,YES,,扩展属性JSON，用于存储行业类型、污染物类型、许可证号、联系人、监测因子等扩展信息,True,水安全溯源模块-统一资产表，存储断面、站点、排口、企业、园区、闸坝、管线、摄像头、事故池等可上图、可查询、可关联对象
public,wst_asset,remark,21,text,text,YES,,备注,True,水安全溯源模块-统一资产表，存储断面、站点、排口、企业、园区、闸坝、管线、摄像头、事故池等可上图、可查询、可关联对象
public,wst_asset,created_by,22,character varying,varchar,YES,,创建人,True,水安全溯源模块-统一资产表，存储断面、站点、排口、企业、园区、闸坝、管线、摄像头、事故池等可上图、可查询、可关联对象
public,wst_asset,created_at,23,timestamp without time zone,timestamp,YES,now(),创建时间,True,水安全溯源模块-统一资产表，存储断面、站点、排口、企业、园区、闸坝、管线、摄像头、事故池等可上图、可查询、可关联对象
public,wst_asset,updated_by,24,character varying,varchar,YES,,更新人,True,水安全溯源模块-统一资产表，存储断面、站点、排口、企业、园区、闸坝、管线、摄像头、事故池等可上图、可查询、可关联对象
public,wst_asset,updated_at,25,timestamp without time zone,timestamp,YES,now(),更新时间,True,水安全溯源模块-统一资产表，存储断面、站点、排口、企业、园区、闸坝、管线、摄像头、事故池等可上图、可查询、可关联对象
public,wst_asset,del_flag,26,smallint,int2,YES,0,逻辑删除标记：0=未删除，1=已删除,True,水安全溯源模块-统一资产表，存储断面、站点、排口、企业、园区、闸坝、管线、摄像头、事故池等可上图、可查询、可关联对象
public,wst_asset_relation,id,1,bigint,int8,NO,nextval('wst_asset_relation_id_seq'::regclass),主键ID,True,资产关系实例表，存储资产与资产之间的一度业务关系，不代表水流路径
public,wst_asset_relation,source_asset_id,2,bigint,int8,NO,,源资产ID，对应 wst_asset.id,True,资产关系实例表，存储资产与资产之间的一度业务关系，不代表水流路径
public,wst_asset_relation,target_asset_id,3,bigint,int8,NO,,目标资产ID，对应 wst_asset.id,True,资产关系实例表，存储资产与资产之间的一度业务关系，不代表水流路径
public,wst_asset_relation,relation_type,4,character varying,varchar,NO,,关系大类编码，对应 wst_relation_type_dict.type_code,True,资产关系实例表，存储资产与资产之间的一度业务关系，不代表水流路径
public,wst_asset_relation,relation_subtype,5,character varying,varchar,NO,,关系子类编码，对应 wst_relation_subtype_dict.relation_subtype,True,资产关系实例表，存储资产与资产之间的一度业务关系，不代表水流路径
public,wst_asset_relation,source_type,6,character varying,varchar,YES,,关系来源，可选 manual、import、spatial、system,True,资产关系实例表，存储资产与资产之间的一度业务关系，不代表水流路径
public,wst_asset_relation,confidence,7,numeric,numeric,YES,,置信度,True,资产关系实例表，存储资产与资产之间的一度业务关系，不代表水流路径
public,wst_asset_relation,status,8,character varying,varchar,YES,'confirmed'::character varying,状态，可选 confirmed、candidate、disabled,True,资产关系实例表，存储资产与资产之间的一度业务关系，不代表水流路径
public,wst_asset_relation,metadata_json,9,jsonb,jsonb,YES,,扩展信息，例如备注、导入来源、原始字段等,True,资产关系实例表，存储资产与资产之间的一度业务关系，不代表水流路径
public,wst_asset_relation,created_at,10,timestamp without time zone,timestamp,YES,now(),创建时间,True,资产关系实例表，存储资产与资产之间的一度业务关系，不代表水流路径
public,wst_asset_relation,updated_at,11,timestamp without time zone,timestamp,YES,now(),更新时间,True,资产关系实例表，存储资产与资产之间的一度业务关系，不代表水流路径
public,wst_asset_trace_snap,id,1,bigint,int8,NO,nextval('wst_asset_trace_snap_id_seq'::regclass),主键ID,True,水安全溯源模块-资产拓扑挂接表，用于维护业务资产与溯源拓扑节点之间的挂接关系，是资产进入 pgRouting 网络计算的桥梁
public,wst_asset_trace_snap,asset_id,2,bigint,int8,NO,,资产ID，关联 wst_asset.id,True,水安全溯源模块-资产拓扑挂接表，用于维护业务资产与溯源拓扑节点之间的挂接关系，是资产进入 pgRouting 网络计算的桥梁
public,wst_asset_trace_snap,trace_node_id,3,bigint,int8,NO,,挂接后的拓扑节点ID，关联 wst_trace_node.id，pgRouting 查询必须从该节点出发,True,水安全溯源模块-资产拓扑挂接表，用于维护业务资产与溯源拓扑节点之间的挂接关系，是资产进入 pgRouting 网络计算的桥梁
public,wst_asset_trace_snap,trace_edge_id,4,bigint,int8,YES,,原始挂接边ID，关联 wst_trace_edge.id，仅作为来源记录或展示辅助字段，不作为 pgRouting 起点,True,水安全溯源模块-资产拓扑挂接表，用于维护业务资产与溯源拓扑节点之间的挂接关系，是资产进入 pgRouting 网络计算的桥梁
public,wst_asset_trace_snap,snap_point_geom,5,USER-DEFINED,geometry,YES,,资产在拓扑网络上的实际挂接点坐标，坐标系SRID=4326,True,水安全溯源模块-资产拓扑挂接表，用于维护业务资产与溯源拓扑节点之间的挂接关系，是资产进入 pgRouting 网络计算的桥梁
public,wst_asset_trace_snap,asset_point_geom,6,USER-DEFINED,geometry,YES,,资产原始点坐标，主要用于记录资产原始位置,True,水安全溯源模块-资产拓扑挂接表，用于维护业务资产与溯源拓扑节点之间的挂接关系，是资产进入 pgRouting 网络计算的桥梁
public,wst_asset_trace_snap,distance_m,7,numeric,numeric,YES,,资产原始位置到挂接点的距离，单位米,True,水安全溯源模块-资产拓扑挂接表，用于维护业务资产与溯源拓扑节点之间的挂接关系，是资产进入 pgRouting 网络计算的桥梁
public,wst_asset_trace_snap,snap_type,8,character varying,varchar,NO,,挂接类型：node=挂接到已有节点，split_edge=挂接到边中间并拆边，manual=人工指定,True,水安全溯源模块-资产拓扑挂接表，用于维护业务资产与溯源拓扑节点之间的挂接关系，是资产进入 pgRouting 网络计算的桥梁
public,wst_asset_trace_snap,snap_role,9,character varying,varchar,YES,,挂接角色，例如 discharge_point=排放进入点，monitor_point=监测点，intake_point=取水点，gate_control_point=闸口控制点，pipe_inlet=管网入口，pipe_outlet=管网出口，emergency_point=应急点,True,水安全溯源模块-资产拓扑挂接表，用于维护业务资产与溯源拓扑节点之间的挂接关系，是资产进入 pgRouting 网络计算的桥梁
public,wst_asset_trace_snap,snap_method,10,character varying,varchar,YES,,挂接方法：nearest_node=最近节点，nearest_edge=最近边，manual=人工，import=导入,True,水安全溯源模块-资产拓扑挂接表，用于维护业务资产与溯源拓扑节点之间的挂接关系，是资产进入 pgRouting 网络计算的桥梁
public,wst_asset_trace_snap,snap_status,11,character varying,varchar,YES,'candidate'::character varying,挂接状态：candidate=候选，confirmed=已确认，invalid=无效,True,水安全溯源模块-资产拓扑挂接表，用于维护业务资产与溯源拓扑节点之间的挂接关系，是资产进入 pgRouting 网络计算的桥梁
public,wst_asset_trace_snap,is_primary,12,boolean,bool,YES,true,是否主挂接点，同一个资产存在多个挂接点时用于标记主挂接点,True,水安全溯源模块-资产拓扑挂接表，用于维护业务资产与溯源拓扑节点之间的挂接关系，是资产进入 pgRouting 网络计算的桥梁
public,wst_asset_trace_snap,confidence,13,numeric,numeric,YES,1.00,挂接置信度，0-1之间,True,水安全溯源模块-资产拓扑挂接表，用于维护业务资产与溯源拓扑节点之间的挂接关系，是资产进入 pgRouting 网络计算的桥梁
public,wst_asset_trace_snap,confirmed_by,14,character varying,varchar,YES,,确认人,True,水安全溯源模块-资产拓扑挂接表，用于维护业务资产与溯源拓扑节点之间的挂接关系，是资产进入 pgRouting 网络计算的桥梁
public,wst_asset_trace_snap,confirmed_at,15,timestamp without time zone,timestamp,YES,,确认时间,True,水安全溯源模块-资产拓扑挂接表，用于维护业务资产与溯源拓扑节点之间的挂接关系，是资产进入 pgRouting 网络计算的桥梁
public,wst_asset_trace_snap,metadata_json,16,jsonb,jsonb,YES,,扩展属性JSON，用于存储挂接算法参数、候选边、候选节点等信息,True,水安全溯源模块-资产拓扑挂接表，用于维护业务资产与溯源拓扑节点之间的挂接关系，是资产进入 pgRouting 网络计算的桥梁
public,wst_asset_trace_snap,remark,17,text,text,YES,,备注,True,水安全溯源模块-资产拓扑挂接表，用于维护业务资产与溯源拓扑节点之间的挂接关系，是资产进入 pgRouting 网络计算的桥梁
public,wst_asset_trace_snap,created_by,18,character varying,varchar,YES,,创建人,True,水安全溯源模块-资产拓扑挂接表，用于维护业务资产与溯源拓扑节点之间的挂接关系，是资产进入 pgRouting 网络计算的桥梁
public,wst_asset_trace_snap,created_at,19,timestamp without time zone,timestamp,YES,now(),创建时间,True,水安全溯源模块-资产拓扑挂接表，用于维护业务资产与溯源拓扑节点之间的挂接关系，是资产进入 pgRouting 网络计算的桥梁
public,wst_asset_trace_snap,updated_by,20,character varying,varchar,YES,,更新人,True,水安全溯源模块-资产拓扑挂接表，用于维护业务资产与溯源拓扑节点之间的挂接关系，是资产进入 pgRouting 网络计算的桥梁
public,wst_asset_trace_snap,updated_at,21,timestamp without time zone,timestamp,YES,now(),更新时间,True,水安全溯源模块-资产拓扑挂接表，用于维护业务资产与溯源拓扑节点之间的挂接关系，是资产进入 pgRouting 网络计算的桥梁
public,wst_asset_trace_snap,del_flag,22,smallint,int2,YES,0,逻辑删除标记：0=未删除，1=已删除,True,水安全溯源模块-资产拓扑挂接表，用于维护业务资产与溯源拓扑节点之间的挂接关系，是资产进入 pgRouting 网络计算的桥梁
public,wst_asset_trace_snap,snap_node_id,23,bigint,int8,YES,,,False,水安全溯源模块-资产拓扑挂接表，用于维护业务资产与溯源拓扑节点之间的挂接关系，是资产进入 pgRouting 网络计算的桥梁
public,wst_asset_trace_snap,snap_edge_id,24,bigint,int8,YES,,,False,水安全溯源模块-资产拓扑挂接表，用于维护业务资产与溯源拓扑节点之间的挂接关系，是资产进入 pgRouting 网络计算的桥梁
public,wst_asset_trace_snap,snap_distance_m,25,numeric,numeric,YES,,,False,水安全溯源模块-资产拓扑挂接表，用于维护业务资产与溯源拓扑节点之间的挂接关系，是资产进入 pgRouting 网络计算的桥梁
public,wst_asset_trace_snap,network_type,26,character varying,varchar,YES,,网络类型，例如 river=外部河网，park_pipe=园区管网，park_river=园区内部排污河流，mixed=混合衔接网络,True,水安全溯源模块-资产拓扑挂接表，用于维护业务资产与溯源拓扑节点之间的挂接关系，是资产进入 pgRouting 网络计算的桥梁
public,wst_asset_trace_snap,status,27,character varying,varchar,YES,,,False,水安全溯源模块-资产拓扑挂接表，用于维护业务资产与溯源拓扑节点之间的挂接关系，是资产进入 pgRouting 网络计算的桥梁
public,wst_asset_type_dict,id,1,bigint,int8,NO,nextval('wst_asset_type_dict_id_seq'::regclass),主键ID,True,水安全溯源模块-资产类型字典表，用于统一管理资产类型、图层、图标、几何类型和前端展示规则
public,wst_asset_type_dict,asset_type,2,character varying,varchar,NO,,资产类型编码，例如 national_section、auto_station、outfall、water_enterprise、chemical_park、camera,True,水安全溯源模块-资产类型字典表，用于统一管理资产类型、图层、图标、几何类型和前端展示规则
public,wst_asset_type_dict,asset_type_name,3,character varying,varchar,NO,,资产类型名称，例如国控断面、自动站、排污口、涉水企业、化工园区、摄像头,True,水安全溯源模块-资产类型字典表，用于统一管理资产类型、图层、图标、几何类型和前端展示规则
public,wst_asset_type_dict,parent_type,4,character varying,varchar,YES,,上级资产类型编码，用于资产类型分组,True,水安全溯源模块-资产类型字典表，用于统一管理资产类型、图层、图标、几何类型和前端展示规则
public,wst_asset_type_dict,category,5,character varying,varchar,YES,,资产分类，例如 monitoring=监测类，pollution=污染源类，supervision=监管类，emergency=应急类，network=网络类,True,水安全溯源模块-资产类型字典表，用于统一管理资产类型、图层、图标、几何类型和前端展示规则
public,wst_asset_type_dict,geometry_type,6,character varying,varchar,YES,,默认几何类型：Point、LineString、Polygon、Geometry,True,水安全溯源模块-资产类型字典表，用于统一管理资产类型、图层、图标、几何类型和前端展示规则
public,wst_asset_type_dict,icon_name,7,character varying,varchar,YES,,前端图标名称,True,水安全溯源模块-资产类型字典表，用于统一管理资产类型、图层、图标、几何类型和前端展示规则
public,wst_asset_type_dict,layer_name,8,character varying,varchar,YES,,前端图层名称,True,水安全溯源模块-资产类型字典表，用于统一管理资产类型、图层、图标、几何类型和前端展示规则
public,wst_asset_type_dict,default_visible,9,boolean,bool,YES,true,地图上是否默认显示,True,水安全溯源模块-资产类型字典表，用于统一管理资产类型、图层、图标、几何类型和前端展示规则
public,wst_asset_type_dict,sort_no,10,integer,int4,YES,0,排序号,True,水安全溯源模块-资产类型字典表，用于统一管理资产类型、图层、图标、几何类型和前端展示规则
public,wst_asset_type_dict,status,11,character varying,varchar,YES,'active'::character varying,状态：active=启用，disabled=停用,True,水安全溯源模块-资产类型字典表，用于统一管理资产类型、图层、图标、几何类型和前端展示规则
public,wst_asset_type_dict,metadata_json,12,jsonb,jsonb,YES,,扩展属性JSON,True,水安全溯源模块-资产类型字典表，用于统一管理资产类型、图层、图标、几何类型和前端展示规则
public,wst_asset_type_dict,remark,13,text,text,YES,,备注,True,水安全溯源模块-资产类型字典表，用于统一管理资产类型、图层、图标、几何类型和前端展示规则
public,wst_asset_type_dict,created_by,14,character varying,varchar,YES,,创建人,True,水安全溯源模块-资产类型字典表，用于统一管理资产类型、图层、图标、几何类型和前端展示规则
public,wst_asset_type_dict,created_at,15,timestamp without time zone,timestamp,YES,now(),创建时间,True,水安全溯源模块-资产类型字典表，用于统一管理资产类型、图层、图标、几何类型和前端展示规则
public,wst_asset_type_dict,updated_by,16,character varying,varchar,YES,,更新人,True,水安全溯源模块-资产类型字典表，用于统一管理资产类型、图层、图标、几何类型和前端展示规则
public,wst_asset_type_dict,updated_at,17,timestamp without time zone,timestamp,YES,now(),更新时间,True,水安全溯源模块-资产类型字典表，用于统一管理资产类型、图层、图标、几何类型和前端展示规则
public,wst_asset_type_dict,del_flag,18,smallint,int2,YES,0,逻辑删除标记：0=未删除，1=已删除,True,水安全溯源模块-资产类型字典表，用于统一管理资产类型、图层、图标、几何类型和前端展示规则
public,wst_asset_type_dict,asset_group,19,character varying,varchar,YES,,,False,水安全溯源模块-资产类型字典表，用于统一管理资产类型、图层、图标、几何类型和前端展示规则
public,wst_asset_type_dict,asset_group_name,20,character varying,varchar,YES,,,False,水安全溯源模块-资产类型字典表，用于统一管理资产类型、图层、图标、几何类型和前端展示规则
public,wst_asset_type_dict,group_sort,21,integer,int4,YES,,,False,水安全溯源模块-资产类型字典表，用于统一管理资产类型、图层、图标、几何类型和前端展示规则
public,wst_asset_type_dict,group_description,22,text,text,YES,,,False,水安全溯源模块-资产类型字典表，用于统一管理资产类型、图层、图标、几何类型和前端展示规则
public,wst_control_zone,id,1,bigint,int8,NO,nextval('wst_control_zone_id_seq'::regclass),主键ID,True,水安全溯源模块-三级分区表，用于管理国控断面控制单元、自动站分区、工业园区/分水岭分区
public,wst_control_zone,zone_code,2,character varying,varchar,NO,,分区编码,True,水安全溯源模块-三级分区表，用于管理国控断面控制单元、自动站分区、工业园区/分水岭分区
public,wst_control_zone,zone_name,3,character varying,varchar,NO,,分区名称,True,水安全溯源模块-三级分区表，用于管理国控断面控制单元、自动站分区、工业园区/分水岭分区
public,wst_control_zone,zone_level,4,integer,int4,NO,,分区级别：1=一级国控断面控制单元，2=二级自动站分区，3=三级工业园区/分水岭分区,True,水安全溯源模块-三级分区表，用于管理国控断面控制单元、自动站分区、工业园区/分水岭分区
public,wst_control_zone,parent_id,5,bigint,int8,YES,,上级分区ID，一级分区为空,True,水安全溯源模块-三级分区表，用于管理国控断面控制单元、自动站分区、工业园区/分水岭分区
public,wst_control_zone,divide_basis,6,character varying,varchar,YES,,分区划分依据，例如国控断面、自动站、工业园区、分水岭、排水片区,True,水安全溯源模块-三级分区表，用于管理国控断面控制单元、自动站分区、工业园区/分水岭分区
public,wst_control_zone,zone_type,7,character varying,varchar,YES,,分区类型，例如 control_unit=控制单元，station_unit=自动站单元，park_unit=园区单元，watershed_unit=分水岭单元,True,水安全溯源模块-三级分区表，用于管理国控断面控制单元、自动站分区、工业园区/分水岭分区
public,wst_control_zone,basin_code,8,character varying,varchar,YES,,流域编码,True,水安全溯源模块-三级分区表，用于管理国控断面控制单元、自动站分区、工业园区/分水岭分区
public,wst_control_zone,river_system_code,9,character varying,varchar,YES,,水系编码,True,水安全溯源模块-三级分区表，用于管理国控断面控制单元、自动站分区、工业园区/分水岭分区
public,wst_control_zone,sort_no,10,integer,int4,YES,0,排序号,True,水安全溯源模块-三级分区表，用于管理国控断面控制单元、自动站分区、工业园区/分水岭分区
public,wst_control_zone,status,11,character varying,varchar,YES,'active'::character varying,状态：active=启用，disabled=停用,True,水安全溯源模块-三级分区表，用于管理国控断面控制单元、自动站分区、工业园区/分水岭分区
public,wst_control_zone,geom,12,USER-DEFINED,geometry,YES,,分区边界面几何，坐标系SRID=4326,True,水安全溯源模块-三级分区表，用于管理国控断面控制单元、自动站分区、工业园区/分水岭分区
public,wst_control_zone,metadata_json,13,jsonb,jsonb,YES,,扩展属性JSON，用于存储外部系统ID、原始导入字段等不常用于查询的内容,True,水安全溯源模块-三级分区表，用于管理国控断面控制单元、自动站分区、工业园区/分水岭分区
public,wst_control_zone,remark,14,text,text,YES,,备注,True,水安全溯源模块-三级分区表，用于管理国控断面控制单元、自动站分区、工业园区/分水岭分区
public,wst_control_zone,created_by,15,character varying,varchar,YES,,创建人,True,水安全溯源模块-三级分区表，用于管理国控断面控制单元、自动站分区、工业园区/分水岭分区
public,wst_control_zone,created_at,16,timestamp without time zone,timestamp,YES,now(),创建时间,True,水安全溯源模块-三级分区表，用于管理国控断面控制单元、自动站分区、工业园区/分水岭分区
public,wst_control_zone,updated_by,17,character varying,varchar,YES,,更新人,True,水安全溯源模块-三级分区表，用于管理国控断面控制单元、自动站分区、工业园区/分水岭分区
public,wst_control_zone,updated_at,18,timestamp without time zone,timestamp,YES,now(),更新时间,True,水安全溯源模块-三级分区表，用于管理国控断面控制单元、自动站分区、工业园区/分水岭分区
public,wst_control_zone,del_flag,19,smallint,int2,YES,0,逻辑删除标记：0=未删除，1=已删除,True,水安全溯源模块-三级分区表，用于管理国控断面控制单元、自动站分区、工业园区/分水岭分区
public,wst_layer_river,id,1,bigint,int8,NO,nextval('wst_layer_river_id_seq'::regclass),,False,
public,wst_layer_river,river_code,2,character varying,varchar,YES,,,False,
public,wst_layer_river,river_name,3,character varying,varchar,YES,,,False,
public,wst_layer_river,next_down,4,bigint,int8,YES,,,False,
public,wst_layer_river,river_class,5,character varying,varchar,YES,,,False,
public,wst_layer_river,length_km,6,numeric,numeric,YES,,,False,
public,wst_layer_river,from_z,7,numeric,numeric,YES,,,False,
public,wst_layer_river,to_z,8,numeric,numeric,YES,,,False,
public,wst_layer_river,geom,9,USER-DEFINED,geometry,YES,,,False,
public,wst_layer_river,metadata_json,10,jsonb,jsonb,YES,'{}'::jsonb,,False,
public,wst_layer_river,created_at,11,timestamp without time zone,timestamp,YES,now(),创建时间,True,
public,wst_layer_river,updated_at,12,timestamp without time zone,timestamp,YES,now(),更新时间,True,
public,wst_relation_subtype_dict,id,1,bigint,int8,NO,nextval('wst_relation_subtype_dict_id_seq'::regclass),主键ID,True,关系子类字典表，维护具体业务关系类型、标准方向和允许资产类型
public,wst_relation_subtype_dict,relation_type,2,character varying,varchar,NO,,关系大类编码，对应 wst_relation_type_dict.type_code,True,关系子类字典表，维护具体业务关系类型、标准方向和允许资产类型
public,wst_relation_subtype_dict,relation_subtype,3,character varying,varchar,NO,,关系子类编码，例如 enterprise_outfall,True,关系子类字典表，维护具体业务关系类型、标准方向和允许资产类型
public,wst_relation_subtype_dict,relation_name,4,character varying,varchar,NO,,关系子类中文名称，例如 企业关联排污口,True,关系子类字典表，维护具体业务关系类型、标准方向和允许资产类型
public,wst_relation_subtype_dict,source_type_codes,5,character varying,varchar,NO,,允许作为源对象的资产类型，多个用英文逗号分隔,True,关系子类字典表，维护具体业务关系类型、标准方向和允许资产类型
public,wst_relation_subtype_dict,target_type_codes,6,character varying,varchar,NO,,允许作为目标对象的资产类型，多个用英文逗号分隔,True,关系子类字典表，维护具体业务关系类型、标准方向和允许资产类型
public,wst_relation_subtype_dict,source_label,7,character varying,varchar,YES,,源对象中文标签,True,关系子类字典表，维护具体业务关系类型、标准方向和允许资产类型
public,wst_relation_subtype_dict,target_label,8,character varying,varchar,YES,,目标对象中文标签,True,关系子类字典表，维护具体业务关系类型、标准方向和允许资产类型
public,wst_relation_subtype_dict,direction_desc,9,character varying,varchar,YES,,标准方向说明，例如 企业 → 排污口,True,关系子类字典表，维护具体业务关系类型、标准方向和允许资产类型
public,wst_relation_subtype_dict,allow_manual,10,boolean,bool,YES,true,是否允许人工录入,True,关系子类字典表，维护具体业务关系类型、标准方向和允许资产类型
public,wst_relation_subtype_dict,allow_import,11,boolean,bool,YES,true,是否允许导入,True,关系子类字典表，维护具体业务关系类型、标准方向和允许资产类型
public,wst_relation_subtype_dict,allow_graph_edit,12,boolean,bool,YES,true,是否允许图谱编辑,True,关系子类字典表，维护具体业务关系类型、标准方向和允许资产类型
public,wst_relation_subtype_dict,allow_map_draw,13,boolean,bool,YES,true,是否允许地图连线绘制,True,关系子类字典表，维护具体业务关系类型、标准方向和允许资产类型
public,wst_relation_subtype_dict,default_confidence,14,numeric,numeric,YES,1.00,默认置信度,True,关系子类字典表，维护具体业务关系类型、标准方向和允许资产类型
public,wst_relation_subtype_dict,sort_order,15,integer,int4,YES,0,排序号,True,关系子类字典表，维护具体业务关系类型、标准方向和允许资产类型
public,wst_relation_subtype_dict,status,16,character varying,varchar,YES,'active'::character varying,状态，active 表示启用,True,关系子类字典表，维护具体业务关系类型、标准方向和允许资产类型
public,wst_relation_subtype_dict,description,17,character varying,varchar,YES,,关系子类说明,True,关系子类字典表，维护具体业务关系类型、标准方向和允许资产类型
public,wst_relation_subtype_dict,created_at,18,timestamp without time zone,timestamp,YES,now(),创建时间,True,关系子类字典表，维护具体业务关系类型、标准方向和允许资产类型
public,wst_relation_subtype_dict,updated_at,19,timestamp without time zone,timestamp,YES,now(),更新时间,True,关系子类字典表，维护具体业务关系类型、标准方向和允许资产类型
public,wst_relation_type_dict,id,1,bigint,int8,NO,nextval('wst_relation_type_dict_id_seq'::regclass),主键ID,True,关系大类字典表，用于维护资产关系的大类编码
public,wst_relation_type_dict,type_code,2,character varying,varchar,NO,,关系大类编码，例如 ownership、discharge、monitoring,True,关系大类字典表，用于维护资产关系的大类编码
public,wst_relation_type_dict,type_name,3,character varying,varchar,NO,,关系大类名称,True,关系大类字典表，用于维护资产关系的大类编码
public,wst_relation_type_dict,description,4,character varying,varchar,YES,,关系大类说明,True,关系大类字典表，用于维护资产关系的大类编码
public,wst_relation_type_dict,sort_order,5,integer,int4,YES,0,排序号,True,关系大类字典表，用于维护资产关系的大类编码
public,wst_relation_type_dict,status,6,character varying,varchar,YES,'active'::character varying,状态，active 表示启用,True,关系大类字典表，用于维护资产关系的大类编码
public,wst_relation_type_dict,created_at,7,timestamp without time zone,timestamp,YES,now(),创建时间,True,关系大类字典表，用于维护资产关系的大类编码
public,wst_relation_type_dict,updated_at,8,timestamp without time zone,timestamp,YES,now(),更新时间,True,关系大类字典表，用于维护资产关系的大类编码
public,wst_trace_edge,id,1,bigint,int8,NO,nextval('wst_trace_edge_id_seq'::regclass),主键ID，同时作为 pgRouting 的边ID,True,水安全溯源模块-溯源拓扑边表，用于存储河网、管网、排水路径、园区内外衔接路径，是 pgRouting 上下游分析的核心边表
public,wst_trace_edge,edge_code,2,character varying,varchar,YES,,边编码,True,水安全溯源模块-溯源拓扑边表，用于存储河网、管网、排水路径、园区内外衔接路径，是 pgRouting 上下游分析的核心边表
public,wst_trace_edge,edge_name,3,character varying,varchar,YES,,边名称,True,水安全溯源模块-溯源拓扑边表，用于存储河网、管网、排水路径、园区内外衔接路径，是 pgRouting 上下游分析的核心边表
public,wst_trace_edge,source,4,bigint,int8,NO,,起点拓扑节点ID，关联 wst_trace_node.id，约定为默认水流方向的上游节点,True,水安全溯源模块-溯源拓扑边表，用于存储河网、管网、排水路径、园区内外衔接路径，是 pgRouting 上下游分析的核心边表
public,wst_trace_edge,target,5,bigint,int8,NO,,终点拓扑节点ID，关联 wst_trace_node.id，约定为默认水流方向的下游节点,True,水安全溯源模块-溯源拓扑边表，用于存储河网、管网、排水路径、园区内外衔接路径，是 pgRouting 上下游分析的核心边表
public,wst_trace_edge,edge_type,6,character varying,varchar,NO,,边类型，例如 river=河道，pipe=管线，park_pipe=园区管网，park_river=园区内部排污河流，discharge=排放连接边，boundary=边界衔接边,True,水安全溯源模块-溯源拓扑边表，用于存储河网、管网、排水路径、园区内外衔接路径，是 pgRouting 上下游分析的核心边表
public,wst_trace_edge,network_type,7,character varying,varchar,NO,,网络类型，例如 river=外部河网，park_pipe=园区管网，park_river=园区内部排污河流，mixed=混合衔接网络,True,水安全溯源模块-溯源拓扑边表，用于存储河网、管网、排水路径、园区内外衔接路径，是 pgRouting 上下游分析的核心边表
public,wst_trace_edge,from_network,8,character varying,varchar,YES,,起点所属网络类型，用于表达园区管网到园区河流、园区河流到外部河网的衔接,True,水安全溯源模块-溯源拓扑边表，用于存储河网、管网、排水路径、园区内外衔接路径，是 pgRouting 上下游分析的核心边表
public,wst_trace_edge,to_network,9,character varying,varchar,YES,,终点所属网络类型，用于表达网络转换关系,True,水安全溯源模块-溯源拓扑边表，用于存储河网、管网、排水路径、园区内外衔接路径，是 pgRouting 上下游分析的核心边表
public,wst_trace_edge,zone_id,10,bigint,int8,YES,,所属分区ID，关联 wst_control_zone.id,True,水安全溯源模块-溯源拓扑边表，用于存储河网、管网、排水路径、园区内外衔接路径，是 pgRouting 上下游分析的核心边表
public,wst_trace_edge,river_name,11,character varying,varchar,YES,,河流名称,True,水安全溯源模块-溯源拓扑边表，用于存储河网、管网、排水路径、园区内外衔接路径，是 pgRouting 上下游分析的核心边表
public,wst_trace_edge,river_code,12,character varying,varchar,YES,,河流编码,True,水安全溯源模块-溯源拓扑边表，用于存储河网、管网、排水路径、园区内外衔接路径，是 pgRouting 上下游分析的核心边表
public,wst_trace_edge,pipe_code,13,character varying,varchar,YES,,管线编码,True,水安全溯源模块-溯源拓扑边表，用于存储河网、管网、排水路径、园区内外衔接路径，是 pgRouting 上下游分析的核心边表
public,wst_trace_edge,cost,14,numeric,numeric,NO,,正向通行成本，通常为长度米；source->target 可通行时为正数，不可通行时为-1,True,水安全溯源模块-溯源拓扑边表，用于存储河网、管网、排水路径、园区内外衔接路径，是 pgRouting 上下游分析的核心边表
public,wst_trace_edge,reverse_cost,15,numeric,numeric,YES,'-1'::integer,反向通行成本；普通单向水流通常为-1，库区/回水/双向场景可设置为正数,True,水安全溯源模块-溯源拓扑边表，用于存储河网、管网、排水路径、园区内外衔接路径，是 pgRouting 上下游分析的核心边表
public,wst_trace_edge,length_m,16,numeric,numeric,YES,,边长度，单位米,True,水安全溯源模块-溯源拓扑边表，用于存储河网、管网、排水路径、园区内外衔接路径，是 pgRouting 上下游分析的核心边表
public,wst_trace_edge,flow_direction,17,character varying,varchar,YES,'source_to_target'::character varying,流向说明，默认 source_to_target 表示 source 到 target 为水流方向,True,水安全溯源模块-溯源拓扑边表，用于存储河网、管网、排水路径、园区内外衔接路径，是 pgRouting 上下游分析的核心边表
public,wst_trace_edge,flow_mode,18,character varying,varchar,YES,'normal'::character varying,流向模式：normal=正常单向，bidirectional=双向，controlled=受控，reservoir=库区/回水，unknown=未知,True,水安全溯源模块-溯源拓扑边表，用于存储河网、管网、排水路径、园区内外衔接路径，是 pgRouting 上下游分析的核心边表
public,wst_trace_edge,control_mode,19,character varying,varchar,YES,,控制方式，例如 gate=闸门，pump=泵站，manual=人工控制，temporary_dam=临时筑坝,True,水安全溯源模块-溯源拓扑边表，用于存储河网、管网、排水路径、园区内外衔接路径，是 pgRouting 上下游分析的核心边表
public,wst_trace_edge,gate_asset_id,20,bigint,int8,YES,,关联闸门/闸坝资产ID，关联 wst_asset.id,True,水安全溯源模块-溯源拓扑边表，用于存储河网、管网、排水路径、园区内外衔接路径，是 pgRouting 上下游分析的核心边表
public,wst_trace_edge,pump_asset_id,21,bigint,int8,YES,,关联泵站资产ID，关联 wst_asset.id,True,水安全溯源模块-溯源拓扑边表，用于存储河网、管网、排水路径、园区内外衔接路径，是 pgRouting 上下游分析的核心边表
public,wst_trace_edge,is_split_edge,22,boolean,bool,YES,false,是否由原始边拆分生成,True,水安全溯源模块-溯源拓扑边表，用于存储河网、管网、排水路径、园区内外衔接路径，是 pgRouting 上下游分析的核心边表
public,wst_trace_edge,original_edge_id,23,bigint,int8,YES,,原始边ID，资产挂接到边中间并拆边时记录来源边,True,水安全溯源模块-溯源拓扑边表，用于存储河网、管网、排水路径、园区内外衔接路径，是 pgRouting 上下游分析的核心边表
public,wst_trace_edge,status,24,character varying,varchar,YES,'active'::character varying,状态：active=启用，disabled=停用，split=已拆分，invalid=无效,True,水安全溯源模块-溯源拓扑边表，用于存储河网、管网、排水路径、园区内外衔接路径，是 pgRouting 上下游分析的核心边表
public,wst_trace_edge,geom,25,USER-DEFINED,geometry,NO,,边线几何，坐标系SRID=4326,True,水安全溯源模块-溯源拓扑边表，用于存储河网、管网、排水路径、园区内外衔接路径，是 pgRouting 上下游分析的核心边表
public,wst_trace_edge,metadata_json,26,jsonb,jsonb,YES,,扩展属性JSON，用于存储管径、材质、坡度、流速、原始河段编码等扩展信息,True,水安全溯源模块-溯源拓扑边表，用于存储河网、管网、排水路径、园区内外衔接路径，是 pgRouting 上下游分析的核心边表
public,wst_trace_edge,remark,27,text,text,YES,,备注,True,水安全溯源模块-溯源拓扑边表，用于存储河网、管网、排水路径、园区内外衔接路径，是 pgRouting 上下游分析的核心边表
public,wst_trace_edge,created_by,28,character varying,varchar,YES,,创建人,True,水安全溯源模块-溯源拓扑边表，用于存储河网、管网、排水路径、园区内外衔接路径，是 pgRouting 上下游分析的核心边表
public,wst_trace_edge,created_at,29,timestamp without time zone,timestamp,YES,now(),创建时间,True,水安全溯源模块-溯源拓扑边表，用于存储河网、管网、排水路径、园区内外衔接路径，是 pgRouting 上下游分析的核心边表
public,wst_trace_edge,updated_by,30,character varying,varchar,YES,,更新人,True,水安全溯源模块-溯源拓扑边表，用于存储河网、管网、排水路径、园区内外衔接路径，是 pgRouting 上下游分析的核心边表
public,wst_trace_edge,updated_at,31,timestamp without time zone,timestamp,YES,now(),更新时间,True,水安全溯源模块-溯源拓扑边表，用于存储河网、管网、排水路径、园区内外衔接路径，是 pgRouting 上下游分析的核心边表
public,wst_trace_edge,del_flag,32,smallint,int2,YES,0,逻辑删除标记：0=未删除，1=已删除,True,水安全溯源模块-溯源拓扑边表，用于存储河网、管网、排水路径、园区内外衔接路径，是 pgRouting 上下游分析的核心边表
public,wst_trace_edge,source_asset_id,33,bigint,int8,YES,,,False,水安全溯源模块-溯源拓扑边表，用于存储河网、管网、排水路径、园区内外衔接路径，是 pgRouting 上下游分析的核心边表
public,wst_trace_edge,from_node_id,34,bigint,int8,YES,,,False,水安全溯源模块-溯源拓扑边表，用于存储河网、管网、排水路径、园区内外衔接路径，是 pgRouting 上下游分析的核心边表
public,wst_trace_edge,to_node_id,35,bigint,int8,YES,,,False,水安全溯源模块-溯源拓扑边表，用于存储河网、管网、排水路径、园区内外衔接路径，是 pgRouting 上下游分析的核心边表
public,wst_trace_edge,direction_status,36,character varying,varchar,YES,,,False,水安全溯源模块-溯源拓扑边表，用于存储河网、管网、排水路径、园区内外衔接路径，是 pgRouting 上下游分析的核心边表
public,wst_trace_node,id,1,bigint,int8,NO,nextval('wst_trace_node_id_seq'::regclass),主键ID，同时作为 pgRouting 的 source/target 节点ID,True,水安全溯源模块-溯源拓扑节点表，用于存储河网、管网、园区排污河流、排口挂接点、断面挂接点、园区出口等 pgRouting 节点
public,wst_trace_node,node_code,2,character varying,varchar,YES,,节点编码,True,水安全溯源模块-溯源拓扑节点表，用于存储河网、管网、园区排污河流、排口挂接点、断面挂接点、园区出口等 pgRouting 节点
public,wst_trace_node,node_name,3,character varying,varchar,YES,,节点名称,True,水安全溯源模块-溯源拓扑节点表，用于存储河网、管网、园区排污河流、排口挂接点、断面挂接点、园区出口等 pgRouting 节点
public,wst_trace_node,node_type,4,character varying,varchar,NO,,节点类型，例如 river_node、pipe_node、outfall_snap_node、section_snap_node、intake_snap_node、gate_node、park_outlet_node,True,水安全溯源模块-溯源拓扑节点表，用于存储河网、管网、园区排污河流、排口挂接点、断面挂接点、园区出口等 pgRouting 节点
public,wst_trace_node,network_type,5,character varying,varchar,NO,,网络类型，例如 river=外部河网，park_pipe=园区管网，park_river=园区内部排污河流，mixed=混合衔接网络,True,水安全溯源模块-溯源拓扑节点表，用于存储河网、管网、园区排污河流、排口挂接点、断面挂接点、园区出口等 pgRouting 节点
public,wst_trace_node,zone_id,6,bigint,int8,YES,,所属分区ID，关联 wst_control_zone.id,True,水安全溯源模块-溯源拓扑节点表，用于存储河网、管网、园区排污河流、排口挂接点、断面挂接点、园区出口等 pgRouting 节点
public,wst_trace_node,is_boundary_node,7,boolean,bool,YES,false,是否边界节点，例如园区出口、管网入河口、内外网络衔接点,True,水安全溯源模块-溯源拓扑节点表，用于存储河网、管网、园区排污河流、排口挂接点、断面挂接点、园区出口等 pgRouting 节点
public,wst_trace_node,boundary_type,8,character varying,varchar,YES,,边界节点类型，例如 park_outlet、pipe_to_river、river_inlet、external_river_join,True,水安全溯源模块-溯源拓扑节点表，用于存储河网、管网、园区排污河流、排口挂接点、断面挂接点、园区出口等 pgRouting 节点
public,wst_trace_node,boundary_name,9,character varying,varchar,YES,,边界节点名称,True,水安全溯源模块-溯源拓扑节点表，用于存储河网、管网、园区排污河流、排口挂接点、断面挂接点、园区出口等 pgRouting 节点
public,wst_trace_node,source_asset_id,10,bigint,int8,YES,,来源资产ID，如果该节点由某个资产生成，可关联 wst_asset.id,True,水安全溯源模块-溯源拓扑节点表，用于存储河网、管网、园区排污河流、排口挂接点、断面挂接点、园区出口等 pgRouting 节点
public,wst_trace_node,source_system,11,character varying,varchar,YES,,数据来源系统,True,水安全溯源模块-溯源拓扑节点表，用于存储河网、管网、园区排污河流、排口挂接点、断面挂接点、园区出口等 pgRouting 节点
public,wst_trace_node,source_id,12,character varying,varchar,YES,,来源系统中的原始ID,True,水安全溯源模块-溯源拓扑节点表，用于存储河网、管网、园区排污河流、排口挂接点、断面挂接点、园区出口等 pgRouting 节点
public,wst_trace_node,longitude,13,numeric,numeric,YES,,经度,True,水安全溯源模块-溯源拓扑节点表，用于存储河网、管网、园区排污河流、排口挂接点、断面挂接点、园区出口等 pgRouting 节点
public,wst_trace_node,latitude,14,numeric,numeric,YES,,纬度,True,水安全溯源模块-溯源拓扑节点表，用于存储河网、管网、园区排污河流、排口挂接点、断面挂接点、园区出口等 pgRouting 节点
public,wst_trace_node,elevation,15,numeric,numeric,YES,,高程，单位米,True,水安全溯源模块-溯源拓扑节点表，用于存储河网、管网、园区排污河流、排口挂接点、断面挂接点、园区出口等 pgRouting 节点
public,wst_trace_node,status,16,character varying,varchar,YES,'active'::character varying,状态：active=启用，disabled=停用，candidate=候选，invalid=无效,True,水安全溯源模块-溯源拓扑节点表，用于存储河网、管网、园区排污河流、排口挂接点、断面挂接点、园区出口等 pgRouting 节点
public,wst_trace_node,geom,17,USER-DEFINED,geometry,NO,,节点点几何，坐标系SRID=4326,True,水安全溯源模块-溯源拓扑节点表，用于存储河网、管网、园区排污河流、排口挂接点、断面挂接点、园区出口等 pgRouting 节点
public,wst_trace_node,metadata_json,18,jsonb,jsonb,YES,,扩展属性JSON,True,水安全溯源模块-溯源拓扑节点表，用于存储河网、管网、园区排污河流、排口挂接点、断面挂接点、园区出口等 pgRouting 节点
public,wst_trace_node,remark,19,text,text,YES,,备注,True,水安全溯源模块-溯源拓扑节点表，用于存储河网、管网、园区排污河流、排口挂接点、断面挂接点、园区出口等 pgRouting 节点
public,wst_trace_node,created_by,20,character varying,varchar,YES,,创建人,True,水安全溯源模块-溯源拓扑节点表，用于存储河网、管网、园区排污河流、排口挂接点、断面挂接点、园区出口等 pgRouting 节点
public,wst_trace_node,created_at,21,timestamp without time zone,timestamp,YES,now(),创建时间,True,水安全溯源模块-溯源拓扑节点表，用于存储河网、管网、园区排污河流、排口挂接点、断面挂接点、园区出口等 pgRouting 节点
public,wst_trace_node,updated_by,22,character varying,varchar,YES,,更新人,True,水安全溯源模块-溯源拓扑节点表，用于存储河网、管网、园区排污河流、排口挂接点、断面挂接点、园区出口等 pgRouting 节点
public,wst_trace_node,updated_at,23,timestamp without time zone,timestamp,YES,now(),更新时间,True,水安全溯源模块-溯源拓扑节点表，用于存储河网、管网、园区排污河流、排口挂接点、断面挂接点、园区出口等 pgRouting 节点
public,wst_trace_node,del_flag,24,smallint,int2,YES,0,逻辑删除标记：0=未删除，1=已删除,True,水安全溯源模块-溯源拓扑节点表，用于存储河网、管网、园区排污河流、排口挂接点、断面挂接点、园区出口等 pgRouting 节点
public,wst_trace_node,asset_id,25,bigint,int8,YES,,,False,水安全溯源模块-溯源拓扑节点表，用于存储河网、管网、园区排污河流、排口挂接点、断面挂接点、园区出口等 pgRouting 节点
public,wst_trace_topology_issue,id,1,bigint,int8,NO,nextval('wst_trace_topology_issue_id_seq'::regclass),,False,
public,wst_trace_topology_issue,issue_type,2,character varying,varchar,NO,,,False,
public,wst_trace_topology_issue,issue_name,3,character varying,varchar,YES,,,False,
public,wst_trace_topology_issue,issue_level,4,character varying,varchar,NO,,,False,
public,wst_trace_topology_issue,object_type,5,character varying,varchar,NO,,,False,
public,wst_trace_topology_issue,object_id,6,bigint,int8,NO,,,False,
public,wst_trace_topology_issue,object_name,7,character varying,varchar,YES,,,False,
public,wst_trace_topology_issue,object_code,8,character varying,varchar,YES,,监控对象编码,True,
public,wst_trace_topology_issue,status,9,character varying,varchar,NO,'pending'::character varying,,False,
public,wst_trace_topology_issue,geom,10,USER-DEFINED,geometry,YES,,,False,
public,wst_trace_topology_issue,issue_desc,11,text,text,YES,,,False,
public,wst_trace_topology_issue,metadata_json,12,jsonb,jsonb,YES,'{}'::jsonb,,False,
public,wst_trace_topology_issue,remark,13,text,text,YES,,,False,
public,wst_trace_topology_issue,created_by,14,character varying,varchar,YES,,创建人,True,
public,wst_trace_topology_issue,created_at,15,timestamp without time zone,timestamp,YES,now(),创建时间,True,
public,wst_trace_topology_issue,updated_by,16,character varying,varchar,YES,,更新人,True,
public,wst_trace_topology_issue,updated_at,17,timestamp without time zone,timestamp,YES,now(),更新时间,True,
public,wst_trace_topology_issue,del_flag,18,smallint,int2,YES,0,,False,
public,wt_service_directory,id,1,bigint,int8,NO,,主键id,True,主键id
public,wt_service_directory,node_type,2,character,bpchar,YES,,节点类型：0 目录、1 服务,True,主键id
public,wt_service_directory,code,3,character varying,varchar,YES,,code 唯一,True,主键id
public,wt_service_directory,pid,4,bigint,int8,YES,,父id,True,主键id
public,wt_service_directory,id_path,5,character varying,varchar,YES,,id路径，逗号连接,True,主键id
public,wt_service_directory,name,6,character varying,varchar,YES,,服务名称,True,主键id
public,wt_service_directory,rest_url,7,character varying,varchar,YES,,接口服务地址,True,主键id
public,wt_service_directory,service_type,8,character,bpchar,YES,,服务类型：0 WMS、1 WMTS、2 REST接口 、3 公司出图服务 HGTWMS 4 arcgis服务、5 geoserver服务,True,主键id
public,wt_service_directory,x_min,9,character varying,varchar,YES,,x最小值,True,主键id
public,wt_service_directory,x_max,10,character varying,varchar,YES,,x最大值,True,主键id
public,wt_service_directory,y_min,11,character varying,varchar,YES,,y最小值,True,主键id
public,wt_service_directory,y_max,12,character varying,varchar,YES,,y最大值,True,主键id
public,wt_service_directory,srs,13,character varying,varchar,YES,,坐标系，WKID表示,True,主键id
public,wt_service_directory,scale,14,character varying,varchar,YES,,在一定比例尺下才显示,True,主键id
public,wt_service_directory,method,15,character,bpchar,YES,,接口服务请求方式：0 GET、1 POST,True,主键id
public,wt_service_directory,geometry_type,16,character,bpchar,YES,,几何类型：1 点、2 线、3 面、4 三维模型、5 影像,True,主键id
public,wt_service_directory,weidu,17,character,bpchar,YES,,维度：0 二维、1 三维,True,主键id
public,wt_service_directory,sort,18,bigint,int8,YES,,排序号,True,主键id
public,wt_service_directory,check_type,19,character,bpchar,YES,,是否选中：0 未选中、1 已选中,True,主键id
public,wt_service_directory,remark,20,text,text,YES,,备注,True,主键id
public,wt_service_directory,create_by,21,bigint,int8,YES,,创建人,True,主键id
public,wt_service_directory,create_time,22,timestamp without time zone,timestamp,YES,,创建时间,True,主键id
public,wt_service_directory,update_by,23,bigint,int8,YES,,更新人,True,主键id
public,wt_service_directory,update_time,24,timestamp without time zone,timestamp,YES,,更新时间,True,主键id
public,wt_service_directory,del_flag,25,character,bpchar,YES,0,删除标记：0 未删除、1 已删除,True,主键id
public,wt_warnparm_config,id,1,bigint,int8,NO,,id,True,监测预警参数配置表
public,wt_warnparm_config,indicator_code,2,character varying,varchar,YES,,监测指标编号,True,监测预警参数配置表
public,wt_warnparm_config,l1_value,3,double precision,float8,YES,,一级,True,监测预警参数配置表
public,wt_warnparm_config,l2_value,4,double precision,float8,YES,,二级,True,监测预警参数配置表
public,wt_warnparm_config,l3_value,5,double precision,float8,YES,,三级,True,监测预警参数配置表
public,wt_warnparm_config,l4_value,6,double precision,float8,YES,,四级,True,监测预警参数配置表
public,wt_warnparm_config,l5_value,7,double precision,float8,YES,,五级,True,监测预警参数配置表
public,wt_warnparm_config,zero,8,double precision,float8,YES,,零点核查,True,监测预警参数配置表
public,wt_warnparm_config,zero_drift,9,double precision,float8,YES,,24小时零点漂移,True,监测预警参数配置表
public,wt_warnparm_config,span,10,double precision,float8,YES,,跨度核查,True,监测预警参数配置表
public,wt_warnparm_config,span_drift,11,double precision,float8,YES,,24小时跨度漂移,True,监测预警参数配置表
public,wt_warnparm_config,compare,12,character,bpchar,YES,,比较方式：0 无；1 ≤；2 ≥,True,监测预警参数配置表
public,wt_warnparm_config,type,13,character varying,varchar,YES,,0 河流，1 湖泊,True,监测预警参数配置表
public,wt_warnparm_config,possible_value,14,double precision,float8,YES,,可能发生污染的告警值,True,监测预警参数配置表
public,wt_warnparm_config,remove_warn_value,15,double precision,float8,YES,,消除预警的参数值,True,监测预警参数配置表
public,wt_warnparm_config,frequency,16,bigint,int8,YES,,监测频率（小时计）,True,监测预警参数配置表
public,wt_warnparm_config,create_by,17,bigint,int8,YES,,创建人,True,监测预警参数配置表
public,wt_warnparm_config,create_time,18,timestamp without time zone,timestamp,YES,,创建时间,True,监测预警参数配置表
public,wt_warnparm_config,update_by,19,bigint,int8,YES,,更新人,True,监测预警参数配置表
public,wt_warnparm_config,update_time,20,timestamp without time zone,timestamp,YES,,更新时间,True,监测预警参数配置表
public,wt_warnparm_config,del_flag,21,character,bpchar,YES,0,删除标记：0 未删除、1 已删除,True,监测预警参数配置表
