list_name,table_name,column_name,source_comment,list_comment,match_status,issue
candidate_whitelist,ad_dict,row_id,ROW_ID,ROW_ID,match,
candidate_whitelist,ad_dict,list_type,列表类型,列表类型,match,
candidate_whitelist,ad_dict,list_type_desc,列表描述,列表描述,match,
candidate_whitelist,ad_dict,item_code,列表项代码,列表项代码,match,
candidate_whitelist,ad_dict,item_name,列表项名称,列表项名称,match,
candidate_whitelist,ad_dict,taxis_no,排序码,排序码,match,
candidate_whitelist,ad_dict,origin_flag,数据来源的标志：[]或[I]-(Input)系统录入;[O]-(Out)外部接口导入;[S]-(System)系统保留。本标志不能挪为它用。,数据来源的标志：[]或[I]-(Input)系统录入;[O]-(Out)外部接口导入;[S]-(System)系统保留。本标志不能挪为它用。,match,
candidate_whitelist,ad_dict,origin_app,数据来源应用的代码,数据来源应用的代码,match,
candidate_whitelist,ad_dict,modification_num,记录修改次数,记录修改次数,match,
candidate_whitelist,cf_auto_build_flag,id,主键id,主键id,match,
candidate_whitelist,cf_auto_build_flag,manual_auto,0 手动处理、1 自动处理,0 手动处理、1 自动处理,match,
candidate_whitelist,cf_auto_build_flag,create_by,创建人,创建人,match,
candidate_whitelist,cf_auto_build_flag,create_time,创建时间,创建时间,match,
candidate_whitelist,cf_auto_build_flag,update_by,更新人,更新人,match,
candidate_whitelist,cf_auto_build_flag,update_time,更新时间,更新时间,match,
candidate_whitelist,cf_auto_build_flag,del_flag,删除标记：0 未删除、1 已删除,删除标记：0 未删除、1 已删除,match,
candidate_whitelist,day_quality_records,id,主键id,主键id,match,
candidate_whitelist,day_quality_records,station_id,站点id,站点id,match,
candidate_whitelist,day_quality_records,type,类型：0 零点核查数据、1 跨度核查数据,类型：0 零点核查数据、1 跨度核查数据,match,
candidate_whitelist,day_quality_records,span_value5,氨氮仪器跨度值,氨氮仪器跨度值,match,
candidate_whitelist,day_quality_records,check_value5,氨氮零点/跨度核查数据,氨氮零点/跨度核查数据,match,
candidate_whitelist,day_quality_records,standard_value5,氨氮标准样浓度,氨氮标准样浓度,match,
candidate_whitelist,day_quality_records,monitor_time5,氨氮监测时间,氨氮监测时间,match,
candidate_whitelist,day_quality_records,span_value6,高锰酸盐指数仪器跨度值,高锰酸盐指数仪器跨度值,match,
candidate_whitelist,day_quality_records,check_value6,高锰酸盐指数零点/跨度核查数据,高锰酸盐指数零点/跨度核查数据,match,
candidate_whitelist,day_quality_records,standard_value6,高锰酸盐指数标准样浓度,高锰酸盐指数标准样浓度,match,
candidate_whitelist,day_quality_records,monitor_time6,高锰酸盐指数监测时间,高锰酸盐指数监测时间,match,
candidate_whitelist,day_quality_records,span_value7,总磷仪器跨度值,总磷仪器跨度值,match,
candidate_whitelist,day_quality_records,check_value7,总磷零点/跨度核查数据,总磷零点/跨度核查数据,match,
candidate_whitelist,day_quality_records,standard_value7,总磷标准样浓度,总磷标准样浓度,match,
candidate_whitelist,day_quality_records,monitor_time7,总磷监测时间,总磷监测时间,match,
candidate_whitelist,day_quality_records,span_value8,总氮仪器跨度值,总氮仪器跨度值,match,
candidate_whitelist,day_quality_records,check_value8,总氮零点/跨度核查数据,总氮零点/跨度核查数据,match,
candidate_whitelist,day_quality_records,standard_value8,总氮标准样浓度,总氮标准样浓度,match,
candidate_whitelist,day_quality_records,monitor_time8,总氮监测时间,总氮监测时间,match,
candidate_whitelist,day_quality_records,monitor_time,最新时间,最新时间,match,
candidate_whitelist,day_quality_records,create_by,创建人,创建人,match,
candidate_whitelist,day_quality_records,create_time,创建时间,创建时间,match,
candidate_whitelist,day_quality_records,update_by,更新人,更新人,match,
candidate_whitelist,day_quality_records,update_time,更新时间,更新时间,match,
candidate_whitelist,day_quality_records,del_flag,删除标记：0 未删除、1 已删除,删除标记：0 未删除、1 已删除,match,
candidate_whitelist,day_quality_setting,id,主键id,主键id,match,
candidate_whitelist,day_quality_setting,station_id,站点id,站点id,match,
candidate_whitelist,day_quality_setting,indicator_code,监测指标编号,监测指标编号,match,
candidate_whitelist,day_quality_setting,audit_by,审核人,审核人,match,
candidate_whitelist,day_quality_setting,audit_time,审核时间,审核时间,match,
candidate_whitelist,day_quality_setting,create_by,创建人,创建人,match,
candidate_whitelist,day_quality_setting,create_time,创建时间,创建时间,match,
candidate_whitelist,day_quality_setting,update_by,更新人,更新人,match,
candidate_whitelist,day_quality_setting,update_time,更新时间,更新时间,match,
candidate_whitelist,day_quality_setting,del_flag,删除标记：0 未删除、1 已删除,删除标记：0 未删除、1 已删除,match,
candidate_whitelist,dc_survey_app,id,主键ID,主键ID,match,
candidate_whitelist,dc_survey_app,version_code,APP版本号：V1.0.0、1.0.0、100,APP版本号：V1.0.0、1.0.0、100,match,
candidate_whitelist,dc_survey_app,version_name,APP版本名称: 如果有多个APP保证每一类名称一致,APP版本名称: 如果有多个APP保证每一类名称一致,match,
candidate_whitelist,dc_survey_app,update_type,更新类型：1-强制更新，2-可选更新,更新类型：1-强制更新，2-可选更新,match,
candidate_whitelist,dc_survey_app,download_url,安装包下载地址,安装包下载地址,match,
candidate_whitelist,dc_survey_app,file_size,安装包文件大小（字节）,安装包文件大小（字节）,match,
candidate_whitelist,dc_survey_app,file_md5,安装包MD5值，用于校验文件完整性,安装包MD5值，用于校验文件完整性,match,
candidate_whitelist,dc_survey_app,update_log,更新日志,更新日志,match,
candidate_whitelist,dc_survey_app,platform_type,平台类型：1-Android，2-iOS,平台类型：1-Android，2-iOS,match,
candidate_whitelist,dc_survey_app,create_by,创建人,创建人,match,
candidate_whitelist,dc_survey_app,create_time,创建时间,创建时间,match,
candidate_whitelist,dc_survey_info,id,主键ID,主键ID,match,
candidate_whitelist,dc_survey_info,watershed_partition_id,流域分区ID,流域分区ID,match,
candidate_whitelist,dc_survey_info,title,标题：对应调研的名称,标题：对应调研的名称,match,
candidate_whitelist,dc_survey_info,upload_time,上传时间：每次上传都记录时间  20251128,上传时间：每次上传都记录时间  20251128,match,
candidate_whitelist,dc_survey_info,name,名称,名称,match,
candidate_whitelist,dc_survey_info,type,类型（工业、规上畜禽、规下畜禽、水产养殖、排污口、污水处理厂、厕污垃、河道情况、其他）,类型（工业、规上畜禽、规下畜禽、水产养殖、排污口、污水处理厂、厕污垃、河道情况、其他）,match,
candidate_whitelist,dc_survey_info,lon,经度,经度,match,
candidate_whitelist,dc_survey_info,lat,纬度,纬度,match,
candidate_whitelist,dc_survey_info,description,现场核查情况信息（是否有污水产生、污水流向）,现场核查情况信息（是否有污水产生、污水流向）,match,
candidate_whitelist,dc_survey_info,image_path,图片地址：图片在minIO存储,图片地址：图片在minIO存储,match,
candidate_whitelist,dc_survey_info,monitor_info,监测信息（是否监测，结果如何）,监测信息（是否监测，结果如何）,match,
candidate_whitelist,dc_survey_info,monitor_level,管控级别：一级（常年有水，肯定对水体有影响），二级（下雨时肯定对水体影响），三级（可能有影响），四级（无影响）,管控级别：一级（常年有水，肯定对水体有影响），二级（下雨时肯定对水体影响），三级（可能有影响），四级（无影响）,match,
candidate_whitelist,dc_survey_info,remark,备注,备注,match,
candidate_whitelist,dc_survey_info,create_by,创建人,创建人,match,
candidate_whitelist,dc_survey_info,create_time,创建时间,创建时间,match,
candidate_whitelist,dc_survey_info,update_by,更新人,更新人,match,
candidate_whitelist,dc_survey_info,update_time,更新时间,更新时间,match,
candidate_whitelist,dc_survey_info,del_flag,删除标记：0 未删除、1 已删除,删除标记：0 未删除、1 已删除,match,
candidate_whitelist,dc_survey_info,survey_type,调查类型：0-excel调查信息、1-word小结,调查类型：0-excel调查信息、1-word小结,match,
candidate_whitelist,dc_survey_info,image_path_2,图片2,图片2,match,
candidate_whitelist,dc_survey_info,image_path_3,图片3,图片3,match,
candidate_whitelist,dc_survey_info,task_id,APP巡查：任务id,APP巡查：任务id,match,
candidate_whitelist,dc_survey_info,task_instance_id,APP巡查：巡查任务实例id,APP巡查：巡查任务实例id,match,
candidate_whitelist,dc_survey_offline_sync,id,主键,主键,match,
candidate_whitelist,dc_survey_offline_sync,cache_id,缓存ID：APP端维护，用于关联提交数据,缓存ID：APP端维护，用于关联提交数据,match,
candidate_whitelist,dc_survey_offline_sync,sync_status,同步状态：0-待同步，1-同步中，2-同步成功，3-同步失败,同步状态：0-待同步，1-同步中，2-同步成功，3-同步失败,match,
candidate_whitelist,dc_survey_offline_sync,sync_progress,同步进度：0-100,同步进度：0-100,match,
candidate_whitelist,dc_survey_offline_sync,total_steps,总步骤数,总步骤数,match,
candidate_whitelist,dc_survey_offline_sync,current_step,当前步骤,当前步骤,match,
candidate_whitelist,dc_survey_offline_sync,sync_start_time,同步开始时间,同步开始时间,match,
candidate_whitelist,dc_survey_offline_sync,sync_end_time,同步结束时间,同步结束时间,match,
candidate_whitelist,dc_survey_offline_sync,task_id,任务ID：关联的巡查任务ID,任务ID：关联的巡查任务ID,match,
candidate_whitelist,dc_survey_offline_sync,sync_result,同步结果信息,同步结果信息,match,
candidate_whitelist,dc_survey_offline_sync,error_message,错误信息,错误信息,match,
candidate_whitelist,dc_survey_offline_sync,create_by,创建人,创建人,match,
candidate_whitelist,dc_survey_offline_sync,create_time,创建时间,创建时间,match,
candidate_whitelist,dc_survey_offline_sync,del_flag,删除标记：0 未删除、1 已删除,删除标记：0 未删除、1 已删除,match,
candidate_whitelist,dc_survey_offline_upload,id,主键ID,主键ID,match,
candidate_whitelist,dc_survey_offline_upload,cache_id,缓存ID：与离线同步任务的cacheId对应，用于批量文件管理,缓存ID：与离线同步任务的cacheId对应，用于批量文件管理,match,
candidate_whitelist,dc_survey_offline_upload,file_md5,文件标识：MD5值，用于唯一标识文件和完整性校验,文件标识：MD5值，用于唯一标识文件和完整性校验,match,
candidate_whitelist,dc_survey_offline_upload,file_type,文件类型：json-JSON数据文件，image-图片文件,文件类型：json-JSON数据文件，image-图片文件,match,
candidate_whitelist,dc_survey_offline_upload,file_name,文件名,文件名,match,
candidate_whitelist,dc_survey_offline_upload,file_size,文件总大小：字节,文件总大小：字节,match,
candidate_whitelist,dc_survey_offline_upload,uploaded_size,已上传大小：字节,已上传大小：字节,match,
candidate_whitelist,dc_survey_offline_upload,total_chunks,总分块数,总分块数,match,
candidate_whitelist,dc_survey_offline_upload,uploaded_chunks,已上传分块列表：JSON数组，记录已完成的分块序号,已上传分块列表：JSON数组，记录已完成的分块序号,match,
candidate_whitelist,dc_survey_offline_upload,file_path,文件存储路径：上传完成后的完整路径,文件存储路径：上传完成后的完整路径,match,
candidate_whitelist,dc_survey_offline_upload,upload_status,上传状态：0-待上传，1-上传中，2-上传完成，3-合并失败,上传状态：0-待上传，1-上传中，2-上传完成，3-合并失败,match,
candidate_whitelist,dc_survey_offline_upload,message,执行信息：错误日志,执行信息：错误日志,match,
candidate_whitelist,dc_survey_offline_upload,create_by,创建人,创建人,match,
candidate_whitelist,dc_survey_offline_upload,create_time,创建时间,创建时间,match,
candidate_whitelist,dc_survey_offline_upload,update_time,更新时间,更新时间,match,
candidate_whitelist,dc_survey_offline_upload,clean_flag,本地文件清理标记：0 未删除、1 已删除,本地文件清理标记：0 未删除、1 已删除,match,
candidate_whitelist,dc_survey_task,id,主键,主键,match,
candidate_whitelist,dc_survey_task,title,巡查标题,巡查标题,match,
candidate_whitelist,dc_survey_task,survey_time,巡查时间: yyyyMMdd,巡查时间: yyyyMMdd,match,
candidate_whitelist,dc_survey_task,watershed_partition_id,流域分区ID,流域分区ID,match,
candidate_whitelist,dc_survey_task,status,"任务状态: 0-进行中, 1-已暂停, 2-已结束","任务状态: 0-进行中, 1-已暂停, 2-已结束",match,
candidate_whitelist,dc_survey_task,point_count,点位数量,点位数量,match,
candidate_whitelist,dc_survey_task,remark,备注,备注,match,
candidate_whitelist,dc_survey_task,create_by,创建人,创建人,match,
candidate_whitelist,dc_survey_task,create_time,创建时间,创建时间,match,
candidate_whitelist,dc_survey_task,update_by,更新人,更新人,match,
candidate_whitelist,dc_survey_task,update_time,更新时间,更新时间,match,
candidate_whitelist,dc_survey_task,del_flag,删除标记：0 未删除、1 已删除,删除标记：0 未删除、1 已删除,match,
candidate_whitelist,dc_survey_task,image_count,照片数量,照片数量,match,
candidate_whitelist,dc_survey_task,duration,巡查时长: 单位秒,巡查时长: 单位秒,match,
candidate_whitelist,dc_survey_task,distance,巡查距离: 单位km,巡查距离: 单位km,match,
candidate_whitelist,dc_survey_task,current_point_count,本次巡查点位数量: 重新开启后自动清零,本次巡查点位数量: 重新开启后自动清零,match,
candidate_whitelist,dc_survey_task,update_name,更新人名称：当前巡查人员,更新人名称：当前巡查人员,match,
candidate_whitelist,dc_survey_task,cache_id,本地缓存ID：APP端维护,本地缓存ID：APP端维护,match,
candidate_whitelist,dc_survey_task_instance,id,主键,主键,match,
candidate_whitelist,dc_survey_task_instance,task_id,任务ID,任务ID,match,
candidate_whitelist,dc_survey_task_instance,start_time,执行开始时间,执行开始时间,match,
candidate_whitelist,dc_survey_task_instance,end_time,执行结束时间,执行结束时间,match,
candidate_whitelist,dc_survey_task_instance,duration,执行时长（秒）,执行时长（秒）,match,
candidate_whitelist,dc_survey_task_instance,create_time,创建时间,创建时间,match,
candidate_whitelist,dc_survey_track,id,主键,主键,match,
candidate_whitelist,dc_survey_track,task_id,巡查任务ID,巡查任务ID,match,
candidate_whitelist,dc_survey_track,lat,纬度,纬度,match,
candidate_whitelist,dc_survey_track,lon,经度,经度,match,
candidate_whitelist,dc_survey_track,distance,距离上一个点的距离（米）,距离上一个点的距离（米）,match,
candidate_whitelist,dc_survey_track,create_by,创建人,创建人,match,
candidate_whitelist,dc_survey_track,create_time,创建时间,创建时间,match,
candidate_whitelist,dc_survey_track,num,点位编号,点位编号,match,
candidate_whitelist,dc_survey_track,task_instance_id,实例ID,实例ID,match,
candidate_whitelist,gis_control_unit,id,主键,主键,match,
candidate_whitelist,gis_control_unit,geom,几何信息,几何信息,match,
candidate_whitelist,gis_control_unit,control_unit_name,控制单元名称,控制单元名称,match,
candidate_whitelist,gis_control_unit,area,面积（km2）,面积（km2）,match,
candidate_whitelist,gis_control_unit,control_unit_code,控制单元编码,控制单元编码,match,
candidate_whitelist,gis_control_unit,basin,所属流域,所属流域,match,
candidate_whitelist,gis_control_unit,remark,备注,备注,match,
candidate_whitelist,gis_control_unit,create_time,创建时间,创建时间,match,
candidate_whitelist,gis_control_unit,update_time,更新时间,更新时间,match,
candidate_whitelist,gis_control_unit,del_flag,删除标志：0-正常、1-删除,删除标志：0-正常、1-删除,match,
candidate_whitelist,gis_control_unit,create_by,创建人,创建人,match,
candidate_whitelist,gis_control_unit,update_by,修改人,修改人,match,
candidate_whitelist,gis_poi,id,主键id,主键id,match,
candidate_whitelist,gis_poi,code,poi标识码,poi标识码,match,
candidate_whitelist,gis_poi,name,名称,名称,match,
candidate_whitelist,gis_poi,address,地址,地址,match,
candidate_whitelist,gis_poi,category,分类,分类,match,
candidate_whitelist,gis_poi,region_code,行政区编码,行政区编码,match,
candidate_whitelist,gis_poi,region_province,行政区省,行政区省,match,
candidate_whitelist,gis_poi,region_city,行政区城市,行政区城市,match,
candidate_whitelist,gis_poi,lon,经度,经度,match,
candidate_whitelist,gis_poi,lat,纬度,纬度,match,
candidate_whitelist,gis_poi,telephone,电话,电话,match,
candidate_whitelist,gis_poi,remark,备注,备注,match,
candidate_whitelist,gis_region,id,主键id,主键id,match,
candidate_whitelist,gis_region,create_by,创建人,创建人,match,
candidate_whitelist,gis_region,create_time,创建时间,创建时间,match,
candidate_whitelist,gis_region,update_by,更新人,更新人,match,
candidate_whitelist,gis_region,update_time,更新时间,更新时间,match,
candidate_whitelist,gis_region,del_flag,删除标记：0 未删除、1 已删除,删除标记：0 未删除、1 已删除,match,
candidate_whitelist,gis_region_city,region_name,行政区划名称,行政区划名称,match,
candidate_whitelist,gis_region_city,region_code,行政区划编码,行政区划编码,match,
candidate_whitelist,gis_region_county,region_name,行政区名称,行政区名称,match,
candidate_whitelist,gis_region_county,city,市级名称,市级名称,match,
candidate_whitelist,gis_region_county,region_code,行政区编码,行政区编码,match,
candidate_whitelist,gis_region_township,region_code,行政区划编码,行政区划编码,match,
candidate_whitelist,gis_region_township,county,区县名称,区县名称,match,
candidate_whitelist,gis_region_township,region_name,行政区划名称,行政区划名称,match,
candidate_whitelist,gis_region_township,city,市级名称,市级名称,match,
candidate_whitelist,gis_watershed_partition,name,名称,名称,match,
candidate_whitelist,gis_watershed_partition,name_alias,别名,别名,match,
candidate_whitelist,gis_watershed_partition,area,面积：平方千米,面积：平方千米,match,
candidate_whitelist,gis_watershed_partition,remark,备注,备注,match,
candidate_whitelist,gis_watershed_partition,code,编码,编码,match,
candidate_whitelist,gis_watershed_partition,create_by,创建人,创建人,match,
candidate_whitelist,gis_watershed_partition,create_time,创建时间,创建时间,match,
candidate_whitelist,gis_watershed_partition,update_by,更新人,更新人,match,
candidate_whitelist,gis_watershed_partition,update_time,更新时间,更新时间,match,
candidate_whitelist,gis_watershed_partition,del_flag,删除标记: 0-未删除、1-已删除,删除标记: 0-未删除、1-已删除,match,
candidate_whitelist,gis_watershed_partition,geom,图形,图形,match,
candidate_whitelist,gis_watershed_partition,version,当前版本：从0开始递增,当前版本：从0开始递增,match,
candidate_whitelist,gis_watershed_partition_3,basin,流域,流域,match,
candidate_whitelist,gis_watershed_partition_3,name,名称,名称,match,
candidate_whitelist,gis_watershed_partition_3,area,面积：平方米,面积：平方米,match,
candidate_whitelist,gis_watershed_partition_4,basin,流域,流域,match,
candidate_whitelist,gis_watershed_partition_4,last_name,上一级流域名称,上一级流域名称,match,
candidate_whitelist,gis_watershed_partition_4,name,名称,名称,match,
candidate_whitelist,gis_watershed_partition_4,area,面积：平方米,面积：平方米,match,
candidate_whitelist,gis_watershed_partition_4,section_name,对应断面名称,对应断面名称,match,
candidate_whitelist,layer_boundary_park,name_part,分园名称,分园名称,match,
candidate_whitelist,layer_boundary_park,region_name,行政区名称,行政区名称,match,
candidate_whitelist,layer_boundary_park,park_level,园区级别：0-未知、1-国家级、2-省级、3-市级,园区级别：0-未知、1-国家级、2-省级、3-市级,match,
candidate_whitelist,layer_entity_process,id,主键,主键,match,
candidate_whitelist,layer_entity_process,process_type,溯源查询类型：industrial-工业园区,溯源查询类型：industrial-工业园区,match,
candidate_whitelist,layer_entity_process,layer_type,溯源查询类型：0-查询图层、1-静态图层...,溯源查询类型：0-查询图层、1-静态图层...,match,
candidate_whitelist,layer_entity_process,layer_name_en,图层英文名称,图层英文名称,match,
candidate_whitelist,layer_entity_process,layer_name_cn,图层中文名称,图层中文名称,match,
candidate_whitelist,layer_entity_process,geom_type,图形类型：点、线、面,图形类型：点、线、面,match,
candidate_whitelist,layer_entity_process,layer_level,图层层级：查询过程的级别,图层层级：查询过程的级别,match,
candidate_whitelist,layer_entity_process,query_expand_mark,扩展查询标记：关联查询相关属性,扩展查询标记：关联查询相关属性,match,
candidate_whitelist,layer_entity_process,remark,备注,备注,match,
candidate_whitelist,layer_entity_relation,id,主键,主键,match,
candidate_whitelist,layer_entity_relation,entity_code_1,要素编码1,要素编码1,match,
candidate_whitelist,layer_entity_relation,layer_name_1,图层名称1,图层名称1,match,
candidate_whitelist,layer_entity_relation,relation,关系名称,关系名称,match,
candidate_whitelist,layer_entity_relation,entity_code_2,要素编码2,要素编码2,match,
candidate_whitelist,layer_entity_relation,layer_name_2,图层名称2,图层名称2,match,
candidate_whitelist,layer_entity_relation,create_date,创建时间,创建时间,match,
candidate_whitelist,layer_entity_relation,delete_mark,删除标志：0-正常、1-删除,删除标志：0-正常、1-删除,match,
candidate_whitelist,layer_outlet_sewage,jcdbh,监测点编号,监测点编号,match,
candidate_whitelist,layer_partition_2,name,分区名称,分区名称,match,
candidate_whitelist,layer_partition_2,name_1,一级分区名称,一级分区名称,match,
candidate_whitelist,layer_partition_2,area,面积,面积,match,
candidate_whitelist,layer_partition_3,name,分区名称,分区名称,match,
candidate_whitelist,layer_partition_3,name_2,二级分区名称,二级分区名称,match,
candidate_whitelist,layer_partition_3,name_1,一级分区名称,一级分区名称,match,
candidate_whitelist,layer_partition_3,area,面积,面积,match,
candidate_whitelist,metadata_view,name,关键字或文件名(不含后缀),关键字或文件名(不含后缀),match,
candidate_whitelist,metadata_view,create_date,创建时间,创建时间,match,
candidate_whitelist,metadata_view,table_name,表名,表名,match,
candidate_whitelist,min_value_setting,id,主键id,主键id,match,
candidate_whitelist,min_value_setting,indicator_code,监测指标编号,监测指标编号,match,
candidate_whitelist,min_value_setting,value,最低检出限（mg/L）,最低检出限（mg/L）,match,
candidate_whitelist,min_value_setting,create_by,创建人,创建人,match,
candidate_whitelist,min_value_setting,create_time,创建时间,创建时间,match,
candidate_whitelist,min_value_setting,update_by,更新人,更新人,match,
candidate_whitelist,min_value_setting,update_time,更新时间,更新时间,match,
candidate_whitelist,min_value_setting,del_flag,删除标记：0 未删除、1 已删除,删除标记：0 未删除、1 已删除,match,
candidate_whitelist,rs_enterprise_info_lsg,id,主键id,主键id,match,
candidate_whitelist,rs_enterprise_info_lsg,name,磷石膏库名称,磷石膏库名称,match,
candidate_whitelist,rs_enterprise_info_lsg,mine_name,矿山名称,矿山名称,match,
candidate_whitelist,rs_enterprise_info_lsg,enterprise,所属企业,所属企业,match,
candidate_whitelist,rs_enterprise_info_lsg,city,市,市,match,
candidate_whitelist,rs_enterprise_info_lsg,county,县,县,match,
candidate_whitelist,rs_enterprise_info_lsg,address,污染源地址,污染源地址,match,
candidate_whitelist,rs_enterprise_info_lsg,region_code,行政区编码,行政区编码,match,
candidate_whitelist,rs_enterprise_info_lsg,region_name,行政区名称,行政区名称,match,
candidate_whitelist,rs_enterprise_info_lsg,out_type,排渣方式,排渣方式,match,
candidate_whitelist,rs_enterprise_info_lsg,design_storage,设计库容（单位：万立方米）,设计库容（单位：万立方米）,match,
candidate_whitelist,rs_enterprise_info_lsg,existed_storage,现有堆量（单位：万立方米）,现有堆量（单位：万立方米）,match,
candidate_whitelist,rs_enterprise_info_lsg,floor_area,占地面积（单位平方公里）,占地面积（单位平方公里）,match,
candidate_whitelist,rs_enterprise_info_lsg,product_status,目前生产情况,目前生产情况,match,
candidate_whitelist,rs_enterprise_info_lsg,lon,经度,经度,match,
candidate_whitelist,rs_enterprise_info_lsg,lat,纬度,纬度,match,
candidate_whitelist,rs_enterprise_info_lsg,create_by,创建人,创建人,match,
candidate_whitelist,rs_enterprise_info_lsg,create_time,创建时间,创建时间,match,
candidate_whitelist,rs_enterprise_info_lsg,update_by,更新人,更新人,match,
candidate_whitelist,rs_enterprise_info_lsg,update_time,更新时间,更新时间,match,
candidate_whitelist,rs_enterprise_info_lsg,del_flag,删除标记,删除标记,match,
candidate_whitelist,rs_enterprise_info_lsg,product_capacity,磷酸产能（万吨/年）,磷酸产能（万吨/年）,match,
candidate_whitelist,rs_enterprise_info_wade,id,主键id,主键id,match,
candidate_whitelist,rs_enterprise_info_wade,name,污染源名称,污染源名称,match,
candidate_whitelist,rs_enterprise_info_wade,address,污染源地址,污染源地址,match,
candidate_whitelist,rs_enterprise_info_wade,region_code,行政区编码,行政区编码,match,
candidate_whitelist,rs_enterprise_info_wade,region_name,行政区名称,行政区名称,match,
candidate_whitelist,rs_enterprise_info_wade,liaison,环保联系人,环保联系人,match,
candidate_whitelist,rs_enterprise_info_wade,liaison_tel,环保联系人电话,环保联系人电话,match,
candidate_whitelist,rs_enterprise_info_wade,supervision_level,监管级别：0-一般、1-重点,监管级别：0-一般、1-重点,match,
candidate_whitelist,rs_enterprise_info_wade,industry_type,行业类型,行业类型,match,
candidate_whitelist,rs_enterprise_info_wade,lon,经度,经度,match,
candidate_whitelist,rs_enterprise_info_wade,lat,纬度,纬度,match,
candidate_whitelist,rs_enterprise_info_wade,create_by,创建人,创建人,match,
candidate_whitelist,rs_enterprise_info_wade,create_time,创建时间,创建时间,match,
candidate_whitelist,rs_enterprise_info_wade,update_by,更新人,更新人,match,
candidate_whitelist,rs_enterprise_info_wade,update_time,更新时间,更新时间,match,
candidate_whitelist,rs_enterprise_info_wade,del_flag,删除标记,删除标记,match,
candidate_whitelist,rs_industrial_info_yc,id,主键,主键,match,
candidate_whitelist,rs_industrial_info_yc,name,名称,名称,match,
candidate_whitelist,rs_industrial_info_yc,name_part,分园名称,分园名称,match,
candidate_whitelist,rs_industrial_info_yc,region_code,行政区划编码,行政区划编码,match,
candidate_whitelist,rs_industrial_info_yc,region_name,行政区名称,行政区名称,match,
candidate_whitelist,rs_industrial_info_yc,park_level,园区级别：0-未知、1-国家级、2-省级、3-市级,园区级别：0-未知、1-国家级、2-省级、3-市级,match,
candidate_whitelist,rs_industrial_info_yc,lon,经度,经度,match,
candidate_whitelist,rs_industrial_info_yc,lat,纬度,纬度,match,
candidate_whitelist,rs_industrial_info_yc,belong_watershed,所属流域,所属流域,match,
candidate_whitelist,rs_industrial_info_yc,is_within_1km_yangtze_mainstream,是否在长江干流岸线一公里范围内,是否在长江干流岸线一公里范围内,match,
candidate_whitelist,rs_industrial_info_yc,is_within_1km_yangtze_tributary,是否在长江重要支流岸线一公里范围内,是否在长江重要支流岸线一公里范围内,match,
candidate_whitelist,rs_industrial_info_yc,important_tributary,所属重要支流,所属重要支流,match,
candidate_whitelist,rs_industrial_info_yc,is_chemical_park,是否为化工园区,是否为化工园区,match,
candidate_whitelist,rs_industrial_info_yc,park_development_status,园区发展现状,园区发展现状,match,
candidate_whitelist,rs_industrial_info_yc,leading_industry,主导产业,主导产业,match,
candidate_whitelist,rs_industrial_info_yc,total_industrial_output_value_10k_yuan,调度期内工业总产值（万元）,调度期内工业总产值（万元）,match,
candidate_whitelist,rs_industrial_info_yc,industrial_value_added_10k_yuan,调度期内工业增加值（万元）,调度期内工业增加值（万元）,match,
candidate_whitelist,rs_industrial_info_yc,industrial_land_area_sqkm,工业用地面积（平方千米）,工业用地面积（平方千米）,match,
candidate_whitelist,rs_industrial_info_yc,enterprises_above_designated_count,规上企业数量（个）,规上企业数量（个）,match,
candidate_whitelist,rs_industrial_info_yc,cumulative_investment_wastewater_treatment_10k_yuan,工业园区对污水集中处理设施累计投资（万元）,工业园区对污水集中处理设施累计投资（万元）,match,
candidate_whitelist,rs_industrial_info_yc,cumulative_investment_sewer_network_10k_yuan,工业园区对污水管网累计投资（万元）,工业园区对污水管网累计投资（万元）,match,
candidate_whitelist,rs_industrial_info_yc,sewer_network_length_km,污水管网长度（千米）,污水管网长度（千米）,match,
candidate_whitelist,rs_industrial_info_yc,new_sewer_network_length_km,新增管网长度（千米）,新增管网长度（千米）,match,
candidate_whitelist,rs_industrial_info_yc,park_drainage_status,工业园区排水现状,工业园区排水现状,match,
candidate_whitelist,rs_industrial_info_yc,sewer_inspection_rectification_since_2020,2020年以来污水管网排查整治情况管网排查情况,2020年以来污水管网排查整治情况管网排查情况,match,
candidate_whitelist,rs_industrial_info_yc,sewer_inspection_length_km,管网排查长度（千米）,管网排查长度（千米）,match,
candidate_whitelist,rs_industrial_info_yc,treatment_facility_name,污水处理设施名称,污水处理设施名称,match,
candidate_whitelist,rs_industrial_info_yc,pollution_discharge_permit_code,排污许可证编码,排污许可证编码,match,
candidate_whitelist,rs_industrial_info_yc,treatment_facility_type,污水处理设施类型,污水处理设施类型,match,
candidate_whitelist,rs_industrial_info_yc,treatment_cost_yuan_per_ton,吨水处理费用（元/吨）,吨水处理费用（元/吨）,match,
candidate_whitelist,rs_industrial_info_yc,is_industrial_wastewater_pipe_access_assessment,（排入城镇污水集中处理设施）是否开展园区工业废水纳管评估,（排入城镇污水集中处理设施）是否开展园区工业废水纳管评估,match,
candidate_whitelist,rs_industrial_info_yc,designed_treatment_capacity_10k_tons_per_day,设计处理能力（万吨/日）,设计处理能力（万吨/日）,match,
candidate_whitelist,rs_industrial_info_yc,actual_treatment_volume_10k_tons,实际处理水量（万吨）,实际处理水量（万吨）,match,
candidate_whitelist,rs_industrial_info_yc,treatment_process_name,污水处理工艺名称,污水处理工艺名称,match,
candidate_whitelist,rs_industrial_info_yc,emission_standard,执行排放标准,执行排放标准,match,
candidate_whitelist,rs_industrial_info_yc,designed_influent_cod_mg_l,设计进水浓度（COD）,设计进水浓度（COD）,match,
candidate_whitelist,rs_industrial_info_yc,designed_influent_ammonia_nitrogen_mg_l,设计进水浓度（氨氮）,设计进水浓度（氨氮）,match,
candidate_whitelist,rs_industrial_info_yc,influent_cod_daily_avg_mg_l,进水COD日均值（mg/L）,进水COD日均值（mg/L）,match,
candidate_whitelist,rs_industrial_info_yc,influent_ammonia_nitrogen_daily_avg_mg_l,进水氨氮日均值（mg/L）,进水氨氮日均值（mg/L）,match,
candidate_whitelist,rs_industrial_info_yc,influent_total_nitrogen_daily_avg_mg_l,进水总氮日均值（mg/L）,进水总氮日均值（mg/L）,match,
candidate_whitelist,rs_industrial_info_yc,influent_total_phosphorus_daily_avg_mg_l,进水总磷日均值（mg/L）,进水总磷日均值（mg/L）,match,
candidate_whitelist,rs_industrial_info_yc,effluent_cod_daily_avg_mg_l,出水COD日均值（mg/L）,出水COD日均值（mg/L）,match,
candidate_whitelist,rs_industrial_info_yc,effluent_ammonia_nitrogen_daily_avg_mg_l,出水氨氮日均值（mg/L）,出水氨氮日均值（mg/L）,match,
candidate_whitelist,rs_industrial_info_yc,effluent_total_nitrogen_daily_avg_mg_l,出水总氮日均值（mg/L）,出水总氮日均值（mg/L）,match,
candidate_whitelist,rs_industrial_info_yc,effluent_total_phosphorus_daily_avg_mg_l,出水总磷日均值（mg/L）,出水总磷日均值（mg/L）,match,
candidate_whitelist,rs_industrial_info_yc,is_key_pollution_source,是否重点排污单位,是否重点排污单位,match,
candidate_whitelist,rs_industrial_info_yc,ecology_dept_networking_influent_effluent,与生态环境部门联网情况（进出水）,与生态环境部门联网情况（进出水）,match,
candidate_whitelist,rs_industrial_info_yc,auto_monitoring_system_level,重点污染源自动监控系统（部、省、市、县）,重点污染源自动监控系统（部、省、市、县）,match,
candidate_whitelist,rs_industrial_info_yc,auto_monitoring_compliance_rate_pct,自动在线监控达标率（%）,自动在线监控达标率（%）,match,
candidate_whitelist,rs_industrial_info_yc,manual_monitoring_compliance_rate_pct,手工监测达标率（%）,手工监测达标率（%）,match,
candidate_whitelist,rs_industrial_info_yc,exceedance_factor_and_multiplier,超标因子及超标倍数,超标因子及超标倍数,match,
candidate_whitelist,rs_industrial_info_yc,exceedance_days,超标天数,超标天数,match,
candidate_whitelist,rs_industrial_info_yc,exceedance_reason,超标原因,超标原因,match,
candidate_whitelist,rs_industrial_info_yc,treatment_plant_power_consumption_kwh,污水厂耗电量,污水厂耗电量,match,
candidate_whitelist,rs_industrial_info_yc,is_photovoltaic_station_built,是否建设光伏电站,是否建设光伏电站,match,
candidate_whitelist,rs_industrial_info_yc,chemical_addition_type,药剂添加类型,药剂添加类型,match,
candidate_whitelist,rs_industrial_info_yc,chemical_addition_quantity_tons,药剂添加数量（吨）,药剂添加数量（吨）,match,
candidate_whitelist,rs_industrial_info_yc,is_precision_aeration,是否精准曝气,是否精准曝气,match,
candidate_whitelist,rs_industrial_info_yc,is_negotiated_pipe_access_standard,园区企业与污水处理厂是否协商制定纳管标准,园区企业与污水处理厂是否协商制定纳管标准,match,
candidate_whitelist,rs_industrial_info_yc,system_issues,系统上存在的问题,系统上存在的问题,match,
candidate_whitelist,rs_industrial_info_yc,rectification_status,整改情况,整改情况,match,
candidate_whitelist,rs_industrial_info_yc_bak0305,name,名称,名称,match,
candidate_whitelist,rs_industrial_info_yc_bak0305,name_part,分园名称,分园名称,match,
candidate_whitelist,rs_industrial_info_yc_bak0305,region_code,行政区划编码,行政区划编码,match,
candidate_whitelist,rs_industrial_info_yc_bak0305,region_name,行政区名称,行政区名称,match,
candidate_whitelist,rs_industrial_info_yc_bak0305,park_level,园区级别：0-未知、1-国家级、2-省级、3-市级,园区级别：0-未知、1-国家级、2-省级、3-市级,match,
candidate_whitelist,rs_industrial_info_yc_bak0305,lon,经度,经度,match,
candidate_whitelist,rs_industrial_info_yc_bak0305,lat,纬度,纬度,match,
candidate_whitelist,rs_livestock_info_yc,id,主键id,主键id,match,
candidate_whitelist,rs_livestock_info_yc,name,养殖场名称,养殖场名称,match,
candidate_whitelist,rs_livestock_info_yc,name_old,曾用名,曾用名,match,
candidate_whitelist,rs_livestock_info_yc,representative,法定代表人,法定代表人,match,
candidate_whitelist,rs_livestock_info_yc,community_code,普查小区代码,普查小区代码,match,
candidate_whitelist,rs_livestock_info_yc,year,年份,年份,match,
candidate_whitelist,rs_livestock_info_yc,credit_code,统一社会信用代码,统一社会信用代码,match,
candidate_whitelist,rs_livestock_info_yc,organize_code,组织机构代码,组织机构代码,match,
candidate_whitelist,rs_livestock_info_yc,city,市,市,match,
candidate_whitelist,rs_livestock_info_yc,county,县,县,match,
candidate_whitelist,rs_livestock_info_yc,town,乡镇,乡镇,match,
candidate_whitelist,rs_livestock_info_yc,village,村、街、门牌号,村、街、门牌号,match,
candidate_whitelist,rs_livestock_info_yc,region_code,行政区编码,行政区编码,match,
candidate_whitelist,rs_livestock_info_yc,region_name,行政区名称,行政区名称,match,
candidate_whitelist,rs_livestock_info_yc,liaison,联系人,联系人,match,
candidate_whitelist,rs_livestock_info_yc,liaison_tel,联系人电话,联系人电话,match,
candidate_whitelist,rs_livestock_info_yc,livestock_type,养殖类型,养殖类型,match,
candidate_whitelist,rs_livestock_info_yc,clean_type,圈舍清理方式,圈舍清理方式,match,
candidate_whitelist,rs_livestock_info_yc,intake_type,圈舍通风方式,圈舍通风方式,match,
candidate_whitelist,rs_livestock_info_yc,water_store_type,原水存储设施类型,原水存储设施类型,match,
candidate_whitelist,rs_livestock_info_yc,water_store_outlet,原水存储设施池口方式,原水存储设施池口方式,match,
candidate_whitelist,rs_livestock_info_yc,water_store_area,原水存储设施池口面积（平方米）,原水存储设施池口面积（平方米）,match,
candidate_whitelist,rs_livestock_info_yc,water_store_volume,原水存储设施池口体积（立方米）,原水存储设施池口体积（立方米）,match,
candidate_whitelist,rs_livestock_info_yc,n_technique_1,尿液废水处理工艺,尿液废水处理工艺,match,
candidate_whitelist,rs_livestock_info_yc,n_technique_2,尿液废水处理工艺其他,尿液废水处理工艺其他,match,
candidate_whitelist,rs_livestock_info_yc,n_facility_1,尿液废水处理设施,尿液废水处理设施,match,
candidate_whitelist,rs_livestock_info_yc,n_facility_2,尿液废水处理设施其他,尿液废水处理设施其他,match,
candidate_whitelist,rs_livestock_info_yc,n_deal_use_scale,尿液废水处理利用方式及比例,尿液废水处理利用方式及比例,match,
candidate_whitelist,rs_livestock_info_yc,n_scale_1,尿液废水处理_肥水利用比例,尿液废水处理_肥水利用比例,match,
candidate_whitelist,rs_livestock_info_yc,n_scale_2,尿液废水处理_沼液还田比例,尿液废水处理_沼液还田比例,match,
candidate_whitelist,rs_livestock_info_yc,n_scale_3,尿液废水处理_场内生产液体有机肥比例,尿液废水处理_场内生产液体有机肥比例,match,
candidate_whitelist,rs_livestock_info_yc,n_scale_4,尿液废水处理_异位发酵床比例,尿液废水处理_异位发酵床比例,match,
candidate_whitelist,rs_livestock_info_yc,n_scale_5,尿液废水处理_鱼塘养殖比例,尿液废水处理_鱼塘养殖比例,match,
candidate_whitelist,rs_livestock_info_yc,n_scale_6,尿液废水处理_场区循环利用比例,尿液废水处理_场区循环利用比例,match,
candidate_whitelist,rs_livestock_info_yc,n_scale_7,尿液废水处理_委托处理比例,尿液废水处理_委托处理比例,match,
candidate_whitelist,rs_livestock_info_yc,n_scale_8,尿液废水处理_达标排放比例,尿液废水处理_达标排放比例,match,
candidate_whitelist,rs_livestock_info_yc,n_scale_9,尿液废水处理_直接排放比例,尿液废水处理_直接排放比例,match,
candidate_whitelist,rs_livestock_info_yc,n_scale_10,尿液废水处理_其他,尿液废水处理_其他,match,
candidate_whitelist,rs_livestock_info_yc,f_store_flag1,粪便存储设施是否防水,粪便存储设施是否防水,match,
candidate_whitelist,rs_livestock_info_yc,f_store_flag2,粪便存储设施是否防渗,粪便存储设施是否防渗,match,
candidate_whitelist,rs_livestock_info_yc,f_store_volume,粪便存储设施容积_立方米,粪便存储设施容积_立方米,match,
candidate_whitelist,rs_livestock_info_yc,f_technique_1,粪便处理工艺,粪便处理工艺,match,
candidate_whitelist,rs_livestock_info_yc,f_technique_2,粪便处理工艺其他,粪便处理工艺其他,match,
candidate_whitelist,rs_livestock_info_yc,f_deal_use_scale,粪便处理利用方式及比例,粪便处理利用方式及比例,match,
candidate_whitelist,rs_livestock_info_yc,f_scale_1,粪便处理利用_农家肥比例,粪便处理利用_农家肥比例,match,
candidate_whitelist,rs_livestock_info_yc,f_scale_2,粪便处理利用_场内生产有机肥比例,粪便处理利用_场内生产有机肥比例,match,
candidate_whitelist,rs_livestock_info_yc,f_scale_3,粪便处理利用_沼泽还田比例,粪便处理利用_沼泽还田比例,match,
candidate_whitelist,rs_livestock_info_yc,f_scale_4,粪便处理利用_生产牛床垫料比例,粪便处理利用_生产牛床垫料比例,match,
candidate_whitelist,rs_livestock_info_yc,f_scale_5,粪便处理利用_作为栽培基质比例,粪便处理利用_作为栽培基质比例,match,
candidate_whitelist,rs_livestock_info_yc,f_scale_6,粪便处理利用_作为燃料比例,粪便处理利用_作为燃料比例,match,
candidate_whitelist,rs_livestock_info_yc,f_scale_7,粪便处理利用_鱼塘养殖比例,粪便处理利用_鱼塘养殖比例,match,
candidate_whitelist,rs_livestock_info_yc,f_scale_8,粪便处理利用_委托处理比例,粪便处理利用_委托处理比例,match,
candidate_whitelist,rs_livestock_info_yc,f_scale_9,粪便处理利用_场外丢弃比例,粪便处理利用_场外丢弃比例,match,
candidate_whitelist,rs_livestock_info_yc,f_scale_10,粪便处理利用_其他方式,粪便处理利用_其他方式,match,
candidate_whitelist,rs_livestock_info_yc,water_name,受纳水体名称,受纳水体名称,match,
candidate_whitelist,rs_livestock_info_yc,water_code,受纳水体代码,受纳水体代码,match,
candidate_whitelist,rs_livestock_info_yc,glbh_flag,养殖场是否有锅炉,养殖场是否有锅炉,match,
candidate_whitelist,rs_livestock_info_yc,fzr,单位负责人,单位负责人,match,
candidate_whitelist,rs_livestock_info_yc,tjr,统计负责人,统计负责人,match,
candidate_whitelist,rs_livestock_info_yc,shr,审核人,审核人,match,
candidate_whitelist,rs_livestock_info_yc,bcrq,报出日期,报出日期,match,
candidate_whitelist,rs_livestock_info_yc,lon,经度,经度,match,
candidate_whitelist,rs_livestock_info_yc,lat,纬度,纬度,match,
candidate_whitelist,rs_livestock_info_yc,create_by,创建人,创建人,match,
candidate_whitelist,rs_livestock_info_yc,create_time,创建时间,创建时间,match,
candidate_whitelist,rs_livestock_info_yc,update_by,更新人,更新人,match,
candidate_whitelist,rs_livestock_info_yc,update_time,更新时间,更新时间,match,
candidate_whitelist,rs_livestock_info_yc,del_flag,删除标记,删除标记,match,
candidate_whitelist,rs_outlet,id,主键id,主键id,match,
candidate_whitelist,rs_outlet,area_code,行政区代码,行政区代码,match,
candidate_whitelist,rs_outlet,area_name,行政区名称：乡镇（街道）,行政区名称：乡镇（街道）,match,
candidate_whitelist,rs_outlet,county_name,县(区)名称,县(区)名称,match,
candidate_whitelist,rs_outlet,outlet_code,排污口编码：国家级,排污口编码：国家级,match,
candidate_whitelist,rs_outlet,outlet_name,排污口名称,排污口名称,match,
candidate_whitelist,rs_outlet,river_basin,流域名称,流域名称,match,
candidate_whitelist,rs_outlet,outlet_address,排污口地址,排污口地址,match,
candidate_whitelist,rs_outlet,outlet_lon,排污口经度,排污口经度,match,
candidate_whitelist,rs_outlet,outlet_lat,排污口纬度,排污口纬度,match,
candidate_whitelist,rs_outlet,catalog_level_1,排污口分类-一级分类,排污口分类-一级分类,match,
candidate_whitelist,rs_outlet,catalog_level_2,排污口分类-二级分类,排污口分类-二级分类,match,
candidate_whitelist,rs_outlet,catalog_level_3,排污口分类-三级分类,排污口分类-三级分类,match,
candidate_whitelist,rs_outlet,river_system,所属水系,所属水系,match,
candidate_whitelist,rs_outlet,outlet_owner_river,排出口归属水系,排出口归属水系,match,
candidate_whitelist,rs_outlet,is_flow_lake,是否入湖河流,是否入湖河流,match,
candidate_whitelist,rs_outlet,lake_name,湖泊名称,湖泊名称,match,
candidate_whitelist,rs_outlet,is_key_river,是否为重点河湖,是否为重点河湖,match,
candidate_whitelist,rs_outlet,key_river_name,重点河名称,重点河名称,match,
candidate_whitelist,rs_outlet,is_water_function,是否位于水功能区,是否位于水功能区,match,
candidate_whitelist,rs_outlet,water_function_level1,一级水功能区名称,一级水功能区名称,match,
candidate_whitelist,rs_outlet,water_quality_target1,水功能区水质目标,水功能区水质目标,match,
candidate_whitelist,rs_outlet,water_function_level2,二级水功能区名称,二级水功能区名称,match,
candidate_whitelist,rs_outlet,water_quality_target2,二级水功能区水质目标,二级水功能区水质目标,match,
candidate_whitelist,rs_outlet,is_water_environment,是否位于水环境功能区,是否位于水环境功能区,match,
candidate_whitelist,rs_outlet,water_enviroment_function,水环境功能区名称,水环境功能区名称,match,
candidate_whitelist,rs_outlet,water_enviroment_target,水环境功能区目标,水环境功能区目标,match,
candidate_whitelist,rs_outlet,country_section_name,国控断面名称,国控断面名称,match,
candidate_whitelist,rs_outlet,province_section_name,省控断面名称,省控断面名称,match,
candidate_whitelist,rs_outlet,city_section_name,市控断面名称,市控断面名称,match,
candidate_whitelist,rs_outlet,river_info,河长信息,河长信息,match,
candidate_whitelist,rs_outlet,outlet_shape,口门形态（明渠、管道、泵站、涵闸、闸泵联用、箱涵、潜没、其他，单选）,口门形态（明渠、管道、泵站、涵闸、闸泵联用、箱涵、潜没、其他，单选）,match,
candidate_whitelist,rs_outlet,drain_feature,排水特征（排水、无水、有死水、闸断、不确定，单选）,排水特征（排水、无水、有死水、闸断、不确定，单选）,match,
candidate_whitelist,rs_outlet,is_drain_abnormal,有无异常状况（有、无）,有无异常状况（有、无）,match,
candidate_whitelist,rs_outlet,drain_abnormal_desc,异常状况说明,异常状况说明,match,
candidate_whitelist,rs_outlet,is_monitor_sample,是否监测采样,是否监测采样,match,
candidate_whitelist,rs_outlet,primary_obligor,主要责任主体名称,主要责任主体名称,match,
candidate_whitelist,rs_outlet,primary_obligor_address,主要责任体详细地址,主要责任体详细地址,match,
candidate_whitelist,rs_outlet,other_obligor,其他责任主体名称（多个用英文逗号拼接）,其他责任主体名称（多个用英文逗号拼接）,match,
candidate_whitelist,rs_outlet,primary_obligor_lon,主要责任体经度,主要责任体经度,match,
candidate_whitelist,rs_outlet,primary_obligor_lat,主要责任体纬度,主要责任体纬度,match,
candidate_whitelist,rs_outlet,primary_obligor_contact,主要责任主体联系人,主要责任主体联系人,match,
candidate_whitelist,rs_outlet,primary_obligor_phone,主要责任主体联系方式,主要责任主体联系方式,match,
candidate_whitelist,rs_outlet,is_drain_toxic,是否排放有毒有害污染物,是否排放有毒有害污染物,match,
candidate_whitelist,rs_outlet,sewage_type,污水类型,污水类型,match,
candidate_whitelist,rs_outlet,is_large,是否为规模以上排口,是否为规模以上排口,match,
candidate_whitelist,rs_outlet,handle_type,整治类型（依法取缔、清理合并、规范整治、无需整治，单选）,整治类型（依法取缔、清理合并、规范整治、无需整治，单选）,match,
candidate_whitelist,rs_outlet,is_finish_standard,是否完成规范化建设：是、否,是否完成规范化建设：是、否,match,
candidate_whitelist,rs_outlet,standard_content,规范化建设内容,规范化建设内容,match,
candidate_whitelist,rs_outlet,repair_judge_criteria,完成整治判定条件,完成整治判定条件,match,
candidate_whitelist,rs_outlet,exist_problem,排污口存在的问题,排污口存在的问题,match,
candidate_whitelist,rs_outlet,other_problem,其他问题描述,其他问题描述,match,
candidate_whitelist,rs_outlet,specific_requirement,具体情形和技术要求,具体情形和技术要求,match,
candidate_whitelist,rs_outlet,handle_method,整治措施（多选用英文逗号分隔）,整治措施（多选用英文逗号分隔）,match,
candidate_whitelist,rs_outlet,finish_date,完成时限,完成时限,match,
candidate_whitelist,rs_outlet,handle_stage,整治阶段（选项为：未整治、整治中、完成整治）,整治阶段（选项为：未整治、整治中、完成整治）,match,
candidate_whitelist,rs_outlet,handle_result,整治成效,整治成效,match,
candidate_whitelist,rs_outlet,approve_advice,审批意见,审批意见,match,
candidate_whitelist,rs_outlet,approve_node,审批标记,审批标记,match,
candidate_whitelist,rs_outlet,create_by,创建人,创建人,match,
candidate_whitelist,rs_outlet,create_time,创建时间,创建时间,match,
candidate_whitelist,rs_outlet,update_by,更新人,更新人,match,
candidate_whitelist,rs_outlet,update_time,更新时间,更新时间,match,
candidate_whitelist,rs_outlet,del_flag,删除标记（0-正常，1-删除）,删除标记（0-正常，1-删除）,match,
candidate_whitelist,rs_outlet,is_quick_detect,水质快速检测-是否具备采样条件,水质快速检测-是否具备采样条件,match,
candidate_whitelist,rs_outlet,other_sewage_type,其他污水类型,其他污水类型,match,
candidate_whitelist,rs_outlet,drain_standard,排放标准（国家或地方发布的行业标准）,排放标准（国家或地方发布的行业标准）,match,
candidate_whitelist,rs_outlet,approve_status,审批登记情况（已审批、已登记、未审批、未登记）,审批登记情况（已审批、已登记、未审批、未登记）,match,
candidate_whitelist,rs_outlet,quick_detect_ph,水质快速检测-pH值,水质快速检测-pH值,match,
candidate_whitelist,rs_outlet,quick_detect_cod,水质快速检测-COD（mg/L）,水质快速检测-COD（mg/L）,match,
candidate_whitelist,rs_outlet,quick_detect_ad,水质快速检测-氨氮（mg/L）,水质快速检测-氨氮（mg/L）,match,
candidate_whitelist,rs_outlet,quick_detect_zl,水质快速检测-总磷（mg/L）,水质快速检测-总磷（mg/L）,match,
candidate_whitelist,rs_outlet,quick_detect_sl,水质快速检测-流量(m^3/D),水质快速检测-流量(m^3/D),match,
candidate_whitelist,rs_outlet,monitor_sample_date,采样时间（yyyy-MM-dd）,采样时间（yyyy-MM-dd）,match,
candidate_whitelist,rs_outlet,monitor_sample_sl,实验室监测-流量(m^3/D),实验室监测-流量(m^3/D),match,
candidate_whitelist,rs_outlet,monitor_sample_sw,实验室监测-水温（℃）,实验室监测-水温（℃）,match,
candidate_whitelist,rs_outlet,monitor_sample_bod,实验室监测-BOD,实验室监测-BOD,match,
candidate_whitelist,rs_outlet,monitor_sample_hff,实验室监测-挥发酚,实验室监测-挥发酚,match,
candidate_whitelist,rs_outlet,monitor_sample_ph,实验室监测-pH值,实验室监测-pH值,match,
candidate_whitelist,rs_outlet,monitor_sample_cod,实验室监测-COD值,实验室监测-COD值,match,
candidate_whitelist,rs_outlet,monitor_sample_ad,实验室监测-氨氮（mg/L）,实验室监测-氨氮（mg/L）,match,
candidate_whitelist,rs_outlet,monitor_sample_zl,实验室监测-总磷（mg/L）,实验室监测-总磷（mg/L）,match,
candidate_whitelist,rs_outlet,monitor_sample_zd,实验室监测-总氮(mg/L),实验室监测-总氮(mg/L),match,
candidate_whitelist,rs_outlet,photo_close_path,排污口近景照片,排污口近景照片,match,
candidate_whitelist,rs_outlet,photo_distant_path,排污口远景照片,排污口远景照片,match,
candidate_whitelist,rs_outlet,photo_main_path,责任主体照片,责任主体照片,match,
candidate_whitelist,rs_outlet,photo_handle_finish_path,整治完成后的照片,整治完成后的照片,match,
candidate_whitelist,rs_outlet,outlet_code_province,排污口编码：省级,排污口编码：省级,match,
candidate_whitelist,rs_outlet,waterbody_manager_level,水体管理级别,水体管理级别,match,
candidate_whitelist,rs_outlet,waterbody_name_in,受纳水体名称,受纳水体名称,match,
candidate_whitelist,rs_outlet,key_river_name_province,省级重点河湖名称,省级重点河湖名称,match,
candidate_whitelist,rs_outlet,drain_abnormal_other,其他状况,其他状况,match,
candidate_whitelist,rs_outlet,primary_obligor_code,主要责任主体排污许可证号或排污登记号,主要责任主体排污许可证号或排污登记号,match,
candidate_whitelist,rs_outlet,unified_credit_code,统一信用代码,统一信用代码,match,
candidate_whitelist,rs_outlet,pollutant_name,污染物（多个用英文逗号拼接）,污染物（多个用英文逗号拼接）,match,
candidate_whitelist,rs_outlet,pollutant_density,污染物浓度（污染物对应浓度，多个用英文逗号拼接）,污染物浓度（污染物对应浓度，多个用英文逗号拼接）,match,
candidate_whitelist,rs_outlet,sewage_emission,年污水排放量(t)（污染物对应排放量，多个用英文逗号拼接）,年污水排放量(t)（污染物对应排放量，多个用英文逗号拼接）,match,
candidate_whitelist,rs_outlet,pollutant_emission,年污染物排放总量(t)（污染物对应排放量，多个用英文逗号拼接）,年污染物排放总量(t)（污染物对应排放量，多个用英文逗号拼接）,match,
candidate_whitelist,rs_outlet,handle_result_condition,是否已满足整治总则中完成整治的判定条件,是否已满足整治总则中完成整治的判定条件,match,
candidate_whitelist,rs_outlet,monitor_sample_type,采样类型,采样类型,match,
candidate_whitelist,rs_outlet,monitor_sample_mark,采样备注,采样备注,match,
candidate_whitelist,rs_outlet,has_sample_condition,是否具备采样条件（默认无）,是否具备采样条件（默认无）,match,
candidate_whitelist,rs_outlet,primary_table_id,主表ID,主表ID,match,
candidate_whitelist,rs_outlet,sfzdjg,是否重点监管排污口,是否重点监管排污口,match,
candidate_whitelist,rs_outlet,geom,几何信息,几何信息,match,
candidate_whitelist,rs_outlet_info_v2,outlet_code_national,排污口编码(国家统一赋码),排污口编码(国家统一赋码),match,
candidate_whitelist,rs_outlet_info_v2,outlet_code_local,排污口编码(省市系统自有编码),排污口编码(省市系统自有编码),match,
candidate_whitelist,rs_outlet_info_v2,is_key_river_outlet,是否为重点河湖排污口,是否为重点河湖排污口,match,
candidate_whitelist,rs_outlet_info_v2,key_river_name,重点河湖名称,重点河湖名称,match,
candidate_whitelist,rs_outlet_info_v2,river_system,所属水系,所属水系,match,
candidate_whitelist,rs_outlet_info_v2,province_city_district,省市区县,省市区县,match,
candidate_whitelist,rs_outlet_info_v2,township,乡镇(街道),乡镇(街道),match,
candidate_whitelist,rs_outlet_info_v2,outlet_name,排污口名称,排污口名称,match,
candidate_whitelist,rs_outlet_info_v2,watershed_name,流域名称,流域名称,match,
candidate_whitelist,rs_outlet_info_v2,outlet_category,排污口分类,排污口分类,match,
candidate_whitelist,rs_outlet_info_v2,is_lake_inflow,是否为入湖河流,是否为入湖河流,match,
candidate_whitelist,rs_outlet_info_v2,is_water_func_zone,是否位于水功能区,是否位于水功能区,match,
candidate_whitelist,rs_outlet_info_v2,level1_water_func_zone,一级水功能区名称,一级水功能区名称,match,
candidate_whitelist,rs_outlet_info_v2,level1_water_quality_target,一级水功能区水质目标,一级水功能区水质目标,match,
candidate_whitelist,rs_outlet_info_v2,level2_water_func_zone,二级水功能区名称,二级水功能区名称,match,
candidate_whitelist,rs_outlet_info_v2,level2_water_quality_target,二级水功能区水质目标,二级水功能区水质目标,match,
candidate_whitelist,rs_outlet_info_v2,is_water_env_func_zone,是否位于水环境功能区,是否位于水环境功能区,match,
candidate_whitelist,rs_outlet_info_v2,water_env_func_zone_name,水环境功能区名称,水环境功能区名称,match,
candidate_whitelist,rs_outlet_info_v2,water_env_func_zone_target,水环境功能区目标,水环境功能区目标,match,
candidate_whitelist,rs_outlet_info_v2,national_section_name,国控断面名称,国控断面名称,match,
candidate_whitelist,rs_outlet_info_v2,provincial_section_name,省控断面名称,省控断面名称,match,
candidate_whitelist,rs_outlet_info_v2,municipal_section_name,市控断面名称,市控断面名称,match,
candidate_whitelist,rs_outlet_info_v2,river_chief_info,河长信息,河长信息,match,
candidate_whitelist,rs_outlet_info_v2,geom,图形信息,图形信息,match,
candidate_whitelist,rs_outlet_live_v2,outlet_id,关联排污口ID,关联排污口ID,match,
candidate_whitelist,rs_outlet_live_v2,geom,排污口所在位置,排污口所在位置,match,
candidate_whitelist,rs_outlet_live_v2,gate_morphology,口门形态,口门形态,match,
candidate_whitelist,rs_outlet_live_v2,drainage_feature,排水特征,排水特征,match,
candidate_whitelist,rs_outlet_live_v2,has_abnormal,有无异常状况,有无异常状况,match,
candidate_whitelist,rs_outlet_live_v2,has_online_monitor,是否实现在线监测,是否实现在线监测,match,
candidate_whitelist,rs_outlet_live_v2,has_sampling_condition,是否具备采样条件,是否具备采样条件,match,
candidate_whitelist,rs_outlet_live_v2,outlet_name,排污口名称,排污口名称,match,
candidate_whitelist,rs_outlet_monitor_v2,outlet_id,关联排污口ID,关联排污口ID,match,
candidate_whitelist,rs_outlet_monitor_v2,sampling_time,采样时间,采样时间,match,
candidate_whitelist,rs_outlet_monitor_v2,monitor_type,监测类型,监测类型,match,
candidate_whitelist,rs_outlet_monitor_v2,flow,流量(立方米/天),流量(立方米/天),match,
candidate_whitelist,rs_outlet_monitor_v2,water_temp,水温(℃),水温(℃),match,
candidate_whitelist,rs_outlet_monitor_v2,bod,BOD(mg/L),BOD(mg/L),match,
candidate_whitelist,rs_outlet_monitor_v2,cod,COD(mg/L),COD(mg/L),match,
candidate_whitelist,rs_outlet_monitor_v2,ph,pH,pH,match,
candidate_whitelist,rs_outlet_monitor_v2,ammonia_nitrogen,氨氮(mg/L),氨氮(mg/L),match,
candidate_whitelist,rs_outlet_monitor_v2,total_phosphorus,总磷(mg/L),总磷(mg/L),match,
candidate_whitelist,rs_outlet_monitor_v2,total_nitrogen,总氮(mg/L),总氮(mg/L),match,
candidate_whitelist,rs_outlet_monitor_v2,remark,备注,备注,match,
candidate_whitelist,rs_outlet_monitor_v2,outlet_name,排污口名称,排污口名称,match,
candidate_whitelist,rs_outlet_remediation_v2,outlet_id,关联排污口ID,关联排污口ID,match,
candidate_whitelist,rs_outlet_remediation_v2,is_remediated,是否完成整治,是否完成整治,match,
candidate_whitelist,rs_outlet_remediation_v2,remediation_type,整治类型,整治类型,match,
candidate_whitelist,rs_outlet_remediation_v2,remediation_video,整治视频,整治视频,match,
candidate_whitelist,rs_outlet_remediation_v2,supporting_docs,证明材料,证明材料,match,
candidate_whitelist,rs_outlet_remediation_v2,is_standardized,是否完成规范化建设,是否完成规范化建设,match,
candidate_whitelist,rs_outlet_remediation_v2,standardization_content,规范化建设内容,规范化建设内容,match,
candidate_whitelist,rs_outlet_remediation_v2,outlet_name,排污口名称,排污口名称,match,
candidate_whitelist,rs_outlet_trace_v2,outlet_id,关联排污口ID,关联排污口ID,match,
candidate_whitelist,rs_outlet_trace_v2,primary_entity_name,主要责任主体名称,主要责任主体名称,match,
candidate_whitelist,rs_outlet_trace_v2,other_entity_name,其他责任主体名称,其他责任主体名称,match,
candidate_whitelist,rs_outlet_trace_v2,address,详细地址,详细地址,match,
candidate_whitelist,rs_outlet_trace_v2,primary_contact,主要责任主体联系人,主要责任主体联系人,match,
candidate_whitelist,rs_outlet_trace_v2,primary_phone,主要责任主体联系电话,主要责任主体联系电话,match,
candidate_whitelist,rs_outlet_trace_v2,discharge_permit_no,排污许可证号或排污登记号,排污许可证号或排污登记号,match,
candidate_whitelist,rs_outlet_trace_v2,credit_code,统一信用代码,统一信用代码,match,
candidate_whitelist,rs_outlet_trace_v2,emission_standard,排放标准,排放标准,match,
candidate_whitelist,rs_outlet_trace_v2,has_toxic_pollutant,是否排放有毒有害污染物,是否排放有毒有害污染物,match,
candidate_whitelist,rs_outlet_trace_v2,wastewater_type,污水类型,污水类型,match,
candidate_whitelist,rs_outlet_trace_v2,other_wastewater_type,其他污水类型,其他污水类型,match,
candidate_whitelist,rs_outlet_trace_v2,is_above_scale,是否为规模以上排污口,是否为规模以上排污口,match,
candidate_whitelist,rs_outlet_trace_v2,approval_status,审批登记情况,审批登记情况,match,
candidate_whitelist,rs_outlet_trace_v2,pollutant_info,污染物及排放量(JSON),污染物及排放量(JSON),match,
candidate_whitelist,rs_outlet_trace_v2,geom,排污口所在位置,排污口所在位置,match,
candidate_whitelist,rs_outlet_trace_v2,outlet_name,排污口名称,排污口名称,match,
candidate_whitelist,rs_pollutant_enterprise,id,主键,主键,match,
candidate_whitelist,rs_pollutant_enterprise,wrybh,污染源编号,污染源编号,match,
candidate_whitelist,rs_pollutant_enterprise,wrymc,污染源名称,污染源名称,match,
candidate_whitelist,rs_pollutant_enterprise,tyshxydm,统一社会信用代码,统一社会信用代码,match,
candidate_whitelist,rs_pollutant_enterprise,zzjgdm,组织机构代码,组织机构代码,match,
candidate_whitelist,rs_pollutant_enterprise,pwxkzbh,排污许可证编号,排污许可证编号,match,
candidate_whitelist,rs_pollutant_enterprise,frmc,法人名称,法人名称,match,
candidate_whitelist,rs_pollutant_enterprise,lxdh,联系电话,联系电话,match,
candidate_whitelist,rs_pollutant_enterprise,zcdz,注册地址,注册地址,match,
candidate_whitelist,rs_pollutant_enterprise,jycsdz,经营场所地址,经营场所地址,match,
candidate_whitelist,rs_pollutant_enterprise,jd,经度,经度,match,
candidate_whitelist,rs_pollutant_enterprise,wd,纬度,纬度,match,
candidate_whitelist,rs_pollutant_enterprise,hblxr,环保联系人,环保联系人,match,
candidate_whitelist,rs_pollutant_enterprise,hbrlxdh,环保联系人电话,环保联系人电话,match,
candidate_whitelist,rs_pollutant_enterprise,ssqx,所属区县,所属区县,match,
candidate_whitelist,rs_pollutant_enterprise,hymc,行业名称,行业名称,match,
candidate_whitelist,rs_pollutant_enterprise,zdlxmc,重点污染源类型名称,重点污染源类型名称,match,
candidate_whitelist,rs_pollutant_enterprise,jgjb,监管级别（代码集：ZXJC_WRYJGJB）：ZDWRY、YBWRY,监管级别（代码集：ZXJC_WRYJGJB）：ZDWRY、YBWRY,match,
candidate_whitelist,rs_pollutant_enterprise,ywgs,运维公司,运维公司,match,
candidate_whitelist,rs_pollutant_enterprise,geom,图形,图形,match,
candidate_whitelist,rs_pollutant_enterprise,create_by,创建人,创建人,match,
candidate_whitelist,rs_pollutant_enterprise,create_time,创建时间,创建时间,match,
candidate_whitelist,rs_pollutant_enterprise,update_by,更新人,更新人,match,
candidate_whitelist,rs_pollutant_enterprise,update_time,更新时间,更新时间,match,
candidate_whitelist,rs_pollutant_enterprise,del_flag,删除标记: 0-未删除、1-已删除,删除标记: 0-未删除、1-已删除,match,
candidate_whitelist,rs_pollutant_enterprise,record_type,记录类型：0-自动、1-手动,记录类型：0-自动、1-手动,match,
candidate_whitelist,rs_pollutant_enterprise,ssqxmc,区县名称,区县名称,match,
candidate_whitelist,rs_pollutant_info,id,主键,主键,match,
candidate_whitelist,rs_pollutant_info,xh,序号：用于查询数据=driveId,序号：用于查询数据=driveId,match,
candidate_whitelist,rs_pollutant_info,jcdbh,监测点编号,监测点编号,match,
candidate_whitelist,rs_pollutant_info,jcdmc,监测点名称,监测点名称,match,
candidate_whitelist,rs_pollutant_info,wrybh,污染源编号,污染源编号,match,
candidate_whitelist,rs_pollutant_info,pwkwz,排放口位置,排放口位置,match,
candidate_whitelist,rs_pollutant_info,jgjb,监管级别：ZD-重点、YB-一般,监管级别：ZD-重点、YB-一般,match,
candidate_whitelist,rs_pollutant_info,sfjsk,是否进水口（0：否；1：是）,是否进水口（0：否；1：是）,match,
candidate_whitelist,rs_pollutant_info,sfzs,是否烧结等无需折算（0：否；1：是）,是否烧结等无需折算（0：否；1：是）,match,
candidate_whitelist,rs_pollutant_info,zsxs,折算系数,折算系数,match,
candidate_whitelist,rs_pollutant_info,jd,经度,经度,match,
candidate_whitelist,rs_pollutant_info,wd,纬度,纬度,match,
candidate_whitelist,rs_pollutant_info,geom,图形,图形,match,
candidate_whitelist,rs_pollutant_info,create_by,创建人,创建人,match,
candidate_whitelist,rs_pollutant_info,create_time,创建时间,创建时间,match,
candidate_whitelist,rs_pollutant_info,update_by,更新人,更新人,match,
candidate_whitelist,rs_pollutant_info,update_time,更新时间,更新时间,match,
candidate_whitelist,rs_pollutant_info,del_flag,删除标记: 0-未删除、1-已删除,删除标记: 0-未删除、1-已删除,match,
candidate_whitelist,rs_pollutant_info,record_type,记录类型：0-自动、1-手动,记录类型：0-自动、1-手动,match,
candidate_whitelist,rs_pollutant_info,wrlx,污染类型：FS-废水、FQ-废气,污染类型：FS-废水、FQ-废气,match,
candidate_whitelist,rs_pollutant_info,outlet_id,污染源id,污染源id,match,
candidate_whitelist,rs_sewage_info_v2,admin_division,行政区划,行政区划,match,
candidate_whitelist,rs_sewage_info_v2,project_name,项目名称,项目名称,match,
candidate_whitelist,rs_sewage_info_v2,run_status,运行状态,运行状态,match,
candidate_whitelist,rs_sewage_info_v2,treatment_process,处理工艺,处理工艺,match,
candidate_whitelist,rs_sewage_info_v2,project_location_lng,项目所在地经度,项目所在地经度,match,
candidate_whitelist,rs_sewage_info_v2,project_location_lat,项目所在地纬度,项目所在地纬度,match,
candidate_whitelist,rs_sewage_info_v2,outlet_total_lng,污水总排放口经度,污水总排放口经度,match,
candidate_whitelist,rs_sewage_info_v2,outlet_total_lat,污水总排放口纬度,污水总排放口纬度,match,
candidate_whitelist,rs_sewage_info_v2,design_scale,设计规模(t/d),设计规模(t/d),match,
candidate_whitelist,rs_sewage_info_v2,actual_assess_scale,实际考核规模(t/d),实际考核规模(t/d),match,
candidate_whitelist,rs_sewage_info_v2,load_rate,负荷率(%),负荷率(%),match,
candidate_whitelist,rs_sewage_info_v2,influent_flow,进水流量(m3/d),进水流量(m3/d),match,
candidate_whitelist,rs_sewage_info_v2,influent_cod,进水COD(mg/L),进水COD(mg/L),match,
candidate_whitelist,rs_sewage_info_v2,influent_ph,进水pH,进水pH,match,
candidate_whitelist,rs_sewage_info_v2,influent_ammonia,进水氨氮(mg/L),进水氨氮(mg/L),match,
candidate_whitelist,rs_sewage_info_v2,influent_tp,进水总磷(mg/L),进水总磷(mg/L),match,
candidate_whitelist,rs_sewage_info_v2,influent_tn,进水总氮(mg/L),进水总氮(mg/L),match,
candidate_whitelist,rs_sewage_info_v2,effluent_flow,出水流量(m3/d),出水流量(m3/d),match,
candidate_whitelist,rs_sewage_info_v2,effluent_cod,出水COD(mg/L),出水COD(mg/L),match,
candidate_whitelist,rs_sewage_info_v2,effluent_ph,出水pH,出水pH,match,
candidate_whitelist,rs_sewage_info_v2,effluent_ammonia,出水氨氮(mg/L),出水氨氮(mg/L),match,
candidate_whitelist,rs_sewage_info_v2,effluent_tp,出水总磷(mg/L),出水总磷(mg/L),match,
candidate_whitelist,rs_sewage_info_v2,effluent_tn,出水总氮(mg/L),出水总氮(mg/L),match,
candidate_whitelist,rs_sewage_info_v2,cod_daily_reduction,COD日削减量(t/d),COD日削减量(t/d),match,
candidate_whitelist,rs_sewage_info_v2,cod_annual_reduction,COD年削减量(t/a),COD年削减量(t/a),match,
candidate_whitelist,rs_sewage_info_v2,pipe_total_length,园区管网总长(km),园区管网总长(km),match,
candidate_whitelist,rs_sewage_info_v2,well_count,管井数量(个),管井数量(个),match,
candidate_whitelist,rs_sewage_info_v2,pump_station_count,提升泵站数量(个),提升泵站数量(个),match,
candidate_whitelist,rs_sewage_info_v2,enterprise_total,园区企业总数(家),园区企业总数(家),match,
candidate_whitelist,rs_sewage_info_v2,connected_enterprise,已接入企业数(家),已接入企业数(家),match,
candidate_whitelist,rs_sewage_info_v2,connection_rate,接入率(%),接入率(%),match,
candidate_whitelist,rs_sewage_info_v2,enterprise_drainage,企业排水总量(m3/d),企业排水总量(m3/d),match,
candidate_whitelist,rs_sewage_info_v2,key_pollution_enterprise,重点排污企业数(家),重点排污企业数(家),match,
candidate_whitelist,rs_sewage_info_v2,online_monitor_enterprise,在线监测企业数(家),在线监测企业数(家),match,
candidate_whitelist,rs_sewage_info_v2,monitor_coverage_rate,监测覆盖率(%),监测覆盖率(%),match,
candidate_whitelist,rs_sewage_info_v2,monthly_fee_total,月污水处理费总额(元),月污水处理费总额(元),match,
candidate_whitelist,rs_sewage_info_v2,should_collect_enterprise,应征企业数(家),应征企业数(家),match,
candidate_whitelist,rs_sewage_info_v2,actual_collect_enterprise,实征企业数(家),实征企业数(家),match,
candidate_whitelist,rs_sewage_info_v2,collection_rate,征收率(%),征收率(%),match,
candidate_whitelist,rs_sewage_info_v2,operation_unit,运营单位,运营单位,match,
candidate_whitelist,rs_sewage_info_v2,plan_total_invest,计划总投资(万元),计划总投资(万元),match,
candidate_whitelist,rs_sewage_info_v2,plan_station_invest,计划厂站投资(万元),计划厂站投资(万元),match,
candidate_whitelist,rs_sewage_info_v2,plan_pipe_invest,计划管网投资(万元),计划管网投资(万元),match,
candidate_whitelist,rs_sewage_info_v2,done_total_invest,已完成总投资(万元),已完成总投资(万元),match,
candidate_whitelist,rs_sewage_info_v2,done_station_invest,已完成厂站投资(万元),已完成厂站投资(万元),match,
candidate_whitelist,rs_sewage_info_v2,done_pipe_invest,已完成管网投资(万元),已完成管网投资(万元),match,
candidate_whitelist,rs_sewage_info_v2,total_invest_rate,总投资完成率(%),总投资完成率(%),match,
candidate_whitelist,rs_sewage_info_v2,built_pipe_length,已建管网长度(km),已建管网长度(km),match,
candidate_whitelist,rs_sewage_info_v2,collection_rate_efficiency,污水收集率(%),污水收集率(%),match,
candidate_whitelist,rs_sewage_info_v2,treatment_rate,污水处理率(%),污水处理率(%),match,
candidate_whitelist,rs_sewage_info_v2,compliance_rate,达标排放率(%),达标排放率(%),match,
candidate_whitelist,rs_sewage_info_v2,operation_load_rate,运行负荷率(%),运行负荷率(%),match,
candidate_whitelist,rs_sewage_info_v2,center_lng,企业中心经度,企业中心经度,match,
candidate_whitelist,rs_sewage_info_v2,center_lat,企业中心纬度,企业中心纬度,match,
candidate_whitelist,rs_sewage_info_v2,total_outlet_lng,污水处理设施总排口经度,污水处理设施总排口经度,match,
candidate_whitelist,rs_sewage_info_v2,total_outlet_lat,污水处理设施总排口纬度,污水处理设施总排口纬度,match,
candidate_whitelist,rs_sewage_info_v2,tail_water_destination,尾水排放去向,尾水排放去向,match,
candidate_whitelist,rs_sewage_info_v2,outlet_photo,排口照片,排口照片,match,
candidate_whitelist,rs_sewage_info_yc,id,主键id,主键id,match,
candidate_whitelist,rs_sewage_info_yc,name,企业名称,企业名称,match,
candidate_whitelist,rs_sewage_info_yc,monitor_name,检测点名称,检测点名称,match,
candidate_whitelist,rs_sewage_info_yc,region_code,行政区编码,行政区编码,match,
candidate_whitelist,rs_sewage_info_yc,region_name,行政区名称,行政区名称,match,
candidate_whitelist,rs_sewage_info_yc,emission_type,排放类型：0-废水,排放类型：0-废水,match,
candidate_whitelist,rs_sewage_info_yc,supervision_level,监管级别：0-一般、1-重点,监管级别：0-一般、1-重点,match,
candidate_whitelist,rs_sewage_info_yc,outlet_location,排污口位置,排污口位置,match,
candidate_whitelist,rs_sewage_info_yc,lon,经度,经度,match,
candidate_whitelist,rs_sewage_info_yc,lat,纬度,纬度,match,
candidate_whitelist,rs_sewage_info_yc,create_by,创建人,创建人,match,
candidate_whitelist,rs_sewage_info_yc,create_time,创建时间,创建时间,match,
candidate_whitelist,rs_sewage_info_yc,update_by,更新人,更新人,match,
candidate_whitelist,rs_sewage_info_yc,update_time,更新时间,更新时间,match,
candidate_whitelist,rs_sewage_info_yc,del_flag,删除标记,删除标记,match,
candidate_whitelist,rs_sewage_info_yc,town_flag,是否城镇污水处理厂,是否城镇污水处理厂,match,
candidate_whitelist,rs_sewage_info_yc,industrial_flag,是否工业污水处理厂,是否工业污水处理厂,match,
candidate_whitelist,rs_sewage_park_info,id,主键id,主键id,match,
candidate_whitelist,rs_sewage_park_info,region_code,行政区编码,行政区编码,match,
candidate_whitelist,rs_sewage_park_info,region_name,行政区名称,行政区名称,match,
candidate_whitelist,rs_sewage_park_info,sewage_name,污水处理厂名称,污水处理厂名称,match,
candidate_whitelist,rs_sewage_park_info,sewage_id,污水厂ID,污水厂ID,match,
candidate_whitelist,rs_sewage_park_info,throughput,处理能力（万吨/日）,处理能力（万吨/日）,match,
candidate_whitelist,rs_sewage_park_info,park_id,配套园区ID,配套园区ID,match,
candidate_whitelist,rs_sewage_park_info,park_name,配套园区名称,配套园区名称,match,
candidate_whitelist,rs_sewage_park_info,lon,经度,经度,match,
candidate_whitelist,rs_sewage_park_info,lat,纬度,纬度,match,
candidate_whitelist,rs_sewage_park_info,geom,图形信息,图形信息,match,
candidate_whitelist,rs_sewage_park_info,remark,备注,备注,match,
candidate_whitelist,rs_sewage_park_info,sewage_type,污水处理厂类型：0-工业、1-生活,污水处理厂类型：0-工业、1-生活,match,
candidate_whitelist,rs_warn_records,id,主键id,主键id,match,
candidate_whitelist,rs_warn_records,station_id,站点id，warn_type为0时,站点id，warn_type为0时,match,
candidate_whitelist,rs_warn_records,pollutant_id,污染源id，warn_type为3时,污染源id，warn_type为3时,match,
candidate_whitelist,rs_warn_records,key_point_id,"关键点id, warn_type为6时","关键点id, warn_type为6时",match,
candidate_whitelist,rs_warn_records,warn_indicator,预警指标,预警指标,match,
candidate_whitelist,rs_warn_records,warn_type,预警类型：0 水质预警、1 水文预警、2 气象预警、3 污染源预警、4 网络异常、5 仪器异常,预警类型：0 水质预警、1 水文预警、2 气象预警、3 污染源预警、4 网络异常、5 仪器异常,match,
candidate_whitelist,rs_warn_records,warn_value,预警值,预警值,match,
candidate_whitelist,rs_warn_records,standard_value,标准值,标准值,match,
candidate_whitelist,rs_warn_records,unit,单位,单位,match,
candidate_whitelist,rs_warn_records,water_quality_level,水质监测指标等级,水质监测指标等级,match,
candidate_whitelist,rs_warn_records,warn_level,告警等级：0 一般、1 严重、2 重度,告警等级：0 一般、1 严重、2 重度,match,
candidate_whitelist,rs_warn_records,warn_content,预警内容,预警内容,match,
candidate_whitelist,rs_warn_records,warn_time,预警时间,预警时间,match,
candidate_whitelist,rs_warn_records,publish_status,是否发布：0 未发布、1 已发布,是否发布：0 未发布、1 已发布,match,
candidate_whitelist,rs_warn_records,publish_time,发布时间,发布时间,match,
candidate_whitelist,rs_warn_records,check_status,是否审核：0 未审核、1 已审核,是否审核：0 未审核、1 已审核,match,
candidate_whitelist,rs_warn_records,check_time,审核时间,审核时间,match,
candidate_whitelist,rs_warn_records,manual_auto,0 手动处理、1 自动处理,0 手动处理、1 自动处理,match,
candidate_whitelist,rs_warn_records,release_status,是否解除：0 未解除、1 已解除,是否解除：0 未解除、1 已解除,match,
candidate_whitelist,rs_warn_records,release_time,解除时间,解除时间,match,
candidate_whitelist,rs_warn_records,create_by,创建人,创建人,match,
candidate_whitelist,rs_warn_records,create_time,创建时间,创建时间,match,
candidate_whitelist,rs_warn_records,update_by,更新人,更新人,match,
candidate_whitelist,rs_warn_records,update_time,更新时间,更新时间,match,
candidate_whitelist,rs_warn_records,del_flag,删除标记：0 未删除、1 已删除,删除标记：0 未删除、1 已删除,match,
candidate_whitelist,rs_wastewater_day_records,id,主键ID,主键ID,match,
candidate_whitelist,rs_wastewater_day_records,timestamp,统计日期（当日00:00:00）,统计日期（当日00:00:00）,match,
candidate_whitelist,rs_wastewater_day_records,type,类型：PS-排水口，PQ-排气口,类型：PS-排水口，PQ-排气口,match,
candidate_whitelist,rs_wastewater_day_records,pollutant_id,"排污口/排气口ID（关联
 rs_pollutant_info.id）","排污口/排气口ID（关联
 rs_pollutant_info.id）",match,
candidate_whitelist,rs_wastewater_day_records,status,"当日综合状态：nobeyond-正常，below-偏低
 ，beyond-超标","当日综合状态：nobeyond-正常，below-偏低
 ，beyond-超标",match,
candidate_whitelist,rs_wastewater_day_records,record_type,记录类型：0-正常统计，1-补录,记录类型：0-正常统计，1-补录,match,
candidate_whitelist,rs_wastewater_day_records,ll,日流量（各小时流量的平均值）,日流量（各小时流量的平均值）,match,
candidate_whitelist,rs_wastewater_day_records,ll_count,日流量有效数据计数（参与平均的小时数）,日流量有效数据计数（参与平均的小时数）,match,
candidate_whitelist,rs_wastewater_day_records,pfl,日排流量（各小时排流量的累加值）,日排流量（各小时排流量的累加值）,match,
candidate_whitelist,rs_wastewater_day_records,pfl_count,日排流量有效数据计数（参与累加的小时数）,日排流量有效数据计数（参与累加的小时数）,match,
candidate_whitelist,rs_wastewater_day_records,m1_value,"【PS】化学需氧量(COD)日平均值 / 【PQ】烟尘日
 平均值","【PS】化学需氧量(COD)日平均值 / 【PQ】烟尘日
 平均值",match,
candidate_whitelist,rs_wastewater_day_records,m1_count,m1 当日有效数据计数,m1 当日有效数据计数,match,
candidate_whitelist,rs_wastewater_day_records,m2_value,"【PS】总氮(TN)日平均值 / 【PQ】二氧化硫日平均
 值","【PS】总氮(TN)日平均值 / 【PQ】二氧化硫日平均
 值",match,
candidate_whitelist,rs_wastewater_day_records,m2_count,m2 当日有效数据计数,m2 当日有效数据计数,match,
candidate_whitelist,rs_wastewater_day_records,m3_value,【PS】pH日平均值 / 【PQ】氮氧化物日平均值,【PS】pH日平均值 / 【PQ】氮氧化物日平均值,match,
candidate_whitelist,rs_wastewater_day_records,m3_count,m3 当日有效数据计数,m3 当日有效数据计数,match,
candidate_whitelist,rs_wastewater_day_records,m4_value,【PS】氨氮日平均值 / 【PQ】一氧化氮日平均值,【PS】氨氮日平均值 / 【PQ】一氧化氮日平均值,match,
candidate_whitelist,rs_wastewater_day_records,m4_count,m4 当日有效数据计数,m4 当日有效数据计数,match,
candidate_whitelist,rs_wastewater_day_records,m5_value,【PS】水温日平均值 / 【PQ】二氧化氮日平均值,【PS】水温日平均值 / 【PQ】二氧化氮日平均值,match,
candidate_whitelist,rs_wastewater_day_records,m5_count,m5 当日有效数据计数,m5 当日有效数据计数,match,
candidate_whitelist,rs_wastewater_day_records,m6_value,【PS】总磷日平均值 / 【PQ】一氧化碳日平均值,【PS】总磷日平均值 / 【PQ】一氧化碳日平均值,match,
candidate_whitelist,rs_wastewater_day_records,m6_count,m6 当日有效数据计数,m6 当日有效数据计数,match,
candidate_whitelist,rs_wastewater_day_records,m7_value,【PS】悬浮物日平均值 / 【PQ】氯化氢日平均值,【PS】悬浮物日平均值 / 【PQ】氯化氢日平均值,match,
candidate_whitelist,rs_wastewater_day_records,m7_count,m7 当日有效数据计数,m7 当日有效数据计数,match,
candidate_whitelist,rs_wastewater_day_records,m8_value,"【PS】余氯日平均值 / 【PQ】非甲烷总烃日平均值
 ","【PS】余氯日平均值 / 【PQ】非甲烷总烃日平均值
 ",match,
candidate_whitelist,rs_wastewater_day_records,m8_count,m8 当日有效数据计数,m8 当日有效数据计数,match,
candidate_whitelist,rs_wastewater_day_records,m9_value,【PS】六价铬日平均值 / 【PQ】苯日平均值,【PS】六价铬日平均值 / 【PQ】苯日平均值,match,
candidate_whitelist,rs_wastewater_day_records,m9_count,m9 当日有效数据计数,m9 当日有效数据计数,match,
candidate_whitelist,rs_wastewater_day_records,m10_value,【PS】石油类日平均值 / 【PQ】甲苯日平均值,【PS】石油类日平均值 / 【PQ】甲苯日平均值,match,
candidate_whitelist,rs_wastewater_day_records,m10_count,m10 当日有效数据计数,m10 当日有效数据计数,match,
candidate_whitelist,rs_wastewater_day_records,m11_value,"【PS】氟化物日平均值 / 【PQ】二甲苯日平均值
 ","【PS】氟化物日平均值 / 【PQ】二甲苯日平均值
 ",match,
candidate_whitelist,rs_wastewater_day_records,m11_count,m11 当日有效数据计数,m11 当日有效数据计数,match,
candidate_whitelist,rs_wastewater_day_records,m12_value,"【PS】总铬日平均值 / 【PQ】碳氢化合物日平均
 值","【PS】总铬日平均值 / 【PQ】碳氢化合物日平均
 值",match,
candidate_whitelist,rs_wastewater_day_records,m12_count,m12 当日有效数据计数,m12 当日有效数据计数,match,
candidate_whitelist,rs_wastewater_day_records,m13_value,【PS】氰化物日平均值 / 【PQ】甲烷日平均值,【PS】氰化物日平均值 / 【PQ】甲烷日平均值,match,
candidate_whitelist,rs_wastewater_day_records,m13_count,m13 当日有效数据计数,m13 当日有效数据计数,match,
candidate_whitelist,rs_wastewater_day_records,m14_value,【PS】总锰日平均值 / 【PQ】氟化氢日平均值,【PS】总锰日平均值 / 【PQ】氟化氢日平均值,match,
candidate_whitelist,rs_wastewater_day_records,m14_count,m14 当日有效数据计数,m14 当日有效数据计数,match,
candidate_whitelist,rs_wastewater_day_records,m15_value,"【PS】总银日平均值 / 【PQ】二氧化碳日平均值
 ","【PS】总银日平均值 / 【PQ】二氧化碳日平均值
 ",match,
candidate_whitelist,rs_wastewater_day_records,m15_count,m15 当日有效数据计数,m15 当日有效数据计数,match,
candidate_whitelist,rs_wastewater_day_records,m16_value,"【PS】总铜日平均值 / 【PQ】1,3-二甲基苯日平
 均值","【PS】总铜日平均值 / 【PQ】1,3-二甲基苯日平
 均值",match,
candidate_whitelist,rs_wastewater_day_records,m16_count,m16 当日有效数据计数,m16 当日有效数据计数,match,
candidate_whitelist,rs_wastewater_day_records,m17_value,"【PS】总镍日平均值 / 【PQ】乙烯基苯(苯乙烯)
 日平均值","【PS】总镍日平均值 / 【PQ】乙烯基苯(苯乙烯)
 日平均值",match,
candidate_whitelist,rs_wastewater_day_records,m17_count,m17 当日有效数据计数,m17 当日有效数据计数,match,
candidate_whitelist,rs_wastewater_day_records,m18_value,【PS】总镉日平均值 / 【PQ】乙苯日平均值,【PS】总镉日平均值 / 【PQ】乙苯日平均值,match,
candidate_whitelist,rs_wastewater_day_records,m18_count,m18 当日有效数据计数,m18 当日有效数据计数,match,
candidate_whitelist,rs_wastewater_day_records,m19_value,"【PS】总砷日平均值 / 【PQ】1,2-二甲基苯日平
 均值","【PS】总砷日平均值 / 【PQ】1,2-二甲基苯日平
 均值",match,
candidate_whitelist,rs_wastewater_day_records,m19_count,m19 当日有效数据计数,m19 当日有效数据计数,match,
candidate_whitelist,rs_wastewater_day_records,m20_value,【PS】总铅日平均值 / 【PQ】氨(NH3)日平均值,【PS】总铅日平均值 / 【PQ】氨(NH3)日平均值,match,
candidate_whitelist,rs_wastewater_day_records,m20_count,m20 当日有效数据计数,m20 当日有效数据计数,match,
candidate_whitelist,rs_wastewater_day_records,m21_value,【PS】浊度日平均值（仅排水口）,【PS】浊度日平均值（仅排水口）,match,
candidate_whitelist,rs_wastewater_day_records,m21_count,m21 当日有效数据计数（仅排水口）,m21 当日有效数据计数（仅排水口）,match,
candidate_whitelist,rs_wastewater_day_records,m22_value,【PS】总锌日平均值（仅排水口）,【PS】总锌日平均值（仅排水口）,match,
candidate_whitelist,rs_wastewater_day_records,m22_count,m22 当日有效数据计数（仅排水口）,m22 当日有效数据计数（仅排水口）,match,
candidate_whitelist,rs_wastewater_day_records,create_by,创建人ID,创建人ID,match,
candidate_whitelist,rs_wastewater_day_records,create_time,创建时间,创建时间,match,
candidate_whitelist,rs_wastewater_day_records,update_by,更新人ID,更新人ID,match,
candidate_whitelist,rs_wastewater_day_records,update_time,更新时间,更新时间,match,
candidate_whitelist,rs_wastewater_day_records,del_flag,删除标记：0-正常，1-删除,删除标记：0-正常，1-删除,match,
candidate_whitelist,rs_wastewater_hour_records,id,主键id,主键id,match,
candidate_whitelist,rs_wastewater_hour_records,timestamp,数据时间,数据时间,match,
candidate_whitelist,rs_wastewater_hour_records,type,类型：PS-排水口、PQ-排气口,类型：PS-排水口、PQ-排气口,match,
candidate_whitelist,rs_wastewater_hour_records,pollutant_id,污染源id,污染源id,match,
candidate_whitelist,rs_wastewater_hour_records,status,监测结果：0正常、1偏高、2偏低,监测结果：0正常、1偏高、2偏低,match,
candidate_whitelist,rs_wastewater_hour_records,record_type,记录类型：0自动、1手工,记录类型：0自动、1手工,match,
candidate_whitelist,rs_wastewater_hour_records,ll,流量,流量,match,
candidate_whitelist,rs_wastewater_hour_records,pfl,排放量,排放量,match,
candidate_whitelist,rs_wastewater_hour_records,m1_value,m1_value,m1_value,match,
candidate_whitelist,rs_wastewater_hour_records,m1_status,m1_status,m1_status,match,
candidate_whitelist,rs_wastewater_hour_records,m2_value,m2_value,m2_value,match,
candidate_whitelist,rs_wastewater_hour_records,m2_status,m2_status,m2_status,match,
candidate_whitelist,rs_wastewater_hour_records,m3_value,m3_value,m3_value,match,
candidate_whitelist,rs_wastewater_hour_records,m3_status,m3_status,m3_status,match,
candidate_whitelist,rs_wastewater_hour_records,m4_value,m4_value,m4_value,match,
candidate_whitelist,rs_wastewater_hour_records,m4_status,m4_status,m4_status,match,
candidate_whitelist,rs_wastewater_hour_records,m5_value,m5_value,m5_value,match,
candidate_whitelist,rs_wastewater_hour_records,m5_status,m5_status,m5_status,match,
candidate_whitelist,rs_wastewater_hour_records,m6_value,m6_value,m6_value,match,
candidate_whitelist,rs_wastewater_hour_records,m6_status,m6_status,m6_status,match,
candidate_whitelist,rs_wastewater_hour_records,m7_value,m7_value,m7_value,match,
candidate_whitelist,rs_wastewater_hour_records,m7_status,m7_status,m7_status,match,
candidate_whitelist,rs_wastewater_hour_records,m8_value,m8_value,m8_value,match,
candidate_whitelist,rs_wastewater_hour_records,m8_status,m8_status,m8_status,match,
candidate_whitelist,rs_wastewater_hour_records,m9_value,m9_value,m9_value,match,
candidate_whitelist,rs_wastewater_hour_records,m9_status,m9_status,m9_status,match,
candidate_whitelist,rs_wastewater_hour_records,m10_value,m10_value,m10_value,match,
candidate_whitelist,rs_wastewater_hour_records,m10_status,m10_status,m10_status,match,
candidate_whitelist,rs_wastewater_hour_records,m11_value,m11_value,m11_value,match,
candidate_whitelist,rs_wastewater_hour_records,m11_status,m11_status,m11_status,match,
candidate_whitelist,rs_wastewater_hour_records,m12_value,m12_value,m12_value,match,
candidate_whitelist,rs_wastewater_hour_records,m12_status,m12_status,m12_status,match,
candidate_whitelist,rs_wastewater_hour_records,m13_value,m13_value,m13_value,match,
candidate_whitelist,rs_wastewater_hour_records,m13_status,m13_status,m13_status,match,
candidate_whitelist,rs_wastewater_hour_records,m14_value,m14_value,m14_value,match,
candidate_whitelist,rs_wastewater_hour_records,m14_status,m14_status,m14_status,match,
candidate_whitelist,rs_wastewater_hour_records,m15_value,m15_value,m15_value,match,
candidate_whitelist,rs_wastewater_hour_records,m15_status,m15_status,m15_status,match,
candidate_whitelist,rs_wastewater_hour_records,m16_value,m16_value,m16_value,match,
candidate_whitelist,rs_wastewater_hour_records,m16_status,m16_status,m16_status,match,
candidate_whitelist,rs_wastewater_hour_records,m17_value,m17_value,m17_value,match,
candidate_whitelist,rs_wastewater_hour_records,m17_status,m17_status,m17_status,match,
candidate_whitelist,rs_wastewater_hour_records,m18_value,m18_value,m18_value,match,
candidate_whitelist,rs_wastewater_hour_records,m18_status,m18_status,m18_status,match,
candidate_whitelist,rs_wastewater_hour_records,m19_value,m19_value,m19_value,match,
candidate_whitelist,rs_wastewater_hour_records,m19_status,m19_status,m19_status,match,
candidate_whitelist,rs_wastewater_hour_records,m20_value,m20_value,m20_value,match,
candidate_whitelist,rs_wastewater_hour_records,m20_status,m20_status,m20_status,match,
candidate_whitelist,rs_wastewater_hour_records,m21_value,m21_value,m21_value,match,
candidate_whitelist,rs_wastewater_hour_records,m21_status,m21_status,m21_status,match,
candidate_whitelist,rs_wastewater_hour_records,m22_value,m22_value,m22_value,match,
candidate_whitelist,rs_wastewater_hour_records,m22_status,m22_status,m22_status,match,
candidate_whitelist,rs_wastewater_hour_records,create_by,创建人,创建人,match,
candidate_whitelist,rs_wastewater_hour_records,create_time,创建时间,创建时间,match,
candidate_whitelist,rs_wastewater_hour_records,update_by,更新人,更新人,match,
candidate_whitelist,rs_wastewater_hour_records,update_time,更新时间,更新时间,match,
candidate_whitelist,rs_wastewater_hour_records,del_flag,删除标记：0未删除、1已删除,删除标记：0未删除、1已删除,match,
candidate_whitelist,rs_wastewater_month_records,id,主键ID,主键ID,match,
candidate_whitelist,rs_wastewater_month_records,timestamp,统计月份起始时间（当月第一天00:00:00）,统计月份起始时间（当月第一天00:00:00）,match,
candidate_whitelist,rs_wastewater_month_records,type,类型：PS-排水口，PQ-排气口,类型：PS-排水口，PQ-排气口,match,
candidate_whitelist,rs_wastewater_month_records,pollutant_id,"排污口/排气口ID（关联
 rs_pollutant_info.id）","排污口/排气口ID（关联
 rs_pollutant_info.id）",match,
candidate_whitelist,rs_wastewater_month_records,status,"当月综合状态：nobeyond-正常，below-偏低
 ，beyond-超标","当月综合状态：nobeyond-正常，below-偏低
 ，beyond-超标",match,
candidate_whitelist,rs_wastewater_month_records,record_type,记录类型：0-正常统计，1-补录,记录类型：0-正常统计，1-补录,match,
candidate_whitelist,rs_wastewater_month_records,monitor_year,监测年份,监测年份,match,
candidate_whitelist,rs_wastewater_month_records,monitor_month,监测月份,监测月份,match,
candidate_whitelist,rs_wastewater_month_records,remark,备注,备注,match,
candidate_whitelist,rs_wastewater_month_records,ll,月流量（各日流量的平均值）,月流量（各日流量的平均值）,match,
candidate_whitelist,rs_wastewater_month_records,ll_count,月流量有效数据计数（参与平均的天数）,月流量有效数据计数（参与平均的天数）,match,
candidate_whitelist,rs_wastewater_month_records,pfl,月排流量（各日排流量的累加值）,月排流量（各日排流量的累加值）,match,
candidate_whitelist,rs_wastewater_month_records,pfl_count,月排流量有效数据计数（参与累加的天数）,月排流量有效数据计数（参与累加的天数）,match,
candidate_whitelist,rs_wastewater_month_records,m1_value,"【PS】化学需氧量(COD)月平均值 / 【PQ】烟尘
 月平均值","【PS】化学需氧量(COD)月平均值 / 【PQ】烟尘
 月平均值",match,
candidate_whitelist,rs_wastewater_month_records,m1_count,m1 当月有效数据计数,m1 当月有效数据计数,match,
candidate_whitelist,rs_wastewater_month_records,m2_value,"【PS】总氮(TN)月平均值 / 【PQ】二氧化硫月平
 均值","【PS】总氮(TN)月平均值 / 【PQ】二氧化硫月平
 均值",match,
candidate_whitelist,rs_wastewater_month_records,m2_count,m2 当月有效数据计数,m2 当月有效数据计数,match,
candidate_whitelist,rs_wastewater_month_records,m3_value,【PS】pH月平均值 / 【PQ】氮氧化物月平均值,【PS】pH月平均值 / 【PQ】氮氧化物月平均值,match,
candidate_whitelist,rs_wastewater_month_records,m3_count,m3 当月有效数据计数,m3 当月有效数据计数,match,
candidate_whitelist,rs_wastewater_month_records,m4_value,"【PS】氨氮月平均值 / 【PQ】一氧化氮月平均值
 ","【PS】氨氮月平均值 / 【PQ】一氧化氮月平均值
 ",match,
candidate_whitelist,rs_wastewater_month_records,m4_count,m4 当月有效数据计数,m4 当月有效数据计数,match,
candidate_whitelist,rs_wastewater_month_records,m5_value,"【PS】水温月平均值 / 【PQ】二氧化氮月平均值
 ","【PS】水温月平均值 / 【PQ】二氧化氮月平均值
 ",match,
candidate_whitelist,rs_wastewater_month_records,m5_count,m5 当月有效数据计数,m5 当月有效数据计数,match,
candidate_whitelist,rs_wastewater_month_records,m6_value,"【PS】总磷月平均值 / 【PQ】一氧化碳月平均值
 ","【PS】总磷月平均值 / 【PQ】一氧化碳月平均值
 ",match,
candidate_whitelist,rs_wastewater_month_records,m6_count,m6 当月有效数据计数,m6 当月有效数据计数,match,
candidate_whitelist,rs_wastewater_month_records,m7_value,"【PS】悬浮物月平均值 / 【PQ】氯化氢月平均值
 ","【PS】悬浮物月平均值 / 【PQ】氯化氢月平均值
 ",match,
candidate_whitelist,rs_wastewater_month_records,m7_count,m7 当月有效数据计数,m7 当月有效数据计数,match,
candidate_whitelist,rs_wastewater_month_records,m8_value,"【PS】余氯月平均值 / 【PQ】非甲烷总烃月平均
 值","【PS】余氯月平均值 / 【PQ】非甲烷总烃月平均
 值",match,
candidate_whitelist,rs_wastewater_month_records,m8_count,m8 当月有效数据计数,m8 当月有效数据计数,match,
candidate_whitelist,rs_wastewater_month_records,m9_value,【PS】六价铬月平均值 / 【PQ】苯月平均值,【PS】六价铬月平均值 / 【PQ】苯月平均值,match,
candidate_whitelist,rs_wastewater_month_records,m9_count,m9 当月有效数据计数,m9 当月有效数据计数,match,
candidate_whitelist,rs_wastewater_month_records,m10_value,"【PS】石油类月平均值 / 【PQ】甲苯月平均值
 ","【PS】石油类月平均值 / 【PQ】甲苯月平均值
 ",match,
candidate_whitelist,rs_wastewater_month_records,m10_count,m10 当月有效数据计数,m10 当月有效数据计数,match,
candidate_whitelist,rs_wastewater_month_records,m11_value,"【PS】氟化物月平均值 / 【PQ】二甲苯月平均
 值","【PS】氟化物月平均值 / 【PQ】二甲苯月平均
 值",match,
candidate_whitelist,rs_wastewater_month_records,m11_count,m11 当月有效数据计数,m11 当月有效数据计数,match,
candidate_whitelist,rs_wastewater_month_records,m12_value,"【PS】总铬月平均值 / 【PQ】碳氢化合物月平
 均值","【PS】总铬月平均值 / 【PQ】碳氢化合物月平
 均值",match,
candidate_whitelist,rs_wastewater_month_records,m12_count,m12 当月有效数据计数,m12 当月有效数据计数,match,
candidate_whitelist,rs_wastewater_month_records,m13_value,"【PS】氰化物月平均值 / 【PQ】甲烷月平均值
 ","【PS】氰化物月平均值 / 【PQ】甲烷月平均值
 ",match,
candidate_whitelist,rs_wastewater_month_records,m13_count,m13 当月有效数据计数,m13 当月有效数据计数,match,
candidate_whitelist,rs_wastewater_month_records,m14_value,"【PS】总锰月平均值 / 【PQ】氟化氢月平均值
 ","【PS】总锰月平均值 / 【PQ】氟化氢月平均值
 ",match,
candidate_whitelist,rs_wastewater_month_records,m14_count,m14 当月有效数据计数,m14 当月有效数据计数,match,
candidate_whitelist,rs_wastewater_month_records,m15_value,"【PS】总银月平均值 / 【PQ】二氧化碳月平均
 值","【PS】总银月平均值 / 【PQ】二氧化碳月平均
 值",match,
candidate_whitelist,rs_wastewater_month_records,m15_count,m15 当月有效数据计数,m15 当月有效数据计数,match,
candidate_whitelist,rs_wastewater_month_records,m16_value,"【PS】总铜月平均值 / 【PQ】1,3-二甲基苯月
 平均值","【PS】总铜月平均值 / 【PQ】1,3-二甲基苯月
 平均值",match,
candidate_whitelist,rs_wastewater_month_records,m16_count,m16 当月有效数据计数,m16 当月有效数据计数,match,
candidate_whitelist,rs_wastewater_month_records,m17_value,"【PS】总镍月平均值 / 【PQ】乙烯基苯(苯乙烯
 )月平均值","【PS】总镍月平均值 / 【PQ】乙烯基苯(苯乙烯
 )月平均值",match,
candidate_whitelist,rs_wastewater_month_records,m17_count,m17 当月有效数据计数,m17 当月有效数据计数,match,
candidate_whitelist,rs_wastewater_month_records,m18_value,【PS】总镉月平均值 / 【PQ】乙苯月平均值,【PS】总镉月平均值 / 【PQ】乙苯月平均值,match,
candidate_whitelist,rs_wastewater_month_records,m18_count,m18 当月有效数据计数,m18 当月有效数据计数,match,
candidate_whitelist,rs_wastewater_month_records,m19_value,"【PS】总砷月平均值 / 【PQ】1,2-二甲基苯月
 平均值","【PS】总砷月平均值 / 【PQ】1,2-二甲基苯月
 平均值",match,
candidate_whitelist,rs_wastewater_month_records,m19_count,m19 当月有效数据计数,m19 当月有效数据计数,match,
candidate_whitelist,rs_wastewater_month_records,m20_value,"【PS】总铅月平均值 / 【PQ】氨(NH3)月平均值
 ","【PS】总铅月平均值 / 【PQ】氨(NH3)月平均值
 ",match,
candidate_whitelist,rs_wastewater_month_records,m20_count,m20 当月有效数据计数,m20 当月有效数据计数,match,
candidate_whitelist,rs_wastewater_month_records,m21_value,【PS】浊度月平均值（仅排水口）,【PS】浊度月平均值（仅排水口）,match,
candidate_whitelist,rs_wastewater_month_records,m21_count,m21 当月有效数据计数（仅排水口）,m21 当月有效数据计数（仅排水口）,match,
candidate_whitelist,rs_wastewater_month_records,m22_value,【PS】总锌月平均值（仅排水口）,【PS】总锌月平均值（仅排水口）,match,
candidate_whitelist,rs_wastewater_month_records,m22_count,m22 当月有效数据计数（仅排水口）,m22 当月有效数据计数（仅排水口）,match,
candidate_whitelist,rs_wastewater_month_records,create_by,创建人ID,创建人ID,match,
candidate_whitelist,rs_wastewater_month_records,create_time,创建时间,创建时间,match,
candidate_whitelist,rs_wastewater_month_records,update_by,更新人ID,更新人ID,match,
candidate_whitelist,rs_wastewater_month_records,update_time,更新时间,更新时间,match,
candidate_whitelist,rs_wastewater_month_records,del_flag,删除标记：0-正常，1-删除,删除标记：0-正常，1-删除,match,
candidate_whitelist,rs_wastewater_standard,id,主键id,主键id,match,
candidate_whitelist,rs_wastewater_standard,indicator_name,指标名称,指标名称,match,
candidate_whitelist,rs_wastewater_standard,apply_type,适用类型：0 污水处理厂、1 其他,适用类型：0 污水处理厂、1 其他,match,
candidate_whitelist,rs_wastewater_standard,l1_value,最低标准,最低标准,match,
candidate_whitelist,rs_wastewater_standard,l2_value,小时标准,小时标准,match,
candidate_whitelist,rs_wastewater_standard,l3_value,日标准,日标准,match,
candidate_whitelist,rs_wastewater_standard,max_value,最高允许排放浓度,最高允许排放浓度,match,
candidate_whitelist,rs_wastewater_standard,create_by,创建人,创建人,match,
candidate_whitelist,rs_wastewater_standard,create_time,创建时间,创建时间,match,
candidate_whitelist,rs_wastewater_standard,update_by,更新人,更新人,match,
candidate_whitelist,rs_wastewater_standard,update_time,更新时间,更新时间,match,
candidate_whitelist,rs_wastewater_standard,del_flag,删除标记：0 未删除、1 已删除,删除标记：0 未删除、1 已删除,match,
candidate_whitelist,rs_wastewater_standard,jcdbh,监测点编号,监测点编号,match,
candidate_whitelist,rs_wastewater_standard,indicator_code,指标编码,指标编码,match,
candidate_whitelist,rs_wastewater_standard,type,排放口类型：PS 排水口、PQ 排气口,排放口类型：PS 排水口、PQ 排气口,match,
candidate_whitelist,se_watershed,region_code,所属区域Code,所属区域Code,match,
candidate_whitelist,se_watershed,total_population,总人口,总人口,match,
candidate_whitelist,se_watershed,total_product_value,地区生产总值,地区生产总值,match,
candidate_whitelist,se_watershed,total_river_area,水面面积：k㎡,水面面积：k㎡,match,
candidate_whitelist,se_watershed,total_watershed_area,流域面积：k㎡,流域面积：k㎡,match,
candidate_whitelist,se_watershed,water_depth_avg,年平均水深：m,年平均水深：m,match,
candidate_whitelist,se_watershed,runoff_value,径流量：亿m³,径流量：亿m³,match,
candidate_whitelist,se_watershed,statistic_year,统计年份,统计年份,match,
candidate_whitelist,se_watershed,update_by,创建人,创建人,match,
candidate_whitelist,se_watershed,update_time,创建时间,创建时间,match,
candidate_whitelist,se_watershed,del_flag,删除标记：0 未删除、1 已删除,删除标记：0 未删除、1 已删除,match,
candidate_whitelist,se_watershed,name,流域名称,流域名称,match,
candidate_whitelist,se_watershed,mark,备注,备注,match,
candidate_whitelist,se_watershed_river,id,主键id,主键id,match,
candidate_whitelist,se_watershed_river,serial_no,序号,序号,match,
candidate_whitelist,se_watershed_river,river_name,河流名称,河流名称,match,
candidate_whitelist,se_watershed_river,river_alias,河流别称,河流别称,match,
candidate_whitelist,se_watershed_river,river_level,河流级别,河流级别,match,
candidate_whitelist,se_watershed_river,parent_river_name,上一级河流名称,上一级河流名称,match,
candidate_whitelist,se_watershed_river,river_length,河流长度(km),河流长度(km),match,
candidate_whitelist,se_watershed_river,hubei_length,湖北长度(km),湖北长度(km),match,
candidate_whitelist,se_watershed_river,yichang_length,宜昌长度(km),宜昌长度(km),match,
candidate_whitelist,se_watershed_river,watershed_area,流域面积(km2),流域面积(km2),match,
candidate_whitelist,se_watershed_river,hubei_area,湖北面积(km2),湖北面积(km2),match,
candidate_whitelist,se_watershed_river,yichang_area,宜昌面积(km2),宜昌面积(km2),match,
candidate_whitelist,se_watershed_river,flow_districts,流经市内行政区,流经市内行政区,match,
candidate_whitelist,se_watershed_river,source_province,源头省,源头省,match,
candidate_whitelist,se_watershed_river,source_county,源头县（市）,源头县（市）,match,
candidate_whitelist,se_watershed_river,source_town,源头乡镇,源头乡镇,match,
candidate_whitelist,se_watershed_river,source_village,源头村,源头村,match,
candidate_whitelist,se_watershed_river,mouth_province,河口省,河口省,match,
candidate_whitelist,se_watershed_river,mouth_county,河口县（市）,河口县（市）,match,
candidate_whitelist,se_watershed_river,mouth_town,河口乡镇,河口乡镇,match,
candidate_whitelist,se_watershed_river,mouth_village,河口村,河口村,match,
candidate_whitelist,se_watershed_river,create_by,创建人,创建人,match,
candidate_whitelist,se_watershed_river,create_time,创建时间,创建时间,match,
candidate_whitelist,se_watershed_river,update_by,更新人,更新人,match,
candidate_whitelist,se_watershed_river,update_time,更新时间,更新时间,match,
candidate_whitelist,se_watershed_river,del_flag,删除标记: 0-未删除、1-已删除,删除标记: 0-未删除、1-已删除,match,
candidate_whitelist,stg_sjtj_sxhysjzxpt_dbo_operator_day_burnup_df,b_date,日期,日期,match,
candidate_whitelist,stg_sjtj_sxhysjzxpt_dbo_operator_day_burnup_df,operator,船运公司,船运公司,match,
candidate_whitelist,stg_sjtj_sxhysjzxpt_dbo_operator_day_burnup_df,burnup,燃耗值,燃耗值,match,
candidate_whitelist,stg_sjtj_sxhysjzxpt_dbo_operator_day_burnup_df,dt,分区日期,分区日期,match,
candidate_whitelist,stg_sjtj_sxhysjzxpt_t_vessel_info_df,declareno,船舶报港号,船舶报港号,match,
candidate_whitelist,stg_sjtj_sxhysjzxpt_t_vessel_info_df,portname,港口,港口,match,
candidate_whitelist,stg_sjtj_sxhysjzxpt_t_vessel_info_df,voyname,航线,航线,match,
candidate_whitelist,stg_sjtj_sxhysjzxpt_t_vessel_info_df,vslname,船号,船号,match,
candidate_whitelist,stg_sjtj_sxhysjzxpt_t_vessel_info_df,declaretime,报港时间,报港时间,match,
candidate_whitelist,stg_sjtj_sxhysjzxpt_t_vessel_info_df,levelporttime,离港时间,离港时间,match,
candidate_whitelist,stg_sjtj_sxhysjzxpt_t_vessel_info_df,companyname,航运企业,航运企业,match,
candidate_whitelist,stg_sjtj_sxhysjzxpt_t_vessel_info_df,dt,分区日期,分区日期,match,
candidate_whitelist,stg_sjtysj_cbwrwxtzlxxxt_b_anchorage_clean_company_df,id,id,id,match,
candidate_whitelist,stg_sjtysj_cbwrwxtzlxxxt_b_anchorage_clean_company_df,anchorage_id,锚地id,锚地id,match,
candidate_whitelist,stg_sjtysj_cbwrwxtzlxxxt_b_anchorage_clean_company_df,company_id,清洁公司id,清洁公司id,match,
candidate_whitelist,stg_sjtysj_cbwrwxtzlxxxt_b_anchorage_clean_company_df,dt,分区日期,分区日期,match,
candidate_whitelist,stg_sjtysj_cbwrwxtzlxxxt_b_anchorage_info_df,id,id,id,match,
candidate_whitelist,stg_sjtysj_cbwrwxtzlxxxt_b_anchorage_info_df,area,省,省,match,
candidate_whitelist,stg_sjtysj_cbwrwxtzlxxxt_b_anchorage_info_df,address,详细地址,详细地址,match,
candidate_whitelist,stg_sjtysj_cbwrwxtzlxxxt_b_anchorage_info_df,anchorage_name,锚地名称,锚地名称,match,
candidate_whitelist,stg_sjtysj_cbwrwxtzlxxxt_b_anchorage_info_df,lon,经度,经度,match,
candidate_whitelist,stg_sjtysj_cbwrwxtzlxxxt_b_anchorage_info_df,lat,纬度,纬度,match,
candidate_whitelist,stg_sjtysj_cbwrwxtzlxxxt_b_anchorage_info_df,corp_code,所属管理机构code,所属管理机构code,match,
candidate_whitelist,stg_sjtysj_cbwrwxtzlxxxt_b_anchorage_info_df,corp_codes,所属管理机构多级关系,所属管理机构多级关系,match,
candidate_whitelist,stg_sjtysj_cbwrwxtzlxxxt_b_anchorage_info_df,river_area,流域,流域,match,
candidate_whitelist,stg_sjtysj_cbwrwxtzlxxxt_b_anchorage_info_df,dam,（0坝上，1坝下）,（0坝上，1坝下）,match,
candidate_whitelist,stg_sjtysj_cbwrwxtzlxxxt_b_anchorage_info_df,dt,分区日期,分区日期,match,
candidate_whitelist,stg_sjtysj_cbwrwxtzlxxxt_b_clean_company_df,id,id,id,match,
candidate_whitelist,stg_sjtysj_cbwrwxtzlxxxt_b_clean_company_df,comp_name,清洁公司名称,清洁公司名称,match,
candidate_whitelist,stg_sjtysj_cbwrwxtzlxxxt_b_clean_company_df,comp_code,组织机构代码,组织机构代码,match,
candidate_whitelist,stg_sjtysj_cbwrwxtzlxxxt_b_clean_company_df,legal_person,法人,法人,match,
candidate_whitelist,stg_sjtysj_cbwrwxtzlxxxt_b_clean_company_df,tel,联系电话,联系电话,match,
candidate_whitelist,stg_sjtysj_cbwrwxtzlxxxt_b_clean_company_df,area, 省，市，区, 省，市，区,match,
candidate_whitelist,stg_sjtysj_cbwrwxtzlxxxt_b_clean_company_df,address,详细地址,详细地址,match,
candidate_whitelist,stg_sjtysj_cbwrwxtzlxxxt_b_clean_company_df,business_scope,经营范围:生活垃圾、生活污水、油污水,经营范围:生活垃圾、生活污水、油污水,match,
candidate_whitelist,stg_sjtysj_cbwrwxtzlxxxt_b_clean_company_df,validity_end,经营许可有效期,经营许可有效期,match,
candidate_whitelist,stg_sjtysj_cbwrwxtzlxxxt_b_clean_company_df,create_by,创建者,创建者,match,
candidate_whitelist,stg_sjtysj_cbwrwxtzlxxxt_b_clean_company_df,create_date,创建日期,创建日期,match,
candidate_whitelist,stg_sjtysj_cbwrwxtzlxxxt_b_clean_company_df,update_by,更新人,更新人,match,
candidate_whitelist,stg_sjtysj_cbwrwxtzlxxxt_b_clean_company_df,update_date,更新日期,更新日期,match,
candidate_whitelist,stg_sjtysj_cbwrwxtzlxxxt_b_clean_company_df,seal_img_url,图片路径,图片路径,match,
candidate_whitelist,stg_sjtysj_cbwrwxtzlxxxt_b_clean_company_df,dt,分区日期,分区日期,match,
candidate_whitelist,stg_sjtysj_cbwrwxtzlxxxt_b_coordination_index_df,id,主键,主键,match,
candidate_whitelist,stg_sjtysj_cbwrwxtzlxxxt_b_coordination_index_df,on_duty_receive_ship_count,出勤清洁船舶数,出勤清洁船舶数,match,
candidate_whitelist,stg_sjtysj_cbwrwxtzlxxxt_b_coordination_index_df,apply_num,申请提交单次,申请提交单次,match,
candidate_whitelist,stg_sjtysj_cbwrwxtzlxxxt_b_coordination_index_df,receive_num,接受单次,接受单次,match,
candidate_whitelist,stg_sjtysj_cbwrwxtzlxxxt_b_coordination_index_df,transfer_num,转运单次,转运单次,match,
candidate_whitelist,stg_sjtysj_cbwrwxtzlxxxt_b_coordination_index_df,process_num,处置单次,处置单次,match,
candidate_whitelist,stg_sjtysj_cbwrwxtzlxxxt_b_coordination_index_df,day,日期,日期,match,
candidate_whitelist,stg_sjtysj_cbwrwxtzlxxxt_b_coordination_index_df,coordination_index,协同指数,协同指数,match,
candidate_whitelist,stg_sjtysj_cbwrwxtzlxxxt_b_coordination_index_df,dt,分区日期,分区日期,match,
candidate_whitelist,stg_sjtysj_cbwrwxtzlxxxt_b_day_pollution_weight_df,id,主键,主键,match,
candidate_whitelist,stg_sjtysj_cbwrwxtzlxxxt_b_day_pollution_weight_df,date,日期,日期,match,
candidate_whitelist,stg_sjtysj_cbwrwxtzlxxxt_b_day_pollution_weight_df,kc_shlj,客船生活垃圾重量,客船生活垃圾重量,match,
candidate_whitelist,stg_sjtysj_cbwrwxtzlxxxt_b_day_pollution_weight_df,kc_shws,客船生活污水重量,客船生活污水重量,match,
candidate_whitelist,stg_sjtysj_cbwrwxtzlxxxt_b_day_pollution_weight_df,kc_hyws,客船含油污水重量,客船含油污水重量,match,
candidate_whitelist,stg_sjtysj_cbwrwxtzlxxxt_b_day_pollution_weight_df,kc_fy,客船废油重量,客船废油重量,match,
candidate_whitelist,stg_sjtysj_cbwrwxtzlxxxt_b_day_pollution_weight_df,hc_shlj,货船生活垃圾重量,货船生活垃圾重量,match,
candidate_whitelist,stg_sjtysj_cbwrwxtzlxxxt_b_day_pollution_weight_df,hc_shws,货船生活污水重量,货船生活污水重量,match,
candidate_whitelist,stg_sjtysj_cbwrwxtzlxxxt_b_day_pollution_weight_df,hc_hyws,货船含油污水重量,货船含油污水重量,match,
candidate_whitelist,stg_sjtysj_cbwrwxtzlxxxt_b_day_pollution_weight_df,hc_fy,货船废油重量,货船废油重量,match,
candidate_whitelist,stg_sjtysj_cbwrwxtzlxxxt_b_day_pollution_weight_df,qt_shlj,其他类型船生活垃圾重量,其他类型船生活垃圾重量,match,
candidate_whitelist,stg_sjtysj_cbwrwxtzlxxxt_b_day_pollution_weight_df,qt_shws,其他类型船生活污水重量,其他类型船生活污水重量,match,
candidate_whitelist,stg_sjtysj_cbwrwxtzlxxxt_b_day_pollution_weight_df,qt_hyws,其他类型船含油污水重量,其他类型船含油污水重量,match,
candidate_whitelist,stg_sjtysj_cbwrwxtzlxxxt_b_day_pollution_weight_df,qt_fy,其他类型船废油重量,其他类型船废油重量,match,
candidate_whitelist,stg_sjtysj_cbwrwxtzlxxxt_b_day_pollution_weight_df,dt,分区日期,分区日期,match,
candidate_whitelist,stg_sjtysj_cbwrwxtzlxxxt_b_day_receive_ship_kpi_df,id,主键,主键,match,
candidate_whitelist,stg_sjtysj_cbwrwxtzlxxxt_b_day_receive_ship_kpi_df,day,日期,日期,match,
candidate_whitelist,stg_sjtysj_cbwrwxtzlxxxt_b_day_receive_ship_kpi_df,receive_ship_id,接收船舶id,接收船舶id,match,
candidate_whitelist,stg_sjtysj_cbwrwxtzlxxxt_b_day_receive_ship_kpi_df,receive_ship_name,接收船舶名称,接收船舶名称,match,
candidate_whitelist,stg_sjtysj_cbwrwxtzlxxxt_b_day_receive_ship_kpi_df,company_id,清洁公司id,清洁公司id,match,
candidate_whitelist,stg_sjtysj_cbwrwxtzlxxxt_b_day_receive_ship_kpi_df,company_name,清洁公司名称,清洁公司名称,match,
candidate_whitelist,stg_sjtysj_cbwrwxtzlxxxt_b_day_receive_ship_kpi_df,ship_select_count,行船选择数,行船选择数,match,
candidate_whitelist,stg_sjtysj_cbwrwxtzlxxxt_b_day_receive_ship_kpi_df,qrcode_js_count,扫码接单数,扫码接单数,match,
candidate_whitelist,stg_sjtysj_cbwrwxtzlxxxt_b_day_receive_ship_kpi_df,subscribe_js_count,预约接单数,预约接单数,match,
candidate_whitelist,stg_sjtysj_cbwrwxtzlxxxt_b_day_receive_ship_kpi_df,js_poll_num,接收污染物数量,接收污染物数量,match,
candidate_whitelist,stg_sjtysj_cbwrwxtzlxxxt_b_day_receive_ship_kpi_df,dt,分区日期,分区日期,match,
candidate_whitelist,stg_sjtysj_cbwrwxtzlxxxt_b_day_subject_num_df,id,主键,主键,match,
candidate_whitelist,stg_sjtysj_cbwrwxtzlxxxt_b_day_subject_num_df,day,日期,日期,match,
candidate_whitelist,stg_sjtysj_cbwrwxtzlxxxt_b_day_subject_num_df,receive_ship_num,清洁船舶数量,清洁船舶数量,match,
candidate_whitelist,stg_sjtysj_cbwrwxtzlxxxt_b_day_subject_num_df,wharf_num,码头数量,码头数量,match,
candidate_whitelist,stg_sjtysj_cbwrwxtzlxxxt_b_day_subject_num_df,transfer_car_num,转运车辆数量,转运车辆数量,match,
candidate_whitelist,stg_sjtysj_cbwrwxtzlxxxt_b_day_subject_num_df,process_unit_num,处置单位数量,处置单位数量,match,
candidate_whitelist,stg_sjtysj_cbwrwxtzlxxxt_b_day_subject_num_df,supervise_org_num,监管单位数量,监管单位数量,match,
candidate_whitelist,stg_sjtysj_cbwrwxtzlxxxt_b_day_subject_num_df,dt,分区日期,分区日期,match,
candidate_whitelist,stg_sjtysj_cbwrwxtzlxxxt_b_day_sxhy_df,id,主键,主键,match,
candidate_whitelist,stg_sjtysj_cbwrwxtzlxxxt_b_day_sxhy_df,day,日期,日期,match,
candidate_whitelist,stg_sjtysj_cbwrwxtzlxxxt_b_day_sxhy_df,xcs_order_cnt,洗舱水艘次,洗舱水艘次,match,
candidate_whitelist,stg_sjtysj_cbwrwxtzlxxxt_b_day_sxhy_df,xcs_vol,洗舱水量 (m?),洗舱水量 (m?),match,
candidate_whitelist,stg_sjtysj_cbwrwxtzlxxxt_b_day_sxhy_df,order_cnt,污染物交付总单次,污染物交付总单次,match,
candidate_whitelist,stg_sjtysj_cbwrwxtzlxxxt_b_day_sxhy_df,order_weight,污染物交付总重量(吨),污染物交付总重量(吨),match,
candidate_whitelist,stg_sjtysj_cbwrwxtzlxxxt_b_day_sxhy_df,ship_cnt_td,污染物交付行船数td值,污染物交付行船数td值,match,
candidate_whitelist,stg_sjtysj_cbwrwxtzlxxxt_b_day_sxhy_df,ship_cnt_mtd,污染物交付行船数mtd值,污染物交付行船数mtd值,match,
candidate_whitelist,stg_sjtysj_cbwrwxtzlxxxt_b_day_sxhy_df,ship_cnt_ytd,污染物交付行船数ytd值,污染物交付行船数ytd值,match,
candidate_whitelist,stg_sjtysj_cbwrwxtzlxxxt_b_day_sxhy_df,dt,分区日期,分区日期,match,
candidate_whitelist,stg_sjtysj_cbwrwxtzlxxxt_b_month_receive_ship_kpi_df,id,主键,主键,match,
candidate_whitelist,stg_sjtysj_cbwrwxtzlxxxt_b_month_receive_ship_kpi_df,month,日期,日期,match,
candidate_whitelist,stg_sjtysj_cbwrwxtzlxxxt_b_month_receive_ship_kpi_df,receive_ship_id,接收船舶id,接收船舶id,match,
candidate_whitelist,stg_sjtysj_cbwrwxtzlxxxt_b_month_receive_ship_kpi_df,receive_ship_name,接收船舶名称,接收船舶名称,match,
candidate_whitelist,stg_sjtysj_cbwrwxtzlxxxt_b_month_receive_ship_kpi_df,company_id,接收船舶所属清洁公司id,接收船舶所属清洁公司id,match,
candidate_whitelist,stg_sjtysj_cbwrwxtzlxxxt_b_month_receive_ship_kpi_df,company_name,接收船舶所属清洁公司名称,接收船舶所属清洁公司名称,match,
candidate_whitelist,stg_sjtysj_cbwrwxtzlxxxt_b_month_receive_ship_kpi_df,subsidy_amount,补贴金额,补贴金额,match,
candidate_whitelist,stg_sjtysj_cbwrwxtzlxxxt_b_month_receive_ship_kpi_df,receive_order_count,接单数,接单数,match,
candidate_whitelist,stg_sjtysj_cbwrwxtzlxxxt_b_month_receive_ship_kpi_df,receive_poll_num,污染物接收量,污染物接收量,match,
candidate_whitelist,stg_sjtysj_cbwrwxtzlxxxt_b_month_receive_ship_kpi_df,receive_shlj_num,生活垃圾接收量,生活垃圾接收量,match,
candidate_whitelist,stg_sjtysj_cbwrwxtzlxxxt_b_month_receive_ship_kpi_df,receive_shws_num,生活污水接收量,生活污水接收量,match,
candidate_whitelist,stg_sjtysj_cbwrwxtzlxxxt_b_month_receive_ship_kpi_df,receive_hyws_num,含油污水接收量,含油污水接收量,match,
candidate_whitelist,stg_sjtysj_cbwrwxtzlxxxt_b_month_receive_ship_kpi_df,receive_fy_num,废油接收量,废油接收量,match,
candidate_whitelist,stg_sjtysj_cbwrwxtzlxxxt_b_month_receive_ship_kpi_df,receive_shlj_order_count,生活垃圾接单数,生活垃圾接单数,match,
candidate_whitelist,stg_sjtysj_cbwrwxtzlxxxt_b_month_receive_ship_kpi_df,receive_shws_order_count,生活污水接单数,生活污水接单数,match,
candidate_whitelist,stg_sjtysj_cbwrwxtzlxxxt_b_month_receive_ship_kpi_df,receive_hyws_order_count,含油污水接单数,含油污水接单数,match,
candidate_whitelist,stg_sjtysj_cbwrwxtzlxxxt_b_month_receive_ship_kpi_df,receive_fy_order_count,废油接单数,废油接单数,match,
candidate_whitelist,stg_sjtysj_cbwrwxtzlxxxt_b_month_receive_ship_kpi_df,create_time,创建时间,创建时间,match,
candidate_whitelist,stg_sjtysj_cbwrwxtzlxxxt_b_month_receive_ship_kpi_df,update_time,更新时间,更新时间,match,
candidate_whitelist,stg_sjtysj_cbwrwxtzlxxxt_b_month_receive_ship_kpi_df,dt,分区日期,分区日期,match,
candidate_whitelist,stg_sjtysj_cbwrwxtzlxxxt_b_order_receive_minute_df,id,主键id,主键id,match,
candidate_whitelist,stg_sjtysj_cbwrwxtzlxxxt_b_order_receive_minute_df,day,日期,日期,match,
candidate_whitelist,stg_sjtysj_cbwrwxtzlxxxt_b_order_receive_minute_df,clean_company_name,清洁公司名称,清洁公司名称,match,
candidate_whitelist,stg_sjtysj_cbwrwxtzlxxxt_b_order_receive_minute_df,order_minute,接单时效,接单时效,match,
candidate_whitelist,stg_sjtysj_cbwrwxtzlxxxt_b_order_receive_minute_df,order_num,接单单数,接单单数,match,
candidate_whitelist,stg_sjtysj_cbwrwxtzlxxxt_b_order_receive_minute_df,receive_minute,接收时效,接收时效,match,
candidate_whitelist,stg_sjtysj_cbwrwxtzlxxxt_b_order_receive_minute_df,receive_num,接收单数,接收单数,match,
candidate_whitelist,stg_sjtysj_cbwrwxtzlxxxt_b_order_receive_minute_df,dt,分区日期,分区日期,match,
candidate_whitelist,stg_sjtysj_cbwrwxtzlxxxt_b_process_unit_info_df,id,id,id,match,
candidate_whitelist,stg_sjtysj_cbwrwxtzlxxxt_b_process_unit_info_df,unit_name,处置单位名称,处置单位名称,match,
candidate_whitelist,stg_sjtysj_cbwrwxtzlxxxt_b_process_unit_info_df,unit_code,组织机构代码,组织机构代码,match,
candidate_whitelist,stg_sjtysj_cbwrwxtzlxxxt_b_process_unit_info_df,unit_type,"单位类型:转运单位,处置单位","单位类型:转运单位,处置单位",match,
candidate_whitelist,stg_sjtysj_cbwrwxtzlxxxt_b_process_unit_info_df,legal_person,法人代表,法人代表,match,
candidate_whitelist,stg_sjtysj_cbwrwxtzlxxxt_b_process_unit_info_df,phone,联系电话,联系电话,match,
candidate_whitelist,stg_sjtysj_cbwrwxtzlxxxt_b_process_unit_info_df,address,地址,地址,match,
candidate_whitelist,stg_sjtysj_cbwrwxtzlxxxt_b_process_unit_info_df,address_name,省，市，区，地址名称,省，市，区，地址名称,match,
candidate_whitelist,stg_sjtysj_cbwrwxtzlxxxt_b_process_unit_info_df,detail,地址详情,地址详情,match,
candidate_whitelist,stg_sjtysj_cbwrwxtzlxxxt_b_process_unit_info_df,process_unit_type,处置单位类型，1：固废处置场，2:污水处理场，3炼油场,处置单位类型，1：固废处置场，2:污水处理场，3炼油场,match,
candidate_whitelist,stg_sjtysj_cbwrwxtzlxxxt_b_process_unit_info_df,create_by,创建者,创建者,match,
candidate_whitelist,stg_sjtysj_cbwrwxtzlxxxt_b_process_unit_info_df,create_date,创建时间,创建时间,match,
candidate_whitelist,stg_sjtysj_cbwrwxtzlxxxt_b_process_unit_info_df,update_by,更新人,更新人,match,
candidate_whitelist,stg_sjtysj_cbwrwxtzlxxxt_b_process_unit_info_df,update_date,更新时间,更新时间,match,
candidate_whitelist,stg_sjtysj_cbwrwxtzlxxxt_b_process_unit_info_df,seal_img_url,印章图片路径,印章图片路径,match,
candidate_whitelist,stg_sjtysj_cbwrwxtzlxxxt_b_process_unit_info_df,manager_unit,主管单位,主管单位,match,
candidate_whitelist,stg_sjtysj_cbwrwxtzlxxxt_b_process_unit_info_df,business_scope,业务范围,业务范围,match,
candidate_whitelist,stg_sjtysj_cbwrwxtzlxxxt_b_process_unit_info_df,business_scope_name,业务范围名称,业务范围名称,match,
candidate_whitelist,stg_sjtysj_cbwrwxtzlxxxt_b_process_unit_info_df,dt,分区日期,分区日期,match,
candidate_whitelist,stg_sjtysj_cbwrwxtzlxxxt_b_receive_ship_assessment_df,resiveshipid,接收船舶id,接收船舶id,match,
candidate_whitelist,stg_sjtysj_cbwrwxtzlxxxt_b_receive_ship_assessment_df,resiveshipname,接收船舶名称,接收船舶名称,match,
candidate_whitelist,stg_sjtysj_cbwrwxtzlxxxt_b_receive_ship_assessment_df,cleancompayid,清洁公司id,清洁公司id,match,
candidate_whitelist,stg_sjtysj_cbwrwxtzlxxxt_b_receive_ship_assessment_df,shipnum,行船选择,行船选择,match,
candidate_whitelist,stg_sjtysj_cbwrwxtzlxxxt_b_receive_ship_assessment_df,billnum,按时接单,按时接单,match,
candidate_whitelist,stg_sjtysj_cbwrwxtzlxxxt_b_receive_ship_assessment_df,ontimes,按时接收,按时接收,match,
candidate_whitelist,stg_sjtysj_cbwrwxtzlxxxt_b_receive_ship_assessment_df,unbillnum,未按时接单,未按时接单,match,
candidate_whitelist,stg_sjtysj_cbwrwxtzlxxxt_b_receive_ship_assessment_df,untimes,未按时接收,未按时接收,match,
candidate_whitelist,stg_sjtysj_cbwrwxtzlxxxt_b_receive_ship_assessment_df,evaluation,服务评分,服务评分,match,
candidate_whitelist,stg_sjtysj_cbwrwxtzlxxxt_b_receive_ship_assessment_df,createtime,时间,时间,match,
candidate_whitelist,stg_sjtysj_cbwrwxtzlxxxt_b_receive_ship_assessment_df,countevaluation,服务总平均分,服务总平均分,match,
candidate_whitelist,stg_sjtysj_cbwrwxtzlxxxt_b_receive_ship_assessment_df,dt,分区日期,分区日期,match,
candidate_whitelist,stg_sjtysj_cbwrwxtzlxxxt_b_receive_ship_info_df,id,id,id,match,
candidate_whitelist,stg_sjtysj_cbwrwxtzlxxxt_b_receive_ship_info_df,ship_name,船名,船名,match,
candidate_whitelist,stg_sjtysj_cbwrwxtzlxxxt_b_receive_ship_info_df,clean_company_id,所属公司id,所属公司id,match,
candidate_whitelist,stg_sjtysj_cbwrwxtzlxxxt_b_receive_ship_info_df,registry_port,船籍港,船籍港,match,
candidate_whitelist,stg_sjtysj_cbwrwxtzlxxxt_b_receive_ship_info_df,ship_owner,船舶所有人,船舶所有人,match,
candidate_whitelist,stg_sjtysj_cbwrwxtzlxxxt_b_receive_ship_info_df,ship_operator,船舶经营人,船舶经营人,match,
candidate_whitelist,stg_sjtysj_cbwrwxtzlxxxt_b_receive_ship_info_df,captain,船长,船长,match,
candidate_whitelist,stg_sjtysj_cbwrwxtzlxxxt_b_receive_ship_info_df,captain_phone,船长电话,船长电话,match,
candidate_whitelist,stg_sjtysj_cbwrwxtzlxxxt_b_receive_ship_info_df,ship_type,船舶类型：生活垃圾、生活污水、油污水、多功能,船舶类型：生活垃圾、生活污水、油污水、多功能,match,
candidate_whitelist,stg_sjtysj_cbwrwxtzlxxxt_b_receive_ship_info_df,aircert_validity,船舶适航证书有效期,船舶适航证书有效期,match,
candidate_whitelist,stg_sjtysj_cbwrwxtzlxxxt_b_receive_ship_info_df,mmsi,海上移动识别码,海上移动识别码,match,
candidate_whitelist,stg_sjtysj_cbwrwxtzlxxxt_b_receive_ship_info_df,load_weight,核载重量,核载重量,match,
candidate_whitelist,stg_sjtysj_cbwrwxtzlxxxt_b_receive_ship_info_df,carrier_volume,核载体积,核载体积,match,
candidate_whitelist,stg_sjtysj_cbwrwxtzlxxxt_b_receive_ship_info_df,status,0冻结、1离线、2空闲、3作业中,0冻结、1离线、2空闲、3作业中,match,
candidate_whitelist,stg_sjtysj_cbwrwxtzlxxxt_b_receive_ship_info_df,create_by,创建者,创建者,match,
candidate_whitelist,stg_sjtysj_cbwrwxtzlxxxt_b_receive_ship_info_df,create_date,创建时间,创建时间,match,
candidate_whitelist,stg_sjtysj_cbwrwxtzlxxxt_b_receive_ship_info_df,update_by,更新人,更新人,match,
candidate_whitelist,stg_sjtysj_cbwrwxtzlxxxt_b_receive_ship_info_df,update_date,更新时间,更新时间,match,
candidate_whitelist,stg_sjtysj_cbwrwxtzlxxxt_b_receive_ship_info_df,fee_standard_status,收费标准申请状态，0为审批中，1为已完成,收费标准申请状态，0为审批中，1为已完成,match,
candidate_whitelist,stg_sjtysj_cbwrwxtzlxxxt_b_receive_ship_info_df,anchoring_distance,锚定距离,锚定距离,match,
candidate_whitelist,stg_sjtysj_cbwrwxtzlxxxt_b_receive_ship_info_df,free_flag,是否从事免费接收,是否从事免费接收,match,
candidate_whitelist,stg_sjtysj_cbwrwxtzlxxxt_b_receive_ship_info_df,dt,分区日期,分区日期,match,
candidate_whitelist,stg_sjtysj_cbwrwxtzlxxxt_b_transfer_car_df,id,id,id,match,
candidate_whitelist,stg_sjtysj_cbwrwxtzlxxxt_b_transfer_car_df,car_num,车牌号,车牌号,match,
candidate_whitelist,stg_sjtysj_cbwrwxtzlxxxt_b_transfer_car_df,process_unit_id,所属单位id,所属单位id,match,
candidate_whitelist,stg_sjtysj_cbwrwxtzlxxxt_b_transfer_car_df,driver,主要司机,主要司机,match,
candidate_whitelist,stg_sjtysj_cbwrwxtzlxxxt_b_transfer_car_df,phone,联系电话,联系电话,match,
candidate_whitelist,stg_sjtysj_cbwrwxtzlxxxt_b_transfer_car_df,car_type,车辆类型,车辆类型,match,
candidate_whitelist,stg_sjtysj_cbwrwxtzlxxxt_b_transfer_car_df,auto_trans_flag,上岸即处置开关,上岸即处置开关,match,
candidate_whitelist,stg_sjtysj_cbwrwxtzlxxxt_b_transfer_car_df,create_by,创建者,创建者,match,
candidate_whitelist,stg_sjtysj_cbwrwxtzlxxxt_b_transfer_car_df,create_date,创建时间,创建时间,match,
candidate_whitelist,stg_sjtysj_cbwrwxtzlxxxt_b_transfer_car_df,update_by,更新者,更新者,match,
candidate_whitelist,stg_sjtysj_cbwrwxtzlxxxt_b_transfer_car_df,update_date,更新时间,更新时间,match,
candidate_whitelist,stg_sjtysj_cbwrwxtzlxxxt_b_transfer_car_df,dt,分区日期,分区日期,match,
candidate_whitelist,stg_sjtysj_cbwrwxtzlxxxt_b_wharf_info_df,wharf_name,码头公司名称,码头公司名称,match,
candidate_whitelist,stg_sjtysj_cbwrwxtzlxxxt_b_wharf_info_df,wharf_code,码头代码,码头代码,match,
candidate_whitelist,stg_sjtysj_cbwrwxtzlxxxt_b_wharf_info_df,legal_person,法人代表,法人代表,match,
candidate_whitelist,stg_sjtysj_cbwrwxtzlxxxt_b_wharf_info_df,phone,联系电话,联系电话,match,
candidate_whitelist,stg_sjtysj_cbwrwxtzlxxxt_b_wharf_info_df,area, 省，市，区, 省，市，区,match,
candidate_whitelist,stg_sjtysj_cbwrwxtzlxxxt_b_wharf_info_df,address,详细地址,详细地址,match,
candidate_whitelist,stg_sjtysj_cbwrwxtzlxxxt_b_wharf_info_df,validity_end,经营许可有效期,经营许可有效期,match,
candidate_whitelist,stg_sjtysj_cbwrwxtzlxxxt_b_wharf_info_df,receive_range,接收范围(0为生活垃圾，1为生活污水，2为含油污水，3为废油),接收范围(0为生活垃圾，1为生活污水，2为含油污水，3为废油),match,
candidate_whitelist,stg_sjtysj_cbwrwxtzlxxxt_b_wharf_info_df,anchorage_id,关联接收区域id,关联接收区域id,match,
candidate_whitelist,stg_sjtysj_cbwrwxtzlxxxt_b_wharf_info_df,create_by,创建者,创建者,match,
candidate_whitelist,stg_sjtysj_cbwrwxtzlxxxt_b_wharf_info_df,create_date,创建时间,创建时间,match,
candidate_whitelist,stg_sjtysj_cbwrwxtzlxxxt_b_wharf_info_df,update_by,更新人,更新人,match,
candidate_whitelist,stg_sjtysj_cbwrwxtzlxxxt_b_wharf_info_df,update_date,更新时间,更新时间,match,
candidate_whitelist,stg_sjtysj_cbwrwxtzlxxxt_b_wharf_info_df,seal_img_url,印章图片路径,印章图片路径,match,
candidate_whitelist,stg_sjtysj_cbwrwxtzlxxxt_b_wharf_info_df,pipe_network,管网是否接入，0为未接入，1为接入,管网是否接入，0为未接入，1为接入,match,
candidate_whitelist,stg_sjtysj_cbwrwxtzlxxxt_b_wharf_info_df,process_id,处置单位id,处置单位id,match,
candidate_whitelist,stg_sjtysj_cbwrwxtzlxxxt_b_wharf_info_df,only_jxy_flag,是否只用于净小宜,是否只用于净小宜,match,
candidate_whitelist,stg_sjtysj_cbwrwxtzlxxxt_b_wharf_info_df,dt,分区日期,分区日期,match,
candidate_whitelist,stg_sjtysj_cbwrwxtzlxxxt_b_wharf_kpi_df,id,主键,主键,match,
candidate_whitelist,stg_sjtysj_cbwrwxtzlxxxt_b_wharf_kpi_df,day,日期,日期,match,
candidate_whitelist,stg_sjtysj_cbwrwxtzlxxxt_b_wharf_kpi_df,wharf_name,码头名称,码头名称,match,
candidate_whitelist,stg_sjtysj_cbwrwxtzlxxxt_b_wharf_kpi_df,shlj_num,生活垃圾接收量,生活垃圾接收量,match,
candidate_whitelist,stg_sjtysj_cbwrwxtzlxxxt_b_wharf_kpi_df,shws_num,生活污水接收量,生活污水接收量,match,
candidate_whitelist,stg_sjtysj_cbwrwxtzlxxxt_b_wharf_kpi_df,hyws_num,含油污水接收量,含油污水接收量,match,
candidate_whitelist,stg_sjtysj_cbwrwxtzlxxxt_b_wharf_kpi_df,fy_num,废油接收量,废油接收量,match,
candidate_whitelist,stg_sjtysj_cbwrwxtzlxxxt_b_wharf_kpi_df,order_count,接收单数,接收单数,match,
candidate_whitelist,stg_sjtysj_cbwrwxtzlxxxt_b_wharf_kpi_df,dt,分区日期,分区日期,match,
candidate_whitelist,stg_sjtysj_cbwrwxtzlxxxt_p_apply_detail_df,id,id,id,match,
candidate_whitelist,stg_sjtysj_cbwrwxtzlxxxt_p_apply_detail_df,apply_no,接受申请号,接受申请号,match,
candidate_whitelist,stg_sjtysj_cbwrwxtzlxxxt_p_apply_detail_df,poll_type,污染物类型,污染物类型,match,
candidate_whitelist,stg_sjtysj_cbwrwxtzlxxxt_p_apply_detail_df,num,数量,数量,match,
candidate_whitelist,stg_sjtysj_cbwrwxtzlxxxt_p_apply_detail_df,remain_num,剩余数量,剩余数量,match,
candidate_whitelist,stg_sjtysj_cbwrwxtzlxxxt_p_apply_detail_df,unit,单位,单位,match,
candidate_whitelist,stg_sjtysj_cbwrwxtzlxxxt_p_apply_detail_df,amount,金额,金额,match,
candidate_whitelist,stg_sjtysj_cbwrwxtzlxxxt_p_apply_detail_df,apply_picture,申请照,申请照,match,
candidate_whitelist,stg_sjtysj_cbwrwxtzlxxxt_p_apply_detail_df,receive_picture,接收船舶照片,接收船舶照片,match,
candidate_whitelist,stg_sjtysj_cbwrwxtzlxxxt_p_apply_detail_df,apply_trans_picture,接收船舶申请转运照片,接收船舶申请转运照片,match,
candidate_whitelist,stg_sjtysj_cbwrwxtzlxxxt_p_apply_detail_df,trans_picture,转运车辆照片,转运车辆照片,match,
candidate_whitelist,stg_sjtysj_cbwrwxtzlxxxt_p_apply_detail_df,handle_picture,处理照片,处理照片,match,
candidate_whitelist,stg_sjtysj_cbwrwxtzlxxxt_p_apply_detail_df,remark,备注,备注,match,
candidate_whitelist,stg_sjtysj_cbwrwxtzlxxxt_p_apply_detail_df,trans_status,转运状态,转运状态,match,
candidate_whitelist,stg_sjtysj_cbwrwxtzlxxxt_p_apply_detail_df,apply_szy_status,申请szy单状态  收转运,申请szy单状态  收转运,match,
candidate_whitelist,stg_sjtysj_cbwrwxtzlxxxt_p_apply_detail_df,dt,分区日期,分区日期,match,
candidate_whitelist,stg_sjtysj_cbwrwxtzlxxxt_p_ashore_apply_df,apply_no,上岸申请编号,上岸申请编号,match,
candidate_whitelist,stg_sjtysj_cbwrwxtzlxxxt_p_ashore_apply_df,status,"垃圾申请状态
djd: 待接单
yjd:已接单
yjs:已接收
ycjt:已处结
qx:取消
yzy:已转运
bfzy:不转运","垃圾申请状态
djd: 待接单
yjd:已接单
yjs:已接收
ycjt:已处结
qx:取消
yzy:已转运
bfzy:不转运",match,
candidate_whitelist,stg_sjtysj_cbwrwxtzlxxxt_p_ashore_apply_df,anchorage_name,锚地名,锚地名,match,
candidate_whitelist,stg_sjtysj_cbwrwxtzlxxxt_p_ashore_apply_df,port_id,港口id,港口id,match,
candidate_whitelist,stg_sjtysj_cbwrwxtzlxxxt_p_ashore_apply_df,ship_name,船名,船名,match,
candidate_whitelist,stg_sjtysj_cbwrwxtzlxxxt_p_ashore_apply_df,ship_nation,船舶国籍,船舶国籍,match,
candidate_whitelist,stg_sjtysj_cbwrwxtzlxxxt_p_ashore_apply_df,poll_type,船舶类型,船舶类型,match,
candidate_whitelist,stg_sjtysj_cbwrwxtzlxxxt_p_ashore_apply_df,num,数量,数量,match,
candidate_whitelist,stg_sjtysj_cbwrwxtzlxxxt_p_ashore_apply_df,unit,单位,单位,match,
candidate_whitelist,stg_sjtysj_cbwrwxtzlxxxt_p_ashore_apply_df,amount,金额,金额,match,
candidate_whitelist,stg_sjtysj_cbwrwxtzlxxxt_p_ashore_apply_df,app_id,申请照id,申请照id,match,
candidate_whitelist,stg_sjtysj_cbwrwxtzlxxxt_p_ashore_apply_df,remark,备注,备注,match,
candidate_whitelist,stg_sjtysj_cbwrwxtzlxxxt_p_ashore_apply_df,source,来源,来源,match,
candidate_whitelist,stg_sjtysj_cbwrwxtzlxxxt_p_ashore_apply_df,create_by,创建者,创建者,match,
candidate_whitelist,stg_sjtysj_cbwrwxtzlxxxt_p_ashore_apply_df,create_date,创建时间,创建时间,match,
candidate_whitelist,stg_sjtysj_cbwrwxtzlxxxt_p_ashore_apply_df,update_by,更新者,更新者,match,
candidate_whitelist,stg_sjtysj_cbwrwxtzlxxxt_p_ashore_apply_df,update_date,更新时间,更新时间,match,
candidate_whitelist,stg_sjtysj_cbwrwxtzlxxxt_p_ashore_apply_df,confirm_by,确认者,确认者,match,
candidate_whitelist,stg_sjtysj_cbwrwxtzlxxxt_p_ashore_apply_df,confirm_date,确认时间,确认时间,match,
candidate_whitelist,stg_sjtysj_cbwrwxtzlxxxt_p_ashore_apply_df,confirm_id,确认照id,确认照id,match,
candidate_whitelist,stg_sjtysj_cbwrwxtzlxxxt_p_ashore_apply_df,receive_num,接收工单号,接收工单号,match,
candidate_whitelist,stg_sjtysj_cbwrwxtzlxxxt_p_ashore_apply_df,wharf_id,码头id,码头id,match,
candidate_whitelist,stg_sjtysj_cbwrwxtzlxxxt_p_ashore_apply_df,receive_ship_id,接收船舶id,接收船舶id,match,
candidate_whitelist,stg_sjtysj_cbwrwxtzlxxxt_p_ashore_apply_df,receive_ship_name,接收船舶名,接收船舶名,match,
candidate_whitelist,stg_sjtysj_cbwrwxtzlxxxt_p_ashore_apply_df,receive_ship_nation,接收船舶国籍,接收船舶国籍,match,
candidate_whitelist,stg_sjtysj_cbwrwxtzlxxxt_p_ashore_apply_df,delivery_ship_captain,交付船舶船长,交付船舶船长,match,
candidate_whitelist,stg_sjtysj_cbwrwxtzlxxxt_p_ashore_apply_df,captain_phone,船长联系方式,船长联系方式,match,
candidate_whitelist,stg_sjtysj_cbwrwxtzlxxxt_p_ashore_apply_df,receive_ship_captain,接收船舶船长,接收船舶船长,match,
candidate_whitelist,stg_sjtysj_cbwrwxtzlxxxt_p_ashore_apply_df,receive_ship_captain_phone,接收船舶船长联系方式,接收船舶船长联系方式,match,
candidate_whitelist,stg_sjtysj_cbwrwxtzlxxxt_p_ashore_apply_df,receive_company,接收单位,接收单位,match,
candidate_whitelist,stg_sjtysj_cbwrwxtzlxxxt_p_ashore_apply_df,receive_person,接收人,接收人,match,
candidate_whitelist,stg_sjtysj_cbwrwxtzlxxxt_p_ashore_apply_df,receive_date,接收时间：当状态为：yjs,接收时间：当状态为：yjs,match,
candidate_whitelist,stg_sjtysj_cbwrwxtzlxxxt_p_ashore_apply_df,complete_receive_date,完成接收时间,完成接收时间,match,
candidate_whitelist,stg_sjtysj_cbwrwxtzlxxxt_p_ashore_apply_df,goods_type,货物种类,货物种类,match,
candidate_whitelist,stg_sjtysj_cbwrwxtzlxxxt_p_ashore_apply_df,actual_tons,实载吨位,实载吨位,match,
candidate_whitelist,stg_sjtysj_cbwrwxtzlxxxt_p_ashore_apply_df,standard_container_num,标箱数量,标箱数量,match,
candidate_whitelist,stg_sjtysj_cbwrwxtzlxxxt_p_ashore_apply_df,domestic_trade_num,内贸数量,内贸数量,match,
candidate_whitelist,stg_sjtysj_cbwrwxtzlxxxt_p_ashore_apply_df,foreign_trade_num,外贸数量,外贸数量,match,
candidate_whitelist,stg_sjtysj_cbwrwxtzlxxxt_p_ashore_apply_df,actual_crew_num,实际船员人数,实际船员人数,match,
candidate_whitelist,stg_sjtysj_cbwrwxtzlxxxt_p_ashore_apply_df,actual_poll_type,实际污染物类型,实际污染物类型,match,
candidate_whitelist,stg_sjtysj_cbwrwxtzlxxxt_p_ashore_apply_df,actual_poll_num,实际污染物数量,实际污染物数量,match,
candidate_whitelist,stg_sjtysj_cbwrwxtzlxxxt_p_ashore_apply_df,actual_poll_unit,实际污染物单位,实际污染物单位,match,
candidate_whitelist,stg_sjtysj_cbwrwxtzlxxxt_p_ashore_apply_df,evaluation,本次服务评价,本次服务评价,match,
candidate_whitelist,stg_sjtysj_cbwrwxtzlxxxt_p_ashore_apply_df,expected_delivery_time,期望交付时间,期望交付时间,match,
candidate_whitelist,stg_sjtysj_cbwrwxtzlxxxt_p_ashore_apply_df,reject_reason,拒收理由,拒收理由,match,
candidate_whitelist,stg_sjtysj_cbwrwxtzlxxxt_p_ashore_apply_df,pdf_img_url,pdf图片地址,pdf图片地址,match,
candidate_whitelist,stg_sjtysj_cbwrwxtzlxxxt_p_ashore_apply_df,shlj_time,生活垃圾说明,生活垃圾说明,match,
candidate_whitelist,stg_sjtysj_cbwrwxtzlxxxt_p_ashore_apply_df,fy_text,费油说明,费油说明,match,
candidate_whitelist,stg_sjtysj_cbwrwxtzlxxxt_p_ashore_apply_df,hyws_text,含油污水,含油污水,match,
candidate_whitelist,stg_sjtysj_cbwrwxtzlxxxt_p_ashore_apply_df,shws_text,生活污水说明,生活污水说明,match,
candidate_whitelist,stg_sjtysj_cbwrwxtzlxxxt_p_ashore_apply_df,ypj_status,是否已评价状态,是否已评价状态,match,
candidate_whitelist,stg_sjtysj_cbwrwxtzlxxxt_p_ashore_apply_df,deliverer,交付人,交付人,match,
candidate_whitelist,stg_sjtysj_cbwrwxtzlxxxt_p_ashore_apply_df,cex_data_source,0:预约 1:扫码（码头） 3: 扫码(车船),0:预约 1:扫码（码头） 3: 扫码(车船),match,
candidate_whitelist,stg_sjtysj_cbwrwxtzlxxxt_p_ashore_apply_df,qrcode_confirm_flag,扫码交互，是否确认过 0：未确认 1：已确认 是否有填报货种货量标志,扫码交互，是否确认过 0：未确认 1：已确认 是否有填报货种货量标志,match,
candidate_whitelist,stg_sjtysj_cbwrwxtzlxxxt_p_ashore_apply_df,qrcode_confirm_time,扫码交互确认时间（填报货种货量时间）,扫码交互确认时间（填报货种货量时间）,match,
candidate_whitelist,stg_sjtysj_cbwrwxtzlxxxt_p_ashore_apply_df,dt,分区日期,分区日期,match,
candidate_whitelist,stg_sjtysj_cbwrwxtzlxxxt_p_handover_trans_detail_df,id,主键,主键,match,
candidate_whitelist,stg_sjtysj_cbwrwxtzlxxxt_p_handover_trans_detail_df,type,js:接收行明细、cc:存储单,js:接收行明细、cc:存储单,match,
candidate_whitelist,stg_sjtysj_cbwrwxtzlxxxt_p_handover_trans_detail_df,cc_store_no,存储单单号，可能没有,存储单单号，可能没有,match,
candidate_whitelist,stg_sjtysj_cbwrwxtzlxxxt_p_handover_trans_detail_df,dt,分区日期,分区日期,match,
candidate_whitelist,stg_sjtysj_cbwrwxtzlxxxt_p_handover_trans_df,id,主键,主键,match,
candidate_whitelist,stg_sjtysj_cbwrwxtzlxxxt_p_handover_trans_df,trans_no,转运单号,转运单号,match,
candidate_whitelist,stg_sjtysj_cbwrwxtzlxxxt_p_handover_trans_df,status,状态： dzy、yjs、yzy,状态： dzy、yjs、yzy,match,
candidate_whitelist,stg_sjtysj_cbwrwxtzlxxxt_p_handover_trans_df,cc_status, 后续存储状态 wsq：未申请， dcc : 待存储，ycc : 已存储, 后续存储状态 wsq：未申请， dcc : 待存储，ycc : 已存储,match,
candidate_whitelist,stg_sjtysj_cbwrwxtzlxxxt_p_handover_trans_df,trans_subject_type,转运主体类型 0:接收船舶 1:转运车辆,转运主体类型 0:接收船舶 1:转运车辆,match,
candidate_whitelist,stg_sjtysj_cbwrwxtzlxxxt_p_handover_trans_df,trans_subject_id,转运主体id,转运主体id,match,
candidate_whitelist,stg_sjtysj_cbwrwxtzlxxxt_p_handover_trans_df,trans_subject_name,转运主体名称（船名、车牌号）,转运主体名称（船名、车牌号）,match,
candidate_whitelist,stg_sjtysj_cbwrwxtzlxxxt_p_handover_trans_df,trans_subject_contact_person,转运主体联系人,转运主体联系人,match,
candidate_whitelist,stg_sjtysj_cbwrwxtzlxxxt_p_handover_trans_df,trans_subject_contact_telephone,转运主体联系方式,转运主体联系方式,match,
candidate_whitelist,stg_sjtysj_cbwrwxtzlxxxt_p_handover_trans_df,trans_subject_company,转运主体所属公司,转运主体所属公司,match,
candidate_whitelist,stg_sjtysj_cbwrwxtzlxxxt_p_handover_trans_df,confirm_receive_time,转运主体确认接收完成时间（点击按钮的时间）,转运主体确认接收完成时间（点击按钮的时间）,match,
candidate_whitelist,stg_sjtysj_cbwrwxtzlxxxt_p_handover_trans_df,receive_complete_time,接收完成时间,接收完成时间,match,
candidate_whitelist,stg_sjtysj_cbwrwxtzlxxxt_p_handover_trans_df,poll_type,污染物类型,污染物类型,match,
candidate_whitelist,stg_sjtysj_cbwrwxtzlxxxt_p_handover_trans_df,poll_weight_num,污染物数量,污染物数量,match,
candidate_whitelist,stg_sjtysj_cbwrwxtzlxxxt_p_handover_trans_df,apply_wharf_id,申请码头id,申请码头id,match,
candidate_whitelist,stg_sjtysj_cbwrwxtzlxxxt_p_handover_trans_df,apply_wharf_name,申请码头名称,申请码头名称,match,
candidate_whitelist,stg_sjtysj_cbwrwxtzlxxxt_p_handover_trans_df,apply_wharf_company,申请码头所属公司 （没有的填入码头名称）,申请码头所属公司 （没有的填入码头名称）,match,
candidate_whitelist,stg_sjtysj_cbwrwxtzlxxxt_p_handover_trans_df,apply_anchorage_name,交互水域,交互水域,match,
candidate_whitelist,stg_sjtysj_cbwrwxtzlxxxt_p_handover_trans_df,apply_contact_person,申请-联系人,申请-联系人,match,
candidate_whitelist,stg_sjtysj_cbwrwxtzlxxxt_p_handover_trans_df,apply_contact_telephone,申请-联系人手机号,申请-联系人手机号,match,
candidate_whitelist,stg_sjtysj_cbwrwxtzlxxxt_p_handover_trans_df,target_wharf_id,目的地码头id （注：目的码头界面上看不到该单据）,目的地码头id （注：目的码头界面上看不到该单据）,match,
candidate_whitelist,stg_sjtysj_cbwrwxtzlxxxt_p_handover_trans_df,target_wharf_name,目的地码头名称,目的地码头名称,match,
candidate_whitelist,stg_sjtysj_cbwrwxtzlxxxt_p_handover_trans_df,trans_start_time,交互时间（转运开始时间）,交互时间（转运开始时间）,match,
candidate_whitelist,stg_sjtysj_cbwrwxtzlxxxt_p_handover_trans_df,trans_complete_time,转运完成时间,转运完成时间,match,
candidate_whitelist,stg_sjtysj_cbwrwxtzlxxxt_p_handover_trans_df,apply_img_path,申请转运照片,申请转运照片,match,
candidate_whitelist,stg_sjtysj_cbwrwxtzlxxxt_p_handover_trans_df,cc_store_no,后续存储单单号,后续存储单单号,match,
candidate_whitelist,stg_sjtysj_cbwrwxtzlxxxt_p_handover_trans_df,create_time,申请时间,申请时间,match,
candidate_whitelist,stg_sjtysj_cbwrwxtzlxxxt_p_handover_trans_df,create_by,申请账号,申请账号,match,
candidate_whitelist,stg_sjtysj_cbwrwxtzlxxxt_p_handover_trans_df,remarks,备注,备注,match,
candidate_whitelist,stg_sjtysj_cbwrwxtzlxxxt_p_handover_trans_df,pdf_img_url,联单图片,联单图片,match,
candidate_whitelist,stg_sjtysj_cbwrwxtzlxxxt_p_handover_trans_df,dt,分区日期,分区日期,match,
candidate_whitelist,stg_sjtysj_cbwrwxtzlxxxt_p_receive_storage_df,apply_detail_id,id,id,match,
candidate_whitelist,stg_sjtysj_cbwrwxtzlxxxt_p_receive_storage_df,wharf_id,存储码头id,存储码头id,match,
candidate_whitelist,stg_sjtysj_cbwrwxtzlxxxt_p_receive_storage_df,apply_no,申请单号,申请单号,match,
candidate_whitelist,stg_sjtysj_cbwrwxtzlxxxt_p_receive_storage_df,storage_no,存储单号,存储单号,match,
candidate_whitelist,stg_sjtysj_cbwrwxtzlxxxt_p_receive_storage_df,dt,分区日期,分区日期,match,
candidate_whitelist,stg_sjtysj_cbwrwxtzlxxxt_p_trans_apply_detail_df,trans_no,转运申请编号,转运申请编号,match,
candidate_whitelist,stg_sjtysj_cbwrwxtzlxxxt_p_trans_apply_detail_df,trans_apply_line,转运申请行,转运申请行,match,
candidate_whitelist,stg_sjtysj_cbwrwxtzlxxxt_p_trans_apply_detail_df,receive_line,接收申请行,接收申请行,match,
candidate_whitelist,stg_sjtysj_cbwrwxtzlxxxt_p_trans_apply_detail_df,ashore_apply_no,接收申请号,接收申请号,match,
candidate_whitelist,stg_sjtysj_cbwrwxtzlxxxt_p_trans_apply_detail_df,dt,分区日期,分区日期,match,
candidate_whitelist,stg_sjtysj_cbwrwxtzlxxxt_p_trans_apply_df,trans_no,转运编号,转运编号,match,
candidate_whitelist,stg_sjtysj_cbwrwxtzlxxxt_p_trans_apply_df,status,待转运：创建完成后变成待转运状态，只有此状态下可修改,待转运：创建完成后变成待转运状态，只有此状态下可修改,match,
candidate_whitelist,stg_sjtysj_cbwrwxtzlxxxt_p_trans_apply_df,delivery_company_name,交付单位,交付单位,match,
candidate_whitelist,stg_sjtysj_cbwrwxtzlxxxt_p_trans_apply_df,delivery_ship_name,交付船舶名,交付船舶名,match,
candidate_whitelist,stg_sjtysj_cbwrwxtzlxxxt_p_trans_apply_df,delivery_ship_nation,船舶国籍,船舶国籍,match,
candidate_whitelist,stg_sjtysj_cbwrwxtzlxxxt_p_trans_apply_df,delivery_ship_caption,交付船舶船长,交付船舶船长,match,
candidate_whitelist,stg_sjtysj_cbwrwxtzlxxxt_p_trans_apply_df,delivery_ship_caption_tel,船长联系方式,船长联系方式,match,
candidate_whitelist,stg_sjtysj_cbwrwxtzlxxxt_p_trans_apply_df,car_id,车辆id,车辆id,match,
candidate_whitelist,stg_sjtysj_cbwrwxtzlxxxt_p_trans_apply_df,car_num,转运车牌号,转运车牌号,match,
candidate_whitelist,stg_sjtysj_cbwrwxtzlxxxt_p_trans_apply_df,car_driver,转运车辆驾驶员姓名：,转运车辆驾驶员姓名：,match,
candidate_whitelist,stg_sjtysj_cbwrwxtzlxxxt_p_trans_apply_df,car_driver_tel,联系方式,联系方式,match,
candidate_whitelist,stg_sjtysj_cbwrwxtzlxxxt_p_trans_apply_df,unit,转运单位,转运单位,match,
candidate_whitelist,stg_sjtysj_cbwrwxtzlxxxt_p_trans_apply_df,trans_address,转运地址,转运地址,match,
candidate_whitelist,stg_sjtysj_cbwrwxtzlxxxt_p_trans_apply_df,commit_num,提交数,提交数,match,
candidate_whitelist,stg_sjtysj_cbwrwxtzlxxxt_p_trans_apply_df,trans_num,转运数,转运数,match,
candidate_whitelist,stg_sjtysj_cbwrwxtzlxxxt_p_trans_apply_df,hander_num,处置数,处置数,match,
candidate_whitelist,stg_sjtysj_cbwrwxtzlxxxt_p_trans_apply_df,create_by,创建者,创建者,match,
candidate_whitelist,stg_sjtysj_cbwrwxtzlxxxt_p_trans_apply_df,create_date,创建时间,创建时间,match,
candidate_whitelist,stg_sjtysj_cbwrwxtzlxxxt_p_trans_apply_df,update_by,更新者,更新者,match,
candidate_whitelist,stg_sjtysj_cbwrwxtzlxxxt_p_trans_apply_df,update_date,更新时间,更新时间,match,
candidate_whitelist,stg_sjtysj_cbwrwxtzlxxxt_p_trans_apply_df,confirm_by,确认者,确认者,match,
candidate_whitelist,stg_sjtysj_cbwrwxtzlxxxt_p_trans_apply_df,confirm_date,确认时间,确认时间,match,
candidate_whitelist,stg_sjtysj_cbwrwxtzlxxxt_p_trans_apply_df,recycle_company_id,回收单位id,回收单位id,match,
candidate_whitelist,stg_sjtysj_cbwrwxtzlxxxt_p_trans_apply_df,recycle_company_name,回收单位名,回收单位名,match,
candidate_whitelist,stg_sjtysj_cbwrwxtzlxxxt_p_trans_apply_df,recycle_person,回收人,回收人,match,
candidate_whitelist,stg_sjtysj_cbwrwxtzlxxxt_p_trans_apply_df,recycle_phone,回收人联系方式,回收人联系方式,match,
candidate_whitelist,stg_sjtysj_cbwrwxtzlxxxt_p_trans_apply_df,delivery_address,交付地点,交付地点,match,
candidate_whitelist,stg_sjtysj_cbwrwxtzlxxxt_p_trans_apply_df,process_unit_id,处置单位id,处置单位id,match,
candidate_whitelist,stg_sjtysj_cbwrwxtzlxxxt_p_trans_apply_df,hander_by,处置人,处置人,match,
candidate_whitelist,stg_sjtysj_cbwrwxtzlxxxt_p_trans_apply_df,hander_date,处置时间,处置时间,match,
candidate_whitelist,stg_sjtysj_cbwrwxtzlxxxt_p_trans_apply_df,hander_comp,处置单位,处置单位,match,
candidate_whitelist,stg_sjtysj_cbwrwxtzlxxxt_p_trans_apply_df,hander_tel,处置人联系方式,处置人联系方式,match,
candidate_whitelist,stg_sjtysj_cbwrwxtzlxxxt_p_trans_apply_df,process_address,处置地址 ,处置地址 ,match,
candidate_whitelist,stg_sjtysj_cbwrwxtzlxxxt_p_trans_apply_df,poll_type,垃圾类型,垃圾类型,match,
candidate_whitelist,stg_sjtysj_cbwrwxtzlxxxt_p_trans_apply_df,poll_num,垃圾数量,垃圾数量,match,
candidate_whitelist,stg_sjtysj_cbwrwxtzlxxxt_p_trans_apply_df,poll_unit,垃圾数量单位,垃圾数量单位,match,
candidate_whitelist,stg_sjtysj_cbwrwxtzlxxxt_p_trans_apply_df,apply_recyclable_trash,申请可回收垃圾数量,申请可回收垃圾数量,match,
candidate_whitelist,stg_sjtysj_cbwrwxtzlxxxt_p_trans_apply_df,apply_kitchen_trash,申请厨余垃圾数量,申请厨余垃圾数量,match,
candidate_whitelist,stg_sjtysj_cbwrwxtzlxxxt_p_trans_apply_df,apply_other_trash,申请其他垃圾数量,申请其他垃圾数量,match,
candidate_whitelist,stg_sjtysj_cbwrwxtzlxxxt_p_trans_apply_df,apply_harmful_trash,申请有害垃圾数量,申请有害垃圾数量,match,
candidate_whitelist,stg_sjtysj_cbwrwxtzlxxxt_p_trans_apply_df,receive_recyclable_trash,接收可回收垃圾数量,接收可回收垃圾数量,match,
candidate_whitelist,stg_sjtysj_cbwrwxtzlxxxt_p_trans_apply_df,trans_kitchen_trash,转运厨余垃圾数量,转运厨余垃圾数量,match,
candidate_whitelist,stg_sjtysj_cbwrwxtzlxxxt_p_trans_apply_df,trans_other_trash,转运其他垃圾数量,转运其他垃圾数量,match,
candidate_whitelist,stg_sjtysj_cbwrwxtzlxxxt_p_trans_apply_df,trans_harmful_trash,转运有害垃圾数量,转运有害垃圾数量,match,
candidate_whitelist,stg_sjtysj_cbwrwxtzlxxxt_p_trans_apply_df,process_kitchen_trash,处置厨余垃圾数量,处置厨余垃圾数量,match,
candidate_whitelist,stg_sjtysj_cbwrwxtzlxxxt_p_trans_apply_df,process_other_trash,处置其他垃圾数量,处置其他垃圾数量,match,
candidate_whitelist,stg_sjtysj_cbwrwxtzlxxxt_p_trans_apply_df,process_harmful_trash,处置有害垃圾数量,处置有害垃圾数量,match,
candidate_whitelist,stg_sjtysj_cbwrwxtzlxxxt_p_trans_apply_df,recycle_pic,回收照片,回收照片,match,
candidate_whitelist,stg_sjtysj_cbwrwxtzlxxxt_p_trans_apply_df,recycle_remarks,回收备注,回收备注,match,
candidate_whitelist,stg_sjtysj_cbwrwxtzlxxxt_p_trans_apply_df,apply_trans_pic,接收船舶申请转运照片,接收船舶申请转运照片,match,
candidate_whitelist,stg_sjtysj_cbwrwxtzlxxxt_p_trans_apply_df,car_trans_pic,车辆转运作业照片,车辆转运作业照片,match,
candidate_whitelist,stg_sjtysj_cbwrwxtzlxxxt_p_trans_apply_df,car_trans_remarks,转运车辆备注,转运车辆备注,match,
candidate_whitelist,stg_sjtysj_cbwrwxtzlxxxt_p_trans_apply_df,handle_pic,实际处置照片,实际处置照片,match,
candidate_whitelist,stg_sjtysj_cbwrwxtzlxxxt_p_trans_apply_df,handle_remarks,实际处置备注,实际处置备注,match,
candidate_whitelist,stg_sjtysj_cbwrwxtzlxxxt_p_trans_apply_df,process_pdf,处置pdf,处置pdf,match,
candidate_whitelist,stg_sjtysj_cbwrwxtzlxxxt_p_trans_apply_df,pdf_img_url,pdf处置联单图片地址,pdf处置联单图片地址,match,
candidate_whitelist,stg_sjtysj_cbwrwxtzlxxxt_p_trans_apply_df,pdf_trans_img_url,转运时生成pdf转图片地址,转运时生成pdf转图片地址,match,
candidate_whitelist,stg_sjtysj_cbwrwxtzlxxxt_p_trans_apply_df,landing_time,靠岸时间,靠岸时间,match,
candidate_whitelist,stg_sjtysj_cbwrwxtzlxxxt_p_trans_apply_df,withdrawal_stats,撤回状态:1.待转运撤回，2.待转运修改,撤回状态:1.待转运撤回，2.待转运修改,match,
candidate_whitelist,stg_sjtysj_cbwrwxtzlxxxt_p_trans_apply_df,pipe_network,管网,管网,match,
candidate_whitelist,stg_sjtysj_cbwrwxtzlxxxt_p_trans_apply_df,wharf_name,码头名称,码头名称,match,
candidate_whitelist,stg_sjtysj_cbwrwxtzlxxxt_p_trans_apply_df,wharf_id,码头id,码头id,match,
candidate_whitelist,stg_sjtysj_cbwrwxtzlxxxt_p_trans_apply_df,wharf_mobile,码头联系方式,码头联系方式,match,
candidate_whitelist,stg_sjtysj_cbwrwxtzlxxxt_p_trans_apply_df,trans_vo,船e行转运单证号,船e行转运单证号,match,
candidate_whitelist,stg_sjtysj_cbwrwxtzlxxxt_p_trans_apply_df,process_vo,船e行处置单证号,船e行处置单证号,match,
candidate_whitelist,stg_sjtysj_cbwrwxtzlxxxt_p_trans_apply_df,trans_vo_time,推送船e行转运时间,推送船e行转运时间,match,
candidate_whitelist,stg_sjtysj_cbwrwxtzlxxxt_p_trans_apply_df,process_vo_time,推送船e行处置时间,推送船e行处置时间,match,
candidate_whitelist,stg_sjtysj_cbwrwxtzlxxxt_p_trans_apply_df,delivery_subject_type,申请主体类型 4: 码头; 0:接收船舶,申请主体类型 4: 码头; 0:接收船舶,match,
candidate_whitelist,stg_sjtysj_cbwrwxtzlxxxt_p_trans_apply_df,delivery_subject_id,申请主体id,申请主体id,match,
candidate_whitelist,stg_sjtysj_cbwrwxtzlxxxt_p_trans_apply_df,confirm_trans_time,确认转运时间,确认转运时间,match,
candidate_whitelist,stg_sjtysj_cbwrwxtzlxxxt_p_trans_apply_df,confirm_process_time,确认处置时间,确认处置时间,match,
candidate_whitelist,stg_sjtysj_cbwrwxtzlxxxt_p_trans_apply_df,dt,分区日期,分区日期,match,
candidate_whitelist,stg_sjtysj_cbwrwxtzlxxxt_p_wharf_storage_df,storage_no,存储编号,存储编号,match,
candidate_whitelist,stg_sjtysj_cbwrwxtzlxxxt_p_wharf_storage_df,status,转运状态,转运状态,match,
candidate_whitelist,stg_sjtysj_cbwrwxtzlxxxt_p_wharf_storage_df,receive_company_name,接收船舶公司名,接收船舶公司名,match,
candidate_whitelist,stg_sjtysj_cbwrwxtzlxxxt_p_wharf_storage_df,receive_ship_name,接收船名,接收船名,match,
candidate_whitelist,stg_sjtysj_cbwrwxtzlxxxt_p_wharf_storage_df,receive_ship_caption,接收船船长,接收船船长,match,
candidate_whitelist,stg_sjtysj_cbwrwxtzlxxxt_p_wharf_storage_df,receive_ship_caption_tel,接收船船长电话,接收船船长电话,match,
candidate_whitelist,stg_sjtysj_cbwrwxtzlxxxt_p_wharf_storage_df,create_by,创建者,创建者,match,
candidate_whitelist,stg_sjtysj_cbwrwxtzlxxxt_p_wharf_storage_df,create_date,创建时间,创建时间,match,
candidate_whitelist,stg_sjtysj_cbwrwxtzlxxxt_p_wharf_storage_df,update_by,更新者,更新者,match,
candidate_whitelist,stg_sjtysj_cbwrwxtzlxxxt_p_wharf_storage_df,update_date,更新时间,更新时间,match,
candidate_whitelist,stg_sjtysj_cbwrwxtzlxxxt_p_wharf_storage_df,confirm_by,确认人,确认人,match,
candidate_whitelist,stg_sjtysj_cbwrwxtzlxxxt_p_wharf_storage_df,confirm_date,确认时间,确认时间,match,
candidate_whitelist,stg_sjtysj_cbwrwxtzlxxxt_p_wharf_storage_df,wharf_name,码头名称,码头名称,match,
candidate_whitelist,stg_sjtysj_cbwrwxtzlxxxt_p_wharf_storage_df,wharf_id,码头id,码头id,match,
candidate_whitelist,stg_sjtysj_cbwrwxtzlxxxt_p_wharf_storage_df,poll_type,污染物类型,污染物类型,match,
candidate_whitelist,stg_sjtysj_cbwrwxtzlxxxt_p_wharf_storage_df,poll_num,污染物数据量,污染物数据量,match,
candidate_whitelist,stg_sjtysj_cbwrwxtzlxxxt_p_wharf_storage_df,poll_unit,污染物单位,污染物单位,match,
candidate_whitelist,stg_sjtysj_cbwrwxtzlxxxt_p_wharf_storage_df,remarks,备注,备注,match,
candidate_whitelist,stg_sjtysj_cbwrwxtzlxxxt_p_wharf_storage_df,picture,图片地址,图片地址,match,
candidate_whitelist,stg_sjtysj_cbwrwxtzlxxxt_p_wharf_storage_df,receive_area,接收水域,接收水域,match,
candidate_whitelist,stg_sjtysj_cbwrwxtzlxxxt_p_wharf_storage_df,storage_order_pdf,存储联单地址,存储联单地址,match,
candidate_whitelist,stg_sjtysj_cbwrwxtzlxxxt_p_wharf_storage_df,storage_order_img,存储联单图片地址,存储联单图片地址,match,
candidate_whitelist,stg_sjtysj_cbwrwxtzlxxxt_p_wharf_storage_df,handover_trans_no,前置szy单单号（可空）,前置szy单单号（可空）,match,
candidate_whitelist,stg_sjtysj_cbwrwxtzlxxxt_p_wharf_storage_df,apply_szy_status,是否申请了szy单 0：未申请 1：已申请,是否申请了szy单 0：未申请 1：已申请,match,
candidate_whitelist,stg_sjtysj_cbwrwxtzlxxxt_p_wharf_storage_df,dt,分区日期,分区日期,match,
candidate_whitelist,stg_sslhhpj_hbsxkqycszhslzhglptjsxm_att_bas_base_df,bas_code,流域代码,流域代码,match,
candidate_whitelist,stg_sslhhpj_hbsxkqycszhslzhglptjsxm_att_bas_base_df,bas_name,流域名称,流域名称,match,
candidate_whitelist,stg_sslhhpj_hbsxkqycszhslzhglptjsxm_att_bas_base_df,parent_bas_code,父级流域代码,父级流域代码,match,
candidate_whitelist,stg_sslhhpj_hbsxkqycszhslzhglptjsxm_att_bas_base_df,businessid,统一编码,统一编码,match,
candidate_whitelist,stg_sslhhpj_hbsxkqycszhslzhglptjsxm_att_bas_base_df,low_left_long,左下角经度,左下角经度,match,
candidate_whitelist,stg_sslhhpj_hbsxkqycszhslzhglptjsxm_att_bas_base_df,low_left_lat,左下角纬度,左下角纬度,match,
candidate_whitelist,stg_sslhhpj_hbsxkqycszhslzhglptjsxm_att_bas_base_df,up_right_long,右上角经度,右上角经度,match,
candidate_whitelist,stg_sslhhpj_hbsxkqycszhslzhglptjsxm_att_bas_base_df,up_right_lat,右上角纬度,右上角纬度,match,
candidate_whitelist,stg_sslhhpj_hbsxkqycszhslzhglptjsxm_att_bas_base_df,cr_over_type,跨界类型 0未知 1跨国并跨省 2跨国 3跨省 4跨市 5跨县 6县界内,跨界类型 0未知 1跨国并跨省 2跨国 3跨省 4跨市 5跨县 6县界内,match,
candidate_whitelist,stg_sslhhpj_hbsxkqycszhslzhglptjsxm_att_bas_base_df,adcd,所属行政区划编码,所属行政区划编码,match,
candidate_whitelist,stg_sslhhpj_hbsxkqycszhslzhglptjsxm_att_bas_base_df,bas_ad_name,流域所属行政区,流域所属行政区,match,
candidate_whitelist,stg_sslhhpj_hbsxkqycszhslzhglptjsxm_att_bas_base_df,bas_grad,流域级别 1 一级流域 2二级流域 3三级流域 4四级流域 5五级流域 6六级流域 ..... .......以此类推,流域级别 1 一级流域 2二级流域 3三级流域 4四级流域 5五级流域 6六级流域 ..... .......以此类推,match,
candidate_whitelist,stg_sslhhpj_hbsxkqycszhslzhglptjsxm_att_bas_base_df,bas_area,流域面积,流域面积,match,
candidate_whitelist,stg_sslhhpj_hbsxkqycszhslzhglptjsxm_att_bas_base_df,sort,排序,排序,match,
candidate_whitelist,stg_sslhhpj_hbsxkqycszhslzhglptjsxm_att_bas_base_df,bas_source,流域来源：0-自然资源 1-流域治理划分流域,流域来源：0-自然资源 1-流域治理划分流域,match,
candidate_whitelist,stg_sslhhpj_hbsxkqycszhslzhglptjsxm_att_bas_base_df,note,流域介绍,流域介绍,match,
candidate_whitelist,stg_sslhhpj_hbsxkqycszhslzhglptjsxm_att_bas_base_df,coordinates,地理坐标,地理坐标,match,
candidate_whitelist,stg_sslhhpj_hbsxkqycszhslzhglptjsxm_att_bas_base_df,optype,操作类型:(0-初始 1-新增 2-修改 3-删除),操作类型:(0-初始 1-新增 2-修改 3-删除),match,
candidate_whitelist,stg_sslhhpj_hbsxkqycszhslzhglptjsxm_att_bas_base_df,source,"数据来源:(数据中台,水旱灾害防御)","数据来源:(数据中台,水旱灾害防御)",match,
candidate_whitelist,stg_sslhhpj_hbsxkqycszhslzhglptjsxm_att_bas_base_df,optime,操作时间,操作时间,match,
candidate_whitelist,stg_sslhhpj_hbsxkqycszhslzhglptjsxm_att_bas_base_df,dt,分区日期,分区日期,match,
candidate_whitelist,stg_sslhhpj_hbsxkqycszhslzhglptjsxm_att_wmst_base_df,wmst_code,监视点代码,监视点代码,match,
candidate_whitelist,stg_sslhhpj_hbsxkqycszhslzhglptjsxm_att_wmst_base_df,wmst_name,监视点名称,监视点名称,match,
candidate_whitelist,stg_sslhhpj_hbsxkqycszhslzhglptjsxm_att_wmst_base_df,businessid,统一编码,统一编码,match,
candidate_whitelist,stg_sslhhpj_hbsxkqycszhslzhglptjsxm_att_wmst_base_df,wmst_type,监视点类型(1-图像站 2-视频站),监视点类型(1-图像站 2-视频站),match,
candidate_whitelist,stg_sslhhpj_hbsxkqycszhslzhglptjsxm_att_wmst_base_df,wmst_lon,监视点经度,监视点经度,match,
candidate_whitelist,stg_sslhhpj_hbsxkqycszhslzhglptjsxm_att_wmst_base_df,wmst_lat,监视点纬度,监视点纬度,match,
candidate_whitelist,stg_sslhhpj_hbsxkqycszhslzhglptjsxm_att_wmst_base_df,wmst_xzc,监视点所在县镇村,监视点所在县镇村,match,
candidate_whitelist,stg_sslhhpj_hbsxkqycszhslzhglptjsxm_att_wmst_base_df,wmst_loc,监视点所在位置(组),监视点所在位置(组),match,
candidate_whitelist,stg_sslhhpj_hbsxkqycszhslzhglptjsxm_att_wmst_base_df,adcd,行政区划编码,行政区划编码,match,
candidate_whitelist,stg_sslhhpj_hbsxkqycszhslzhglptjsxm_att_wmst_base_df,rv_name,所在河流名称,所在河流名称,match,
candidate_whitelist,stg_sslhhpj_hbsxkqycszhslzhglptjsxm_att_wmst_base_df,wmst_obj,监视对象(水库 河道 湖泊 电站 施工现场),监视对象(水库 河道 湖泊 电站 施工现场),match,
candidate_whitelist,stg_sslhhpj_hbsxkqycszhslzhglptjsxm_att_wmst_base_df,object_code,监控对象编码,监控对象编码,match,
candidate_whitelist,stg_sslhhpj_hbsxkqycszhslzhglptjsxm_att_wmst_base_df,device_type,设备类型(枪机，半球，球机，云台枪机),设备类型(枪机，半球，球机，云台枪机),match,
candidate_whitelist,stg_sslhhpj_hbsxkqycszhslzhglptjsxm_att_wmst_base_df,wmst_status,设备状态(0-离线 1-在线),设备状态(0-离线 1-在线),match,
candidate_whitelist,stg_sslhhpj_hbsxkqycszhslzhglptjsxm_att_wmst_base_df,sbcs,设备厂商,设备厂商,match,
candidate_whitelist,stg_sslhhpj_hbsxkqycszhslzhglptjsxm_att_wmst_base_df,bmgs,编码格式,编码格式,match,
candidate_whitelist,stg_sslhhpj_hbsxkqycszhslzhglptjsxm_att_wmst_base_df,fbl,分辨率,分辨率,match,
candidate_whitelist,stg_sslhhpj_hbsxkqycszhslzhglptjsxm_att_wmst_base_df,ktjjfw,可调焦距范围,可调焦距范围,match,
candidate_whitelist,stg_sslhhpj_hbsxkqycszhslzhglptjsxm_att_wmst_base_df,adminunit,管理单位,管理单位,match,
candidate_whitelist,stg_sslhhpj_hbsxkqycszhslzhglptjsxm_att_wmst_base_df,drctrdpt,主管部门,主管部门,match,
candidate_whitelist,stg_sslhhpj_hbsxkqycszhslzhglptjsxm_att_wmst_base_df,adm_dep,归口管理部门(1-水利部门 2-电力部门 3-农业部门 4-林业部门 5-城建部门 6-航运部门 7-环保部门 9-其他),归口管理部门(1-水利部门 2-电力部门 3-农业部门 4-林业部门 5-城建部门 6-航运部门 7-环保部门 9-其他),match,
candidate_whitelist,stg_sslhhpj_hbsxkqycszhslzhglptjsxm_att_wmst_base_df,note,监视点介绍,监视点介绍,match,
candidate_whitelist,stg_sslhhpj_hbsxkqycszhslzhglptjsxm_att_wmst_base_df,region_source,组织来源分类,组织来源分类,match,
candidate_whitelist,stg_sslhhpj_hbsxkqycszhslzhglptjsxm_att_wmst_base_df,sfxs,是否显示：0-不显示 1-显示,是否显示：0-不显示 1-显示,match,
candidate_whitelist,stg_sslhhpj_hbsxkqycszhslzhglptjsxm_att_wmst_base_df,optype,操作类型(0-初始 1-新增 2-修改 3-删除),操作类型(0-初始 1-新增 2-修改 3-删除),match,
candidate_whitelist,stg_sslhhpj_hbsxkqycszhslzhglptjsxm_att_wmst_base_df,source,"数据来源名称(数据中台,数据填报)","数据来源名称(数据中台,数据填报)",match,
candidate_whitelist,stg_sslhhpj_hbsxkqycszhslzhglptjsxm_att_wmst_base_df,optime,操作时间,操作时间,match,
candidate_whitelist,stg_sslhhpj_hbsxkqycszhslzhglptjsxm_att_wmst_base_df,dt,分区日期,分区日期,match,
candidate_whitelist,stg_sslhhpj_hbsxkqycszhslzhglptjsxm_rcm_rv_lk_res_df,id,主键id,主键id,match,
candidate_whitelist,stg_sslhhpj_hbsxkqycszhslzhglptjsxm_rcm_rv_lk_res_df,obj_id,河流id/湖泊id/水库id,河流id/湖泊id/水库id,match,
candidate_whitelist,stg_sslhhpj_hbsxkqycszhslzhglptjsxm_rcm_rv_lk_res_df,obj_type,河湖库类型,河湖库类型,match,
candidate_whitelist,stg_sslhhpj_hbsxkqycszhslzhglptjsxm_rcm_rv_lk_res_df,obj_code,河湖库编号,河湖库编号,match,
candidate_whitelist,stg_sslhhpj_hbsxkqycszhslzhglptjsxm_rcm_rv_lk_res_df,obj_name,河湖库名称,河湖库名称,match,
candidate_whitelist,stg_sslhhpj_hbsxkqycszhslzhglptjsxm_rcm_rv_lk_res_df,basin_id,流域id,流域id,match,
candidate_whitelist,stg_sslhhpj_hbsxkqycszhslzhglptjsxm_rcm_rv_lk_res_df,note,备注,备注,match,
candidate_whitelist,stg_sslhhpj_hbsxkqycszhslzhglptjsxm_rcm_rv_lk_res_df,sort_order,序号,序号,match,
candidate_whitelist,stg_sslhhpj_hbsxkqycszhslzhglptjsxm_rcm_rv_lk_res_df,create_by,创建人,创建人,match,
candidate_whitelist,stg_sslhhpj_hbsxkqycszhslzhglptjsxm_rcm_rv_lk_res_df,create_time,创建时间,创建时间,match,
candidate_whitelist,stg_sslhhpj_hbsxkqycszhslzhglptjsxm_rcm_rv_lk_res_df,update_by,更新人,更新人,match,
candidate_whitelist,stg_sslhhpj_hbsxkqycszhslzhglptjsxm_rcm_rv_lk_res_df,update_time,更新时间,更新时间,match,
candidate_whitelist,stg_sslhhpj_hbsxkqycszhslzhglptjsxm_rcm_rv_lk_res_df,iz_del,是否删除,是否删除,match,
candidate_whitelist,stg_sslhhpj_hbsxkqycszhslzhglptjsxm_rcm_rv_lk_res_df,water_system,水系,水系,match,
candidate_whitelist,stg_sslhhpj_hbsxkqycszhslzhglptjsxm_rcm_rv_lk_res_df,dt,分区日期,分区日期,match,
candidate_whitelist,stg_sslhhpj_hbsxkqycszhslzhglptjsxm_rel_st_source_df,st_code,监测站编码,监测站编码,match,
candidate_whitelist,stg_sslhhpj_hbsxkqycszhslzhglptjsxm_rel_st_source_df,atcunit,来源分类：水文，山洪，气象，中小水库，三峡库区,来源分类：水文，山洪，气象，中小水库，三峡库区,match,
candidate_whitelist,stg_sslhhpj_hbsxkqycszhslzhglptjsxm_rel_st_source_df,dt,分区日期,分区日期,match,
candidate_whitelist,stg_sslhhpj_hbsxkqycszhslzhglptjsxm_warn_stcd_r_df,countywarnid,countywarnid,countywarnid,match,
candidate_whitelist,stg_sslhhpj_hbsxkqycszhslzhglptjsxm_warn_stcd_r_df,warnid,预警id,预警id,match,
candidate_whitelist,stg_sslhhpj_hbsxkqycszhslzhglptjsxm_warn_stcd_r_df,stcd,测站编码,测站编码,match,
candidate_whitelist,stg_sslhhpj_hbsxkqycszhslzhglptjsxm_warn_stcd_r_df,stwarnid,全局预警编码,全局预警编码,match,
candidate_whitelist,stg_sslhhpj_hbsxkqycszhslzhglptjsxm_warn_stcd_r_df,countystwarnid,测站预警编码,测站预警编码,match,
candidate_whitelist,stg_sslhhpj_hbsxkqycszhslzhglptjsxm_warn_stcd_r_df,dt,分区日期,分区日期,match,
candidate_whitelist,stg_sslhhpj_hbsxkqycszhslzhglptjsxm_wr_mp_b_df,mp_cd,监测点代码,监测点代码,match,
candidate_whitelist,stg_sslhhpj_hbsxkqycszhslzhglptjsxm_wr_mp_b_df,mp_nm,监测点名称,监测点名称,match,
candidate_whitelist,stg_sslhhpj_hbsxkqycszhslzhglptjsxm_wr_mp_b_df,mp_addr,监测点地址,监测点地址,match,
candidate_whitelist,stg_sslhhpj_hbsxkqycszhslzhglptjsxm_wr_mp_b_df,mp_item,监测项目,监测项目,match,
candidate_whitelist,stg_sslhhpj_hbsxkqycszhslzhglptjsxm_wr_mp_b_df,sour_tp,水源类型,水源类型,match,
candidate_whitelist,stg_sslhhpj_hbsxkqycszhslzhglptjsxm_wr_mp_b_df,is_auto,是否为直接监测,是否为直接监测,match,
candidate_whitelist,stg_sslhhpj_hbsxkqycszhslzhglptjsxm_wr_mp_b_df,ts,时间戳,时间戳,match,
candidate_whitelist,stg_sslhhpj_hbsxkqycszhslzhglptjsxm_wr_mp_b_df,nt,备注,备注,match,
candidate_whitelist,stg_sslhhpj_hbsxkqycszhslzhglptjsxm_wr_mp_b_df,is_argw,是否为纯农业用水,是否为纯农业用水,match,
candidate_whitelist,stg_sslhhpj_hbsxkqycszhslzhglptjsxm_wr_mp_b_df,is_stat,是否参与统计(9:单独过滤掉的站点),是否参与统计(9:单独过滤掉的站点),match,
candidate_whitelist,stg_sslhhpj_hbsxkqycszhslzhglptjsxm_wr_mp_b_df,use_type,用水类型,用水类型,match,
candidate_whitelist,stg_sslhhpj_hbsxkqycszhslzhglptjsxm_wr_mp_b_df,mon_g,监控级别,监控级别,match,
candidate_whitelist,stg_sslhhpj_hbsxkqycszhslzhglptjsxm_wr_mp_b_df,wi_type,取水特征类型,取水特征类型,match,
candidate_whitelist,stg_sslhhpj_hbsxkqycszhslzhglptjsxm_wr_mp_b_df,mon_rat,监控比例,监控比例,match,
candidate_whitelist,stg_sslhhpj_hbsxkqycszhslzhglptjsxm_wr_mp_b_df,use_dt,投入使用日期,投入使用日期,match,
candidate_whitelist,stg_sslhhpj_hbsxkqycszhslzhglptjsxm_wr_mp_b_df,day_max,日最大取水能力,日最大取水能力,match,
candidate_whitelist,stg_sslhhpj_hbsxkqycszhslzhglptjsxm_wr_mp_b_df,gq_tp,流量获取方式,流量获取方式,match,
candidate_whitelist,stg_sslhhpj_hbsxkqycszhslzhglptjsxm_wr_mp_b_df,isuse,是否启用: 0 停用 1 启用,是否启用: 0 停用 1 启用,match,
candidate_whitelist,stg_sslhhpj_hbsxkqycszhslzhglptjsxm_wr_mp_b_df,phase,时期 1 表示一期工程(相应测站设站年月为2016年1月1日前的为一期工程) 2 表示二期工程,时期 1 表示一期工程(相应测站设站年月为2016年1月1日前的为一期工程) 2 表示二期工程,match,
candidate_whitelist,stg_sslhhpj_hbsxkqycszhslzhglptjsxm_wr_mp_b_df,is_rep_dww,是否仅报送日水量,是否仅报送日水量,match,
candidate_whitelist,stg_sslhhpj_hbsxkqycszhslzhglptjsxm_wr_mp_b_df,type,"取水管道类型（1.主管,2.备管,3.季节性取水）","取水管道类型（1.主管,2.备管,3.季节性取水）",match,
candidate_whitelist,stg_sslhhpj_hbsxkqycszhslzhglptjsxm_wr_mp_b_df,lon,经度,经度,match,
candidate_whitelist,stg_sslhhpj_hbsxkqycszhslzhglptjsxm_wr_mp_b_df,lat,纬度,纬度,match,
candidate_whitelist,stg_sslhhpj_hbsxkqycszhslzhglptjsxm_wr_mp_b_df,dt,分区日期,分区日期,match,
candidate_whitelist,stg_ycsjtysj_sxhyzssj_base_channel_df,id,主键,主键,match,
candidate_whitelist,stg_ycsjtysj_sxhyzssj_base_channel_df,channel_name,航道名,航道名,match,
candidate_whitelist,stg_ycsjtysj_sxhyzssj_base_channel_df,river_name,河流名,河流名,match,
candidate_whitelist,stg_ycsjtysj_sxhyzssj_base_channel_df,channel_start_point,航道起点,航道起点,match,
candidate_whitelist,stg_ycsjtysj_sxhyzssj_base_channel_df,channel_end_point,航道终点,航道终点,match,
candidate_whitelist,stg_ycsjtysj_sxhyzssj_base_channel_df,of_branch,所属支流,所属支流,match,
candidate_whitelist,stg_ycsjtysj_sxhyzssj_base_channel_df,design_channel_mileage,规划航道里程(公里),规划航道里程(公里),match,
candidate_whitelist,stg_ycsjtysj_sxhyzssj_base_channel_df,delete_flag,逻辑删除标志位,逻辑删除标志位,match,
candidate_whitelist,stg_ycsjtysj_sxhyzssj_base_channel_df,dt,分区日期,分区日期,match,
candidate_whitelist,stg_ycsjtysj_sxhyzssj_base_channel_level_df,id,主键,主键,match,
candidate_whitelist,stg_ycsjtysj_sxhyzssj_base_channel_level_df,channel_id,航道id,航道id,match,
candidate_whitelist,stg_ycsjtysj_sxhyzssj_base_channel_level_df,channel_name,航道名称,航道名称,match,
candidate_whitelist,stg_ycsjtysj_sxhyzssj_base_channel_level_df,channel_river,航道河流名称,航道河流名称,match,
candidate_whitelist,stg_ycsjtysj_sxhyzssj_base_channel_level_df,channel_of_branch,航道所属支流,航道所属支流,match,
candidate_whitelist,stg_ycsjtysj_sxhyzssj_base_channel_level_df,level,航道等级,航道等级,match,
candidate_whitelist,stg_ycsjtysj_sxhyzssj_base_channel_level_df,level_num,航道等级,航道等级,match,
candidate_whitelist,stg_ycsjtysj_sxhyzssj_base_channel_level_df,mileage,里程,里程,match,
candidate_whitelist,stg_ycsjtysj_sxhyzssj_base_channel_level_df,area,县市区,县市区,match,
candidate_whitelist,stg_ycsjtysj_sxhyzssj_base_channel_level_df,dt,分区日期,分区日期,match,
candidate_whitelist,stg_ycsjtysj_sxhyzssj_base_ship_df,id,主键,主键,match,
candidate_whitelist,stg_ycsjtysj_sxhyzssj_base_ship_df,custom_ship_type,船舶类型(集装箱船/滚装船/货船/客船/清洁船/公务船),船舶类型(集装箱船/滚装船/货船/客船/清洁船/公务船),match,
candidate_whitelist,stg_ycsjtysj_sxhyzssj_base_ship_df,name_en,英文船名,英文船名,match,
candidate_whitelist,stg_ycsjtysj_sxhyzssj_base_ship_df,name_cn,中文船名,中文船名,match,
candidate_whitelist,stg_ycsjtysj_sxhyzssj_base_ship_df,ship_length,船长,船长,match,
candidate_whitelist,stg_ycsjtysj_sxhyzssj_base_ship_df,ship_width,船宽,船宽,match,
candidate_whitelist,stg_ycsjtysj_sxhyzssj_base_ship_df,ship_left,左舷距,左舷距,match,
candidate_whitelist,stg_ycsjtysj_sxhyzssj_base_ship_df,ship_trail,尾距,尾距,match,
candidate_whitelist,stg_ycsjtysj_sxhyzssj_base_ship_df,ship_draft,吃水,吃水,match,
candidate_whitelist,stg_ycsjtysj_sxhyzssj_base_ship_df,guest_amount,客位数,客位数,match,
candidate_whitelist,stg_ycsjtysj_sxhyzssj_base_ship_df,poll_scope,污染物接收范围（生活垃圾、生活垃圾，油污水）,污染物接收范围（生活垃圾、生活垃圾，油污水）,match,
candidate_whitelist,stg_ycsjtysj_sxhyzssj_base_ship_df,org,所属机构,所属机构,match,
candidate_whitelist,stg_ycsjtysj_sxhyzssj_base_ship_df,jxy_receive_ship_id,清洁船净小宜id,清洁船净小宜id,match,
candidate_whitelist,stg_ycsjtysj_sxhyzssj_base_ship_df,delete_flag,逻辑删除标志位,逻辑删除标志位,match,
candidate_whitelist,stg_ycsjtysj_sxhyzssj_base_ship_df,dt,分区日期,分区日期,match,
candidate_whitelist,stg_ycsjtysj_sxhyzssj_data_coverage_wharf_df,id,主键,主键,match,
candidate_whitelist,stg_ycsjtysj_sxhyzssj_data_coverage_wharf_df,wharf_type,码头类型(客运码头/货运码头/环保专业码头),码头类型(客运码头/货运码头/环保专业码头),match,
candidate_whitelist,stg_ycsjtysj_sxhyzssj_data_coverage_wharf_df,build_scale,建设规模,建设规模,match,
candidate_whitelist,stg_ycsjtysj_sxhyzssj_data_coverage_wharf_df,shoreline_length,岸线长度,岸线长度,match,
candidate_whitelist,stg_ycsjtysj_sxhyzssj_data_coverage_wharf_df,pass_power,设计年通过能力,设计年通过能力,match,
candidate_whitelist,stg_ycsjtysj_sxhyzssj_data_coverage_wharf_df,pollutant_scope,污染物接收范围,污染物接收范围,match,
candidate_whitelist,stg_ycsjtysj_sxhyzssj_data_coverage_wharf_df,wharf_name,码头简称,码头简称,match,
candidate_whitelist,stg_ycsjtysj_sxhyzssj_data_coverage_wharf_df,wharf_full_name,码头全称,码头全称,match,
candidate_whitelist,stg_ycsjtysj_sxhyzssj_data_coverage_wharf_df,jxy_wharf_id,净小宜码头 id,净小宜码头 id,match,
candidate_whitelist,stg_ycsjtysj_sxhyzssj_data_coverage_wharf_df,longitude,经度,经度,match,
candidate_whitelist,stg_ycsjtysj_sxhyzssj_data_coverage_wharf_df,latitude,纬度,纬度,match,
candidate_whitelist,stg_ycsjtysj_sxhyzssj_data_coverage_wharf_df,img_url,码头图片,码头图片,match,
candidate_whitelist,stg_ycsjtysj_sxhyzssj_data_coverage_wharf_df,dt,分区日期,分区日期,match,
candidate_whitelist,stg_ycsjtysj_sxhyzssj_data_ship_info_df,mmsi,mmsi,mmsi,match,
candidate_whitelist,stg_ycsjtysj_sxhyzssj_data_ship_info_df,name,船名,船名,match,
candidate_whitelist,stg_ycsjtysj_sxhyzssj_data_ship_info_df,cnname,中文船名,中文船名,match,
candidate_whitelist,stg_ycsjtysj_sxhyzssj_data_ship_info_df,type,船舶大类,船舶大类,match,
candidate_whitelist,stg_ycsjtysj_sxhyzssj_data_ship_info_df,jxy_receive_ship_id,清洁船净小宜id,清洁船净小宜id,match,
candidate_whitelist,stg_ycsjtysj_sxhyzssj_data_ship_info_df,draught,吃水,吃水,match,
candidate_whitelist,stg_ycsjtysj_sxhyzssj_data_ship_info_df,length,船长,船长,match,
candidate_whitelist,stg_ycsjtysj_sxhyzssj_data_ship_info_df,width,船宽,船宽,match,
candidate_whitelist,stg_ycsjtysj_sxhyzssj_data_ship_info_df,type_other,船舶小类,船舶小类,match,
candidate_whitelist,stg_ycsjtysj_sxhyzssj_data_ship_info_df,seat,座位数,座位数,match,
candidate_whitelist,stg_ycsjtysj_sxhyzssj_data_ship_info_df,dt,分区日期,分区日期,match,
candidate_whitelist,stg_ycssthjj_ltwsjgpt_t_sjzx_wry_jbxx_df,xh,数据唯一标识,数据唯一标识,match,
candidate_whitelist,stg_ycssthjj_ltwsjgpt_t_sjzx_wry_jbxx_df,entercode,符合HJ 608-2017第6部分的编码规则要求，用于标识唯一固定污染源,符合HJ 608-2017第6部分的编码规则要求，用于标识唯一固定污染源,match,
candidate_whitelist,stg_ycssthjj_ltwsjgpt_t_sjzx_wry_jbxx_df,entername,固定源名称,固定源名称,match,
candidate_whitelist,stg_ycssthjj_ltwsjgpt_t_sjzx_wry_jbxx_df,companyname,固定源对应的企业名称,固定源对应的企业名称,match,
candidate_whitelist,stg_ycssthjj_ltwsjgpt_t_sjzx_wry_jbxx_df,tyshxydm,统一社会信用代码,统一社会信用代码,match,
candidate_whitelist,stg_ycssthjj_ltwsjgpt_t_sjzx_wry_jbxx_df,corpcode,组织机构代码,组织机构代码,match,
candidate_whitelist,stg_ycssthjj_ltwsjgpt_t_sjzx_wry_jbxx_df,registrationid,税务注册号,税务注册号,match,
candidate_whitelist,stg_ycssthjj_ltwsjgpt_t_sjzx_wry_jbxx_df,licensenum,排污许可证代码,排污许可证代码,match,
candidate_whitelist,stg_ycssthjj_ltwsjgpt_t_sjzx_wry_jbxx_df,code_region,符合GB/T 2260-2019行政区代码表,符合GB/T 2260-2019行政区代码表,match,
candidate_whitelist,stg_ycssthjj_ltwsjgpt_t_sjzx_wry_jbxx_df,regionname,符合GB/T 2260-2019行政区代码表,符合GB/T 2260-2019行政区代码表,match,
candidate_whitelist,stg_ycssthjj_ltwsjgpt_t_sjzx_wry_jbxx_df,sssf,符合GB/T 2260-2019行政区代码表，如：440000,符合GB/T 2260-2019行政区代码表，如：440000,match,
candidate_whitelist,stg_ycssthjj_ltwsjgpt_t_sjzx_wry_jbxx_df,ssds,符合GB/T 2260-2019行政区代码表，如：440300,符合GB/T 2260-2019行政区代码表，如：440300,match,
candidate_whitelist,stg_ycssthjj_ltwsjgpt_t_sjzx_wry_jbxx_df,ssqx,符合GB/T 2260-2019行政区代码表，如：440305,符合GB/T 2260-2019行政区代码表，如：440305,match,
candidate_whitelist,stg_ycssthjj_ltwsjgpt_t_sjzx_wry_jbxx_df,code_trade,符合GB/T 4754-2017行业代码表,符合GB/T 4754-2017行业代码表,match,
candidate_whitelist,stg_ycssthjj_ltwsjgpt_t_sjzx_wry_jbxx_df,tradename,符合GB/T 4754-2017行业代码表,符合GB/T 4754-2017行业代码表,match,
candidate_whitelist,stg_ycssthjj_ltwsjgpt_t_sjzx_wry_jbxx_df,enteraddress,经营场所地址,经营场所地址,match,
candidate_whitelist,stg_ycssthjj_ltwsjgpt_t_sjzx_wry_jbxx_df,longitude,WGS-84坐标系，如：116.681291,WGS-84坐标系，如：116.681291,match,
candidate_whitelist,stg_ycssthjj_ltwsjgpt_t_sjzx_wry_jbxx_df,latitude,WGS-84坐标系，如：39.780852,WGS-84坐标系，如：39.780852,match,
candidate_whitelist,stg_ycssthjj_ltwsjgpt_t_sjzx_wry_jbxx_df,lydm,所属流域代码,所属流域代码,match,
candidate_whitelist,stg_ycssthjj_ltwsjgpt_t_sjzx_wry_jbxx_df,lymc,所属流域名称,所属流域名称,match,
candidate_whitelist,stg_ycssthjj_ltwsjgpt_t_sjzx_wry_jbxx_df,szgyyq,所在工业园区,所在工业园区,match,
candidate_whitelist,stg_ycssthjj_ltwsjgpt_t_sjzx_wry_jbxx_df,snstdm,受纳水体代码,受纳水体代码,match,
candidate_whitelist,stg_ycssthjj_ltwsjgpt_t_sjzx_wry_jbxx_df,snstmc,受纳水体名称,受纳水体名称,match,
candidate_whitelist,stg_ycssthjj_ltwsjgpt_t_sjzx_wry_jbxx_df,status,固定源状态（代码集：WRY_GDYZT）,固定源状态（代码集：WRY_GDYZT）,match,
candidate_whitelist,stg_ycssthjj_ltwsjgpt_t_sjzx_wry_jbxx_df,regaddress,注册地址,注册地址,match,
candidate_whitelist,stg_ycssthjj_ltwsjgpt_t_sjzx_wry_jbxx_df,corpname,法人名称,法人名称,match,
candidate_whitelist,stg_ycssthjj_ltwsjgpt_t_sjzx_wry_jbxx_df,telephone,固定电话,固定电话,match,
candidate_whitelist,stg_ycssthjj_ltwsjgpt_t_sjzx_wry_jbxx_df,environlinkmen,环保联系人,环保联系人,match,
candidate_whitelist,stg_ycssthjj_ltwsjgpt_t_sjzx_wry_jbxx_df,environtel,环保联系人电话,环保联系人电话,match,
candidate_whitelist,stg_ycssthjj_ltwsjgpt_t_sjzx_wry_jbxx_df,entersize,企业规模（代码集：WRY_QYGM）,企业规模（代码集：WRY_QYGM）,match,
candidate_whitelist,stg_ycssthjj_ltwsjgpt_t_sjzx_wry_jbxx_df,jyfw,经营范围,经营范围,match,
candidate_whitelist,stg_ycssthjj_ltwsjgpt_t_sjzx_wry_jbxx_df,createtime,投运时间,投运时间,match,
candidate_whitelist,stg_ycssthjj_ltwsjgpt_t_sjzx_wry_jbxx_df,fax,传真,传真,match,
candidate_whitelist,stg_ycssthjj_ltwsjgpt_t_sjzx_wry_jbxx_df,website,网址,网址,match,
candidate_whitelist,stg_ycssthjj_ltwsjgpt_t_sjzx_wry_jbxx_df,email,邮箱,邮箱,match,
candidate_whitelist,stg_ycssthjj_ltwsjgpt_t_sjzx_wry_jbxx_df,description,污染源简介,污染源简介,match,
candidate_whitelist,stg_ycssthjj_ltwsjgpt_t_sjzx_wry_jbxx_df,datasource,数据来源（代码集：WRY_SJLY）,数据来源（代码集：WRY_SJLY）,match,
candidate_whitelist,stg_ycssthjj_ltwsjgpt_t_sjzx_wry_jbxx_df,orgid,用于数据权限，取行政区代码，省级用2位，地市用4位，区县用6位,用于数据权限，取行政区代码，省级用2位，地市用4位，区县用6位,match,
candidate_whitelist,stg_ycssthjj_ltwsjgpt_t_sjzx_wry_jbxx_df,cjr,创建人,创建人,match,
candidate_whitelist,stg_ycssthjj_ltwsjgpt_t_sjzx_wry_jbxx_df,cjsj,创建时间,创建时间,match,
candidate_whitelist,stg_ycssthjj_ltwsjgpt_t_sjzx_wry_jbxx_df,xgr,修改人,修改人,match,
candidate_whitelist,stg_ycssthjj_ltwsjgpt_t_sjzx_wry_jbxx_df,xgsj,修改时间,修改时间,match,
candidate_whitelist,stg_ycssthjj_ltwsjgpt_t_sjzx_wry_jbxx_df,sjly,数据采集来源（代码集：SJGL_SJLY）,数据采集来源（代码集：SJGL_SJLY）,match,
candidate_whitelist,stg_ycssthjj_ltwsjgpt_t_sjzx_wry_jbxx_df,rksj,默认取当前时间,默认取当前时间,match,
candidate_whitelist,stg_ycssthjj_ltwsjgpt_t_sjzx_wry_jbxx_df,gxsj,数据修改后需要更新此时间,数据修改后需要更新此时间,match,
candidate_whitelist,stg_ycssthjj_ltwsjgpt_t_sjzx_wry_jbxx_df,czbj,操作标记（I：插入；U：更新；D：删除）,操作标记（I：插入；U：更新；D：删除）,match,
candidate_whitelist,stg_ycssthjj_ltwsjgpt_t_sjzx_wry_jbxx_df,dt,分区日期,分区日期,match,
candidate_whitelist,stg_ycssthjj_lysthjjkyjpt_t_sjzx_szzdjcz_df,ywid,业务id,业务id,match,
candidate_whitelist,stg_ycssthjj_lysthjjkyjpt_t_sjzx_szzdjcz_df,ywmc,业务名称,业务名称,match,
candidate_whitelist,stg_ycssthjj_lysthjjkyjpt_t_sjzx_szzdjcz_df,qxbm,区县编码,区县编码,match,
candidate_whitelist,stg_ycssthjj_lysthjjkyjpt_t_sjzx_szzdjcz_df,ssqx,所属区县,所属区县,match,
candidate_whitelist,stg_ycssthjj_lysthjjkyjpt_t_sjzx_szzdjcz_df,flbm,分类编码,分类编码,match,
candidate_whitelist,stg_ycssthjj_lysthjjkyjpt_t_sjzx_szzdjcz_df,flmc,分类名称,分类名称,match,
candidate_whitelist,stg_ycssthjj_lysthjjkyjpt_t_sjzx_szzdjcz_df,21bsm,21位标识码,21位标识码,match,
candidate_whitelist,stg_ycssthjj_lysthjjkyjpt_t_sjzx_szzdjcz_df,zcbm,注册部门,注册部门,match,
candidate_whitelist,stg_ycssthjj_lysthjjkyjpt_t_sjzx_szzdjcz_df,dm,短码,短码,match,
candidate_whitelist,stg_ycssthjj_lysthjjkyjpt_t_sjzx_szzdjcz_df,bdm,北斗码,北斗码,match,
candidate_whitelist,stg_ycssthjj_lysthjjkyjpt_t_sjzx_szzdjcz_df,19bsm,19位标识码,19位标识码,match,
candidate_whitelist,stg_ycssthjj_lysthjjkyjpt_t_sjzx_szzdjcz_df,dt,分区日期,分区日期,match,
candidate_whitelist,stg_ycssthjj_wryzxjkpt_t_zxjc_s_w_1_df,xh,序号,序号,match,
candidate_whitelist,stg_ycssthjj_wryzxjkpt_t_zxjc_s_w_1_df,jcdxh,监测点序号,监测点序号,match,
candidate_whitelist,stg_ycssthjj_wryzxjkpt_t_zxjc_s_w_1_df,jcsj,监测时间,监测时间,match,
candidate_whitelist,stg_ycssthjj_wryzxjkpt_t_zxjc_s_w_1_df,wrwbh,污染源编号,污染源编号,match,
candidate_whitelist,stg_ycssthjj_wryzxjkpt_t_zxjc_s_w_1_df,zxjcz,最新监测值,最新监测值,match,
candidate_whitelist,stg_ycssthjj_wryzxjkpt_t_zxjc_s_w_1_df,pjjcz,平均监测值,平均监测值,match,
candidate_whitelist,stg_ycssthjj_wryzxjkpt_t_zxjc_s_w_1_df,zdjcz,最大监测值,最大监测值,match,
candidate_whitelist,stg_ycssthjj_wryzxjkpt_t_zxjc_s_w_1_df,xyz,最小监测值,最小监测值,match,
candidate_whitelist,stg_ycssthjj_wryzxjkpt_t_zxjc_s_w_1_df,zxzsz,最新指数值,最新指数值,match,
candidate_whitelist,stg_ycssthjj_wryzxjkpt_t_zxjc_s_w_1_df,pjzsz,平均指数值,平均指数值,match,
candidate_whitelist,stg_ycssthjj_wryzxjkpt_t_zxjc_s_w_1_df,zdzsz,最大指数值,最大指数值,match,
candidate_whitelist,stg_ycssthjj_wryzxjkpt_t_zxjc_s_w_1_df,xyzsz,最小指数值,最小指数值,match,
candidate_whitelist,stg_ycssthjj_wryzxjkpt_t_zxjc_s_w_1_df,wrwpfl,污染物排放量,污染物排放量,match,
candidate_whitelist,stg_ycssthjj_wryzxjkpt_t_zxjc_s_w_1_df,xywrwpfl,小时污染物排放量,小时污染物排放量,match,
candidate_whitelist,stg_ycssthjj_wryzxjkpt_t_zxjc_s_w_1_df,sjly,数据来源,数据来源,match,
candidate_whitelist,stg_ycssthjj_wryzxjkpt_t_zxjc_s_w_1_df,sjzt,数据状态,数据状态,match,
candidate_whitelist,stg_ycssthjj_wryzxjkpt_t_zxjc_s_w_1_df,zt,记录状态,记录状态,match,
candidate_whitelist,stg_ycssthjj_wryzxjkpt_t_zxjc_s_w_1_df,orgid,所属机构ID,所属机构ID,match,
candidate_whitelist,stg_ycssthjj_wryzxjkpt_t_zxjc_s_w_1_df,cjr,创建人,创建人,match,
candidate_whitelist,stg_ycssthjj_wryzxjkpt_t_zxjc_s_w_1_df,cjsj,创建时间,创建时间,match,
candidate_whitelist,stg_ycssthjj_wryzxjkpt_t_zxjc_s_w_1_df,xgr,修改人,修改人,match,
candidate_whitelist,stg_ycssthjj_wryzxjkpt_t_zxjc_s_w_1_df,xgsj,修改时间,修改时间,match,
candidate_whitelist,stg_ycssthjj_wryzxjkpt_t_zxjc_s_w_1_df,dt,分区日期,分区日期,match,
candidate_whitelist,wh_hydrological_day_records,id,id,id,match,
candidate_whitelist,wh_hydrological_day_records,station_id,所属站点id,所属站点id,match,
candidate_whitelist,wh_hydrological_day_records,m1_value,水深（单位米）,水深（单位米）,match,
candidate_whitelist,wh_hydrological_day_records,m1_count,记录数1,记录数1,match,
candidate_whitelist,wh_hydrological_day_records,m2_value,流速（单位m/s）,流速（单位m/s）,match,
candidate_whitelist,wh_hydrological_day_records,m2_count,记录数2,记录数2,match,
candidate_whitelist,wh_hydrological_day_records,m3_value,流量（单位m3/s）,流量（单位m3/s）,match,
candidate_whitelist,wh_hydrological_day_records,m3_count,记录数3,记录数3,match,
candidate_whitelist,wh_hydrological_day_records,m4_value,m4_value,m4_value,match,
candidate_whitelist,wh_hydrological_day_records,m4_count,记录数4,记录数4,match,
candidate_whitelist,wh_hydrological_day_records,m5_value,m5_value,m5_value,match,
candidate_whitelist,wh_hydrological_day_records,m5_count,记录数5,记录数5,match,
candidate_whitelist,wh_hydrological_day_records,m6_value,m6_value,m6_value,match,
candidate_whitelist,wh_hydrological_day_records,m6_count,记录数6,记录数6,match,
candidate_whitelist,wh_hydrological_day_records,m7_value,m7_value,m7_value,match,
candidate_whitelist,wh_hydrological_day_records,m7_count,记录数7,记录数7,match,
candidate_whitelist,wh_hydrological_day_records,m8_value,m8_value,m8_value,match,
candidate_whitelist,wh_hydrological_day_records,m8_count,记录数8,记录数8,match,
candidate_whitelist,wh_hydrological_day_records,m9_value,m9_value,m9_value,match,
candidate_whitelist,wh_hydrological_day_records,m9_count,记录数9,记录数9,match,
candidate_whitelist,wh_hydrological_day_records,m10_value,m10_value,m10_value,match,
candidate_whitelist,wh_hydrological_day_records,m10_count,记录数10,记录数10,match,
candidate_whitelist,wh_hydrological_day_records,record_type,记录类型：0 自动、1 手工,记录类型：0 自动、1 手工,match,
candidate_whitelist,wh_hydrological_day_records,monitor_time,监测时间,监测时间,match,
candidate_whitelist,wh_hydrological_day_records,create_by,创建人,创建人,match,
candidate_whitelist,wh_hydrological_day_records,create_time,创建时间,创建时间,match,
candidate_whitelist,wh_hydrological_day_records,update_by,更新人,更新人,match,
candidate_whitelist,wh_hydrological_day_records,update_time,更新时间,更新时间,match,
candidate_whitelist,wh_hydrological_day_records,del_flag,删除标记：0 未删除、1 已删除,删除标记：0 未删除、1 已删除,match,
candidate_whitelist,wh_hydrological_hour_records,id,id,id,match,
candidate_whitelist,wh_hydrological_hour_records,station_id,所属站点id,所属站点id,match,
candidate_whitelist,wh_hydrological_hour_records,m1_value,水深（单位米）,水深（单位米）,match,
candidate_whitelist,wh_hydrological_hour_records,m2_value,流速（单位m/s）,流速（单位m/s）,match,
candidate_whitelist,wh_hydrological_hour_records,m3_value,流量（单位m3/s）,流量（单位m3/s）,match,
candidate_whitelist,wh_hydrological_hour_records,m4_value,m4_value,m4_value,match,
candidate_whitelist,wh_hydrological_hour_records,m5_value,m5_value,m5_value,match,
candidate_whitelist,wh_hydrological_hour_records,m6_value,m6_value,m6_value,match,
candidate_whitelist,wh_hydrological_hour_records,m7_value,m7_value,m7_value,match,
candidate_whitelist,wh_hydrological_hour_records,m8_value,m8_value,m8_value,match,
candidate_whitelist,wh_hydrological_hour_records,m9_value,m9_value,m9_value,match,
candidate_whitelist,wh_hydrological_hour_records,m10_value,m10_value,m10_value,match,
candidate_whitelist,wh_hydrological_hour_records,record_type,记录类型：0 自动、1 手工,记录类型：0 自动、1 手工,match,
candidate_whitelist,wh_hydrological_hour_records,monitor_time,监测时间,监测时间,match,
candidate_whitelist,wh_hydrological_hour_records,create_by,创建人,创建人,match,
candidate_whitelist,wh_hydrological_hour_records,create_time,创建时间,创建时间,match,
candidate_whitelist,wh_hydrological_hour_records,update_by,更新人,更新人,match,
candidate_whitelist,wh_hydrological_hour_records,update_time,更新时间,更新时间,match,
candidate_whitelist,wh_hydrological_hour_records,del_flag,删除标记：0 未删除、1 已删除,删除标记：0 未删除、1 已删除,match,
candidate_whitelist,wh_hydrological_records_1,id,主键id,主键id,match,
candidate_whitelist,wh_hydrological_records_1,station_id,所属站点id,所属站点id,match,
candidate_whitelist,wh_hydrological_records_1,indicator_code,监测指标编号,监测指标编号,match,
candidate_whitelist,wh_hydrological_records_1,monitor_value,监测值,监测值,match,
candidate_whitelist,wh_hydrological_records_1,monitor_time,监测时间,监测时间,match,
candidate_whitelist,wh_hydrological_records_1,record_type,记录类型：0 自动、1 手工,记录类型：0 自动、1 手工,match,
candidate_whitelist,wh_hydrological_records_1,create_by,创建人,创建人,match,
candidate_whitelist,wh_hydrological_records_1,create_time,创建时间,创建时间,match,
candidate_whitelist,wh_hydrological_records_1,update_by,更新人,更新人,match,
candidate_whitelist,wh_hydrological_records_1,update_time,更新时间,更新时间,match,
candidate_whitelist,wh_hydrological_records_1,del_flag,删除标记：0 未删除、1 已删除,删除标记：0 未删除、1 已删除,match,
candidate_whitelist,wh_meteorological_day_records,id,id,id,match,
candidate_whitelist,wh_meteorological_day_records,station_id,所属站点id,所属站点id,match,
candidate_whitelist,wh_meteorological_day_records,m1_value,风速（单位m/s）,风速（单位m/s）,match,
candidate_whitelist,wh_meteorological_day_records,m1_count,记录数1,记录数1,match,
candidate_whitelist,wh_meteorological_day_records,m2_value,风向,风向,match,
candidate_whitelist,wh_meteorological_day_records,m2_count,记录数2,记录数2,match,
candidate_whitelist,wh_meteorological_day_records,m3_value,气压（单位hPa）,气压（单位hPa）,match,
candidate_whitelist,wh_meteorological_day_records,m3_count,记录数3,记录数3,match,
candidate_whitelist,wh_meteorological_day_records,m4_value,气温（单位℃）,气温（单位℃）,match,
candidate_whitelist,wh_meteorological_day_records,m4_count,记录数4,记录数4,match,
candidate_whitelist,wh_meteorological_day_records,m5_value,相对湿度（单位RH）,相对湿度（单位RH）,match,
candidate_whitelist,wh_meteorological_day_records,m5_count,记录数5,记录数5,match,
candidate_whitelist,wh_meteorological_day_records,m6_value,雨量（单位mm/m2）,雨量（单位mm/m2）,match,
candidate_whitelist,wh_meteorological_day_records,m6_count,记录数6,记录数6,match,
candidate_whitelist,wh_meteorological_day_records,m7_value,蒸发量（单位mm/m2）,蒸发量（单位mm/m2）,match,
candidate_whitelist,wh_meteorological_day_records,m7_count,记录数7,记录数7,match,
candidate_whitelist,wh_meteorological_day_records,m8_value,小时降雨量（mm）,小时降雨量（mm）,match,
candidate_whitelist,wh_meteorological_day_records,m8_count,记录数8,记录数8,match,
candidate_whitelist,wh_meteorological_day_records,m9_value,24小时降雨量（mm）,24小时降雨量（mm）,match,
candidate_whitelist,wh_meteorological_day_records,m9_count,记录数9,记录数9,match,
candidate_whitelist,wh_meteorological_day_records,m10_value,累计降雨量（mm）,累计降雨量（mm）,match,
candidate_whitelist,wh_meteorological_day_records,m10_count,记录数10,记录数10,match,
candidate_whitelist,wh_meteorological_day_records,m11_value,m11_value,m11_value,match,
candidate_whitelist,wh_meteorological_day_records,m11_count,记录数11,记录数11,match,
candidate_whitelist,wh_meteorological_day_records,m12_value,m12_value,m12_value,match,
candidate_whitelist,wh_meteorological_day_records,m12_count,记录数12,记录数12,match,
candidate_whitelist,wh_meteorological_day_records,m13_value,m13_value,m13_value,match,
candidate_whitelist,wh_meteorological_day_records,m13_count,记录数13,记录数13,match,
candidate_whitelist,wh_meteorological_day_records,m14_value,m14_value,m14_value,match,
candidate_whitelist,wh_meteorological_day_records,m14_count,记录数14,记录数14,match,
candidate_whitelist,wh_meteorological_day_records,m15_value,m15_value,m15_value,match,
candidate_whitelist,wh_meteorological_day_records,m15_count,记录数15,记录数15,match,
candidate_whitelist,wh_meteorological_day_records,rain_fall,8-20时降水量（mm）,8-20时降水量（mm）,match,
candidate_whitelist,wh_meteorological_day_records,high_temp,日最高气温（℃）,日最高气温（℃）,match,
candidate_whitelist,wh_meteorological_day_records,low_temp,日最低气温（℃）,日最低气温（℃）,match,
candidate_whitelist,wh_meteorological_day_records,record_type,记录类型：0 自动、1 手工,记录类型：0 自动、1 手工,match,
candidate_whitelist,wh_meteorological_day_records,monitor_time,监测时间,监测时间,match,
candidate_whitelist,wh_meteorological_day_records,create_by,创建人,创建人,match,
candidate_whitelist,wh_meteorological_day_records,create_time,创建时间,创建时间,match,
candidate_whitelist,wh_meteorological_day_records,update_by,更新人,更新人,match,
candidate_whitelist,wh_meteorological_day_records,update_time,更新时间,更新时间,match,
candidate_whitelist,wh_meteorological_day_records,del_flag,删除标记：0 未删除、1 已删除,删除标记：0 未删除、1 已删除,match,
candidate_whitelist,wh_meteorological_hour_records,id,id,id,match,
candidate_whitelist,wh_meteorological_hour_records,station_id,所属站点id,所属站点id,match,
candidate_whitelist,wh_meteorological_hour_records,m1_value,风速（m/s）,风速（m/s）,match,
candidate_whitelist,wh_meteorological_hour_records,m2_value,风向,风向,match,
candidate_whitelist,wh_meteorological_hour_records,m3_value,气压（hPa）,气压（hPa）,match,
candidate_whitelist,wh_meteorological_hour_records,m4_value,气温（℃）,气温（℃）,match,
candidate_whitelist,wh_meteorological_hour_records,m5_value,相对湿度（%）,相对湿度（%）,match,
candidate_whitelist,wh_meteorological_hour_records,m6_value,分钟降雨量（mm）,分钟降雨量（mm）,match,
candidate_whitelist,wh_meteorological_hour_records,m7_value,蒸发量（单位mm/m2）,蒸发量（单位mm/m2）,match,
candidate_whitelist,wh_meteorological_hour_records,m8_value,小时降雨量（mm）,小时降雨量（mm）,match,
candidate_whitelist,wh_meteorological_hour_records,m9_value,24小时降雨量（mm）,24小时降雨量（mm）,match,
candidate_whitelist,wh_meteorological_hour_records,m10_value,累计降雨量（mm）,累计降雨量（mm）,match,
candidate_whitelist,wh_meteorological_hour_records,m11_value,m11_value,m11_value,match,
candidate_whitelist,wh_meteorological_hour_records,m12_value,m12_value,m12_value,match,
candidate_whitelist,wh_meteorological_hour_records,m13_value,m13_value,m13_value,match,
candidate_whitelist,wh_meteorological_hour_records,m14_value,m14_value,m14_value,match,
candidate_whitelist,wh_meteorological_hour_records,m15_value,m15_value,m15_value,match,
candidate_whitelist,wh_meteorological_hour_records,record_type,记录类型：0 自动、1 手工,记录类型：0 自动、1 手工,match,
candidate_whitelist,wh_meteorological_hour_records,monitor_time,监测时间,监测时间,match,
candidate_whitelist,wh_meteorological_hour_records,create_by,创建人,创建人,match,
candidate_whitelist,wh_meteorological_hour_records,create_time,创建时间,创建时间,match,
candidate_whitelist,wh_meteorological_hour_records,update_by,更新人,更新人,match,
candidate_whitelist,wh_meteorological_hour_records,update_time,更新时间,更新时间,match,
candidate_whitelist,wh_meteorological_hour_records,del_flag,删除标记：0 未删除、1 已删除,删除标记：0 未删除、1 已删除,match,
candidate_whitelist,wh_meteorological_predict_day_records,id,id,id,match,
candidate_whitelist,wh_meteorological_predict_day_records,station_id,所属站点id,所属站点id,match,
candidate_whitelist,wh_meteorological_predict_day_records,time,"预报时次,如08时、20时","预报时次,如08时、20时",match,
candidate_whitelist,wh_meteorological_predict_day_records,create_by,创建人,创建人,match,
candidate_whitelist,wh_meteorological_predict_day_records,create_time,创建时间,创建时间,match,
candidate_whitelist,wh_meteorological_predict_day_records,update_by,更新人,更新人,match,
candidate_whitelist,wh_meteorological_predict_day_records,update_time,更新时间,更新时间,match,
candidate_whitelist,wh_meteorological_predict_day_records,del_flag,删除标记：0 未删除、1 已删除,删除标记：0 未删除、1 已删除,match,
candidate_whitelist,wh_meteorological_predict_hour_records,id,id,id,match,
candidate_whitelist,wh_meteorological_predict_hour_records,station_id,所属站点id,所属站点id,match,
candidate_whitelist,wh_meteorological_predict_hour_records,time,"预报时次,如08时、20时","预报时次,如08时、20时",match,
candidate_whitelist,wh_meteorological_predict_hour_records,create_by,创建人,创建人,match,
candidate_whitelist,wh_meteorological_predict_hour_records,create_time,创建时间,创建时间,match,
candidate_whitelist,wh_meteorological_predict_hour_records,update_by,更新人,更新人,match,
candidate_whitelist,wh_meteorological_predict_hour_records,update_time,更新时间,更新时间,match,
candidate_whitelist,wh_meteorological_predict_hour_records,del_flag,删除标记：0 未删除、1 已删除,删除标记：0 未删除、1 已删除,match,
candidate_whitelist,wh_meteorological_records_1,id,数据id,数据id,match,
candidate_whitelist,wh_meteorological_records_1,station_id,所属站点id,所属站点id,match,
candidate_whitelist,wh_meteorological_records_1,indicator_code,监测指标编号,监测指标编号,match,
candidate_whitelist,wh_meteorological_records_1,monitor_value,监测值,监测值,match,
candidate_whitelist,wh_meteorological_records_1,monitor_time,监测时间,监测时间,match,
candidate_whitelist,wh_meteorological_records_1,record_type,记录类型：0 自动、1 手工,记录类型：0 自动、1 手工,match,
candidate_whitelist,wh_meteorological_records_1,create_by,创建人,创建人,match,
candidate_whitelist,wh_meteorological_records_1,create_time,创建时间,创建时间,match,
candidate_whitelist,wh_meteorological_records_1,update_by,更新人,更新人,match,
candidate_whitelist,wh_meteorological_records_1,update_time,更新时间,更新时间,match,
candidate_whitelist,wh_meteorological_records_1,del_flag,删除标记：0 未删除、1 已删除,删除标记：0 未删除、1 已删除,match,
candidate_whitelist,wm_camera_info,id,主键,主键,match,
candidate_whitelist,wm_camera_info,camera_name,摄像头名称,摄像头名称,match,
candidate_whitelist,wm_camera_info,device_type,设备类型,设备类型,match,
candidate_whitelist,wm_camera_info,device_code,设备编号,设备编号,match,
candidate_whitelist,wm_camera_info,device_supplier,设备厂商,设备厂商,match,
candidate_whitelist,wm_camera_info,device_origin,设备来源,设备来源,match,
candidate_whitelist,wm_camera_info,address,摄像头地址,摄像头地址,match,
candidate_whitelist,wm_camera_info,lon,经度,经度,match,
candidate_whitelist,wm_camera_info,lat,纬度,纬度,match,
candidate_whitelist,wm_camera_info,monitor_subject,监控对象,监控对象,match,
candidate_whitelist,wm_camera_info,remark,备注,备注,match,
candidate_whitelist,wm_camera_info,create_by,创建人,创建人,match,
candidate_whitelist,wm_camera_info,create_time,创建时间,创建时间,match,
candidate_whitelist,wm_camera_info,update_by,更新人,更新人,match,
candidate_whitelist,wm_camera_info,update_time,更新时间,更新时间,match,
candidate_whitelist,wm_camera_info,del_flag,删除标记：0 未删除、1 已删除,删除标记：0 未删除、1 已删除,match,
candidate_whitelist,wm_camera_platform,device_code,设备编码(国标20位),设备编码(国标20位),match,
candidate_whitelist,wm_camera_platform,name,设备名称,设备名称,match,
candidate_whitelist,wm_camera_platform,manufacturer,厂商,厂商,match,
candidate_whitelist,wm_camera_platform,model,型号,型号,match,
candidate_whitelist,wm_camera_platform,transport,传输方式: TCP/UDP,传输方式: TCP/UDP,match,
candidate_whitelist,wm_camera_platform,stream_mode,流模式: TCP被动模式/UDP,流模式: TCP被动模式/UDP,match,
candidate_whitelist,wm_camera_platform,ip_address,设备IP地址,设备IP地址,match,
candidate_whitelist,wm_camera_platform,port,设备端口,设备端口,match,
candidate_whitelist,wm_camera_platform,online,"是否在线: 0-离线, 1-在线","是否在线: 0-离线, 1-在线",match,
candidate_whitelist,wm_camera_platform,heart_beat_interval,心跳检测间隔(秒),心跳检测间隔(秒),match,
candidate_whitelist,wm_camera_platform,heart_beat_count,健康检查次数,健康检查次数,match,
candidate_whitelist,wm_camera_platform,charset,字符集,字符集,match,
candidate_whitelist,wm_camera_platform,lon,经度,经度,match,
candidate_whitelist,wm_camera_platform,lat,纬度,纬度,match,
candidate_whitelist,wm_camera_platform,remark,备注,备注,match,
candidate_whitelist,wm_camera_platform,create_by,创建人,创建人,match,
candidate_whitelist,wm_camera_platform,create_time,创建时间,创建时间,match,
candidate_whitelist,wm_camera_platform,update_by,更新人,更新人,match,
candidate_whitelist,wm_camera_platform,update_time,更新时间,更新时间,match,
candidate_whitelist,wm_camera_platform,del_flag,"删除标记: 0-未删除, 1-已删除","删除标记: 0-未删除, 1-已删除",match,
candidate_whitelist,wm_directory,id,主键ID,主键ID,match,
candidate_whitelist,wm_directory,name,目录名称,目录名称,match,
candidate_whitelist,wm_directory,parent_id,父目录ID，根目录为null,父目录ID，根目录为null,match,
candidate_whitelist,wm_directory,path,完整路径,完整路径,match,
candidate_whitelist,wm_directory,description,目录描述,目录描述,match,
candidate_whitelist,wm_directory,sort,排序值,排序值,match,
candidate_whitelist,wm_directory,type,目录类型（如：panorama/other）,目录类型（如：panorama/other）,match,
candidate_whitelist,wm_directory,create_time,创建时间,创建时间,match,
candidate_whitelist,wm_directory,update_time,更新时间,更新时间,match,
candidate_whitelist,wm_directory,is_deleted,是否删除,是否删除,match,
candidate_whitelist,wm_hydrological_info,id,监测站点的唯一id,监测站点的唯一id,match,
candidate_whitelist,wm_hydrological_info,station_code,水位站编码,水位站编码,match,
candidate_whitelist,wm_hydrological_info,station_name,监测站点名称,监测站点名称,match,
candidate_whitelist,wm_hydrological_info,short_name,简称,简称,match,
candidate_whitelist,wm_hydrological_info,iot_connect_type,通信协议类型：0 tcp、1 http、2 mqtt,通信协议类型：0 tcp、1 http、2 mqtt,match,
candidate_whitelist,wm_hydrological_info,belong_to_city,归属地市,归属地市,match,
candidate_whitelist,wm_hydrological_info,water_body_id,所属水体id,所属水体id,match,
candidate_whitelist,wm_hydrological_info,station_type,站类型(岸基站1|浮船站2),站类型(岸基站1|浮船站2),match,
candidate_whitelist,wm_hydrological_info,build_state,"建站状态(待建0,已建1)","建站状态(待建0,已建1)",match,
candidate_whitelist,wm_hydrological_info,water_type,水体类型：0 河流、1 湖泊,水体类型：0 河流、1 湖泊,match,
candidate_whitelist,wm_hydrological_info,section_id,断面id,断面id,match,
candidate_whitelist,wm_hydrological_info,river_in,一维模型来流入汇口,一维模型来流入汇口,match,
candidate_whitelist,wm_hydrological_info,pollutant_id,污染源id,污染源id,match,
candidate_whitelist,wm_hydrological_info,in_outlet,污染源类型为污水处理厂时：0 进水口、1 出水口,污染源类型为污水处理厂时：0 进水口、1 出水口,match,
candidate_whitelist,wm_hydrological_info,river_out,一维模型出水口,一维模型出水口,match,
candidate_whitelist,wm_hydrological_info,efdc_in,efdc模型来流入汇口,efdc模型来流入汇口,match,
candidate_whitelist,wm_hydrological_info,efdc_out,efdc模型出水口,efdc模型出水口,match,
candidate_whitelist,wm_hydrological_info,efdc_i,站点所在二维网格I值,站点所在二维网格I值,match,
candidate_whitelist,wm_hydrological_info,efdc_j,站点所在二维网格J值,站点所在二维网格J值,match,
candidate_whitelist,wm_hydrological_info,head_water,headwater序号,headwater序号,match,
candidate_whitelist,wm_hydrological_info,lake_in,是否为入湖港道：0 否、1 是,是否为入湖港道：0 否、1 是,match,
candidate_whitelist,wm_hydrological_info,hydrological_table_name,水位监测记录表名,水位监测记录表名,match,
candidate_whitelist,wm_hydrological_info,hydrological_indicator_codes,水位监测指标编号集合，逗号连接,水位监测指标编号集合，逗号连接,match,
candidate_whitelist,wm_hydrological_info,frequency,测量频率,测量频率,match,
candidate_whitelist,wm_hydrological_info,equipments,自动站的设备清单,自动站的设备清单,match,
candidate_whitelist,wm_hydrological_info,build_time,建设时间,建设时间,match,
candidate_whitelist,wm_hydrological_info,responsible_person,站点责任人,站点责任人,match,
candidate_whitelist,wm_hydrological_info,contact_number,责任人联系电话,责任人联系电话,match,
candidate_whitelist,wm_hydrological_info,img_url,照片地址,照片地址,match,
candidate_whitelist,wm_hydrological_info,img_name,照片名称,照片名称,match,
candidate_whitelist,wm_hydrological_info,img_format,照片格式：img、png等,照片格式：img、png等,match,
candidate_whitelist,wm_hydrological_info,remark,备注信息,备注信息,match,
candidate_whitelist,wm_hydrological_info,create_by,创建人,创建人,match,
candidate_whitelist,wm_hydrological_info,create_time,创建时间,创建时间,match,
candidate_whitelist,wm_hydrological_info,update_by,更新人,更新人,match,
candidate_whitelist,wm_hydrological_info,update_time,更新时间,更新时间,match,
candidate_whitelist,wm_hydrological_info,del_flag,删除标记：0 未删除、1 已删除,删除标记：0 未删除、1 已删除,match,
candidate_whitelist,wm_image_info,pid,照片关联的id,照片关联的id,match,
candidate_whitelist,wm_image_info,image_url,图片地址,图片地址,match,
candidate_whitelist,wm_image_info,image_formats,图片格式,图片格式,match,
candidate_whitelist,wm_image_info,image_type,图片类型：0-未知、1-断面、2-自动站......,图片类型：0-未知、1-断面、2-自动站......,match,
candidate_whitelist,wm_image_info,create_by,创建人,创建人,match,
candidate_whitelist,wm_image_info,create_time,创建时间,创建时间,match,
candidate_whitelist,wm_image_info,update_by,更新人,更新人,match,
candidate_whitelist,wm_image_info,update_time,更新时间,更新时间,match,
candidate_whitelist,wm_image_info,del_flag,删除标记: 0-未删除、1-已删除,删除标记: 0-未删除、1-已删除,match,
candidate_whitelist,wm_image_info,image_name,文件名称：原始文件名,文件名称：原始文件名,match,
candidate_whitelist,wm_image_info,image_tag,图片标签,图片标签,match,
candidate_whitelist,wm_meteorological_info,id,监测站点的唯一id,监测站点的唯一id,match,
candidate_whitelist,wm_meteorological_info,station_code,气象编码,气象编码,match,
candidate_whitelist,wm_meteorological_info,station_name,监测站点名称,监测站点名称,match,
candidate_whitelist,wm_meteorological_info,short_name,简称,简称,match,
candidate_whitelist,wm_meteorological_info,iot_connect_type,通信协议类型：0 tcp、1 http、2 mqtt,通信协议类型：0 tcp、1 http、2 mqtt,match,
candidate_whitelist,wm_meteorological_info,belong_to_city,归属地市,归属地市,match,
candidate_whitelist,wm_meteorological_info,station_type,站类型(岸基站1|浮船站2),站类型(岸基站1|浮船站2),match,
candidate_whitelist,wm_meteorological_info,build_state,"建站状态(待建0,已建1)","建站状态(待建0,已建1)",match,
candidate_whitelist,wm_meteorological_info,water_type,水体类型：0 河流、1 湖泊,水体类型：0 河流、1 湖泊,match,
candidate_whitelist,wm_meteorological_info,water_body_id,所属水体id,所属水体id,match,
candidate_whitelist,wm_meteorological_info,section_id,断面id,断面id,match,
candidate_whitelist,wm_meteorological_info,river_in,一维模型来流入汇口,一维模型来流入汇口,match,
candidate_whitelist,wm_meteorological_info,pollutant_id,污染源id,污染源id,match,
candidate_whitelist,wm_meteorological_info,in_outlet,污染源类型为污水处理厂时：0 进水口、1 出水口,污染源类型为污水处理厂时：0 进水口、1 出水口,match,
candidate_whitelist,wm_meteorological_info,river_out,一维模型出水口,一维模型出水口,match,
candidate_whitelist,wm_meteorological_info,efdc_in,efdc模型来流入汇口,efdc模型来流入汇口,match,
candidate_whitelist,wm_meteorological_info,efdc_out,efdc模型出水口,efdc模型出水口,match,
candidate_whitelist,wm_meteorological_info,efdc_i,站点所在二维网格I值,站点所在二维网格I值,match,
candidate_whitelist,wm_meteorological_info,efdc_j,站点所在二维网格J值,站点所在二维网格J值,match,
candidate_whitelist,wm_meteorological_info,head_water,headwater序号,headwater序号,match,
candidate_whitelist,wm_meteorological_info,lake_in,是否为入湖港道：0 否、1 是,是否为入湖港道：0 否、1 是,match,
candidate_whitelist,wm_meteorological_info,meteorological_table_name,气象监测记录表名,气象监测记录表名,match,
candidate_whitelist,wm_meteorological_info,meteorological_indicator_codes,气象监测指标编号集合，逗号连接,气象监测指标编号集合，逗号连接,match,
candidate_whitelist,wm_meteorological_info,frequency,测量频率,测量频率,match,
candidate_whitelist,wm_meteorological_info,equipments,自动站的设备清单,自动站的设备清单,match,
candidate_whitelist,wm_meteorological_info,build_time,建设时间,建设时间,match,
candidate_whitelist,wm_meteorological_info,responsible_person,站点责任人,站点责任人,match,
candidate_whitelist,wm_meteorological_info,contact_number,责任人联系电话,责任人联系电话,match,
candidate_whitelist,wm_meteorological_info,img_url,照片地址,照片地址,match,
candidate_whitelist,wm_meteorological_info,img_name,照片名称,照片名称,match,
candidate_whitelist,wm_meteorological_info,img_format,照片格式：img、png等,照片格式：img、png等,match,
candidate_whitelist,wm_meteorological_info,remark,备注信息,备注信息,match,
candidate_whitelist,wm_meteorological_info,create_by,创建人,创建人,match,
candidate_whitelist,wm_meteorological_info,create_time,创建时间,创建时间,match,
candidate_whitelist,wm_meteorological_info,update_by,更新人,更新人,match,
candidate_whitelist,wm_meteorological_info,update_time,更新时间,更新时间,match,
candidate_whitelist,wm_meteorological_info,del_flag,删除标记：0 未删除、1 已删除,删除标记：0 未删除、1 已删除,match,
candidate_whitelist,wm_panorama_layer,id,自增主键,自增主键,match,
candidate_whitelist,wm_panorama_layer,point_name,点位名称,点位名称,match,
candidate_whitelist,wm_panorama_layer,topic,所属专题,所属专题,match,
candidate_whitelist,wm_panorama_layer,directory_id,目录ID,目录ID,match,
candidate_whitelist,wm_panorama_layer,longitude,经度,经度,match,
candidate_whitelist,wm_panorama_layer,latitude,纬度,纬度,match,
candidate_whitelist,wm_panorama_layer,icon,图标地址,图标地址,match,
candidate_whitelist,wm_panorama_layer,coverage_radius,覆盖半径(km),覆盖半径(km),match,
candidate_whitelist,wm_panorama_layer,create_time,创建时间,创建时间,match,
candidate_whitelist,wm_panorama_layer,update_time,更新时间,更新时间,match,
candidate_whitelist,wm_panorama_layer,is_deleted,是否删除（true:已删除，false:未删除）,是否删除（true:已删除，false:未删除）,match,
candidate_whitelist,wm_panorama_layer_relation,id,自增主键,自增主键,match,
candidate_whitelist,wm_panorama_layer_relation,panorama_id,全景ID,全景ID,match,
candidate_whitelist,wm_panorama_layer_relation,layer_id,图层ID,图层ID,match,
candidate_whitelist,wm_panorama_layer_relation,feature_id,要素ID,要素ID,match,
candidate_whitelist,wm_panorama_layer_relation,create_time,创建时间,创建时间,match,
candidate_whitelist,wm_panorama_layer_relation,update_time,更新时间,更新时间,match,
candidate_whitelist,wm_panorama_layer_relation,is_deleted,是否删除（true:已删除，false:未删除）,是否删除（true:已删除，false:未删除）,match,
candidate_whitelist,wm_panorama_video,id,自增主键,自增主键,match,
candidate_whitelist,wm_panorama_video,layer_id,所属全景图层ID,所属全景图层ID,match,
candidate_whitelist,wm_panorama_video,name,视频名称,视频名称,match,
candidate_whitelist,wm_panorama_video,shoot_time,拍摄时间,拍摄时间,match,
candidate_whitelist,wm_panorama_video,description,描述,描述,match,
candidate_whitelist,wm_panorama_video,url,访问地址,访问地址,match,
candidate_whitelist,wm_panorama_video,create_time,创建时间,创建时间,match,
candidate_whitelist,wm_panorama_video,update_time,更新时间,更新时间,match,
candidate_whitelist,wm_panorama_video,is_deleted,是否删除（true:已删除，false:未删除）,是否删除（true:已删除，false:未删除）,match,
candidate_whitelist,wm_raster_info,scene_id,遥感监测影像信息实体类,遥感监测影像信息实体类,match,
candidate_whitelist,wm_raster_info,satellite_info,拍摄卫星,拍摄卫星,match,
candidate_whitelist,wm_raster_info,sensor_info,传感器信息,传感器信息,match,
candidate_whitelist,wm_raster_info,orbit_name,轨道名称,轨道名称,match,
candidate_whitelist,wm_raster_info,processing_version,数据级别,数据级别,match,
candidate_whitelist,wm_raster_info,content_type,文件内容类型,文件内容类型,match,
candidate_whitelist,wm_raster_info,data_location,数据位置,数据位置,match,
candidate_whitelist,wm_raster_info,image_datetime,影像获取时间（年_月_日_时_分）,影像获取时间（年_月_日_时_分）,match,
candidate_whitelist,wm_raster_info,image_path,缩略图路径,缩略图路径,match,
candidate_whitelist,wm_raster_info,inversion_flag,是否反演,是否反演,match,
candidate_whitelist,wm_raster_info,create_time,创建时间,创建时间,match,
candidate_whitelist,wm_raster_info,update_time,更新时间,更新时间,match,
candidate_whitelist,wm_raster_info,del_flag,删除标志：0-正常，1-已删除,删除标志：0-正常，1-已删除,match,
candidate_whitelist,wm_raster_inversion,record_id,遥感反演结果表（合并版）,遥感反演结果表（合并版）,match,
candidate_whitelist,wm_raster_inversion,indicator_code,遥感监测分析项编码,遥感监测分析项编码,match,
candidate_whitelist,wm_raster_inversion,indicator_name,指标项名称,指标项名称,match,
candidate_whitelist,wm_raster_inversion,inversion_type,反演类型：water_environment-水环境，algalbloom-水生态，landuse-土地利用,反演类型：water_environment-水环境，algalbloom-水生态，landuse-土地利用,match,
candidate_whitelist,wm_raster_inversion,file_path,反演文件路径,反演文件路径,match,
candidate_whitelist,wm_raster_inversion,l1_area,I类/浮叶挺水植被/背景面积,I类/浮叶挺水植被/背景面积,match,
candidate_whitelist,wm_raster_inversion,l2_area,II类/沉水植被/耕地面积,II类/沉水植被/耕地面积,match,
candidate_whitelist,wm_raster_inversion,l3_area,III类/水华/园地面积,III类/水华/园地面积,match,
candidate_whitelist,wm_raster_inversion,l4_area,IV类/水体/林地面积,IV类/水体/林地面积,match,
candidate_whitelist,wm_raster_inversion,l5_area,V类/水体面积,V类/水体面积,match,
candidate_whitelist,wm_raster_inversion,l6_area,劣V类/建设用地面积,劣V类/建设用地面积,match,
candidate_whitelist,wm_raster_inversion,unit,面积单位,面积单位,match,
candidate_whitelist,wm_raster_inversion,service_url,服务地址,服务地址,match,
candidate_whitelist,wm_raster_inversion,data_time,数据日期,数据日期,match,
candidate_whitelist,wm_raster_inversion,create_time,创建时间,创建时间,match,
candidate_whitelist,wm_raster_inversion,update_time,更新时间,更新时间,match,
candidate_whitelist,wm_raster_inversion,del_flag,删除标志,删除标志,match,
candidate_whitelist,wm_section_info,id,断面id,断面id,match,
candidate_whitelist,wm_section_info,water_body_id,水体id,水体id,match,
candidate_whitelist,wm_section_info,control_unit_id,控制单元id,控制单元id,match,
candidate_whitelist,wm_section_info,region_id,所属区域id,所属区域id,match,
candidate_whitelist,wm_section_info,section_code,断面编码,断面编码,match,
candidate_whitelist,wm_section_info,section_name,断面名称,断面名称,match,
candidate_whitelist,wm_section_info,trans_regional,跨界类型,跨界类型,match,
candidate_whitelist,wm_section_info,geom,几何信息,几何信息,match,
candidate_whitelist,wm_section_info,section_nature,断面属性,断面属性,match,
candidate_whitelist,wm_section_info,section_level,断面级别：0-国控、1-省控、2-市控,断面级别：0-国控、1-省控、2-市控,match,
candidate_whitelist,wm_section_info,manage_type,管理类型,管理类型,match,
candidate_whitelist,wm_section_info,manage_level,管理级别,管理级别,match,
candidate_whitelist,wm_section_info,is_examine,考核断面：0 否、1 是,考核断面：0 否、1 是,match,
candidate_whitelist,wm_section_info,examine_level,考核级别,考核级别,match,
candidate_whitelist,wm_section_info,examine_city,考核城市,考核城市,match,
candidate_whitelist,wm_section_info,tributary_trunk,支流/干流：0 干流、1 支流,支流/干流：0 干流、1 支流,match,
candidate_whitelist,wm_section_info,upstream_section_id,上游断面id,上游断面id,match,
candidate_whitelist,wm_section_info,grid_code,网格号,网格号,match,
candidate_whitelist,wm_section_info,grid_i,网格I值,网格I值,match,
candidate_whitelist,wm_section_info,grid_j,网格J值,网格J值,match,
candidate_whitelist,wm_section_info,remark,备注,备注,match,
candidate_whitelist,wm_section_info,create_by,创建人,创建人,match,
candidate_whitelist,wm_section_info,create_time,创建时间,创建时间,match,
candidate_whitelist,wm_section_info,update_by,更新人,更新人,match,
candidate_whitelist,wm_section_info,update_time,更新时间,更新时间,match,
candidate_whitelist,wm_section_info,del_flag,删除标记：0 未删除、1 已删除,删除标记：0 未删除、1 已删除,match,
candidate_whitelist,wm_section_wq_info,id,id,id,match,
candidate_whitelist,wm_section_wq_info,section_id,断面id,断面id,match,
candidate_whitelist,wm_section_wq_info,year,年份,年份,match,
candidate_whitelist,wm_section_wq_info,month,"月份：0,1,2,3,4,5,6,7,8,9,10,11,12（0表示全年）","月份：0,1,2,3,4,5,6,7,8,9,10,11,12（0表示全年）",match,
candidate_whitelist,wm_section_wq_info,water_quality_target_level,目标水质,目标水质,match,
candidate_whitelist,wm_section_wq_info,create_by,创建人,创建人,match,
candidate_whitelist,wm_section_wq_info,create_time,创建时间,创建时间,match,
candidate_whitelist,wm_section_wq_info,update_by,更新人,更新人,match,
candidate_whitelist,wm_section_wq_info,update_time,更新时间,更新时间,match,
candidate_whitelist,wm_section_wq_info,del_flag,删除标记：0 未删除、1 已删除,删除标记：0 未删除、1 已删除,match,
candidate_whitelist,wm_station_info,id,监测站点的唯一id,监测站点的唯一id,match,
candidate_whitelist,wm_station_info,station_code,站点编码,站点编码,match,
candidate_whitelist,wm_station_info,station_name,监测站点名称,监测站点名称,match,
candidate_whitelist,wm_station_info,short_name,简称,简称,match,
candidate_whitelist,wm_station_info,iot_connect_type,通信协议类型：0 tcp、1 http、2 mqtt,通信协议类型：0 tcp、1 http、2 mqtt,match,
candidate_whitelist,wm_station_info,belong_to_city,归属地市,归属地市,match,
candidate_whitelist,wm_station_info,station_type,站类型(岸基站1|浮船站2),站类型(岸基站1|浮船站2),match,
candidate_whitelist,wm_station_info,build_state,"建站状态(待建0,已建1)","建站状态(待建0,已建1)",match,
candidate_whitelist,wm_station_info,water_type,水体类型：0 河流、1 湖泊,水体类型：0 河流、1 湖泊,match,
candidate_whitelist,wm_station_info,water_body_id,所属水体id,所属水体id,match,
candidate_whitelist,wm_station_info,section_id,断面id,断面id,match,
candidate_whitelist,wm_station_info,river_in,一维模型来流入汇口,一维模型来流入汇口,match,
candidate_whitelist,wm_station_info,pollutant_id,污染源id,污染源id,match,
candidate_whitelist,wm_station_info,in_outlet,污染源类型为污水处理厂时：0 进水口、1 出水口,污染源类型为污水处理厂时：0 进水口、1 出水口,match,
candidate_whitelist,wm_station_info,river_out,一维模型出水口,一维模型出水口,match,
candidate_whitelist,wm_station_info,efdc_in,efdc模型来流入汇口,efdc模型来流入汇口,match,
candidate_whitelist,wm_station_info,efdc_out,efdc模型出水口,efdc模型出水口,match,
candidate_whitelist,wm_station_info,efdc_i,站点所在二维网格I值,站点所在二维网格I值,match,
candidate_whitelist,wm_station_info,efdc_j,站点所在二维网格J值,站点所在二维网格J值,match,
candidate_whitelist,wm_station_info,head_water,headwater序号,headwater序号,match,
candidate_whitelist,wm_station_info,lake_in,是否为入湖港道：0 否、1 是,是否为入湖港道：0 否、1 是,match,
candidate_whitelist,wm_station_info,water_quality_table_name,水质监测记录表名,水质监测记录表名,match,
candidate_whitelist,wm_station_info,hydrological_table_name,水文监测记录表名,水文监测记录表名,match,
candidate_whitelist,wm_station_info,meteorological_table_name,气象监测记录表名,气象监测记录表名,match,
candidate_whitelist,wm_station_info,water_quality_indicator_codes,水质监测指标id集合，逗号连接,水质监测指标id集合，逗号连接,match,
candidate_whitelist,wm_station_info,hydrological_indicator_codes,水文监测指标id集合，逗号连接,水文监测指标id集合，逗号连接,match,
candidate_whitelist,wm_station_info,meteorological_indicator_codes,气象监测指标id集合，逗号连接,气象监测指标id集合，逗号连接,match,
candidate_whitelist,wm_station_info,intake_lon,取水口位置,取水口位置,match,
candidate_whitelist,wm_station_info,intake_lat,取水口位置,取水口位置,match,
candidate_whitelist,wm_station_info,frequency,测量频率,测量频率,match,
candidate_whitelist,wm_station_info,equipments,自动站的设备清单,自动站的设备清单,match,
candidate_whitelist,wm_station_info,build_time,建设时间,建设时间,match,
candidate_whitelist,wm_station_info,responsible_person,站点责任人,站点责任人,match,
candidate_whitelist,wm_station_info,contact_number,责任人联系电话,责任人联系电话,match,
candidate_whitelist,wm_station_info,img_url,照片地址,照片地址,match,
candidate_whitelist,wm_station_info,img_name,照片名称,照片名称,match,
candidate_whitelist,wm_station_info,img_format,照片格式：img、png等,照片格式：img、png等,match,
candidate_whitelist,wm_station_info,remark,备注信息,备注信息,match,
candidate_whitelist,wm_station_info,create_by,创建人,创建人,match,
candidate_whitelist,wm_station_info,create_time,创建时间,创建时间,match,
candidate_whitelist,wm_station_info,update_by,更新人,更新人,match,
candidate_whitelist,wm_station_info,update_time,更新时间,更新时间,match,
candidate_whitelist,wm_station_info,del_flag,删除标记：0 未删除、1 已删除,删除标记：0 未删除、1 已删除,match,
candidate_whitelist,wm_station_info,station_level,站点的级别(省站1|市站2),站点的级别(省站1|市站2),match,
candidate_whitelist,wm_station_info_v2,id,主键,主键,match,
candidate_whitelist,wm_station_info_v2,station_code,站点编码,站点编码,match,
candidate_whitelist,wm_station_info_v2,station_name,站点名称,站点名称,match,
candidate_whitelist,wm_station_info_v2,short_name,站点简称,站点简称,match,
candidate_whitelist,wm_station_info_v2,station_type,站类型：1-岸基站、2-浮船站,站类型：1-岸基站、2-浮船站,match,
candidate_whitelist,wm_station_info_v2,station_level,站点的级别：1-省站、2-市站,站点的级别：1-省站、2-市站,match,
candidate_whitelist,wm_station_info_v2,iot_connect_type,通信协议类型：0 tcp、1 http、2 mqtt,通信协议类型：0 tcp、1 http、2 mqtt,match,
candidate_whitelist,wm_station_info_v2,region_code,行政区编码,行政区编码,match,
candidate_whitelist,wm_station_info_v2,region_name,行政区名称,行政区名称,match,
candidate_whitelist,wm_station_info_v2,build_state,建站状态：0-待建、1-已建,建站状态：0-待建、1-已建,match,
candidate_whitelist,wm_station_info_v2,build_time,建设时间,建设时间,match,
candidate_whitelist,wm_station_info_v2,water_body_id,水体id,水体id,match,
candidate_whitelist,wm_station_info_v2,section_id,断面id,断面id,match,
candidate_whitelist,wm_station_info_v2,equipment_manufacturer,设备厂家,设备厂家,match,
candidate_whitelist,wm_station_info_v2,equipment_model,设备型号,设备型号,match,
candidate_whitelist,wm_station_info_v2,monitor_indicators,监测指标,监测指标,match,
candidate_whitelist,wm_station_info_v2,monitor_frequency,监测频次,监测频次,match,
candidate_whitelist,wm_station_info_v2,eight_direction_photo,八方图,八方图,match,
candidate_whitelist,wm_station_info_v2,om_unit,运维单位,运维单位,match,
candidate_whitelist,wm_station_info_v2,om_person,运维人员,运维人员,match,
candidate_whitelist,wm_station_info_v2,contact_info,联系方式,联系方式,match,
candidate_whitelist,wm_station_info_v2,geom,图形信息,图形信息,match,
candidate_whitelist,wm_station_info_v2,del_flag,"0未删除,1已删除","0未删除,1已删除",match,
candidate_whitelist,wm_station_info_v2,remark,备注,备注,match,
candidate_whitelist,wm_station_info_v2,section_name,断面名称,断面名称,match,
candidate_whitelist,wm_station_info_v2,water_body_name,水体名称,水体名称,match,
candidate_whitelist,wm_station_info_v2,water_body_type,水体类型：0-河流、1-湖泊,水体类型：0-河流、1-湖泊,match,
candidate_whitelist,wm_uav_info,code,编码,编码,match,
candidate_whitelist,wm_uav_info,name,名称,名称,match,
candidate_whitelist,wm_uav_info,gateway_sn,网关SN编码,网关SN编码,match,
candidate_whitelist,wm_uav_info,gateway_callsign,网关名称,网关名称,match,
candidate_whitelist,wm_uav_info,gateway_device_model,型号，json格式,型号，json格式,match,
candidate_whitelist,wm_uav_info,gateway_device_online_status,网关在线状态,网关在线状态,match,
candidate_whitelist,wm_uav_info,gateway_mode_code,网关型号编码,网关型号编码,match,
candidate_whitelist,wm_uav_info,gateway_camera_list,网关摄像头列表,网关摄像头列表,match,
candidate_whitelist,wm_uav_info,drone_sn,无人机SN编码,无人机SN编码,match,
candidate_whitelist,wm_uav_info,drone_callsign,无人机名称,无人机名称,match,
candidate_whitelist,wm_uav_info,drone_device_model,无人机型号,无人机型号,match,
candidate_whitelist,wm_uav_info,drone_device_online_status,无人机在线状态,无人机在线状态,match,
candidate_whitelist,wm_uav_info,drone_mode_code,型号编码,型号编码,match,
candidate_whitelist,wm_uav_info,drone_camera_list,无人机摄像头列表,无人机摄像头列表,match,
candidate_whitelist,wm_uav_info,gateway_lon,网关经度,网关经度,match,
candidate_whitelist,wm_uav_info,gateway_lat,网关纬度,网关纬度,match,
candidate_whitelist,wm_uav_info,activation_time,机场激活时间(unix 时间戳),机场激活时间(unix 时间戳),match,
candidate_whitelist,wm_uav_info,acc_time,机场累计运行时长,机场累计运行时长,match,
candidate_whitelist,wm_uav_info,humidity,舱内湿度,舱内湿度,match,
candidate_whitelist,wm_uav_info,job_number,机场累计作业次数,机场累计作业次数,match,
candidate_whitelist,wm_uav_info,storage_total,存储容量 单位：KB,存储容量 单位：KB,match,
candidate_whitelist,wm_uav_info,storage_used,已使用容量 单位：KB,已使用容量 单位：KB,match,
candidate_whitelist,wm_uav_info,brand,品牌：大疆/纵横昆仑,品牌：大疆/纵横昆仑,match,
candidate_whitelist,wm_uav_info,weight,整机重量,整机重量,match,
candidate_whitelist,wm_uav_info,power,功率,功率,match,
candidate_whitelist,wm_uav_info,temperature,工作温度,工作温度,match,
candidate_whitelist,wm_uav_info,protect_level,保护等级,保护等级,match,
candidate_whitelist,wm_uav_info,max_height,最大高度,最大高度,match,
candidate_whitelist,wm_uav_info,max_radius,最大工作半径,最大工作半径,match,
candidate_whitelist,wm_uav_info,charging_time,充电时间,充电时间,match,
candidate_whitelist,wm_uav_info,cycle_num,电池循环次数,电池循环次数,match,
candidate_whitelist,wm_uav_info,duration_time,备用电池续航时间,备用电池续航时间,match,
candidate_whitelist,wm_uav_info,remark,备注信息,备注信息,match,
candidate_whitelist,wm_uav_info,create_by,创建人,创建人,match,
candidate_whitelist,wm_uav_info,create_time,创建时间,创建时间,match,
candidate_whitelist,wm_uav_info,update_by,更新人,更新人,match,
candidate_whitelist,wm_uav_info,update_time,更新时间,更新时间,match,
candidate_whitelist,wm_uav_info,del_flag,删除标记：0 未删除、1 已删除,删除标记：0 未删除、1 已删除,match,
candidate_whitelist,wm_water_intake,region_code,行政区编码,行政区编码,match,
candidate_whitelist,wm_water_intake,region_name,行政区名称,行政区名称,match,
candidate_whitelist,wm_water_intake,name,名称,名称,match,
candidate_whitelist,wm_water_intake,city,城市,城市,match,
candidate_whitelist,wm_water_intake,county,区县,区县,match,
candidate_whitelist,wm_water_intake,water_type,水源类型,水源类型,match,
candidate_whitelist,wm_water_intake,used_mark,使用状态,使用状态,match,
candidate_whitelist,wm_water_intake,township,乡镇,乡镇,match,
candidate_whitelist,wm_water_intake,remark,备注,备注,match,
candidate_whitelist,wm_water_intake,level,级别：乡镇、区县,级别：乡镇、区县,match,
candidate_whitelist,wm_water_intake,code,水源编码,水源编码,match,
candidate_whitelist,wm_water_intake,static_flag,统计标识：是、否,统计标识：是、否,match,
candidate_whitelist,wm_water_source,code,代码,代码,match,
candidate_whitelist,wm_water_source,name,水源名称,水源名称,match,
candidate_whitelist,wm_water_source,alias,别名,别名,match,
candidate_whitelist,wm_water_source,region_code,行政区代码,行政区代码,match,
candidate_whitelist,wm_water_source,region_name,行政区名称,行政区名称,match,
candidate_whitelist,wm_water_source,river_system_code,水系代码,水系代码,match,
candidate_whitelist,wm_water_source,river_system_name,水系名称,水系名称,match,
candidate_whitelist,wm_water_source,river_system_name_2,二级水系名称,二级水系名称,match,
candidate_whitelist,wm_water_source,river_system_name_3,三级级水系名称,三级级水系名称,match,
candidate_whitelist,wm_water_source,source_type,水源类型,水源类型,match,
candidate_whitelist,wm_water_source,source_state,水源状态,水源状态,match,
candidate_whitelist,wm_water_source,level,级别,级别,match,
candidate_whitelist,wm_water_source,protect_area_status,保护区划定情况,保护区划定情况,match,
candidate_whitelist,wm_water_source,protect_area_cert,保护区划定文号,保护区划定文号,match,
candidate_whitelist,wm_water_source,protect_level,保护区级别：1、2、3,保护区级别：1、2、3,match,
candidate_whitelist,wm_water_source,supply_type,供水类型,供水类型,match,
candidate_whitelist,wm_water_source,supply_service,服务对象,服务对象,match,
candidate_whitelist,wm_water_source,supply_water_daily,日均供水能力（吨/天）,日均供水能力（吨/天）,match,
candidate_whitelist,wm_water_source,supply_water_year,年实际取水量(万吨),年实际取水量(万吨),match,
candidate_whitelist,wm_water_source,supply_water_avg,人均取水量（升/天）,人均取水量（升/天）,match,
candidate_whitelist,wm_water_source,service_people_count,服务人数,服务人数,match,
candidate_whitelist,wm_water_source,water_word_info,对应水厂名称,对应水厂名称,match,
candidate_whitelist,wm_water_source,dbsqssw,地表水取水水位（m）,地表水取水水位（m）,match,
candidate_whitelist,wm_water_source,dbssjksw,地表水设计枯水位（m）,地表水设计枯水位（m）,match,
candidate_whitelist,wm_water_source,dxsmctj,地下水埋藏条件,地下水埋藏条件,match,
candidate_whitelist,wm_water_source,dxshsjzlx,地下水含水介质类型,地下水含水介质类型,match,
candidate_whitelist,wm_water_source,dxssjjs,地下水设计降深（m）,地下水设计降深（m）,match,
candidate_whitelist,wm_water_source,dxsswms,地下水水位埋深（m）,地下水水位埋深（m）,match,
candidate_whitelist,wm_water_source,ccsy,超采水源: 是、否,超采水源: 是、否,match,
candidate_whitelist,wm_water_source,cjjjdkhzb,长江经济带考核指标: 是、否,长江经济带考核指标: 是、否,match,
candidate_whitelist,wm_water_source,build_year,取水口建成年份,取水口建成年份,match,
candidate_whitelist,wm_water_source,used_year,取水口正式使用年份,取水口正式使用年份,match,
candidate_whitelist,wm_water_source,image_path,图片路径,图片路径,match,
candidate_whitelist,wm_water_source,remark,备注,备注,match,
candidate_whitelist,wm_water_source_bak0421,code,代码,代码,match,
candidate_whitelist,wm_water_source_bak0421,name,水源名称,水源名称,match,
candidate_whitelist,wm_water_source_bak0421,alias,别名,别名,match,
candidate_whitelist,wm_water_source_bak0421,area_code,行政区代码,行政区代码,match,
candidate_whitelist,wm_water_source_bak0421,address,水源口地址,水源口地址,match,
candidate_whitelist,wm_water_source_bak0421,river_system_code,水系代码,水系代码,match,
candidate_whitelist,wm_water_source_bak0421,river_system_name,水系名称,水系名称,match,
candidate_whitelist,wm_water_source_bak0421,source_type,水源类型,水源类型,match,
candidate_whitelist,wm_water_source_bak0421,supply_type,供水类型,供水类型,match,
candidate_whitelist,wm_water_source_bak0421,supply_service,服务对象,服务对象,match,
candidate_whitelist,wm_water_source_bak0421,source_state,水源状态,水源状态,match,
candidate_whitelist,wm_water_source_bak0421,service_people_count,服务人数,服务人数,match,
candidate_whitelist,wm_water_source_bak0421,supply_water_daily,日均供水能力（吨/天）,日均供水能力（吨/天）,match,
candidate_whitelist,wm_water_source_bak0421,supply_water_year,年实际取水量(万吨),年实际取水量(万吨),match,
candidate_whitelist,wm_water_source_bak0421,supply_water_avg,人均取水量（升/天）,人均取水量（升/天）,match,
candidate_whitelist,wm_water_source_bak0421,check_result,考核结果,考核结果,match,
candidate_whitelist,wm_water_source_bak0421,has_monitor,年是否开展水质监测,年是否开展水质监测,match,
candidate_whitelist,wm_water_source_bak0421,monitor_count,监测次数,监测次数,match,
candidate_whitelist,wm_water_source_bak0421,monitor_result,达标情况,达标情况,match,
candidate_whitelist,wm_water_source_bak0421,traffic_pass_info,交通穿越情况,交通穿越情况,match,
candidate_whitelist,wm_water_source_bak0421,has_take_cert,是否有取水许可证文号,是否有取水许可证文号,match,
candidate_whitelist,wm_water_source_bak0421,take_cert_code,取水许可证文号,取水许可证文号,match,
candidate_whitelist,wm_water_source_bak0421,has_health_cert,有无水厂卫生合格证号,有无水厂卫生合格证号,match,
candidate_whitelist,wm_water_source_bak0421,health_cert_code,卫生合格证号,卫生合格证号,match,
candidate_whitelist,wm_water_source_bak0421,process_technology,水厂处理工艺,水厂处理工艺,match,
candidate_whitelist,wm_water_source_bak0421,protect_area_level1,一级保护区面积（m2）,一级保护区面积（m2）,match,
candidate_whitelist,wm_water_source_bak0421,protect_area_level2,二级保护区面积（m2）,二级保护区面积（m2）,match,
candidate_whitelist,wm_water_source_bak0421,approve_area,准保护区面积（m2）,准保护区面积（m2）,match,
candidate_whitelist,wm_water_source_bak0421,lon,经度,经度,match,
candidate_whitelist,wm_water_source_bak0421,lat,纬度,纬度,match,
candidate_whitelist,wm_water_source_bak0421,image_path,图片路径,图片路径,match,
candidate_whitelist,wm_water_source_bak0421,remark,备注,备注,match,
candidate_whitelist,wm_water_source_bak0421,protect_area_status,保护区划定情况,保护区划定情况,match,
candidate_whitelist,wm_water_source_bak0421,protect_area_cert,保护区划定文号,保护区划定文号,match,
candidate_whitelist,wm_water_source_bak0421,protect_area_define,水源保护区划分,水源保护区划分,match,
candidate_whitelist,wm_water_source_bak0421,polluter_level1,一级保护区内污染源,一级保护区内污染源,match,
candidate_whitelist,wm_water_source_bak0421,polluter_level2,二级保护区内污染源,二级保护区内污染源,match,
candidate_whitelist,wm_water_source_bak0421,traffice_pass_enviroment,交通穿越存在环境问题数量,交通穿越存在环境问题数量,match,
candidate_whitelist,wm_water_source_bak0421,traffice_pass_finish,交通穿越已完成整治数量,交通穿越已完成整治数量,match,
candidate_whitelist,wm_water_source_bak0421,traffice_pass_handle,交通穿越整治中数量,交通穿越整治中数量,match,
candidate_whitelist,wm_water_source_bak0421,protect_flag_define,保护区标识标志设定情况,保护区标识标志设定情况,match,
candidate_whitelist,wm_water_source_bak0421,protect_flag_finish,标识标志设定存在环境问题数量,标识标志设定存在环境问题数量,match,
candidate_whitelist,wm_water_source_bak0421,protect_flag_hanle,标识标志设定已完成整治数量,标识标志设定已完成整治数量,match,
candidate_whitelist,wm_water_source_bak0421,protect_flag_problem,标识标志设定存在环境问题数量,标识标志设定存在环境问题数量,match,
candidate_whitelist,wm_water_source_bak0421,geom1,一级水源地面图形：4490,一级水源地面图形：4490,match,
candidate_whitelist,wm_water_source_bak0421,geom2,二级水源地面图形：4490,二级水源地面图形：4490,match,
candidate_whitelist,wm_water_source_bak0421,level,级别,级别,match,
candidate_whitelist,wm_water_source_bak0421,river_system_name_3,三级级水系名称,三级级水系名称,match,
candidate_whitelist,wm_water_source_bak0421,water_word_info,对应水厂名称,对应水厂名称,match,
candidate_whitelist,wm_water_source_bak0421,dbsqssw,地表水取水水位（m）,地表水取水水位（m）,match,
candidate_whitelist,wm_water_source_bak0421,dbssjksw,地表水设计枯水位（m）,地表水设计枯水位（m）,match,
candidate_whitelist,wm_water_source_bak0421,dxsmctj,地下水埋藏条件,地下水埋藏条件,match,
candidate_whitelist,wm_water_source_bak0421,dxshsjzlx,地下水含水介质类型,地下水含水介质类型,match,
candidate_whitelist,wm_water_source_bak0421,dxssjjs,地下水设计降深（m）,地下水设计降深（m）,match,
candidate_whitelist,wm_water_source_bak0421,dxsswms,地下水水位埋深（m）,地下水水位埋深（m）,match,
candidate_whitelist,wm_water_source_bak0421,ccsy,超采水源: 是、否,超采水源: 是、否,match,
candidate_whitelist,wm_water_source_bak0421,cjjjdkhzb,长江经济带考核指标: 是、否,长江经济带考核指标: 是、否,match,
candidate_whitelist,wm_water_source_bak0421,river_system_name_2,二级水系名称,二级水系名称,match,
candidate_whitelist,wm_water_source_bak0421,build_year,取水口建成年份,取水口建成年份,match,
candidate_whitelist,wm_water_source_bak0421,used_year,取水口正式使用年份,取水口正式使用年份,match,
candidate_whitelist,wm_water_source_intake_v2,name,名称,名称,match,
candidate_whitelist,wm_water_source_intake_v2,city,地市,地市,match,
candidate_whitelist,wm_water_source_intake_v2,district,区县,区县,match,
candidate_whitelist,wm_water_source_intake_v2,township,乡镇,乡镇,match,
candidate_whitelist,wm_water_source_intake_v2,source_level,水源地级别（县级以上；乡镇级；百吨千人）,水源地级别（县级以上；乡镇级；百吨千人）,match,
candidate_whitelist,wm_water_source_intake_v2,source_type,水源地类型（河流型；湖库型；地下水型）,水源地类型（河流型；湖库型；地下水型）,match,
candidate_whitelist,wm_water_source_intake_v2,source_status,水源地状态（在用；备用；应急；规划）,水源地状态（在用；备用；应急；规划）,match,
candidate_whitelist,wm_water_source_intake_v2,source_code,水源地编码,水源地编码,match,
candidate_whitelist,wm_water_source_intake_v2,water_quality_class,水质类别（Ⅰ；Ⅱ；Ⅲ；Ⅳ；Ⅴ）,水质类别（Ⅰ；Ⅱ；Ⅲ；Ⅳ；Ⅴ）,match,
candidate_whitelist,wm_water_source_intake_v2,supply_population,供水人口（人）,供水人口（人）,match,
candidate_whitelist,wm_water_source_intake_v2,daily_supply_capacity,日均供水能力（吨/天）,日均供水能力（吨/天）,match,
candidate_whitelist,wm_water_source_intake_v2,annual_actual_withdrawal,年实际取水量（万吨）,年实际取水量（万吨）,match,
candidate_whitelist,wm_water_source_intake_v2,per_capita_withdrawal,人均取水量（升/天）,人均取水量（升/天）,match,
candidate_whitelist,wm_water_source_intake_v2,remark,备注,备注,match,
candidate_whitelist,wm_water_source_intake_v2,geom,取水口位置,取水口位置,match,
candidate_whitelist,wm_water_source_intake_v2,region_code,行政区编码,行政区编码,match,
candidate_whitelist,wm_water_source_zone_v2,name,名称,名称,match,
candidate_whitelist,wm_water_source_zone_v2,city,地市,地市,match,
candidate_whitelist,wm_water_source_zone_v2,district,区县,区县,match,
candidate_whitelist,wm_water_source_zone_v2,township,乡镇,乡镇,match,
candidate_whitelist,wm_water_source_zone_v2,source_level,水源地级别（县级以上；乡镇级；百吨千人）,水源地级别（县级以上；乡镇级；百吨千人）,match,
candidate_whitelist,wm_water_source_zone_v2,zone_level,保护区级别（1-一级保护区；2-二级保护区；3-准保护区）,保护区级别（1-一级保护区；2-二级保护区；3-准保护区）,match,
candidate_whitelist,wm_water_source_zone_v2,area,面积（单位：平方千米）,面积（单位：平方千米）,match,
candidate_whitelist,wm_water_source_zone_v2,source_type,水源地类型（河流型；湖库型；地下水型）,水源地类型（河流型；湖库型；地下水型）,match,
candidate_whitelist,wm_water_source_zone_v2,source_status,水源地状态（在用；备用；应急；规划）,水源地状态（在用；备用；应急；规划）,match,
candidate_whitelist,wm_water_source_zone_v2,source_code,水源地编码,水源地编码,match,
candidate_whitelist,wm_water_source_zone_v2,remark,备注,备注,match,
candidate_whitelist,wm_water_source_zone_v2,region_code,行政区代码,行政区代码,match,
candidate_whitelist,wm_waterbody_info,id,id,id,match,
candidate_whitelist,wm_waterbody_info,water_body_name,水体名称,水体名称,match,
candidate_whitelist,wm_waterbody_info,water_body_type,水体类型：0 河流、1 湖泊,水体类型：0 河流、1 湖泊,match,
candidate_whitelist,wm_waterbody_info,geom,几何信息,几何信息,match,
candidate_whitelist,wm_waterbody_info,img_url,照片地址,照片地址,match,
candidate_whitelist,wm_waterbody_info,img_format,照片格式：img、png等,照片格式：img、png等,match,
candidate_whitelist,wm_waterbody_info,img_name,照片名称,照片名称,match,
candidate_whitelist,wm_waterbody_info,control_unit_id,所属控制单元id,所属控制单元id,match,
candidate_whitelist,wm_waterbody_info,length,水体长度（km）,水体长度（km）,match,
candidate_whitelist,wm_waterbody_info,width,水体宽度（m）,水体宽度（m）,match,
candidate_whitelist,wm_waterbody_info,area,水体面积（km2）,水体面积（km2）,match,
candidate_whitelist,wm_waterbody_info,bend_coefficient,弯曲系数,弯曲系数,match,
candidate_whitelist,wm_waterbody_info,storage,蓄水量（m3）,蓄水量（m3）,match,
candidate_whitelist,wm_waterbody_info,create_by,创建人,创建人,match,
candidate_whitelist,wm_waterbody_info,create_time,创建时间,创建时间,match,
candidate_whitelist,wm_waterbody_info,update_by,更新人,更新人,match,
candidate_whitelist,wm_waterbody_info,update_time,更新时间,更新时间,match,
candidate_whitelist,wm_waterbody_info,del_flag,删除标记：0 未删除、1 已删除,删除标记：0 未删除、1 已删除,match,
candidate_whitelist,wm_waterquality_day_records,id,id,id,match,
candidate_whitelist,wm_waterquality_day_records,station_id,站点id,站点id,match,
candidate_whitelist,wm_waterquality_day_records,m1_value,水温监测值,水温监测值,match,
candidate_whitelist,wm_waterquality_day_records,m1_count,记录数1,记录数1,match,
candidate_whitelist,wm_waterquality_day_records,m2_value,PH监测值,PH监测值,match,
candidate_whitelist,wm_waterquality_day_records,m2_count,记录数2,记录数2,match,
candidate_whitelist,wm_waterquality_day_records,m3_value,溶解氧监测值,溶解氧监测值,match,
candidate_whitelist,wm_waterquality_day_records,m3_count,记录数3,记录数3,match,
candidate_whitelist,wm_waterquality_day_records,m4_value,浊度监测值,浊度监测值,match,
candidate_whitelist,wm_waterquality_day_records,m4_count,记录数4,记录数4,match,
candidate_whitelist,wm_waterquality_day_records,m5_value,电导率监测值,电导率监测值,match,
candidate_whitelist,wm_waterquality_day_records,m5_count,记录数5,记录数5,match,
candidate_whitelist,wm_waterquality_day_records,m6_value,氨氮监测值,氨氮监测值,match,
candidate_whitelist,wm_waterquality_day_records,m6_count,记录数6,记录数6,match,
candidate_whitelist,wm_waterquality_day_records,m7_value,高锰酸盐指数监测值,高锰酸盐指数监测值,match,
candidate_whitelist,wm_waterquality_day_records,m7_count,记录数7,记录数7,match,
candidate_whitelist,wm_waterquality_day_records,m8_value,总磷监测值,总磷监测值,match,
candidate_whitelist,wm_waterquality_day_records,m8_count,记录数8,记录数8,match,
candidate_whitelist,wm_waterquality_day_records,m9_value,总氮监测值,总氮监测值,match,
candidate_whitelist,wm_waterquality_day_records,m9_count,记录数9,记录数9,match,
candidate_whitelist,wm_waterquality_day_records,m10_value,化学需氧量监测值,化学需氧量监测值,match,
candidate_whitelist,wm_waterquality_day_records,m10_count,记录数10,记录数10,match,
candidate_whitelist,wm_waterquality_day_records,m11_value,监测值,监测值,match,
candidate_whitelist,wm_waterquality_day_records,m11_count,记录数11,记录数11,match,
candidate_whitelist,wm_waterquality_day_records,m12_value,监测值,监测值,match,
candidate_whitelist,wm_waterquality_day_records,m12_count,记录数12,记录数12,match,
candidate_whitelist,wm_waterquality_day_records,m13_value,监测值,监测值,match,
candidate_whitelist,wm_waterquality_day_records,m13_count,记录数13,记录数13,match,
candidate_whitelist,wm_waterquality_day_records,m14_value,监测值,监测值,match,
candidate_whitelist,wm_waterquality_day_records,m14_count,记录数14,记录数14,match,
candidate_whitelist,wm_waterquality_day_records,m15_value,监测值,监测值,match,
candidate_whitelist,wm_waterquality_day_records,m15_count,记录数15,记录数15,match,
candidate_whitelist,wm_waterquality_day_records,m16_value,监测值,监测值,match,
candidate_whitelist,wm_waterquality_day_records,m16_count,记录数16,记录数16,match,
candidate_whitelist,wm_waterquality_day_records,m17_value,监测值,监测值,match,
candidate_whitelist,wm_waterquality_day_records,m17_count,记录数17,记录数17,match,
candidate_whitelist,wm_waterquality_day_records,m18_value,监测值,监测值,match,
candidate_whitelist,wm_waterquality_day_records,m18_count,记录数18,记录数18,match,
candidate_whitelist,wm_waterquality_day_records,m19_value,监测值,监测值,match,
candidate_whitelist,wm_waterquality_day_records,m19_count,记录数19,记录数19,match,
candidate_whitelist,wm_waterquality_day_records,m20_value,监测值,监测值,match,
candidate_whitelist,wm_waterquality_day_records,m20_count,记录数20,记录数20,match,
candidate_whitelist,wm_waterquality_day_records,m21_value,监测值,监测值,match,
candidate_whitelist,wm_waterquality_day_records,m21_count,记录数21,记录数21,match,
candidate_whitelist,wm_waterquality_day_records,m22_value,监测值,监测值,match,
candidate_whitelist,wm_waterquality_day_records,m22_count,记录数22,记录数22,match,
candidate_whitelist,wm_waterquality_day_records,m23_value,监测值,监测值,match,
candidate_whitelist,wm_waterquality_day_records,m23_count,记录数23,记录数23,match,
candidate_whitelist,wm_waterquality_day_records,m24_value,监测值,监测值,match,
candidate_whitelist,wm_waterquality_day_records,m24_count,记录数24,记录数24,match,
candidate_whitelist,wm_waterquality_day_records,m25_value,监测值,监测值,match,
candidate_whitelist,wm_waterquality_day_records,m25_count,记录数25,记录数25,match,
candidate_whitelist,wm_waterquality_day_records,m26_value,监测值,监测值,match,
candidate_whitelist,wm_waterquality_day_records,m26_count,记录数26,记录数26,match,
candidate_whitelist,wm_waterquality_day_records,m27_value,监测值,监测值,match,
candidate_whitelist,wm_waterquality_day_records,m27_count,记录数27,记录数27,match,
candidate_whitelist,wm_waterquality_day_records,m28_value,监测值,监测值,match,
candidate_whitelist,wm_waterquality_day_records,m28_count,记录数28,记录数28,match,
candidate_whitelist,wm_waterquality_day_records,m29_value,监测值29,监测值29,match,
candidate_whitelist,wm_waterquality_day_records,m29_count,记录数29,记录数29,match,
candidate_whitelist,wm_waterquality_day_records,m30_value,监测值30,监测值30,match,
candidate_whitelist,wm_waterquality_day_records,m30_count,记录数30,记录数30,match,
candidate_whitelist,wm_waterquality_day_records,m31_value,监测值31,监测值31,match,
candidate_whitelist,wm_waterquality_day_records,m31_count,记录数31,记录数31,match,
candidate_whitelist,wm_waterquality_day_records,monitor_time,监测时间,监测时间,match,
candidate_whitelist,wm_waterquality_day_records,water_quality_level,水质级别,水质级别,match,
candidate_whitelist,wm_waterquality_day_records,create_by,创建人,创建人,match,
candidate_whitelist,wm_waterquality_day_records,create_time,创建时间,创建时间,match,
candidate_whitelist,wm_waterquality_day_records,update_by,更新人,更新人,match,
candidate_whitelist,wm_waterquality_day_records,update_time,更新时间,更新时间,match,
candidate_whitelist,wm_waterquality_day_records,del_flag,删除标记：0 未删除、1 已删除,删除标记：0 未删除、1 已删除,match,
candidate_whitelist,wm_waterquality_hour_records,id,id,id,match,
candidate_whitelist,wm_waterquality_hour_records,station_id,监测站id,监测站id,match,
candidate_whitelist,wm_waterquality_hour_records,m1_value,水温监测值,水温监测值,match,
candidate_whitelist,wm_waterquality_hour_records,m1_status,监测结果：0 正常、1 超标,监测结果：0 正常、1 超标,match,
candidate_whitelist,wm_waterquality_hour_records,m1_level,水质级别：I、II、Ⅲ、IV、V、劣V,水质级别：I、II、Ⅲ、IV、V、劣V,match,
candidate_whitelist,wm_waterquality_hour_records,m2_value,PH监测值,PH监测值,match,
candidate_whitelist,wm_waterquality_hour_records,m2_status,监测结果：0 正常、1 超标,监测结果：0 正常、1 超标,match,
candidate_whitelist,wm_waterquality_hour_records,m2_level,水质级别：I、II、Ⅲ、IV、V、劣V,水质级别：I、II、Ⅲ、IV、V、劣V,match,
candidate_whitelist,wm_waterquality_hour_records,m3_value,溶解氧监测值,溶解氧监测值,match,
candidate_whitelist,wm_waterquality_hour_records,m3_status,监测结果：0 正常、2 偏低,监测结果：0 正常、2 偏低,match,
candidate_whitelist,wm_waterquality_hour_records,m3_level,水质级别：I、II、Ⅲ、IV、V、劣V,水质级别：I、II、Ⅲ、IV、V、劣V,match,
candidate_whitelist,wm_waterquality_hour_records,m4_value,浊度监测值,浊度监测值,match,
candidate_whitelist,wm_waterquality_hour_records,m4_status,监测结果：0 正常、1 超标,监测结果：0 正常、1 超标,match,
candidate_whitelist,wm_waterquality_hour_records,m5_value,电导率监测值,电导率监测值,match,
candidate_whitelist,wm_waterquality_hour_records,m5_status,监测结果：0 正常、1 超标,监测结果：0 正常、1 超标,match,
candidate_whitelist,wm_waterquality_hour_records,m6_value,氨氮监测值,氨氮监测值,match,
candidate_whitelist,wm_waterquality_hour_records,m6_status,监测结果：0 正常、1 超标,监测结果：0 正常、1 超标,match,
candidate_whitelist,wm_waterquality_hour_records,m6_level,水质级别：I、II、Ⅲ、IV、V、劣V,水质级别：I、II、Ⅲ、IV、V、劣V,match,
candidate_whitelist,wm_waterquality_hour_records,m7_value,高锰酸盐指数监测值,高锰酸盐指数监测值,match,
candidate_whitelist,wm_waterquality_hour_records,m7_status,监测结果：0 正常、1 超标,监测结果：0 正常、1 超标,match,
candidate_whitelist,wm_waterquality_hour_records,m7_level,水质级别：I、II、Ⅲ、IV、V、劣V,水质级别：I、II、Ⅲ、IV、V、劣V,match,
candidate_whitelist,wm_waterquality_hour_records,m8_value,总磷监测值,总磷监测值,match,
candidate_whitelist,wm_waterquality_hour_records,m8_status,监测结果：0 正常、1 超标,监测结果：0 正常、1 超标,match,
candidate_whitelist,wm_waterquality_hour_records,m8_level,水质级别：I、II、Ⅲ、IV、V、劣V,水质级别：I、II、Ⅲ、IV、V、劣V,match,
candidate_whitelist,wm_waterquality_hour_records,m9_value,总氮监测值,总氮监测值,match,
candidate_whitelist,wm_waterquality_hour_records,m9_status,监测结果：0 正常、1 超标,监测结果：0 正常、1 超标,match,
candidate_whitelist,wm_waterquality_hour_records,m9_level,水质级别：I、II、Ⅲ、IV、V、劣V,水质级别：I、II、Ⅲ、IV、V、劣V,match,
candidate_whitelist,wm_waterquality_hour_records,m10_value,叶绿素a监测值,叶绿素a监测值,match,
candidate_whitelist,wm_waterquality_hour_records,m10_status,监测结果：0 正常、1 超标,监测结果：0 正常、1 超标,match,
candidate_whitelist,wm_waterquality_hour_records,m11_value,藻密度监测值,藻密度监测值,match,
candidate_whitelist,wm_waterquality_hour_records,m11_status,监测结果：0 正常、1 超标,监测结果：0 正常、1 超标,match,
candidate_whitelist,wm_waterquality_hour_records,m12_value,化学需氧量监测值,化学需氧量监测值,match,
candidate_whitelist,wm_waterquality_hour_records,m12_status,监测结果：0 正常、1 超标,监测结果：0 正常、1 超标,match,
candidate_whitelist,wm_waterquality_hour_records,m12_level,水质级别：I、II、Ⅲ、IV、V、劣V,水质级别：I、II、Ⅲ、IV、V、劣V,match,
candidate_whitelist,wm_waterquality_hour_records,m13_value,五日生化需氧量监测值,五日生化需氧量监测值,match,
candidate_whitelist,wm_waterquality_hour_records,m13_status,监测结果：0 正常、1 超标,监测结果：0 正常、1 超标,match,
candidate_whitelist,wm_waterquality_hour_records,m13_level,水质级别：I、II、Ⅲ、IV、V、劣V,水质级别：I、II、Ⅲ、IV、V、劣V,match,
candidate_whitelist,wm_waterquality_hour_records,m14_value,监测值,监测值,match,
candidate_whitelist,wm_waterquality_hour_records,m14_status,监测结果：0 正常、1 超标,监测结果：0 正常、1 超标,match,
candidate_whitelist,wm_waterquality_hour_records,m15_value,监测值,监测值,match,
candidate_whitelist,wm_waterquality_hour_records,m15_status,监测结果：0 正常、1 超标,监测结果：0 正常、1 超标,match,
candidate_whitelist,wm_waterquality_hour_records,m16_value,监测值,监测值,match,
candidate_whitelist,wm_waterquality_hour_records,m16_status,监测结果：0 正常、1 超标,监测结果：0 正常、1 超标,match,
candidate_whitelist,wm_waterquality_hour_records,m17_value,监测值,监测值,match,
candidate_whitelist,wm_waterquality_hour_records,m17_status,监测结果：0 正常、1 超标,监测结果：0 正常、1 超标,match,
candidate_whitelist,wm_waterquality_hour_records,m18_value,监测值,监测值,match,
candidate_whitelist,wm_waterquality_hour_records,m18_status,监测结果：0 正常、1 超标,监测结果：0 正常、1 超标,match,
candidate_whitelist,wm_waterquality_hour_records,m19_value,监测值,监测值,match,
candidate_whitelist,wm_waterquality_hour_records,m19_status,监测结果：0 正常、1 超标,监测结果：0 正常、1 超标,match,
candidate_whitelist,wm_waterquality_hour_records,m20_value,监测值,监测值,match,
candidate_whitelist,wm_waterquality_hour_records,m20_status,监测结果：0 正常、1 超标,监测结果：0 正常、1 超标,match,
candidate_whitelist,wm_waterquality_hour_records,m21_value,监测值,监测值,match,
candidate_whitelist,wm_waterquality_hour_records,m21_status,监测结果：0 正常、1 超标,监测结果：0 正常、1 超标,match,
candidate_whitelist,wm_waterquality_hour_records,m22_value,监测值,监测值,match,
candidate_whitelist,wm_waterquality_hour_records,m22_status,监测结果：0 正常、1 超标,监测结果：0 正常、1 超标,match,
candidate_whitelist,wm_waterquality_hour_records,m23_value,监测值,监测值,match,
candidate_whitelist,wm_waterquality_hour_records,m23_status,监测结果：0 正常、1 超标,监测结果：0 正常、1 超标,match,
candidate_whitelist,wm_waterquality_hour_records,m24_value,监测值,监测值,match,
candidate_whitelist,wm_waterquality_hour_records,m24_status,监测结果：0 正常、1 超标,监测结果：0 正常、1 超标,match,
candidate_whitelist,wm_waterquality_hour_records,m25_value,监测值,监测值,match,
candidate_whitelist,wm_waterquality_hour_records,m25_status,监测结果：0 正常、1 超标,监测结果：0 正常、1 超标,match,
candidate_whitelist,wm_waterquality_hour_records,m26_value,监测值,监测值,match,
candidate_whitelist,wm_waterquality_hour_records,m26_status,监测结果：0 正常、1 超标,监测结果：0 正常、1 超标,match,
candidate_whitelist,wm_waterquality_hour_records,m27_value,监测值,监测值,match,
candidate_whitelist,wm_waterquality_hour_records,m27_status,监测结果：0 正常、1 超标,监测结果：0 正常、1 超标,match,
candidate_whitelist,wm_waterquality_hour_records,m28_value,监测值,监测值,match,
candidate_whitelist,wm_waterquality_hour_records,m28_status,监测结果：0 正常、1 超标,监测结果：0 正常、1 超标,match,
candidate_whitelist,wm_waterquality_hour_records,m29_value,监测值,监测值,match,
candidate_whitelist,wm_waterquality_hour_records,m29_status,监测结果：0 正常、1 超标,监测结果：0 正常、1 超标,match,
candidate_whitelist,wm_waterquality_hour_records,m30_value,监测值,监测值,match,
candidate_whitelist,wm_waterquality_hour_records,m30_status,监测结果：0 正常、1 超标,监测结果：0 正常、1 超标,match,
candidate_whitelist,wm_waterquality_hour_records,m31_value,监测值,监测值,match,
candidate_whitelist,wm_waterquality_hour_records,m31_status,监测结果：0 正常、1 超标,监测结果：0 正常、1 超标,match,
candidate_whitelist,wm_waterquality_hour_records,monitor_time,监测时间,监测时间,match,
candidate_whitelist,wm_waterquality_hour_records,status,监测结果：0 正常、1 超标,监测结果：0 正常、1 超标,match,
candidate_whitelist,wm_waterquality_hour_records,water_quality_level,水质级别：I、II、Ⅲ、IV、V、劣V,水质级别：I、II、Ⅲ、IV、V、劣V,match,
candidate_whitelist,wm_waterquality_hour_records,record_type,记录类型：0 自动、1 手工,记录类型：0 自动、1 手工,match,
candidate_whitelist,wm_waterquality_hour_records,create_by,创建人,创建人,match,
candidate_whitelist,wm_waterquality_hour_records,create_time,创建时间,创建时间,match,
candidate_whitelist,wm_waterquality_hour_records,update_by,更新人,更新人,match,
candidate_whitelist,wm_waterquality_hour_records,update_time,更新时间,更新时间,match,
candidate_whitelist,wm_waterquality_hour_records,del_flag,删除标记：0 未删除、1 已删除,删除标记：0 未删除、1 已删除,match,
candidate_whitelist,wm_waterquality_month_records,id,id,id,match,
candidate_whitelist,wm_waterquality_month_records,station_id,站点id,站点id,match,
candidate_whitelist,wm_waterquality_month_records,section_id,断面id,断面id,match,
candidate_whitelist,wm_waterquality_month_records,m1_value,水温监测值,水温监测值,match,
candidate_whitelist,wm_waterquality_month_records,m1_count,记录数1,记录数1,match,
candidate_whitelist,wm_waterquality_month_records,m2_value,PH监测值,PH监测值,match,
candidate_whitelist,wm_waterquality_month_records,m2_count,记录数2,记录数2,match,
candidate_whitelist,wm_waterquality_month_records,m3_value,溶解氧监测值,溶解氧监测值,match,
candidate_whitelist,wm_waterquality_month_records,m3_count,记录数3,记录数3,match,
candidate_whitelist,wm_waterquality_month_records,m4_value,浊度监测值,浊度监测值,match,
candidate_whitelist,wm_waterquality_month_records,m4_count,记录数4,记录数4,match,
candidate_whitelist,wm_waterquality_month_records,m5_value,电导率监测值,电导率监测值,match,
candidate_whitelist,wm_waterquality_month_records,m5_count,记录数5,记录数5,match,
candidate_whitelist,wm_waterquality_month_records,m6_value,氨氮监测值,氨氮监测值,match,
candidate_whitelist,wm_waterquality_month_records,m6_count,记录数6,记录数6,match,
candidate_whitelist,wm_waterquality_month_records,m7_value,高锰酸盐指数监测值,高锰酸盐指数监测值,match,
candidate_whitelist,wm_waterquality_month_records,m7_count,记录数7,记录数7,match,
candidate_whitelist,wm_waterquality_month_records,m8_value,总磷监测值,总磷监测值,match,
candidate_whitelist,wm_waterquality_month_records,m8_count,记录数8,记录数8,match,
candidate_whitelist,wm_waterquality_month_records,m9_value,总氮监测值,总氮监测值,match,
candidate_whitelist,wm_waterquality_month_records,m9_count,记录数9,记录数9,match,
candidate_whitelist,wm_waterquality_month_records,m10_value,叶绿素a,叶绿素a,match,
candidate_whitelist,wm_waterquality_month_records,m10_count,记录数10,记录数10,match,
candidate_whitelist,wm_waterquality_month_records,m11_value,藻密度,藻密度,match,
candidate_whitelist,wm_waterquality_month_records,m11_count,记录数11,记录数11,match,
candidate_whitelist,wm_waterquality_month_records,m12_value,化学需氧量,化学需氧量,match,
candidate_whitelist,wm_waterquality_month_records,m12_count,记录数12,记录数12,match,
candidate_whitelist,wm_waterquality_month_records,m13_value,五日生化需氧量,五日生化需氧量,match,
candidate_whitelist,wm_waterquality_month_records,m13_count,记录数13,记录数13,match,
candidate_whitelist,wm_waterquality_month_records,m14_value,铜,铜,match,
candidate_whitelist,wm_waterquality_month_records,m14_count,记录数14,记录数14,match,
candidate_whitelist,wm_waterquality_month_records,m15_value,锌,锌,match,
candidate_whitelist,wm_waterquality_month_records,m15_count,记录数15,记录数15,match,
candidate_whitelist,wm_waterquality_month_records,m16_value,氟化物,氟化物,match,
candidate_whitelist,wm_waterquality_month_records,m16_count,记录数16,记录数16,match,
candidate_whitelist,wm_waterquality_month_records,m17_value,硒,硒,match,
candidate_whitelist,wm_waterquality_month_records,m17_count,记录数17,记录数17,match,
candidate_whitelist,wm_waterquality_month_records,m18_value,砷,砷,match,
candidate_whitelist,wm_waterquality_month_records,m18_count,记录数18,记录数18,match,
candidate_whitelist,wm_waterquality_month_records,m19_value,汞,汞,match,
candidate_whitelist,wm_waterquality_month_records,m19_count,记录数19,记录数19,match,
candidate_whitelist,wm_waterquality_month_records,m20_value,镉,镉,match,
candidate_whitelist,wm_waterquality_month_records,m20_count,记录数20,记录数20,match,
candidate_whitelist,wm_waterquality_month_records,m21_value,铬,铬,match,
candidate_whitelist,wm_waterquality_month_records,m21_count,记录数21,记录数21,match,
candidate_whitelist,wm_waterquality_month_records,m22_value,铅,铅,match,
candidate_whitelist,wm_waterquality_month_records,m22_count,记录数22,记录数22,match,
candidate_whitelist,wm_waterquality_month_records,m23_value,氰化物,氰化物,match,
candidate_whitelist,wm_waterquality_month_records,m23_count,记录数23,记录数23,match,
candidate_whitelist,wm_waterquality_month_records,m24_value,挥发酚,挥发酚,match,
candidate_whitelist,wm_waterquality_month_records,m24_count,记录数24,记录数24,match,
candidate_whitelist,wm_waterquality_month_records,m25_value,石油类,石油类,match,
candidate_whitelist,wm_waterquality_month_records,m25_count,记录数25,记录数25,match,
candidate_whitelist,wm_waterquality_month_records,m26_value,阴离子表面活性剂,阴离子表面活性剂,match,
candidate_whitelist,wm_waterquality_month_records,m26_count,记录数26,记录数26,match,
candidate_whitelist,wm_waterquality_month_records,m27_value,硫化物,硫化物,match,
candidate_whitelist,wm_waterquality_month_records,m27_count,记录数27,记录数27,match,
candidate_whitelist,wm_waterquality_month_records,m28_value,水中油,水中油,match,
candidate_whitelist,wm_waterquality_month_records,m28_count,记录数28,记录数28,match,
candidate_whitelist,wm_waterquality_month_records,m29_value,硝酸盐,硝酸盐,match,
candidate_whitelist,wm_waterquality_month_records,m29_count,记录数29,记录数29,match,
candidate_whitelist,wm_waterquality_month_records,m30_value,生物毒性,生物毒性,match,
candidate_whitelist,wm_waterquality_month_records,m30_count,记录数30,记录数30,match,
candidate_whitelist,wm_waterquality_month_records,m31_value,大肠杆菌,大肠杆菌,match,
candidate_whitelist,wm_waterquality_month_records,m31_count,记录数31,记录数31,match,
candidate_whitelist,wm_waterquality_month_records,monitor_time,监测时间,监测时间,match,
candidate_whitelist,wm_waterquality_month_records,monitor_year,监测年份,监测年份,match,
candidate_whitelist,wm_waterquality_month_records,monitor_month,监测月份,监测月份,match,
candidate_whitelist,wm_waterquality_month_records,record_type,记录类型：0 自动、1 手工,记录类型：0 自动、1 手工,match,
candidate_whitelist,wm_waterquality_month_records,water_quality_level,水质级别,水质级别,match,
candidate_whitelist,wm_waterquality_month_records,main_pollutant,主要污染物，逗号连接,主要污染物，逗号连接,match,
candidate_whitelist,wm_waterquality_month_records,remark,备注,备注,match,
candidate_whitelist,wm_waterquality_month_records,create_by,创建人,创建人,match,
candidate_whitelist,wm_waterquality_month_records,create_time,创建时间,创建时间,match,
candidate_whitelist,wm_waterquality_month_records,update_by,更新人,更新人,match,
candidate_whitelist,wm_waterquality_month_records,update_time,更新时间,更新时间,match,
candidate_whitelist,wm_waterquality_month_records,del_flag,删除标记：0 未删除、1 已删除,删除标记：0 未删除、1 已删除,match,
candidate_whitelist,wm_waterquality_threshold,id,id,id,match,
candidate_whitelist,wm_waterquality_threshold,station_id,监测站id,监测站id,match,
candidate_whitelist,wm_waterquality_threshold,m1_value,水温阈值(℃),水温阈值(℃),match,
candidate_whitelist,wm_waterquality_threshold,m2_value,pH阈值(无量纲),pH阈值(无量纲),match,
candidate_whitelist,wm_waterquality_threshold,m3_value,溶解氧阈值(mg/L),溶解氧阈值(mg/L),match,
candidate_whitelist,wm_waterquality_threshold,m4_value,浊度阈值(NTU),浊度阈值(NTU),match,
candidate_whitelist,wm_waterquality_threshold,m5_value,电导率阈值(μS/cm),电导率阈值(μS/cm),match,
candidate_whitelist,wm_waterquality_threshold,m6_value,氨氮阈值(mg/L),氨氮阈值(mg/L),match,
candidate_whitelist,wm_waterquality_threshold,m7_value,高锰酸盐指数阈值(mg/L),高锰酸盐指数阈值(mg/L),match,
candidate_whitelist,wm_waterquality_threshold,m8_value,总磷阈值(mg/L),总磷阈值(mg/L),match,
candidate_whitelist,wm_waterquality_threshold,m9_value,总氮阈值(mg/L),总氮阈值(mg/L),match,
candidate_whitelist,wm_waterquality_threshold,m10_value,叶绿素a阈值(ug/L),叶绿素a阈值(ug/L),match,
candidate_whitelist,wm_waterquality_threshold,m11_value,藻密度阈值(cell/mL),藻密度阈值(cell/mL),match,
candidate_whitelist,wm_waterquality_threshold,m12_value,化学需氧量阈值(mg/L),化学需氧量阈值(mg/L),match,
candidate_whitelist,wm_waterquality_threshold,m13_value,五日生化需氧量阈值(mg/L),五日生化需氧量阈值(mg/L),match,
candidate_whitelist,wm_waterquality_threshold,m14_value,铜阈值(mg/L),铜阈值(mg/L),match,
candidate_whitelist,wm_waterquality_threshold,m15_value,硒阈值(mg/L),硒阈值(mg/L),match,
candidate_whitelist,wm_waterquality_threshold,m16_value,锌阈值(mg/L),锌阈值(mg/L),match,
candidate_whitelist,wm_waterquality_threshold,m17_value,氟化物阈值(mg/L),氟化物阈值(mg/L),match,
candidate_whitelist,wm_waterquality_threshold,m18_value,砷阈值(mg/L),砷阈值(mg/L),match,
candidate_whitelist,wm_waterquality_threshold,m19_value,汞阈值(mg/L),汞阈值(mg/L),match,
candidate_whitelist,wm_waterquality_threshold,m20_value,镉阈值(mg/L),镉阈值(mg/L),match,
candidate_whitelist,wm_waterquality_threshold,m21_value,铬阈值(mg/L),铬阈值(mg/L),match,
candidate_whitelist,wm_waterquality_threshold,m22_value,铅阈值(mg/L),铅阈值(mg/L),match,
candidate_whitelist,wm_waterquality_threshold,m23_value,氰化物阈值(mg/L),氰化物阈值(mg/L),match,
candidate_whitelist,wm_waterquality_threshold,m24_value,挥发酚阈值(mg/L),挥发酚阈值(mg/L),match,
candidate_whitelist,wm_waterquality_threshold,m25_value,石油类阈值(mg/L),石油类阈值(mg/L),match,
candidate_whitelist,wm_waterquality_threshold,m26_value,阴离子表面活性剂阈值(mg/L),阴离子表面活性剂阈值(mg/L),match,
candidate_whitelist,wm_waterquality_threshold,m27_value,硫化物阈值(mg/L),硫化物阈值(mg/L),match,
candidate_whitelist,wm_waterquality_threshold,m28_value,水中油阈值(mg/L),水中油阈值(mg/L),match,
candidate_whitelist,wm_waterquality_threshold,m29_value,硝酸盐阈值(mg/L),硝酸盐阈值(mg/L),match,
candidate_whitelist,wm_waterquality_threshold,m30_value,生物毒性阈值(%),生物毒性阈值(%),match,
candidate_whitelist,wm_waterquality_threshold,m31_value,大肠杆菌阈值(cell/L),大肠杆菌阈值(cell/L),match,
candidate_whitelist,wm_waterquality_threshold,create_by,创建人,创建人,match,
candidate_whitelist,wm_waterquality_threshold,create_time,创建时间,创建时间,match,
candidate_whitelist,wm_waterquality_threshold,update_by,更新人,更新人,match,
candidate_whitelist,wm_waterquality_threshold,update_time,更新时间,更新时间,match,
candidate_whitelist,wm_waterquality_threshold,del_flag,删除标记：0 未删除、1 已删除,删除标记：0 未删除、1 已删除,match,
candidate_whitelist,wm_waterquality_year_records,id,id,id,match,
candidate_whitelist,wm_waterquality_year_records,station_id,站点id,站点id,match,
candidate_whitelist,wm_waterquality_year_records,section_id,断面id,断面id,match,
candidate_whitelist,wm_waterquality_year_records,m1_value,水温监测值,水温监测值,match,
candidate_whitelist,wm_waterquality_year_records,m1_count,记录数1,记录数1,match,
candidate_whitelist,wm_waterquality_year_records,m2_value,PH监测值,PH监测值,match,
candidate_whitelist,wm_waterquality_year_records,m2_count,记录数2,记录数2,match,
candidate_whitelist,wm_waterquality_year_records,m3_value,溶解氧监测值,溶解氧监测值,match,
candidate_whitelist,wm_waterquality_year_records,m3_count,记录数3,记录数3,match,
candidate_whitelist,wm_waterquality_year_records,m4_value,浊度监测值,浊度监测值,match,
candidate_whitelist,wm_waterquality_year_records,m4_count,记录数4,记录数4,match,
candidate_whitelist,wm_waterquality_year_records,m5_value,电导率监测值,电导率监测值,match,
candidate_whitelist,wm_waterquality_year_records,m5_count,记录数5,记录数5,match,
candidate_whitelist,wm_waterquality_year_records,m6_value,氨氮监测值,氨氮监测值,match,
candidate_whitelist,wm_waterquality_year_records,m6_count,记录数6,记录数6,match,
candidate_whitelist,wm_waterquality_year_records,m7_value,高锰酸盐指数监测值,高锰酸盐指数监测值,match,
candidate_whitelist,wm_waterquality_year_records,m7_count,记录数7,记录数7,match,
candidate_whitelist,wm_waterquality_year_records,m8_value,总磷监测值,总磷监测值,match,
candidate_whitelist,wm_waterquality_year_records,m8_count,记录数8,记录数8,match,
candidate_whitelist,wm_waterquality_year_records,m9_value,总氮监测值,总氮监测值,match,
candidate_whitelist,wm_waterquality_year_records,m9_count,记录数9,记录数9,match,
candidate_whitelist,wm_waterquality_year_records,m10_value,化学需氧量监测值,化学需氧量监测值,match,
candidate_whitelist,wm_waterquality_year_records,m10_count,记录数10,记录数10,match,
candidate_whitelist,wm_waterquality_year_records,m11_value,监测值,监测值,match,
candidate_whitelist,wm_waterquality_year_records,m11_count,记录数11,记录数11,match,
candidate_whitelist,wm_waterquality_year_records,m12_value,监测值,监测值,match,
candidate_whitelist,wm_waterquality_year_records,m12_count,记录数12,记录数12,match,
candidate_whitelist,wm_waterquality_year_records,m13_value,监测值,监测值,match,
candidate_whitelist,wm_waterquality_year_records,m13_count,记录数13,记录数13,match,
candidate_whitelist,wm_waterquality_year_records,m14_value,监测值,监测值,match,
candidate_whitelist,wm_waterquality_year_records,m14_count,记录数14,记录数14,match,
candidate_whitelist,wm_waterquality_year_records,m15_value,监测值,监测值,match,
candidate_whitelist,wm_waterquality_year_records,m15_count,记录数15,记录数15,match,
candidate_whitelist,wm_waterquality_year_records,m16_value,监测值,监测值,match,
candidate_whitelist,wm_waterquality_year_records,m16_count,记录数16,记录数16,match,
candidate_whitelist,wm_waterquality_year_records,m17_value,监测值,监测值,match,
candidate_whitelist,wm_waterquality_year_records,m17_count,记录数17,记录数17,match,
candidate_whitelist,wm_waterquality_year_records,m18_value,监测值,监测值,match,
candidate_whitelist,wm_waterquality_year_records,m18_count,记录数18,记录数18,match,
candidate_whitelist,wm_waterquality_year_records,m19_value,监测值,监测值,match,
candidate_whitelist,wm_waterquality_year_records,m19_count,记录数19,记录数19,match,
candidate_whitelist,wm_waterquality_year_records,m20_value,监测值,监测值,match,
candidate_whitelist,wm_waterquality_year_records,m20_count,记录数20,记录数20,match,
candidate_whitelist,wm_waterquality_year_records,m21_value,监测值,监测值,match,
candidate_whitelist,wm_waterquality_year_records,m21_count,记录数21,记录数21,match,
candidate_whitelist,wm_waterquality_year_records,m22_value,监测值,监测值,match,
candidate_whitelist,wm_waterquality_year_records,m22_count,记录数22,记录数22,match,
candidate_whitelist,wm_waterquality_year_records,m23_value,监测值,监测值,match,
candidate_whitelist,wm_waterquality_year_records,m23_count,记录数23,记录数23,match,
candidate_whitelist,wm_waterquality_year_records,m24_value,监测值,监测值,match,
candidate_whitelist,wm_waterquality_year_records,m24_count,记录数24,记录数24,match,
candidate_whitelist,wm_waterquality_year_records,m25_value,监测值,监测值,match,
candidate_whitelist,wm_waterquality_year_records,m25_count,记录数25,记录数25,match,
candidate_whitelist,wm_waterquality_year_records,m26_value,监测值,监测值,match,
candidate_whitelist,wm_waterquality_year_records,m26_count,记录数26,记录数26,match,
candidate_whitelist,wm_waterquality_year_records,m27_value,监测值,监测值,match,
candidate_whitelist,wm_waterquality_year_records,m27_count,记录数27,记录数27,match,
candidate_whitelist,wm_waterquality_year_records,m28_value,监测值,监测值,match,
candidate_whitelist,wm_waterquality_year_records,m28_count,记录数28,记录数28,match,
candidate_whitelist,wm_waterquality_year_records,monitor_time,监测时间,监测时间,match,
candidate_whitelist,wm_waterquality_year_records,monitor_year,监测年份,监测年份,match,
candidate_whitelist,wm_waterquality_year_records,monitor_month,监测月份,监测月份,match,
candidate_whitelist,wm_waterquality_year_records,record_type,记录类型：0 自动、1 手工,记录类型：0 自动、1 手工,match,
candidate_whitelist,wm_waterquality_year_records,water_quality_level,水质级别,水质级别,match,
candidate_whitelist,wm_waterquality_year_records,main_pollutant,主要污染物，逗号连接,主要污染物，逗号连接,match,
candidate_whitelist,wm_waterquality_year_records,remark,备注,备注,match,
candidate_whitelist,wm_waterquality_year_records,create_by,创建人,创建人,match,
candidate_whitelist,wm_waterquality_year_records,create_time,创建时间,创建时间,match,
candidate_whitelist,wm_waterquality_year_records,update_by,更新人,更新人,match,
candidate_whitelist,wm_waterquality_year_records,update_time,更新时间,更新时间,match,
candidate_whitelist,wm_waterquality_year_records,del_flag,删除标记：0 未删除、1 已删除,删除标记：0 未删除、1 已删除,match,
candidate_whitelist,wst_asset,id,主键ID,主键ID,match,
candidate_whitelist,wst_asset,asset_code,资产编码,资产编码,match,
candidate_whitelist,wst_asset,asset_name,资产名称,资产名称,match,
candidate_whitelist,wst_asset,asset_type,资产类型，例如 national_section、provincial_section、auto_station、outfall、water_enterprise、chemical_park、wwtp、water_intake、camera、accident_pool、park_pipe、park_river,资产类型，例如 national_section、provincial_section、auto_station、outfall、water_enterprise、chemical_park、wwtp、water_intake、camera、accident_pool、park_pipe、park_river,match,
candidate_whitelist,wst_asset,asset_subtype,资产子类型，用于进一步细分资产类型，例如雨水排口、污水排口、永久闸、临时闸、主管、支管,资产子类型，用于进一步细分资产类型，例如雨水排口、污水排口、永久闸、临时闸、主管、支管,match,
candidate_whitelist,wst_asset,zone_id,默认所属分区ID，关联 wst_control_zone.id，用于列表过滤、统计、权限、地图筛选,默认所属分区ID，关联 wst_control_zone.id，用于列表过滤、统计、权限、地图筛选,match,
candidate_whitelist,wst_asset,source_system,数据来源系统，例如 manual=手工录入，permit=排污许可系统，monitor=监测系统，gis=GIS导入,数据来源系统，例如 manual=手工录入，permit=排污许可系统，monitor=监测系统，gis=GIS导入,match,
candidate_whitelist,wst_asset,source_id,来源系统中的原始ID,来源系统中的原始ID,match,
candidate_whitelist,wst_asset,administrative_region_code,行政区划编码,行政区划编码,match,
candidate_whitelist,wst_asset,administrative_region_name,行政区划名称,行政区划名称,match,
candidate_whitelist,wst_asset,address,详细地址,详细地址,match,
candidate_whitelist,wst_asset,river_name,关联河流名称,关联河流名称,match,
candidate_whitelist,wst_asset,river_code,关联河流编码,关联河流编码,match,
candidate_whitelist,wst_asset,basin_code,所属流域编码,所属流域编码,match,
candidate_whitelist,wst_asset,longitude,经度,经度,match,
candidate_whitelist,wst_asset,latitude,纬度,纬度,match,
candidate_whitelist,wst_asset,elevation,高程，单位米,高程，单位米,match,
candidate_whitelist,wst_asset,status,状态：active=启用，disabled=停用，candidate=候选，invalid=无效,状态：active=启用，disabled=停用，candidate=候选，invalid=无效,match,
candidate_whitelist,wst_asset,geom,资产空间几何，点、线、面均可，坐标系SRID=4326,资产空间几何，点、线、面均可，坐标系SRID=4326,match,
candidate_whitelist,wst_asset,metadata_json,扩展属性JSON，用于存储行业类型、污染物类型、许可证号、联系人、监测因子等扩展信息,扩展属性JSON，用于存储行业类型、污染物类型、许可证号、联系人、监测因子等扩展信息,match,
candidate_whitelist,wst_asset,remark,备注,备注,match,
candidate_whitelist,wst_asset,created_by,创建人,创建人,match,
candidate_whitelist,wst_asset,created_at,创建时间,创建时间,match,
candidate_whitelist,wst_asset,updated_by,更新人,更新人,match,
candidate_whitelist,wst_asset,updated_at,更新时间,更新时间,match,
candidate_whitelist,wst_asset,del_flag,逻辑删除标记：0=未删除，1=已删除,逻辑删除标记：0=未删除，1=已删除,match,
candidate_whitelist,wst_asset_relation,id,主键ID,主键ID,match,
candidate_whitelist,wst_asset_relation,source_asset_id,源资产ID，对应 wst_asset.id,源资产ID，对应 wst_asset.id,match,
candidate_whitelist,wst_asset_relation,target_asset_id,目标资产ID，对应 wst_asset.id,目标资产ID，对应 wst_asset.id,match,
candidate_whitelist,wst_asset_relation,relation_type,关系大类编码，对应 wst_relation_type_dict.type_code,关系大类编码，对应 wst_relation_type_dict.type_code,match,
candidate_whitelist,wst_asset_relation,relation_subtype,关系子类编码，对应 wst_relation_subtype_dict.relation_subtype,关系子类编码，对应 wst_relation_subtype_dict.relation_subtype,match,
candidate_whitelist,wst_asset_relation,source_type,关系来源，可选 manual、import、spatial、system,关系来源，可选 manual、import、spatial、system,match,
candidate_whitelist,wst_asset_relation,confidence,置信度,置信度,match,
candidate_whitelist,wst_asset_relation,status,状态，可选 confirmed、candidate、disabled,状态，可选 confirmed、candidate、disabled,match,
candidate_whitelist,wst_asset_relation,metadata_json,扩展信息，例如备注、导入来源、原始字段等,扩展信息，例如备注、导入来源、原始字段等,match,
candidate_whitelist,wst_asset_relation,created_at,创建时间,创建时间,match,
candidate_whitelist,wst_asset_relation,updated_at,更新时间,更新时间,match,
candidate_whitelist,wst_asset_trace_snap,id,主键ID,主键ID,match,
candidate_whitelist,wst_asset_trace_snap,asset_id,资产ID，关联 wst_asset.id,资产ID，关联 wst_asset.id,match,
candidate_whitelist,wst_asset_trace_snap,trace_node_id,挂接后的拓扑节点ID，关联 wst_trace_node.id，pgRouting 查询必须从该节点出发,挂接后的拓扑节点ID，关联 wst_trace_node.id，pgRouting 查询必须从该节点出发,match,
candidate_whitelist,wst_asset_trace_snap,trace_edge_id,原始挂接边ID，关联 wst_trace_edge.id，仅作为来源记录或展示辅助字段，不作为 pgRouting 起点,原始挂接边ID，关联 wst_trace_edge.id，仅作为来源记录或展示辅助字段，不作为 pgRouting 起点,match,
candidate_whitelist,wst_asset_trace_snap,snap_point_geom,资产在拓扑网络上的实际挂接点坐标，坐标系SRID=4326,资产在拓扑网络上的实际挂接点坐标，坐标系SRID=4326,match,
candidate_whitelist,wst_asset_trace_snap,asset_point_geom,资产原始点坐标，主要用于记录资产原始位置,资产原始点坐标，主要用于记录资产原始位置,match,
candidate_whitelist,wst_asset_trace_snap,distance_m,资产原始位置到挂接点的距离，单位米,资产原始位置到挂接点的距离，单位米,match,
candidate_whitelist,wst_asset_trace_snap,snap_type,挂接类型：node=挂接到已有节点，split_edge=挂接到边中间并拆边，manual=人工指定,挂接类型：node=挂接到已有节点，split_edge=挂接到边中间并拆边，manual=人工指定,match,
candidate_whitelist,wst_asset_trace_snap,snap_role,挂接角色，例如 discharge_point=排放进入点，monitor_point=监测点，intake_point=取水点，gate_control_point=闸口控制点，pipe_inlet=管网入口，pipe_outlet=管网出口，emergency_point=应急点,挂接角色，例如 discharge_point=排放进入点，monitor_point=监测点，intake_point=取水点，gate_control_point=闸口控制点，pipe_inlet=管网入口，pipe_outlet=管网出口，emergency_point=应急点,match,
candidate_whitelist,wst_asset_trace_snap,snap_method,挂接方法：nearest_node=最近节点，nearest_edge=最近边，manual=人工，import=导入,挂接方法：nearest_node=最近节点，nearest_edge=最近边，manual=人工，import=导入,match,
candidate_whitelist,wst_asset_trace_snap,snap_status,挂接状态：candidate=候选，confirmed=已确认，invalid=无效,挂接状态：candidate=候选，confirmed=已确认，invalid=无效,match,
candidate_whitelist,wst_asset_trace_snap,is_primary,是否主挂接点，同一个资产存在多个挂接点时用于标记主挂接点,是否主挂接点，同一个资产存在多个挂接点时用于标记主挂接点,match,
candidate_whitelist,wst_asset_trace_snap,confidence,挂接置信度，0-1之间,挂接置信度，0-1之间,match,
candidate_whitelist,wst_asset_trace_snap,confirmed_by,确认人,确认人,match,
candidate_whitelist,wst_asset_trace_snap,confirmed_at,确认时间,确认时间,match,
candidate_whitelist,wst_asset_trace_snap,metadata_json,扩展属性JSON，用于存储挂接算法参数、候选边、候选节点等信息,扩展属性JSON，用于存储挂接算法参数、候选边、候选节点等信息,match,
candidate_whitelist,wst_asset_trace_snap,remark,备注,备注,match,
candidate_whitelist,wst_asset_trace_snap,created_by,创建人,创建人,match,
candidate_whitelist,wst_asset_trace_snap,created_at,创建时间,创建时间,match,
candidate_whitelist,wst_asset_trace_snap,updated_by,更新人,更新人,match,
candidate_whitelist,wst_asset_trace_snap,updated_at,更新时间,更新时间,match,
candidate_whitelist,wst_asset_trace_snap,del_flag,逻辑删除标记：0=未删除，1=已删除,逻辑删除标记：0=未删除，1=已删除,match,
candidate_whitelist,wst_asset_trace_snap,network_type,网络类型，例如 river=外部河网，park_pipe=园区管网，park_river=园区内部排污河流，mixed=混合衔接网络,网络类型，例如 river=外部河网，park_pipe=园区管网，park_river=园区内部排污河流，mixed=混合衔接网络,match,
candidate_whitelist,wst_asset_type_dict,id,主键ID,主键ID,match,
candidate_whitelist,wst_asset_type_dict,asset_type,资产类型编码，例如 national_section、auto_station、outfall、water_enterprise、chemical_park、camera,资产类型编码，例如 national_section、auto_station、outfall、water_enterprise、chemical_park、camera,match,
candidate_whitelist,wst_asset_type_dict,asset_type_name,资产类型名称，例如国控断面、自动站、排污口、涉水企业、化工园区、摄像头,资产类型名称，例如国控断面、自动站、排污口、涉水企业、化工园区、摄像头,match,
candidate_whitelist,wst_asset_type_dict,parent_type,上级资产类型编码，用于资产类型分组,上级资产类型编码，用于资产类型分组,match,
candidate_whitelist,wst_asset_type_dict,category,资产分类，例如 monitoring=监测类，pollution=污染源类，supervision=监管类，emergency=应急类，network=网络类,资产分类，例如 monitoring=监测类，pollution=污染源类，supervision=监管类，emergency=应急类，network=网络类,match,
candidate_whitelist,wst_asset_type_dict,geometry_type,默认几何类型：Point、LineString、Polygon、Geometry,默认几何类型：Point、LineString、Polygon、Geometry,match,
candidate_whitelist,wst_asset_type_dict,icon_name,前端图标名称,前端图标名称,match,
candidate_whitelist,wst_asset_type_dict,layer_name,前端图层名称,前端图层名称,match,
candidate_whitelist,wst_asset_type_dict,default_visible,地图上是否默认显示,地图上是否默认显示,match,
candidate_whitelist,wst_asset_type_dict,sort_no,排序号,排序号,match,
candidate_whitelist,wst_asset_type_dict,status,状态：active=启用，disabled=停用,状态：active=启用，disabled=停用,match,
candidate_whitelist,wst_asset_type_dict,metadata_json,扩展属性JSON,扩展属性JSON,match,
candidate_whitelist,wst_asset_type_dict,remark,备注,备注,match,
candidate_whitelist,wst_asset_type_dict,created_by,创建人,创建人,match,
candidate_whitelist,wst_asset_type_dict,created_at,创建时间,创建时间,match,
candidate_whitelist,wst_asset_type_dict,updated_by,更新人,更新人,match,
candidate_whitelist,wst_asset_type_dict,updated_at,更新时间,更新时间,match,
candidate_whitelist,wst_asset_type_dict,del_flag,逻辑删除标记：0=未删除，1=已删除,逻辑删除标记：0=未删除，1=已删除,match,
candidate_whitelist,wst_control_zone,id,主键ID,主键ID,match,
candidate_whitelist,wst_control_zone,zone_code,分区编码,分区编码,match,
candidate_whitelist,wst_control_zone,zone_name,分区名称,分区名称,match,
candidate_whitelist,wst_control_zone,zone_level,分区级别：1=一级国控断面控制单元，2=二级自动站分区，3=三级工业园区/分水岭分区,分区级别：1=一级国控断面控制单元，2=二级自动站分区，3=三级工业园区/分水岭分区,match,
candidate_whitelist,wst_control_zone,parent_id,上级分区ID，一级分区为空,上级分区ID，一级分区为空,match,
candidate_whitelist,wst_control_zone,divide_basis,分区划分依据，例如国控断面、自动站、工业园区、分水岭、排水片区,分区划分依据，例如国控断面、自动站、工业园区、分水岭、排水片区,match,
candidate_whitelist,wst_control_zone,zone_type,分区类型，例如 control_unit=控制单元，station_unit=自动站单元，park_unit=园区单元，watershed_unit=分水岭单元,分区类型，例如 control_unit=控制单元，station_unit=自动站单元，park_unit=园区单元，watershed_unit=分水岭单元,match,
candidate_whitelist,wst_control_zone,basin_code,流域编码,流域编码,match,
candidate_whitelist,wst_control_zone,river_system_code,水系编码,水系编码,match,
candidate_whitelist,wst_control_zone,sort_no,排序号,排序号,match,
candidate_whitelist,wst_control_zone,status,状态：active=启用，disabled=停用,状态：active=启用，disabled=停用,match,
candidate_whitelist,wst_control_zone,geom,分区边界面几何，坐标系SRID=4326,分区边界面几何，坐标系SRID=4326,match,
candidate_whitelist,wst_control_zone,metadata_json,扩展属性JSON，用于存储外部系统ID、原始导入字段等不常用于查询的内容,扩展属性JSON，用于存储外部系统ID、原始导入字段等不常用于查询的内容,match,
candidate_whitelist,wst_control_zone,remark,备注,备注,match,
candidate_whitelist,wst_control_zone,created_by,创建人,创建人,match,
candidate_whitelist,wst_control_zone,created_at,创建时间,创建时间,match,
candidate_whitelist,wst_control_zone,updated_by,更新人,更新人,match,
candidate_whitelist,wst_control_zone,updated_at,更新时间,更新时间,match,
candidate_whitelist,wst_control_zone,del_flag,逻辑删除标记：0=未删除，1=已删除,逻辑删除标记：0=未删除，1=已删除,match,
candidate_whitelist,wst_layer_river,created_at,创建时间,创建时间,match,
candidate_whitelist,wst_layer_river,updated_at,更新时间,更新时间,match,
candidate_whitelist,wst_relation_subtype_dict,id,主键ID,主键ID,match,
candidate_whitelist,wst_relation_subtype_dict,relation_type,关系大类编码，对应 wst_relation_type_dict.type_code,关系大类编码，对应 wst_relation_type_dict.type_code,match,
candidate_whitelist,wst_relation_subtype_dict,relation_subtype,关系子类编码，例如 enterprise_outfall,关系子类编码，例如 enterprise_outfall,match,
candidate_whitelist,wst_relation_subtype_dict,relation_name,关系子类中文名称，例如 企业关联排污口,关系子类中文名称，例如 企业关联排污口,match,
candidate_whitelist,wst_relation_subtype_dict,source_type_codes,允许作为源对象的资产类型，多个用英文逗号分隔,允许作为源对象的资产类型，多个用英文逗号分隔,match,
candidate_whitelist,wst_relation_subtype_dict,target_type_codes,允许作为目标对象的资产类型，多个用英文逗号分隔,允许作为目标对象的资产类型，多个用英文逗号分隔,match,
candidate_whitelist,wst_relation_subtype_dict,source_label,源对象中文标签,源对象中文标签,match,
candidate_whitelist,wst_relation_subtype_dict,target_label,目标对象中文标签,目标对象中文标签,match,
candidate_whitelist,wst_relation_subtype_dict,direction_desc,标准方向说明，例如 企业 → 排污口,标准方向说明，例如 企业 → 排污口,match,
candidate_whitelist,wst_relation_subtype_dict,allow_manual,是否允许人工录入,是否允许人工录入,match,
candidate_whitelist,wst_relation_subtype_dict,allow_import,是否允许导入,是否允许导入,match,
candidate_whitelist,wst_relation_subtype_dict,allow_graph_edit,是否允许图谱编辑,是否允许图谱编辑,match,
candidate_whitelist,wst_relation_subtype_dict,allow_map_draw,是否允许地图连线绘制,是否允许地图连线绘制,match,
candidate_whitelist,wst_relation_subtype_dict,default_confidence,默认置信度,默认置信度,match,
candidate_whitelist,wst_relation_subtype_dict,sort_order,排序号,排序号,match,
candidate_whitelist,wst_relation_subtype_dict,status,状态，active 表示启用,状态，active 表示启用,match,
candidate_whitelist,wst_relation_subtype_dict,description,关系子类说明,关系子类说明,match,
candidate_whitelist,wst_relation_subtype_dict,created_at,创建时间,创建时间,match,
candidate_whitelist,wst_relation_subtype_dict,updated_at,更新时间,更新时间,match,
candidate_whitelist,wst_relation_type_dict,id,主键ID,主键ID,match,
candidate_whitelist,wst_relation_type_dict,type_code,关系大类编码，例如 ownership、discharge、monitoring,关系大类编码，例如 ownership、discharge、monitoring,match,
candidate_whitelist,wst_relation_type_dict,type_name,关系大类名称,关系大类名称,match,
candidate_whitelist,wst_relation_type_dict,description,关系大类说明,关系大类说明,match,
candidate_whitelist,wst_relation_type_dict,sort_order,排序号,排序号,match,
candidate_whitelist,wst_relation_type_dict,status,状态，active 表示启用,状态，active 表示启用,match,
candidate_whitelist,wst_relation_type_dict,created_at,创建时间,创建时间,match,
candidate_whitelist,wst_relation_type_dict,updated_at,更新时间,更新时间,match,
candidate_whitelist,wst_trace_edge,id,主键ID，同时作为 pgRouting 的边ID,主键ID，同时作为 pgRouting 的边ID,match,
candidate_whitelist,wst_trace_edge,edge_code,边编码,边编码,match,
candidate_whitelist,wst_trace_edge,edge_name,边名称,边名称,match,
candidate_whitelist,wst_trace_edge,source,起点拓扑节点ID，关联 wst_trace_node.id，约定为默认水流方向的上游节点,起点拓扑节点ID，关联 wst_trace_node.id，约定为默认水流方向的上游节点,match,
candidate_whitelist,wst_trace_edge,target,终点拓扑节点ID，关联 wst_trace_node.id，约定为默认水流方向的下游节点,终点拓扑节点ID，关联 wst_trace_node.id，约定为默认水流方向的下游节点,match,
candidate_whitelist,wst_trace_edge,edge_type,边类型，例如 river=河道，pipe=管线，park_pipe=园区管网，park_river=园区内部排污河流，discharge=排放连接边，boundary=边界衔接边,边类型，例如 river=河道，pipe=管线，park_pipe=园区管网，park_river=园区内部排污河流，discharge=排放连接边，boundary=边界衔接边,match,
candidate_whitelist,wst_trace_edge,network_type,网络类型，例如 river=外部河网，park_pipe=园区管网，park_river=园区内部排污河流，mixed=混合衔接网络,网络类型，例如 river=外部河网，park_pipe=园区管网，park_river=园区内部排污河流，mixed=混合衔接网络,match,
candidate_whitelist,wst_trace_edge,from_network,起点所属网络类型，用于表达园区管网到园区河流、园区河流到外部河网的衔接,起点所属网络类型，用于表达园区管网到园区河流、园区河流到外部河网的衔接,match,
candidate_whitelist,wst_trace_edge,to_network,终点所属网络类型，用于表达网络转换关系,终点所属网络类型，用于表达网络转换关系,match,
candidate_whitelist,wst_trace_edge,zone_id,所属分区ID，关联 wst_control_zone.id,所属分区ID，关联 wst_control_zone.id,match,
candidate_whitelist,wst_trace_edge,river_name,河流名称,河流名称,match,
candidate_whitelist,wst_trace_edge,river_code,河流编码,河流编码,match,
candidate_whitelist,wst_trace_edge,pipe_code,管线编码,管线编码,match,
candidate_whitelist,wst_trace_edge,cost,正向通行成本，通常为长度米；source->target 可通行时为正数，不可通行时为-1,正向通行成本，通常为长度米；source->target 可通行时为正数，不可通行时为-1,match,
candidate_whitelist,wst_trace_edge,reverse_cost,反向通行成本；普通单向水流通常为-1，库区/回水/双向场景可设置为正数,反向通行成本；普通单向水流通常为-1，库区/回水/双向场景可设置为正数,match,
candidate_whitelist,wst_trace_edge,length_m,边长度，单位米,边长度，单位米,match,
candidate_whitelist,wst_trace_edge,flow_direction,流向说明，默认 source_to_target 表示 source 到 target 为水流方向,流向说明，默认 source_to_target 表示 source 到 target 为水流方向,match,
candidate_whitelist,wst_trace_edge,flow_mode,流向模式：normal=正常单向，bidirectional=双向，controlled=受控，reservoir=库区/回水，unknown=未知,流向模式：normal=正常单向，bidirectional=双向，controlled=受控，reservoir=库区/回水，unknown=未知,match,
candidate_whitelist,wst_trace_edge,control_mode,控制方式，例如 gate=闸门，pump=泵站，manual=人工控制，temporary_dam=临时筑坝,控制方式，例如 gate=闸门，pump=泵站，manual=人工控制，temporary_dam=临时筑坝,match,
candidate_whitelist,wst_trace_edge,gate_asset_id,关联闸门/闸坝资产ID，关联 wst_asset.id,关联闸门/闸坝资产ID，关联 wst_asset.id,match,
candidate_whitelist,wst_trace_edge,pump_asset_id,关联泵站资产ID，关联 wst_asset.id,关联泵站资产ID，关联 wst_asset.id,match,
candidate_whitelist,wst_trace_edge,is_split_edge,是否由原始边拆分生成,是否由原始边拆分生成,match,
candidate_whitelist,wst_trace_edge,original_edge_id,原始边ID，资产挂接到边中间并拆边时记录来源边,原始边ID，资产挂接到边中间并拆边时记录来源边,match,
candidate_whitelist,wst_trace_edge,status,状态：active=启用，disabled=停用，split=已拆分，invalid=无效,状态：active=启用，disabled=停用，split=已拆分，invalid=无效,match,
candidate_whitelist,wst_trace_edge,geom,边线几何，坐标系SRID=4326,边线几何，坐标系SRID=4326,match,
candidate_whitelist,wst_trace_edge,metadata_json,扩展属性JSON，用于存储管径、材质、坡度、流速、原始河段编码等扩展信息,扩展属性JSON，用于存储管径、材质、坡度、流速、原始河段编码等扩展信息,match,
candidate_whitelist,wst_trace_edge,remark,备注,备注,match,
candidate_whitelist,wst_trace_edge,created_by,创建人,创建人,match,
candidate_whitelist,wst_trace_edge,created_at,创建时间,创建时间,match,
candidate_whitelist,wst_trace_edge,updated_by,更新人,更新人,match,
candidate_whitelist,wst_trace_edge,updated_at,更新时间,更新时间,match,
candidate_whitelist,wst_trace_edge,del_flag,逻辑删除标记：0=未删除，1=已删除,逻辑删除标记：0=未删除，1=已删除,match,
candidate_whitelist,wst_trace_node,id,主键ID，同时作为 pgRouting 的 source/target 节点ID,主键ID，同时作为 pgRouting 的 source/target 节点ID,match,
candidate_whitelist,wst_trace_node,node_code,节点编码,节点编码,match,
candidate_whitelist,wst_trace_node,node_name,节点名称,节点名称,match,
candidate_whitelist,wst_trace_node,node_type,节点类型，例如 river_node、pipe_node、outfall_snap_node、section_snap_node、intake_snap_node、gate_node、park_outlet_node,节点类型，例如 river_node、pipe_node、outfall_snap_node、section_snap_node、intake_snap_node、gate_node、park_outlet_node,match,
candidate_whitelist,wst_trace_node,network_type,网络类型，例如 river=外部河网，park_pipe=园区管网，park_river=园区内部排污河流，mixed=混合衔接网络,网络类型，例如 river=外部河网，park_pipe=园区管网，park_river=园区内部排污河流，mixed=混合衔接网络,match,
candidate_whitelist,wst_trace_node,zone_id,所属分区ID，关联 wst_control_zone.id,所属分区ID，关联 wst_control_zone.id,match,
candidate_whitelist,wst_trace_node,is_boundary_node,是否边界节点，例如园区出口、管网入河口、内外网络衔接点,是否边界节点，例如园区出口、管网入河口、内外网络衔接点,match,
candidate_whitelist,wst_trace_node,boundary_type,边界节点类型，例如 park_outlet、pipe_to_river、river_inlet、external_river_join,边界节点类型，例如 park_outlet、pipe_to_river、river_inlet、external_river_join,match,
candidate_whitelist,wst_trace_node,boundary_name,边界节点名称,边界节点名称,match,
candidate_whitelist,wst_trace_node,source_asset_id,来源资产ID，如果该节点由某个资产生成，可关联 wst_asset.id,来源资产ID，如果该节点由某个资产生成，可关联 wst_asset.id,match,
candidate_whitelist,wst_trace_node,source_system,数据来源系统,数据来源系统,match,
candidate_whitelist,wst_trace_node,source_id,来源系统中的原始ID,来源系统中的原始ID,match,
candidate_whitelist,wst_trace_node,longitude,经度,经度,match,
candidate_whitelist,wst_trace_node,latitude,纬度,纬度,match,
candidate_whitelist,wst_trace_node,elevation,高程，单位米,高程，单位米,match,
candidate_whitelist,wst_trace_node,status,状态：active=启用，disabled=停用，candidate=候选，invalid=无效,状态：active=启用，disabled=停用，candidate=候选，invalid=无效,match,
candidate_whitelist,wst_trace_node,geom,节点点几何，坐标系SRID=4326,节点点几何，坐标系SRID=4326,match,
candidate_whitelist,wst_trace_node,metadata_json,扩展属性JSON,扩展属性JSON,match,
candidate_whitelist,wst_trace_node,remark,备注,备注,match,
candidate_whitelist,wst_trace_node,created_by,创建人,创建人,match,
candidate_whitelist,wst_trace_node,created_at,创建时间,创建时间,match,
candidate_whitelist,wst_trace_node,updated_by,更新人,更新人,match,
candidate_whitelist,wst_trace_node,updated_at,更新时间,更新时间,match,
candidate_whitelist,wst_trace_node,del_flag,逻辑删除标记：0=未删除，1=已删除,逻辑删除标记：0=未删除，1=已删除,match,
candidate_whitelist,wst_trace_topology_issue,object_code,监控对象编码,监控对象编码,match,
candidate_whitelist,wst_trace_topology_issue,created_by,创建人,创建人,match,
candidate_whitelist,wst_trace_topology_issue,created_at,创建时间,创建时间,match,
candidate_whitelist,wst_trace_topology_issue,updated_by,更新人,更新人,match,
candidate_whitelist,wst_trace_topology_issue,updated_at,更新时间,更新时间,match,
candidate_whitelist,wt_service_directory,id,主键id,主键id,match,
candidate_whitelist,wt_service_directory,node_type,节点类型：0 目录、1 服务,节点类型：0 目录、1 服务,match,
candidate_whitelist,wt_service_directory,code,code 唯一,code 唯一,match,
candidate_whitelist,wt_service_directory,pid,父id,父id,match,
candidate_whitelist,wt_service_directory,id_path,id路径，逗号连接,id路径，逗号连接,match,
candidate_whitelist,wt_service_directory,name,服务名称,服务名称,match,
candidate_whitelist,wt_service_directory,rest_url,接口服务地址,接口服务地址,match,
candidate_whitelist,wt_service_directory,service_type,服务类型：0 WMS、1 WMTS、2 REST接口 、3 公司出图服务 HGTWMS 4 arcgis服务、5 geoserver服务,服务类型：0 WMS、1 WMTS、2 REST接口 、3 公司出图服务 HGTWMS 4 arcgis服务、5 geoserver服务,match,
candidate_whitelist,wt_service_directory,x_min,x最小值,x最小值,match,
candidate_whitelist,wt_service_directory,x_max,x最大值,x最大值,match,
candidate_whitelist,wt_service_directory,y_min,y最小值,y最小值,match,
candidate_whitelist,wt_service_directory,y_max,y最大值,y最大值,match,
candidate_whitelist,wt_service_directory,srs,坐标系，WKID表示,坐标系，WKID表示,match,
candidate_whitelist,wt_service_directory,scale,在一定比例尺下才显示,在一定比例尺下才显示,match,
candidate_whitelist,wt_service_directory,method,接口服务请求方式：0 GET、1 POST,接口服务请求方式：0 GET、1 POST,match,
candidate_whitelist,wt_service_directory,geometry_type,几何类型：1 点、2 线、3 面、4 三维模型、5 影像,几何类型：1 点、2 线、3 面、4 三维模型、5 影像,match,
candidate_whitelist,wt_service_directory,weidu,维度：0 二维、1 三维,维度：0 二维、1 三维,match,
candidate_whitelist,wt_service_directory,sort,排序号,排序号,match,
candidate_whitelist,wt_service_directory,check_type,是否选中：0 未选中、1 已选中,是否选中：0 未选中、1 已选中,match,
candidate_whitelist,wt_service_directory,remark,备注,备注,match,
candidate_whitelist,wt_service_directory,create_by,创建人,创建人,match,
candidate_whitelist,wt_service_directory,create_time,创建时间,创建时间,match,
candidate_whitelist,wt_service_directory,update_by,更新人,更新人,match,
candidate_whitelist,wt_service_directory,update_time,更新时间,更新时间,match,
candidate_whitelist,wt_service_directory,del_flag,删除标记：0 未删除、1 已删除,删除标记：0 未删除、1 已删除,match,
candidate_whitelist,wt_warnparm_config,id,id,id,match,
candidate_whitelist,wt_warnparm_config,indicator_code,监测指标编号,监测指标编号,match,
candidate_whitelist,wt_warnparm_config,l1_value,一级,一级,match,
candidate_whitelist,wt_warnparm_config,l2_value,二级,二级,match,
candidate_whitelist,wt_warnparm_config,l3_value,三级,三级,match,
candidate_whitelist,wt_warnparm_config,l4_value,四级,四级,match,
candidate_whitelist,wt_warnparm_config,l5_value,五级,五级,match,
candidate_whitelist,wt_warnparm_config,zero,零点核查,零点核查,match,
candidate_whitelist,wt_warnparm_config,zero_drift,24小时零点漂移,24小时零点漂移,match,
candidate_whitelist,wt_warnparm_config,span,跨度核查,跨度核查,match,
candidate_whitelist,wt_warnparm_config,span_drift,24小时跨度漂移,24小时跨度漂移,match,
candidate_whitelist,wt_warnparm_config,compare,比较方式：0 无；1 ≤；2 ≥,比较方式：0 无；1 ≤；2 ≥,match,
candidate_whitelist,wt_warnparm_config,type,0 河流，1 湖泊,0 河流，1 湖泊,match,
candidate_whitelist,wt_warnparm_config,possible_value,可能发生污染的告警值,可能发生污染的告警值,match,
candidate_whitelist,wt_warnparm_config,remove_warn_value,消除预警的参数值,消除预警的参数值,match,
candidate_whitelist,wt_warnparm_config,frequency,监测频率（小时计）,监测频率（小时计）,match,
candidate_whitelist,wt_warnparm_config,create_by,创建人,创建人,match,
candidate_whitelist,wt_warnparm_config,create_time,创建时间,创建时间,match,
candidate_whitelist,wt_warnparm_config,update_by,更新人,更新人,match,
candidate_whitelist,wt_warnparm_config,update_time,更新时间,更新时间,match,
candidate_whitelist,wt_warnparm_config,del_flag,删除标记：0 未删除、1 已删除,删除标记：0 未删除、1 已删除,match,
safe_candidate_only,ad_dict,row_id,ROW_ID,ROW_ID,match,
safe_candidate_only,ad_dict,list_type,列表类型,列表类型,match,
safe_candidate_only,ad_dict,list_type_desc,列表描述,列表描述,match,
safe_candidate_only,ad_dict,item_code,列表项代码,列表项代码,match,
safe_candidate_only,ad_dict,item_name,列表项名称,列表项名称,match,
safe_candidate_only,ad_dict,taxis_no,排序码,排序码,match,
safe_candidate_only,ad_dict,origin_flag,数据来源的标志：[]或[I]-(Input)系统录入;[O]-(Out)外部接口导入;[S]-(System)系统保留。本标志不能挪为它用。,数据来源的标志：[]或[I]-(Input)系统录入;[O]-(Out)外部接口导入;[S]-(System)系统保留。本标志不能挪为它用。,match,
safe_candidate_only,ad_dict,origin_app,数据来源应用的代码,数据来源应用的代码,match,
safe_candidate_only,ad_dict,modification_num,记录修改次数,记录修改次数,match,
safe_candidate_only,cf_auto_build_flag,manual_auto,0 手动处理、1 自动处理,0 手动处理、1 自动处理,match,
safe_candidate_only,day_quality_records,span_value5,氨氮仪器跨度值,氨氮仪器跨度值,match,
safe_candidate_only,day_quality_records,check_value5,氨氮零点/跨度核查数据,氨氮零点/跨度核查数据,match,
safe_candidate_only,day_quality_records,standard_value5,氨氮标准样浓度,氨氮标准样浓度,match,
safe_candidate_only,day_quality_records,monitor_time5,氨氮监测时间,氨氮监测时间,match,
safe_candidate_only,day_quality_records,span_value6,高锰酸盐指数仪器跨度值,高锰酸盐指数仪器跨度值,match,
safe_candidate_only,day_quality_records,check_value6,高锰酸盐指数零点/跨度核查数据,高锰酸盐指数零点/跨度核查数据,match,
safe_candidate_only,day_quality_records,standard_value6,高锰酸盐指数标准样浓度,高锰酸盐指数标准样浓度,match,
safe_candidate_only,day_quality_records,monitor_time6,高锰酸盐指数监测时间,高锰酸盐指数监测时间,match,
safe_candidate_only,day_quality_records,span_value7,总磷仪器跨度值,总磷仪器跨度值,match,
safe_candidate_only,day_quality_records,check_value7,总磷零点/跨度核查数据,总磷零点/跨度核查数据,match,
safe_candidate_only,day_quality_records,standard_value7,总磷标准样浓度,总磷标准样浓度,match,
safe_candidate_only,day_quality_records,monitor_time7,总磷监测时间,总磷监测时间,match,
safe_candidate_only,day_quality_records,span_value8,总氮仪器跨度值,总氮仪器跨度值,match,
safe_candidate_only,day_quality_records,check_value8,总氮零点/跨度核查数据,总氮零点/跨度核查数据,match,
safe_candidate_only,day_quality_records,standard_value8,总氮标准样浓度,总氮标准样浓度,match,
safe_candidate_only,day_quality_records,monitor_time8,总氮监测时间,总氮监测时间,match,
safe_candidate_only,day_quality_setting,audit_by,审核人,审核人,match,
safe_candidate_only,day_quality_setting,audit_time,审核时间,审核时间,match,
safe_candidate_only,dc_survey_app,version_code,APP版本号：V1.0.0、1.0.0、100,APP版本号：V1.0.0、1.0.0、100,match,
safe_candidate_only,dc_survey_app,version_name,APP版本名称: 如果有多个APP保证每一类名称一致,APP版本名称: 如果有多个APP保证每一类名称一致,match,
safe_candidate_only,dc_survey_app,update_type,更新类型：1-强制更新，2-可选更新,更新类型：1-强制更新，2-可选更新,match,
safe_candidate_only,dc_survey_app,download_url,安装包下载地址,安装包下载地址,match,
safe_candidate_only,dc_survey_app,update_log,更新日志,更新日志,match,
safe_candidate_only,dc_survey_app,platform_type,平台类型：1-Android，2-iOS,平台类型：1-Android，2-iOS,match,
safe_candidate_only,dc_survey_info,watershed_partition_id,流域分区ID,流域分区ID,match,
safe_candidate_only,dc_survey_info,upload_time,上传时间：每次上传都记录时间  20251128,上传时间：每次上传都记录时间  20251128,match,
safe_candidate_only,dc_survey_info,lon,经度,经度,match,
safe_candidate_only,dc_survey_info,lat,纬度,纬度,match,
safe_candidate_only,dc_survey_info,monitor_info,监测信息（是否监测，结果如何）,监测信息（是否监测，结果如何）,match,
safe_candidate_only,dc_survey_info,monitor_level,管控级别：一级（常年有水，肯定对水体有影响），二级（下雨时肯定对水体影响），三级（可能有影响），四级（无影响）,管控级别：一级（常年有水，肯定对水体有影响），二级（下雨时肯定对水体影响），三级（可能有影响），四级（无影响）,match,
safe_candidate_only,dc_survey_info,survey_type,调查类型：0-excel调查信息、1-word小结,调查类型：0-excel调查信息、1-word小结,match,
safe_candidate_only,dc_survey_info,image_path_2,图片2,图片2,match,
safe_candidate_only,dc_survey_info,image_path_3,图片3,图片3,match,
safe_candidate_only,dc_survey_offline_sync,sync_status,同步状态：0-待同步，1-同步中，2-同步成功，3-同步失败,同步状态：0-待同步，1-同步中，2-同步成功，3-同步失败,match,
safe_candidate_only,dc_survey_offline_sync,sync_progress,同步进度：0-100,同步进度：0-100,match,
safe_candidate_only,dc_survey_offline_sync,total_steps,总步骤数,总步骤数,match,
safe_candidate_only,dc_survey_offline_sync,current_step,当前步骤,当前步骤,match,
safe_candidate_only,dc_survey_offline_sync,sync_start_time,同步开始时间,同步开始时间,match,
safe_candidate_only,dc_survey_offline_sync,sync_end_time,同步结束时间,同步结束时间,match,
safe_candidate_only,dc_survey_offline_sync,sync_result,同步结果信息,同步结果信息,match,
safe_candidate_only,dc_survey_offline_sync,error_message,错误信息,错误信息,match,
safe_candidate_only,dc_survey_offline_upload,file_type,文件类型：json-JSON数据文件，image-图片文件,文件类型：json-JSON数据文件，image-图片文件,match,
safe_candidate_only,dc_survey_offline_upload,file_name,文件名,文件名,match,
safe_candidate_only,dc_survey_offline_upload,uploaded_size,已上传大小：字节,已上传大小：字节,match,
safe_candidate_only,dc_survey_offline_upload,total_chunks,总分块数,总分块数,match,
safe_candidate_only,dc_survey_offline_upload,uploaded_chunks,已上传分块列表：JSON数组，记录已完成的分块序号,已上传分块列表：JSON数组，记录已完成的分块序号,match,
safe_candidate_only,dc_survey_offline_upload,upload_status,上传状态：0-待上传，1-上传中，2-上传完成，3-合并失败,上传状态：0-待上传，1-上传中，2-上传完成，3-合并失败,match,
safe_candidate_only,dc_survey_offline_upload,message,执行信息：错误日志,执行信息：错误日志,match,
safe_candidate_only,dc_survey_offline_upload,clean_flag,本地文件清理标记：0 未删除、1 已删除,本地文件清理标记：0 未删除、1 已删除,match,
safe_candidate_only,dc_survey_task,survey_time,巡查时间: yyyyMMdd,巡查时间: yyyyMMdd,match,
safe_candidate_only,dc_survey_task,watershed_partition_id,流域分区ID,流域分区ID,match,
safe_candidate_only,dc_survey_task,point_count,点位数量,点位数量,match,
safe_candidate_only,dc_survey_task,image_count,照片数量,照片数量,match,
safe_candidate_only,dc_survey_task,current_point_count,本次巡查点位数量: 重新开启后自动清零,本次巡查点位数量: 重新开启后自动清零,match,
safe_candidate_only,dc_survey_task,update_name,更新人名称：当前巡查人员,更新人名称：当前巡查人员,match,
safe_candidate_only,dc_survey_task_instance,start_time,执行开始时间,执行开始时间,match,
safe_candidate_only,dc_survey_task_instance,end_time,执行结束时间,执行结束时间,match,
safe_candidate_only,dc_survey_track,lat,纬度,纬度,match,
safe_candidate_only,dc_survey_track,lon,经度,经度,match,
safe_candidate_only,gis_control_unit,control_unit_name,控制单元名称,控制单元名称,match,
safe_candidate_only,gis_control_unit,control_unit_code,控制单元编码,控制单元编码,match,
safe_candidate_only,gis_poi,region_province,行政区省,行政区省,match,
safe_candidate_only,gis_poi,region_city,行政区城市,行政区城市,match,
safe_candidate_only,gis_poi,lon,经度,经度,match,
safe_candidate_only,gis_poi,lat,纬度,纬度,match,
safe_candidate_only,gis_watershed_partition,name_alias,别名,别名,match,
safe_candidate_only,gis_watershed_partition,version,当前版本：从0开始递增,当前版本：从0开始递增,match,
safe_candidate_only,gis_watershed_partition_4,last_name,上一级流域名称,上一级流域名称,match,
safe_candidate_only,layer_boundary_park,name_part,分园名称,分园名称,match,
safe_candidate_only,layer_boundary_park,park_level,园区级别：0-未知、1-国家级、2-省级、3-市级,园区级别：0-未知、1-国家级、2-省级、3-市级,match,
safe_candidate_only,layer_entity_process,process_type,溯源查询类型：industrial-工业园区,溯源查询类型：industrial-工业园区,match,
safe_candidate_only,layer_entity_process,layer_type,溯源查询类型：0-查询图层、1-静态图层...,溯源查询类型：0-查询图层、1-静态图层...,match,
safe_candidate_only,layer_entity_process,layer_name_en,图层英文名称,图层英文名称,match,
safe_candidate_only,layer_entity_process,layer_name_cn,图层中文名称,图层中文名称,match,
safe_candidate_only,layer_entity_process,geom_type,图形类型：点、线、面,图形类型：点、线、面,match,
safe_candidate_only,layer_entity_process,layer_level,图层层级：查询过程的级别,图层层级：查询过程的级别,match,
safe_candidate_only,layer_entity_process,query_expand_mark,扩展查询标记：关联查询相关属性,扩展查询标记：关联查询相关属性,match,
safe_candidate_only,layer_entity_relation,entity_code_1,要素编码1,要素编码1,match,
safe_candidate_only,layer_entity_relation,layer_name_1,图层名称1,图层名称1,match,
safe_candidate_only,layer_entity_relation,relation,关系名称,关系名称,match,
safe_candidate_only,layer_entity_relation,entity_code_2,要素编码2,要素编码2,match,
safe_candidate_only,layer_entity_relation,layer_name_2,图层名称2,图层名称2,match,
safe_candidate_only,layer_entity_relation,delete_mark,删除标志：0-正常、1-删除,删除标志：0-正常、1-删除,match,
safe_candidate_only,layer_outlet_sewage,jcdbh,监测点编号,监测点编号,match,
safe_candidate_only,layer_partition_2,name_1,一级分区名称,一级分区名称,match,
safe_candidate_only,layer_partition_3,name_2,二级分区名称,二级分区名称,match,
safe_candidate_only,layer_partition_3,name_1,一级分区名称,一级分区名称,match,
safe_candidate_only,metadata_view,table_name,表名,表名,match,
safe_candidate_only,min_value_setting,value,最低检出限（mg/L）,最低检出限（mg/L）,match,
safe_candidate_only,rs_enterprise_info_lsg,mine_name,矿山名称,矿山名称,match,
safe_candidate_only,rs_enterprise_info_lsg,enterprise,所属企业,所属企业,match,
safe_candidate_only,rs_enterprise_info_lsg,out_type,排渣方式,排渣方式,match,
safe_candidate_only,rs_enterprise_info_lsg,design_storage,设计库容（单位：万立方米）,设计库容（单位：万立方米）,match,
safe_candidate_only,rs_enterprise_info_lsg,existed_storage,现有堆量（单位：万立方米）,现有堆量（单位：万立方米）,match,
safe_candidate_only,rs_enterprise_info_lsg,floor_area,占地面积（单位平方公里）,占地面积（单位平方公里）,match,
safe_candidate_only,rs_enterprise_info_lsg,product_status,目前生产情况,目前生产情况,match,
safe_candidate_only,rs_enterprise_info_lsg,lon,经度,经度,match,
safe_candidate_only,rs_enterprise_info_lsg,lat,纬度,纬度,match,
safe_candidate_only,rs_enterprise_info_lsg,product_capacity,磷酸产能（万吨/年）,磷酸产能（万吨/年）,match,
safe_candidate_only,rs_enterprise_info_wade,supervision_level,监管级别：0-一般、1-重点,监管级别：0-一般、1-重点,match,
safe_candidate_only,rs_enterprise_info_wade,industry_type,行业类型,行业类型,match,
safe_candidate_only,rs_enterprise_info_wade,lon,经度,经度,match,
safe_candidate_only,rs_enterprise_info_wade,lat,纬度,纬度,match,
safe_candidate_only,rs_industrial_info_yc,name_part,分园名称,分园名称,match,
safe_candidate_only,rs_industrial_info_yc,park_level,园区级别：0-未知、1-国家级、2-省级、3-市级,园区级别：0-未知、1-国家级、2-省级、3-市级,match,
safe_candidate_only,rs_industrial_info_yc,lon,经度,经度,match,
safe_candidate_only,rs_industrial_info_yc,lat,纬度,纬度,match,
safe_candidate_only,rs_industrial_info_yc,belong_watershed,所属流域,所属流域,match,
safe_candidate_only,rs_industrial_info_yc,is_within_1km_yangtze_mainstream,是否在长江干流岸线一公里范围内,是否在长江干流岸线一公里范围内,match,
safe_candidate_only,rs_industrial_info_yc,is_within_1km_yangtze_tributary,是否在长江重要支流岸线一公里范围内,是否在长江重要支流岸线一公里范围内,match,
safe_candidate_only,rs_industrial_info_yc,important_tributary,所属重要支流,所属重要支流,match,
safe_candidate_only,rs_industrial_info_yc,is_chemical_park,是否为化工园区,是否为化工园区,match,
safe_candidate_only,rs_industrial_info_yc,park_development_status,园区发展现状,园区发展现状,match,
safe_candidate_only,rs_industrial_info_yc,leading_industry,主导产业,主导产业,match,
safe_candidate_only,rs_industrial_info_yc,total_industrial_output_value_10k_yuan,调度期内工业总产值（万元）,调度期内工业总产值（万元）,match,
safe_candidate_only,rs_industrial_info_yc,industrial_value_added_10k_yuan,调度期内工业增加值（万元）,调度期内工业增加值（万元）,match,
safe_candidate_only,rs_industrial_info_yc,industrial_land_area_sqkm,工业用地面积（平方千米）,工业用地面积（平方千米）,match,
safe_candidate_only,rs_industrial_info_yc,enterprises_above_designated_count,规上企业数量（个）,规上企业数量（个）,match,
safe_candidate_only,rs_industrial_info_yc,cumulative_investment_wastewater_treatment_10k_yuan,工业园区对污水集中处理设施累计投资（万元）,工业园区对污水集中处理设施累计投资（万元）,match,
safe_candidate_only,rs_industrial_info_yc,cumulative_investment_sewer_network_10k_yuan,工业园区对污水管网累计投资（万元）,工业园区对污水管网累计投资（万元）,match,
safe_candidate_only,rs_industrial_info_yc,sewer_network_length_km,污水管网长度（千米）,污水管网长度（千米）,match,
safe_candidate_only,rs_industrial_info_yc,new_sewer_network_length_km,新增管网长度（千米）,新增管网长度（千米）,match,
safe_candidate_only,rs_industrial_info_yc,park_drainage_status,工业园区排水现状,工业园区排水现状,match,
safe_candidate_only,rs_industrial_info_yc,sewer_inspection_rectification_since_2020,2020年以来污水管网排查整治情况管网排查情况,2020年以来污水管网排查整治情况管网排查情况,match,
safe_candidate_only,rs_industrial_info_yc,sewer_inspection_length_km,管网排查长度（千米）,管网排查长度（千米）,match,
safe_candidate_only,rs_industrial_info_yc,treatment_facility_name,污水处理设施名称,污水处理设施名称,match,
safe_candidate_only,rs_industrial_info_yc,pollution_discharge_permit_code,排污许可证编码,排污许可证编码,match,
safe_candidate_only,rs_industrial_info_yc,treatment_facility_type,污水处理设施类型,污水处理设施类型,match,
safe_candidate_only,rs_industrial_info_yc,treatment_cost_yuan_per_ton,吨水处理费用（元/吨）,吨水处理费用（元/吨）,match,
safe_candidate_only,rs_industrial_info_yc,is_industrial_wastewater_pipe_access_assessment,（排入城镇污水集中处理设施）是否开展园区工业废水纳管评估,（排入城镇污水集中处理设施）是否开展园区工业废水纳管评估,match,
safe_candidate_only,rs_industrial_info_yc,designed_treatment_capacity_10k_tons_per_day,设计处理能力（万吨/日）,设计处理能力（万吨/日）,match,
safe_candidate_only,rs_industrial_info_yc,actual_treatment_volume_10k_tons,实际处理水量（万吨）,实际处理水量（万吨）,match,
safe_candidate_only,rs_industrial_info_yc,treatment_process_name,污水处理工艺名称,污水处理工艺名称,match,
safe_candidate_only,rs_industrial_info_yc,designed_influent_cod_mg_l,设计进水浓度（COD）,设计进水浓度（COD）,match,
safe_candidate_only,rs_industrial_info_yc,designed_influent_ammonia_nitrogen_mg_l,设计进水浓度（氨氮）,设计进水浓度（氨氮）,match,
safe_candidate_only,rs_industrial_info_yc,influent_cod_daily_avg_mg_l,进水COD日均值（mg/L）,进水COD日均值（mg/L）,match,
safe_candidate_only,rs_industrial_info_yc,influent_ammonia_nitrogen_daily_avg_mg_l,进水氨氮日均值（mg/L）,进水氨氮日均值（mg/L）,match,
safe_candidate_only,rs_industrial_info_yc,influent_total_nitrogen_daily_avg_mg_l,进水总氮日均值（mg/L）,进水总氮日均值（mg/L）,match,
safe_candidate_only,rs_industrial_info_yc,influent_total_phosphorus_daily_avg_mg_l,进水总磷日均值（mg/L）,进水总磷日均值（mg/L）,match,
safe_candidate_only,rs_industrial_info_yc,effluent_cod_daily_avg_mg_l,出水COD日均值（mg/L）,出水COD日均值（mg/L）,match,
safe_candidate_only,rs_industrial_info_yc,effluent_ammonia_nitrogen_daily_avg_mg_l,出水氨氮日均值（mg/L）,出水氨氮日均值（mg/L）,match,
safe_candidate_only,rs_industrial_info_yc,effluent_total_nitrogen_daily_avg_mg_l,出水总氮日均值（mg/L）,出水总氮日均值（mg/L）,match,
safe_candidate_only,rs_industrial_info_yc,effluent_total_phosphorus_daily_avg_mg_l,出水总磷日均值（mg/L）,出水总磷日均值（mg/L）,match,
safe_candidate_only,rs_industrial_info_yc,is_key_pollution_source,是否重点排污单位,是否重点排污单位,match,
safe_candidate_only,rs_industrial_info_yc,ecology_dept_networking_influent_effluent,与生态环境部门联网情况（进出水）,与生态环境部门联网情况（进出水）,match,
safe_candidate_only,rs_industrial_info_yc,auto_monitoring_system_level,重点污染源自动监控系统（部、省、市、县）,重点污染源自动监控系统（部、省、市、县）,match,
safe_candidate_only,rs_industrial_info_yc,auto_monitoring_compliance_rate_pct,自动在线监控达标率（%）,自动在线监控达标率（%）,match,
safe_candidate_only,rs_industrial_info_yc,manual_monitoring_compliance_rate_pct,手工监测达标率（%）,手工监测达标率（%）,match,
safe_candidate_only,rs_industrial_info_yc,exceedance_factor_and_multiplier,超标因子及超标倍数,超标因子及超标倍数,match,
safe_candidate_only,rs_industrial_info_yc,exceedance_days,超标天数,超标天数,match,
safe_candidate_only,rs_industrial_info_yc,exceedance_reason,超标原因,超标原因,match,
safe_candidate_only,rs_industrial_info_yc,treatment_plant_power_consumption_kwh,污水厂耗电量,污水厂耗电量,match,
safe_candidate_only,rs_industrial_info_yc,is_photovoltaic_station_built,是否建设光伏电站,是否建设光伏电站,match,
safe_candidate_only,rs_industrial_info_yc,chemical_addition_type,药剂添加类型,药剂添加类型,match,
safe_candidate_only,rs_industrial_info_yc,chemical_addition_quantity_tons,药剂添加数量（吨）,药剂添加数量（吨）,match,
safe_candidate_only,rs_industrial_info_yc,is_precision_aeration,是否精准曝气,是否精准曝气,match,
safe_candidate_only,rs_industrial_info_yc,is_negotiated_pipe_access_standard,园区企业与污水处理厂是否协商制定纳管标准,园区企业与污水处理厂是否协商制定纳管标准,match,
safe_candidate_only,rs_industrial_info_yc,system_issues,系统上存在的问题,系统上存在的问题,match,
safe_candidate_only,rs_industrial_info_yc,rectification_status,整改情况,整改情况,match,
safe_candidate_only,rs_industrial_info_yc_bak0305,name_part,分园名称,分园名称,match,
safe_candidate_only,rs_industrial_info_yc_bak0305,park_level,园区级别：0-未知、1-国家级、2-省级、3-市级,园区级别：0-未知、1-国家级、2-省级、3-市级,match,
safe_candidate_only,rs_industrial_info_yc_bak0305,lon,经度,经度,match,
safe_candidate_only,rs_industrial_info_yc_bak0305,lat,纬度,纬度,match,
safe_candidate_only,rs_livestock_info_yc,name_old,曾用名,曾用名,match,
safe_candidate_only,rs_livestock_info_yc,representative,法定代表人,法定代表人,match,
safe_candidate_only,rs_livestock_info_yc,community_code,普查小区代码,普查小区代码,match,
safe_candidate_only,rs_livestock_info_yc,year,年份,年份,match,
safe_candidate_only,rs_livestock_info_yc,organize_code,组织机构代码,组织机构代码,match,
safe_candidate_only,rs_livestock_info_yc,town,乡镇,乡镇,match,
safe_candidate_only,rs_livestock_info_yc,village,村、街、门牌号,村、街、门牌号,match,
safe_candidate_only,rs_livestock_info_yc,livestock_type,养殖类型,养殖类型,match,
safe_candidate_only,rs_livestock_info_yc,clean_type,圈舍清理方式,圈舍清理方式,match,
safe_candidate_only,rs_livestock_info_yc,intake_type,圈舍通风方式,圈舍通风方式,match,
safe_candidate_only,rs_livestock_info_yc,water_store_type,原水存储设施类型,原水存储设施类型,match,
safe_candidate_only,rs_livestock_info_yc,water_store_outlet,原水存储设施池口方式,原水存储设施池口方式,match,
safe_candidate_only,rs_livestock_info_yc,water_store_area,原水存储设施池口面积（平方米）,原水存储设施池口面积（平方米）,match,
safe_candidate_only,rs_livestock_info_yc,water_store_volume,原水存储设施池口体积（立方米）,原水存储设施池口体积（立方米）,match,
safe_candidate_only,rs_livestock_info_yc,n_technique_1,尿液废水处理工艺,尿液废水处理工艺,match,
safe_candidate_only,rs_livestock_info_yc,n_technique_2,尿液废水处理工艺其他,尿液废水处理工艺其他,match,
safe_candidate_only,rs_livestock_info_yc,n_facility_1,尿液废水处理设施,尿液废水处理设施,match,
safe_candidate_only,rs_livestock_info_yc,n_facility_2,尿液废水处理设施其他,尿液废水处理设施其他,match,
safe_candidate_only,rs_livestock_info_yc,n_deal_use_scale,尿液废水处理利用方式及比例,尿液废水处理利用方式及比例,match,
safe_candidate_only,rs_livestock_info_yc,n_scale_1,尿液废水处理_肥水利用比例,尿液废水处理_肥水利用比例,match,
safe_candidate_only,rs_livestock_info_yc,n_scale_2,尿液废水处理_沼液还田比例,尿液废水处理_沼液还田比例,match,
safe_candidate_only,rs_livestock_info_yc,n_scale_3,尿液废水处理_场内生产液体有机肥比例,尿液废水处理_场内生产液体有机肥比例,match,
safe_candidate_only,rs_livestock_info_yc,n_scale_4,尿液废水处理_异位发酵床比例,尿液废水处理_异位发酵床比例,match,
safe_candidate_only,rs_livestock_info_yc,n_scale_5,尿液废水处理_鱼塘养殖比例,尿液废水处理_鱼塘养殖比例,match,
safe_candidate_only,rs_livestock_info_yc,n_scale_6,尿液废水处理_场区循环利用比例,尿液废水处理_场区循环利用比例,match,
safe_candidate_only,rs_livestock_info_yc,n_scale_7,尿液废水处理_委托处理比例,尿液废水处理_委托处理比例,match,
safe_candidate_only,rs_livestock_info_yc,n_scale_8,尿液废水处理_达标排放比例,尿液废水处理_达标排放比例,match,
safe_candidate_only,rs_livestock_info_yc,n_scale_9,尿液废水处理_直接排放比例,尿液废水处理_直接排放比例,match,
safe_candidate_only,rs_livestock_info_yc,n_scale_10,尿液废水处理_其他,尿液废水处理_其他,match,
safe_candidate_only,rs_livestock_info_yc,f_store_flag1,粪便存储设施是否防水,粪便存储设施是否防水,match,
safe_candidate_only,rs_livestock_info_yc,f_store_flag2,粪便存储设施是否防渗,粪便存储设施是否防渗,match,
safe_candidate_only,rs_livestock_info_yc,f_store_volume,粪便存储设施容积_立方米,粪便存储设施容积_立方米,match,
safe_candidate_only,rs_livestock_info_yc,f_technique_1,粪便处理工艺,粪便处理工艺,match,
safe_candidate_only,rs_livestock_info_yc,f_technique_2,粪便处理工艺其他,粪便处理工艺其他,match,
safe_candidate_only,rs_livestock_info_yc,f_deal_use_scale,粪便处理利用方式及比例,粪便处理利用方式及比例,match,
safe_candidate_only,rs_livestock_info_yc,f_scale_1,粪便处理利用_农家肥比例,粪便处理利用_农家肥比例,match,
safe_candidate_only,rs_livestock_info_yc,f_scale_2,粪便处理利用_场内生产有机肥比例,粪便处理利用_场内生产有机肥比例,match,
safe_candidate_only,rs_livestock_info_yc,f_scale_3,粪便处理利用_沼泽还田比例,粪便处理利用_沼泽还田比例,match,
safe_candidate_only,rs_livestock_info_yc,f_scale_4,粪便处理利用_生产牛床垫料比例,粪便处理利用_生产牛床垫料比例,match,
safe_candidate_only,rs_livestock_info_yc,f_scale_5,粪便处理利用_作为栽培基质比例,粪便处理利用_作为栽培基质比例,match,
safe_candidate_only,rs_livestock_info_yc,f_scale_6,粪便处理利用_作为燃料比例,粪便处理利用_作为燃料比例,match,
safe_candidate_only,rs_livestock_info_yc,f_scale_7,粪便处理利用_鱼塘养殖比例,粪便处理利用_鱼塘养殖比例,match,
safe_candidate_only,rs_livestock_info_yc,f_scale_8,粪便处理利用_委托处理比例,粪便处理利用_委托处理比例,match,
safe_candidate_only,rs_livestock_info_yc,f_scale_9,粪便处理利用_场外丢弃比例,粪便处理利用_场外丢弃比例,match,
safe_candidate_only,rs_livestock_info_yc,f_scale_10,粪便处理利用_其他方式,粪便处理利用_其他方式,match,
safe_candidate_only,rs_livestock_info_yc,water_name,受纳水体名称,受纳水体名称,match,
safe_candidate_only,rs_livestock_info_yc,water_code,受纳水体代码,受纳水体代码,match,
safe_candidate_only,rs_livestock_info_yc,glbh_flag,养殖场是否有锅炉,养殖场是否有锅炉,match,
safe_candidate_only,rs_livestock_info_yc,fzr,单位负责人,单位负责人,match,
safe_candidate_only,rs_livestock_info_yc,tjr,统计负责人,统计负责人,match,
safe_candidate_only,rs_livestock_info_yc,shr,审核人,审核人,match,
safe_candidate_only,rs_livestock_info_yc,bcrq,报出日期,报出日期,match,
safe_candidate_only,rs_livestock_info_yc,lon,经度,经度,match,
safe_candidate_only,rs_livestock_info_yc,lat,纬度,纬度,match,
safe_candidate_only,rs_outlet,area_code,行政区代码,行政区代码,match,
safe_candidate_only,rs_outlet,area_name,行政区名称：乡镇（街道）,行政区名称：乡镇（街道）,match,
safe_candidate_only,rs_outlet,county_name,县(区)名称,县(区)名称,match,
safe_candidate_only,rs_outlet,outlet_code,排污口编码：国家级,排污口编码：国家级,match,
safe_candidate_only,rs_outlet,outlet_name,排污口名称,排污口名称,match,
safe_candidate_only,rs_outlet,river_basin,流域名称,流域名称,match,
safe_candidate_only,rs_outlet,outlet_address,排污口地址,排污口地址,match,
safe_candidate_only,rs_outlet,outlet_lon,排污口经度,排污口经度,match,
safe_candidate_only,rs_outlet,outlet_lat,排污口纬度,排污口纬度,match,
safe_candidate_only,rs_outlet,catalog_level_1,排污口分类-一级分类,排污口分类-一级分类,match,
safe_candidate_only,rs_outlet,catalog_level_2,排污口分类-二级分类,排污口分类-二级分类,match,
safe_candidate_only,rs_outlet,catalog_level_3,排污口分类-三级分类,排污口分类-三级分类,match,
safe_candidate_only,rs_outlet,river_system,所属水系,所属水系,match,
safe_candidate_only,rs_outlet,outlet_owner_river,排出口归属水系,排出口归属水系,match,
safe_candidate_only,rs_outlet,is_flow_lake,是否入湖河流,是否入湖河流,match,
safe_candidate_only,rs_outlet,lake_name,湖泊名称,湖泊名称,match,
safe_candidate_only,rs_outlet,is_key_river,是否为重点河湖,是否为重点河湖,match,
safe_candidate_only,rs_outlet,is_water_function,是否位于水功能区,是否位于水功能区,match,
safe_candidate_only,rs_outlet,water_function_level1,一级水功能区名称,一级水功能区名称,match,
safe_candidate_only,rs_outlet,water_quality_target1,水功能区水质目标,水功能区水质目标,match,
safe_candidate_only,rs_outlet,water_function_level2,二级水功能区名称,二级水功能区名称,match,
safe_candidate_only,rs_outlet,water_quality_target2,二级水功能区水质目标,二级水功能区水质目标,match,
safe_candidate_only,rs_outlet,is_water_environment,是否位于水环境功能区,是否位于水环境功能区,match,
safe_candidate_only,rs_outlet,water_enviroment_function,水环境功能区名称,水环境功能区名称,match,
safe_candidate_only,rs_outlet,water_enviroment_target,水环境功能区目标,水环境功能区目标,match,
safe_candidate_only,rs_outlet,country_section_name,国控断面名称,国控断面名称,match,
safe_candidate_only,rs_outlet,province_section_name,省控断面名称,省控断面名称,match,
safe_candidate_only,rs_outlet,city_section_name,市控断面名称,市控断面名称,match,
safe_candidate_only,rs_outlet,river_info,河长信息,河长信息,match,
safe_candidate_only,rs_outlet,outlet_shape,口门形态（明渠、管道、泵站、涵闸、闸泵联用、箱涵、潜没、其他，单选）,口门形态（明渠、管道、泵站、涵闸、闸泵联用、箱涵、潜没、其他，单选）,match,
safe_candidate_only,rs_outlet,drain_feature,排水特征（排水、无水、有死水、闸断、不确定，单选）,排水特征（排水、无水、有死水、闸断、不确定，单选）,match,
safe_candidate_only,rs_outlet,is_drain_abnormal,有无异常状况（有、无）,有无异常状况（有、无）,match,
safe_candidate_only,rs_outlet,drain_abnormal_desc,异常状况说明,异常状况说明,match,
safe_candidate_only,rs_outlet,is_monitor_sample,是否监测采样,是否监测采样,match,
safe_candidate_only,rs_outlet,primary_obligor,主要责任主体名称,主要责任主体名称,match,
safe_candidate_only,rs_outlet,primary_obligor_address,主要责任体详细地址,主要责任体详细地址,match,
safe_candidate_only,rs_outlet,other_obligor,其他责任主体名称（多个用英文逗号拼接）,其他责任主体名称（多个用英文逗号拼接）,match,
safe_candidate_only,rs_outlet,primary_obligor_lon,主要责任体经度,主要责任体经度,match,
safe_candidate_only,rs_outlet,primary_obligor_lat,主要责任体纬度,主要责任体纬度,match,
safe_candidate_only,rs_outlet,primary_obligor_contact,主要责任主体联系人,主要责任主体联系人,match,
safe_candidate_only,rs_outlet,primary_obligor_phone,主要责任主体联系方式,主要责任主体联系方式,match,
safe_candidate_only,rs_outlet,is_drain_toxic,是否排放有毒有害污染物,是否排放有毒有害污染物,match,
safe_candidate_only,rs_outlet,is_large,是否为规模以上排口,是否为规模以上排口,match,
safe_candidate_only,rs_outlet,handle_type,整治类型（依法取缔、清理合并、规范整治、无需整治，单选）,整治类型（依法取缔、清理合并、规范整治、无需整治，单选）,match,
safe_candidate_only,rs_outlet,is_finish_standard,是否完成规范化建设：是、否,是否完成规范化建设：是、否,match,
safe_candidate_only,rs_outlet,standard_content,规范化建设内容,规范化建设内容,match,
safe_candidate_only,rs_outlet,repair_judge_criteria,完成整治判定条件,完成整治判定条件,match,
safe_candidate_only,rs_outlet,exist_problem,排污口存在的问题,排污口存在的问题,match,
safe_candidate_only,rs_outlet,other_problem,其他问题描述,其他问题描述,match,
safe_candidate_only,rs_outlet,specific_requirement,具体情形和技术要求,具体情形和技术要求,match,
safe_candidate_only,rs_outlet,handle_method,整治措施（多选用英文逗号分隔）,整治措施（多选用英文逗号分隔）,match,
safe_candidate_only,rs_outlet,finish_date,完成时限,完成时限,match,
safe_candidate_only,rs_outlet,handle_stage,整治阶段（选项为：未整治、整治中、完成整治）,整治阶段（选项为：未整治、整治中、完成整治）,match,
safe_candidate_only,rs_outlet,handle_result,整治成效,整治成效,match,
safe_candidate_only,rs_outlet,approve_advice,审批意见,审批意见,match,
safe_candidate_only,rs_outlet,approve_node,审批标记,审批标记,match,
safe_candidate_only,rs_outlet,is_quick_detect,水质快速检测-是否具备采样条件,水质快速检测-是否具备采样条件,match,
safe_candidate_only,rs_outlet,other_sewage_type,其他污水类型,其他污水类型,match,
safe_candidate_only,rs_outlet,drain_standard,排放标准（国家或地方发布的行业标准）,排放标准（国家或地方发布的行业标准）,match,
safe_candidate_only,rs_outlet,approve_status,审批登记情况（已审批、已登记、未审批、未登记）,审批登记情况（已审批、已登记、未审批、未登记）,match,
safe_candidate_only,rs_outlet,quick_detect_ph,水质快速检测-pH值,水质快速检测-pH值,match,
safe_candidate_only,rs_outlet,quick_detect_cod,水质快速检测-COD（mg/L）,水质快速检测-COD（mg/L）,match,
safe_candidate_only,rs_outlet,quick_detect_ad,水质快速检测-氨氮（mg/L）,水质快速检测-氨氮（mg/L）,match,
safe_candidate_only,rs_outlet,quick_detect_zl,水质快速检测-总磷（mg/L）,水质快速检测-总磷（mg/L）,match,
safe_candidate_only,rs_outlet,quick_detect_sl,水质快速检测-流量(m^3/D),水质快速检测-流量(m^3/D),match,
safe_candidate_only,rs_outlet,monitor_sample_date,采样时间（yyyy-MM-dd）,采样时间（yyyy-MM-dd）,match,
safe_candidate_only,rs_outlet,monitor_sample_sl,实验室监测-流量(m^3/D),实验室监测-流量(m^3/D),match,
safe_candidate_only,rs_outlet,monitor_sample_sw,实验室监测-水温（℃）,实验室监测-水温（℃）,match,
safe_candidate_only,rs_outlet,monitor_sample_bod,实验室监测-BOD,实验室监测-BOD,match,
safe_candidate_only,rs_outlet,monitor_sample_hff,实验室监测-挥发酚,实验室监测-挥发酚,match,
safe_candidate_only,rs_outlet,monitor_sample_ph,实验室监测-pH值,实验室监测-pH值,match,
safe_candidate_only,rs_outlet,monitor_sample_cod,实验室监测-COD值,实验室监测-COD值,match,
safe_candidate_only,rs_outlet,monitor_sample_ad,实验室监测-氨氮（mg/L）,实验室监测-氨氮（mg/L）,match,
safe_candidate_only,rs_outlet,monitor_sample_zl,实验室监测-总磷（mg/L）,实验室监测-总磷（mg/L）,match,
safe_candidate_only,rs_outlet,monitor_sample_zd,实验室监测-总氮(mg/L),实验室监测-总氮(mg/L),match,
safe_candidate_only,rs_outlet,photo_close_path,排污口近景照片,排污口近景照片,match,
safe_candidate_only,rs_outlet,photo_distant_path,排污口远景照片,排污口远景照片,match,
safe_candidate_only,rs_outlet,photo_main_path,责任主体照片,责任主体照片,match,
safe_candidate_only,rs_outlet,photo_handle_finish_path,整治完成后的照片,整治完成后的照片,match,
safe_candidate_only,rs_outlet,outlet_code_province,排污口编码：省级,排污口编码：省级,match,
safe_candidate_only,rs_outlet,waterbody_manager_level,水体管理级别,水体管理级别,match,
safe_candidate_only,rs_outlet,waterbody_name_in,受纳水体名称,受纳水体名称,match,
safe_candidate_only,rs_outlet,key_river_name_province,省级重点河湖名称,省级重点河湖名称,match,
safe_candidate_only,rs_outlet,drain_abnormal_other,其他状况,其他状况,match,
safe_candidate_only,rs_outlet,primary_obligor_code,主要责任主体排污许可证号或排污登记号,主要责任主体排污许可证号或排污登记号,match,
safe_candidate_only,rs_outlet,unified_credit_code,统一信用代码,统一信用代码,match,
safe_candidate_only,rs_outlet,pollutant_name,污染物（多个用英文逗号拼接）,污染物（多个用英文逗号拼接）,match,
safe_candidate_only,rs_outlet,pollutant_density,污染物浓度（污染物对应浓度，多个用英文逗号拼接）,污染物浓度（污染物对应浓度，多个用英文逗号拼接）,match,
safe_candidate_only,rs_outlet,sewage_emission,年污水排放量(t)（污染物对应排放量，多个用英文逗号拼接）,年污水排放量(t)（污染物对应排放量，多个用英文逗号拼接）,match,
safe_candidate_only,rs_outlet,pollutant_emission,年污染物排放总量(t)（污染物对应排放量，多个用英文逗号拼接）,年污染物排放总量(t)（污染物对应排放量，多个用英文逗号拼接）,match,
safe_candidate_only,rs_outlet,handle_result_condition,是否已满足整治总则中完成整治的判定条件,是否已满足整治总则中完成整治的判定条件,match,
safe_candidate_only,rs_outlet,monitor_sample_type,采样类型,采样类型,match,
safe_candidate_only,rs_outlet,monitor_sample_mark,采样备注,采样备注,match,
safe_candidate_only,rs_outlet,has_sample_condition,是否具备采样条件（默认无）,是否具备采样条件（默认无）,match,
safe_candidate_only,rs_outlet,primary_table_id,主表ID,主表ID,match,
safe_candidate_only,rs_outlet,sfzdjg,是否重点监管排污口,是否重点监管排污口,match,
safe_candidate_only,rs_outlet_info_v2,outlet_code_national,排污口编码(国家统一赋码),排污口编码(国家统一赋码),match,
safe_candidate_only,rs_outlet_info_v2,outlet_code_local,排污口编码(省市系统自有编码),排污口编码(省市系统自有编码),match,
safe_candidate_only,rs_outlet_info_v2,is_key_river_outlet,是否为重点河湖排污口,是否为重点河湖排污口,match,
safe_candidate_only,rs_outlet_info_v2,river_system,所属水系,所属水系,match,
safe_candidate_only,rs_outlet_info_v2,province_city_district,省市区县,省市区县,match,
safe_candidate_only,rs_outlet_info_v2,outlet_name,排污口名称,排污口名称,match,
safe_candidate_only,rs_outlet_info_v2,watershed_name,流域名称,流域名称,match,
safe_candidate_only,rs_outlet_info_v2,outlet_category,排污口分类,排污口分类,match,
safe_candidate_only,rs_outlet_info_v2,is_lake_inflow,是否为入湖河流,是否为入湖河流,match,
safe_candidate_only,rs_outlet_info_v2,is_water_func_zone,是否位于水功能区,是否位于水功能区,match,
safe_candidate_only,rs_outlet_info_v2,level1_water_func_zone,一级水功能区名称,一级水功能区名称,match,
safe_candidate_only,rs_outlet_info_v2,level1_water_quality_target,一级水功能区水质目标,一级水功能区水质目标,match,
safe_candidate_only,rs_outlet_info_v2,level2_water_func_zone,二级水功能区名称,二级水功能区名称,match,
safe_candidate_only,rs_outlet_info_v2,level2_water_quality_target,二级水功能区水质目标,二级水功能区水质目标,match,
safe_candidate_only,rs_outlet_info_v2,is_water_env_func_zone,是否位于水环境功能区,是否位于水环境功能区,match,
safe_candidate_only,rs_outlet_info_v2,water_env_func_zone_name,水环境功能区名称,水环境功能区名称,match,
safe_candidate_only,rs_outlet_info_v2,water_env_func_zone_target,水环境功能区目标,水环境功能区目标,match,
safe_candidate_only,rs_outlet_info_v2,national_section_name,国控断面名称,国控断面名称,match,
safe_candidate_only,rs_outlet_info_v2,provincial_section_name,省控断面名称,省控断面名称,match,
safe_candidate_only,rs_outlet_info_v2,municipal_section_name,市控断面名称,市控断面名称,match,
safe_candidate_only,rs_outlet_info_v2,river_chief_info,河长信息,河长信息,match,
safe_candidate_only,rs_outlet_live_v2,gate_morphology,口门形态,口门形态,match,
safe_candidate_only,rs_outlet_live_v2,drainage_feature,排水特征,排水特征,match,
safe_candidate_only,rs_outlet_live_v2,has_abnormal,有无异常状况,有无异常状况,match,
safe_candidate_only,rs_outlet_live_v2,has_online_monitor,是否实现在线监测,是否实现在线监测,match,
safe_candidate_only,rs_outlet_live_v2,has_sampling_condition,是否具备采样条件,是否具备采样条件,match,
safe_candidate_only,rs_outlet_live_v2,outlet_name,排污口名称,排污口名称,match,
safe_candidate_only,rs_outlet_monitor_v2,sampling_time,采样时间,采样时间,match,
safe_candidate_only,rs_outlet_monitor_v2,monitor_type,监测类型,监测类型,match,
safe_candidate_only,rs_outlet_monitor_v2,flow,流量(立方米/天),流量(立方米/天),match,
safe_candidate_only,rs_outlet_monitor_v2,water_temp,水温(℃),水温(℃),match,
safe_candidate_only,rs_outlet_monitor_v2,bod,BOD(mg/L),BOD(mg/L),match,
safe_candidate_only,rs_outlet_monitor_v2,cod,COD(mg/L),COD(mg/L),match,
safe_candidate_only,rs_outlet_monitor_v2,ph,pH,pH,match,
safe_candidate_only,rs_outlet_monitor_v2,ammonia_nitrogen,氨氮(mg/L),氨氮(mg/L),match,
safe_candidate_only,rs_outlet_monitor_v2,total_phosphorus,总磷(mg/L),总磷(mg/L),match,
safe_candidate_only,rs_outlet_monitor_v2,total_nitrogen,总氮(mg/L),总氮(mg/L),match,
safe_candidate_only,rs_outlet_monitor_v2,outlet_name,排污口名称,排污口名称,match,
safe_candidate_only,rs_outlet_remediation_v2,is_remediated,是否完成整治,是否完成整治,match,
safe_candidate_only,rs_outlet_remediation_v2,remediation_type,整治类型,整治类型,match,
safe_candidate_only,rs_outlet_remediation_v2,remediation_video,整治视频,整治视频,match,
safe_candidate_only,rs_outlet_remediation_v2,supporting_docs,证明材料,证明材料,match,
safe_candidate_only,rs_outlet_remediation_v2,is_standardized,是否完成规范化建设,是否完成规范化建设,match,
safe_candidate_only,rs_outlet_remediation_v2,standardization_content,规范化建设内容,规范化建设内容,match,
safe_candidate_only,rs_outlet_remediation_v2,outlet_name,排污口名称,排污口名称,match,
safe_candidate_only,rs_outlet_trace_v2,primary_entity_name,主要责任主体名称,主要责任主体名称,match,
safe_candidate_only,rs_outlet_trace_v2,other_entity_name,其他责任主体名称,其他责任主体名称,match,
safe_candidate_only,rs_outlet_trace_v2,primary_contact,主要责任主体联系人,主要责任主体联系人,match,
safe_candidate_only,rs_outlet_trace_v2,primary_phone,主要责任主体联系电话,主要责任主体联系电话,match,
safe_candidate_only,rs_outlet_trace_v2,discharge_permit_no,排污许可证号或排污登记号,排污许可证号或排污登记号,match,
safe_candidate_only,rs_outlet_trace_v2,has_toxic_pollutant,是否排放有毒有害污染物,是否排放有毒有害污染物,match,
safe_candidate_only,rs_outlet_trace_v2,wastewater_type,污水类型,污水类型,match,
safe_candidate_only,rs_outlet_trace_v2,other_wastewater_type,其他污水类型,其他污水类型,match,
safe_candidate_only,rs_outlet_trace_v2,is_above_scale,是否为规模以上排污口,是否为规模以上排污口,match,
safe_candidate_only,rs_outlet_trace_v2,approval_status,审批登记情况,审批登记情况,match,
safe_candidate_only,rs_outlet_trace_v2,pollutant_info,污染物及排放量(JSON),污染物及排放量(JSON),match,
safe_candidate_only,rs_outlet_trace_v2,outlet_name,排污口名称,排污口名称,match,
safe_candidate_only,rs_pollutant_enterprise,wrybh,污染源编号,污染源编号,match,
safe_candidate_only,rs_pollutant_enterprise,wrymc,污染源名称,污染源名称,match,
safe_candidate_only,rs_pollutant_enterprise,tyshxydm,统一社会信用代码,统一社会信用代码,match,
safe_candidate_only,rs_pollutant_enterprise,zzjgdm,组织机构代码,组织机构代码,match,
safe_candidate_only,rs_pollutant_enterprise,pwxkzbh,排污许可证编号,排污许可证编号,match,
safe_candidate_only,rs_pollutant_enterprise,frmc,法人名称,法人名称,match,
safe_candidate_only,rs_pollutant_enterprise,lxdh,联系电话,联系电话,match,
safe_candidate_only,rs_pollutant_enterprise,zcdz,注册地址,注册地址,match,
safe_candidate_only,rs_pollutant_enterprise,jycsdz,经营场所地址,经营场所地址,match,
safe_candidate_only,rs_pollutant_enterprise,jd,经度,经度,match,
safe_candidate_only,rs_pollutant_enterprise,wd,纬度,纬度,match,
safe_candidate_only,rs_pollutant_enterprise,hblxr,环保联系人,环保联系人,match,
safe_candidate_only,rs_pollutant_enterprise,hbrlxdh,环保联系人电话,环保联系人电话,match,
safe_candidate_only,rs_pollutant_enterprise,hymc,行业名称,行业名称,match,
safe_candidate_only,rs_pollutant_enterprise,zdlxmc,重点污染源类型名称,重点污染源类型名称,match,
safe_candidate_only,rs_pollutant_enterprise,ywgs,运维公司,运维公司,match,
safe_candidate_only,rs_pollutant_enterprise,ssqxmc,区县名称,区县名称,match,
safe_candidate_only,rs_pollutant_info,jcdbh,监测点编号,监测点编号,match,
safe_candidate_only,rs_pollutant_info,jcdmc,监测点名称,监测点名称,match,
safe_candidate_only,rs_pollutant_info,wrybh,污染源编号,污染源编号,match,
safe_candidate_only,rs_pollutant_info,pwkwz,排放口位置,排放口位置,match,
safe_candidate_only,rs_pollutant_info,sfjsk,是否进水口（0：否；1：是）,是否进水口（0：否；1：是）,match,
safe_candidate_only,rs_pollutant_info,sfzs,是否烧结等无需折算（0：否；1：是）,是否烧结等无需折算（0：否；1：是）,match,
safe_candidate_only,rs_pollutant_info,zsxs,折算系数,折算系数,match,
safe_candidate_only,rs_pollutant_info,jd,经度,经度,match,
safe_candidate_only,rs_pollutant_info,wd,纬度,纬度,match,
safe_candidate_only,rs_pollutant_info,wrlx,污染类型：FS-废水、FQ-废气,污染类型：FS-废水、FQ-废气,match,
safe_candidate_only,rs_sewage_info_v2,admin_division,行政区划,行政区划,match,
safe_candidate_only,rs_sewage_info_v2,project_name,项目名称,项目名称,match,
safe_candidate_only,rs_sewage_info_v2,run_status,运行状态,运行状态,match,
safe_candidate_only,rs_sewage_info_v2,treatment_process,处理工艺,处理工艺,match,
safe_candidate_only,rs_sewage_info_v2,project_location_lng,项目所在地经度,项目所在地经度,match,
safe_candidate_only,rs_sewage_info_v2,project_location_lat,项目所在地纬度,项目所在地纬度,match,
safe_candidate_only,rs_sewage_info_v2,outlet_total_lng,污水总排放口经度,污水总排放口经度,match,
safe_candidate_only,rs_sewage_info_v2,outlet_total_lat,污水总排放口纬度,污水总排放口纬度,match,
safe_candidate_only,rs_sewage_info_v2,design_scale,设计规模(t/d),设计规模(t/d),match,
safe_candidate_only,rs_sewage_info_v2,actual_assess_scale,实际考核规模(t/d),实际考核规模(t/d),match,
safe_candidate_only,rs_sewage_info_v2,load_rate,负荷率(%),负荷率(%),match,
safe_candidate_only,rs_sewage_info_v2,influent_flow,进水流量(m3/d),进水流量(m3/d),match,
safe_candidate_only,rs_sewage_info_v2,influent_cod,进水COD(mg/L),进水COD(mg/L),match,
safe_candidate_only,rs_sewage_info_v2,influent_ph,进水pH,进水pH,match,
safe_candidate_only,rs_sewage_info_v2,influent_ammonia,进水氨氮(mg/L),进水氨氮(mg/L),match,
safe_candidate_only,rs_sewage_info_v2,influent_tp,进水总磷(mg/L),进水总磷(mg/L),match,
safe_candidate_only,rs_sewage_info_v2,influent_tn,进水总氮(mg/L),进水总氮(mg/L),match,
safe_candidate_only,rs_sewage_info_v2,effluent_flow,出水流量(m3/d),出水流量(m3/d),match,
safe_candidate_only,rs_sewage_info_v2,effluent_cod,出水COD(mg/L),出水COD(mg/L),match,
safe_candidate_only,rs_sewage_info_v2,effluent_ph,出水pH,出水pH,match,
safe_candidate_only,rs_sewage_info_v2,effluent_ammonia,出水氨氮(mg/L),出水氨氮(mg/L),match,
safe_candidate_only,rs_sewage_info_v2,effluent_tp,出水总磷(mg/L),出水总磷(mg/L),match,
safe_candidate_only,rs_sewage_info_v2,effluent_tn,出水总氮(mg/L),出水总氮(mg/L),match,
safe_candidate_only,rs_sewage_info_v2,cod_daily_reduction,COD日削减量(t/d),COD日削减量(t/d),match,
safe_candidate_only,rs_sewage_info_v2,cod_annual_reduction,COD年削减量(t/a),COD年削减量(t/a),match,
safe_candidate_only,rs_sewage_info_v2,pipe_total_length,园区管网总长(km),园区管网总长(km),match,
safe_candidate_only,rs_sewage_info_v2,well_count,管井数量(个),管井数量(个),match,
safe_candidate_only,rs_sewage_info_v2,pump_station_count,提升泵站数量(个),提升泵站数量(个),match,
safe_candidate_only,rs_sewage_info_v2,enterprise_total,园区企业总数(家),园区企业总数(家),match,
safe_candidate_only,rs_sewage_info_v2,connected_enterprise,已接入企业数(家),已接入企业数(家),match,
safe_candidate_only,rs_sewage_info_v2,connection_rate,接入率(%),接入率(%),match,
safe_candidate_only,rs_sewage_info_v2,enterprise_drainage,企业排水总量(m3/d),企业排水总量(m3/d),match,
safe_candidate_only,rs_sewage_info_v2,key_pollution_enterprise,重点排污企业数(家),重点排污企业数(家),match,
safe_candidate_only,rs_sewage_info_v2,online_monitor_enterprise,在线监测企业数(家),在线监测企业数(家),match,
safe_candidate_only,rs_sewage_info_v2,monitor_coverage_rate,监测覆盖率(%),监测覆盖率(%),match,
safe_candidate_only,rs_sewage_info_v2,monthly_fee_total,月污水处理费总额(元),月污水处理费总额(元),match,
safe_candidate_only,rs_sewage_info_v2,should_collect_enterprise,应征企业数(家),应征企业数(家),match,
safe_candidate_only,rs_sewage_info_v2,actual_collect_enterprise,实征企业数(家),实征企业数(家),match,
safe_candidate_only,rs_sewage_info_v2,collection_rate,征收率(%),征收率(%),match,
safe_candidate_only,rs_sewage_info_v2,operation_unit,运营单位,运营单位,match,
safe_candidate_only,rs_sewage_info_v2,plan_total_invest,计划总投资(万元),计划总投资(万元),match,
safe_candidate_only,rs_sewage_info_v2,plan_station_invest,计划厂站投资(万元),计划厂站投资(万元),match,
safe_candidate_only,rs_sewage_info_v2,plan_pipe_invest,计划管网投资(万元),计划管网投资(万元),match,
safe_candidate_only,rs_sewage_info_v2,done_total_invest,已完成总投资(万元),已完成总投资(万元),match,
safe_candidate_only,rs_sewage_info_v2,done_station_invest,已完成厂站投资(万元),已完成厂站投资(万元),match,
safe_candidate_only,rs_sewage_info_v2,done_pipe_invest,已完成管网投资(万元),已完成管网投资(万元),match,
safe_candidate_only,rs_sewage_info_v2,total_invest_rate,总投资完成率(%),总投资完成率(%),match,
safe_candidate_only,rs_sewage_info_v2,built_pipe_length,已建管网长度(km),已建管网长度(km),match,
safe_candidate_only,rs_sewage_info_v2,collection_rate_efficiency,污水收集率(%),污水收集率(%),match,
safe_candidate_only,rs_sewage_info_v2,treatment_rate,污水处理率(%),污水处理率(%),match,
safe_candidate_only,rs_sewage_info_v2,compliance_rate,达标排放率(%),达标排放率(%),match,
safe_candidate_only,rs_sewage_info_v2,operation_load_rate,运行负荷率(%),运行负荷率(%),match,
safe_candidate_only,rs_sewage_info_v2,center_lng,企业中心经度,企业中心经度,match,
safe_candidate_only,rs_sewage_info_v2,center_lat,企业中心纬度,企业中心纬度,match,
safe_candidate_only,rs_sewage_info_v2,total_outlet_lng,污水处理设施总排口经度,污水处理设施总排口经度,match,
safe_candidate_only,rs_sewage_info_v2,total_outlet_lat,污水处理设施总排口纬度,污水处理设施总排口纬度,match,
safe_candidate_only,rs_sewage_info_v2,tail_water_destination,尾水排放去向,尾水排放去向,match,
safe_candidate_only,rs_sewage_info_v2,outlet_photo,排口照片,排口照片,match,
safe_candidate_only,rs_sewage_info_yc,monitor_name,检测点名称,检测点名称,match,
safe_candidate_only,rs_sewage_info_yc,emission_type,排放类型：0-废水,排放类型：0-废水,match,
safe_candidate_only,rs_sewage_info_yc,supervision_level,监管级别：0-一般、1-重点,监管级别：0-一般、1-重点,match,
safe_candidate_only,rs_sewage_info_yc,outlet_location,排污口位置,排污口位置,match,
safe_candidate_only,rs_sewage_info_yc,lon,经度,经度,match,
safe_candidate_only,rs_sewage_info_yc,lat,纬度,纬度,match,
safe_candidate_only,rs_sewage_info_yc,town_flag,是否城镇污水处理厂,是否城镇污水处理厂,match,
safe_candidate_only,rs_sewage_info_yc,industrial_flag,是否工业污水处理厂,是否工业污水处理厂,match,
safe_candidate_only,rs_sewage_park_info,sewage_name,污水处理厂名称,污水处理厂名称,match,
safe_candidate_only,rs_sewage_park_info,sewage_id,污水厂ID,污水厂ID,match,
safe_candidate_only,rs_sewage_park_info,throughput,处理能力（万吨/日）,处理能力（万吨/日）,match,
safe_candidate_only,rs_sewage_park_info,park_id,配套园区ID,配套园区ID,match,
safe_candidate_only,rs_sewage_park_info,park_name,配套园区名称,配套园区名称,match,
safe_candidate_only,rs_sewage_park_info,lon,经度,经度,match,
safe_candidate_only,rs_sewage_park_info,lat,纬度,纬度,match,
safe_candidate_only,rs_warn_records,key_point_id,"关键点id, warn_type为6时","关键点id, warn_type为6时",match,
safe_candidate_only,rs_warn_records,warn_indicator,预警指标,预警指标,match,
safe_candidate_only,rs_warn_records,warn_type,预警类型：0 水质预警、1 水文预警、2 气象预警、3 污染源预警、4 网络异常、5 仪器异常,预警类型：0 水质预警、1 水文预警、2 气象预警、3 污染源预警、4 网络异常、5 仪器异常,match,
safe_candidate_only,rs_warn_records,warn_value,预警值,预警值,match,
safe_candidate_only,rs_warn_records,standard_value,标准值,标准值,match,
safe_candidate_only,rs_warn_records,warn_level,告警等级：0 一般、1 严重、2 重度,告警等级：0 一般、1 严重、2 重度,match,
safe_candidate_only,rs_warn_records,warn_content,预警内容,预警内容,match,
safe_candidate_only,rs_warn_records,warn_time,预警时间,预警时间,match,
safe_candidate_only,rs_warn_records,publish_status,是否发布：0 未发布、1 已发布,是否发布：0 未发布、1 已发布,match,
safe_candidate_only,rs_warn_records,publish_time,发布时间,发布时间,match,
safe_candidate_only,rs_warn_records,check_status,是否审核：0 未审核、1 已审核,是否审核：0 未审核、1 已审核,match,
safe_candidate_only,rs_warn_records,check_time,审核时间,审核时间,match,
safe_candidate_only,rs_warn_records,manual_auto,0 手动处理、1 自动处理,0 手动处理、1 自动处理,match,
safe_candidate_only,rs_warn_records,release_status,是否解除：0 未解除、1 已解除,是否解除：0 未解除、1 已解除,match,
safe_candidate_only,rs_warn_records,release_time,解除时间,解除时间,match,
safe_candidate_only,rs_wastewater_month_records,monitor_year,监测年份,监测年份,match,
safe_candidate_only,rs_wastewater_month_records,monitor_month,监测月份,监测月份,match,
safe_candidate_only,rs_wastewater_standard,apply_type,适用类型：0 污水处理厂、1 其他,适用类型：0 污水处理厂、1 其他,match,
safe_candidate_only,rs_wastewater_standard,max_value,最高允许排放浓度,最高允许排放浓度,match,
safe_candidate_only,rs_wastewater_standard,jcdbh,监测点编号,监测点编号,match,
safe_candidate_only,se_watershed,total_population,总人口,总人口,match,
safe_candidate_only,se_watershed,total_product_value,地区生产总值,地区生产总值,match,
safe_candidate_only,se_watershed,total_river_area,水面面积：k㎡,水面面积：k㎡,match,
safe_candidate_only,se_watershed,total_watershed_area,流域面积：k㎡,流域面积：k㎡,match,
safe_candidate_only,se_watershed,water_depth_avg,年平均水深：m,年平均水深：m,match,
safe_candidate_only,se_watershed,runoff_value,径流量：亿m³,径流量：亿m³,match,
safe_candidate_only,se_watershed,statistic_year,统计年份,统计年份,match,
safe_candidate_only,se_watershed,mark,备注,备注,match,
safe_candidate_only,se_watershed_river,serial_no,序号,序号,match,
safe_candidate_only,se_watershed_river,river_alias,河流别称,河流别称,match,
safe_candidate_only,se_watershed_river,river_level,河流级别,河流级别,match,
safe_candidate_only,se_watershed_river,parent_river_name,上一级河流名称,上一级河流名称,match,
safe_candidate_only,se_watershed_river,river_length,河流长度(km),河流长度(km),match,
safe_candidate_only,se_watershed_river,hubei_length,湖北长度(km),湖北长度(km),match,
safe_candidate_only,se_watershed_river,yichang_length,宜昌长度(km),宜昌长度(km),match,
safe_candidate_only,se_watershed_river,watershed_area,流域面积(km2),流域面积(km2),match,
safe_candidate_only,se_watershed_river,hubei_area,湖北面积(km2),湖北面积(km2),match,
safe_candidate_only,se_watershed_river,yichang_area,宜昌面积(km2),宜昌面积(km2),match,
safe_candidate_only,se_watershed_river,flow_districts,流经市内行政区,流经市内行政区,match,
safe_candidate_only,se_watershed_river,source_province,源头省,源头省,match,
safe_candidate_only,se_watershed_river,source_county,源头县（市）,源头县（市）,match,
safe_candidate_only,se_watershed_river,source_town,源头乡镇,源头乡镇,match,
safe_candidate_only,se_watershed_river,source_village,源头村,源头村,match,
safe_candidate_only,se_watershed_river,mouth_province,河口省,河口省,match,
safe_candidate_only,se_watershed_river,mouth_county,河口县（市）,河口县（市）,match,
safe_candidate_only,se_watershed_river,mouth_town,河口乡镇,河口乡镇,match,
safe_candidate_only,se_watershed_river,mouth_village,河口村,河口村,match,
safe_candidate_only,stg_sjtj_sxhysjzxpt_dbo_operator_day_burnup_df,b_date,日期,日期,match,
safe_candidate_only,stg_sjtj_sxhysjzxpt_dbo_operator_day_burnup_df,operator,船运公司,船运公司,match,
safe_candidate_only,stg_sjtj_sxhysjzxpt_dbo_operator_day_burnup_df,burnup,燃耗值,燃耗值,match,
safe_candidate_only,stg_sjtj_sxhysjzxpt_dbo_operator_day_burnup_df,dt,分区日期,分区日期,match,
safe_candidate_only,stg_sjtj_sxhysjzxpt_t_vessel_info_df,declareno,船舶报港号,船舶报港号,match,
safe_candidate_only,stg_sjtj_sxhysjzxpt_t_vessel_info_df,portname,港口,港口,match,
safe_candidate_only,stg_sjtj_sxhysjzxpt_t_vessel_info_df,voyname,航线,航线,match,
safe_candidate_only,stg_sjtj_sxhysjzxpt_t_vessel_info_df,vslname,船号,船号,match,
safe_candidate_only,stg_sjtj_sxhysjzxpt_t_vessel_info_df,declaretime,报港时间,报港时间,match,
safe_candidate_only,stg_sjtj_sxhysjzxpt_t_vessel_info_df,levelporttime,离港时间,离港时间,match,
safe_candidate_only,stg_sjtj_sxhysjzxpt_t_vessel_info_df,dt,分区日期,分区日期,match,
safe_candidate_only,stg_sjtysj_cbwrwxtzlxxxt_b_anchorage_clean_company_df,dt,分区日期,分区日期,match,
safe_candidate_only,stg_sjtysj_cbwrwxtzlxxxt_b_anchorage_info_df,lon,经度,经度,match,
safe_candidate_only,stg_sjtysj_cbwrwxtzlxxxt_b_anchorage_info_df,lat,纬度,纬度,match,
safe_candidate_only,stg_sjtysj_cbwrwxtzlxxxt_b_anchorage_info_df,corp_code,所属管理机构code,所属管理机构code,match,
safe_candidate_only,stg_sjtysj_cbwrwxtzlxxxt_b_anchorage_info_df,corp_codes,所属管理机构多级关系,所属管理机构多级关系,match,
safe_candidate_only,stg_sjtysj_cbwrwxtzlxxxt_b_anchorage_info_df,river_area,流域,流域,match,
safe_candidate_only,stg_sjtysj_cbwrwxtzlxxxt_b_anchorage_info_df,dam,（0坝上，1坝下）,（0坝上，1坝下）,match,
safe_candidate_only,stg_sjtysj_cbwrwxtzlxxxt_b_anchorage_info_df,dt,分区日期,分区日期,match,
safe_candidate_only,stg_sjtysj_cbwrwxtzlxxxt_b_clean_company_df,comp_name,清洁公司名称,清洁公司名称,match,
safe_candidate_only,stg_sjtysj_cbwrwxtzlxxxt_b_clean_company_df,comp_code,组织机构代码,组织机构代码,match,
safe_candidate_only,stg_sjtysj_cbwrwxtzlxxxt_b_clean_company_df,tel,联系电话,联系电话,match,
safe_candidate_only,stg_sjtysj_cbwrwxtzlxxxt_b_clean_company_df,validity_end,经营许可有效期,经营许可有效期,match,
safe_candidate_only,stg_sjtysj_cbwrwxtzlxxxt_b_clean_company_df,dt,分区日期,分区日期,match,
safe_candidate_only,stg_sjtysj_cbwrwxtzlxxxt_b_coordination_index_df,on_duty_receive_ship_count,出勤清洁船舶数,出勤清洁船舶数,match,
safe_candidate_only,stg_sjtysj_cbwrwxtzlxxxt_b_coordination_index_df,apply_num,申请提交单次,申请提交单次,match,
safe_candidate_only,stg_sjtysj_cbwrwxtzlxxxt_b_coordination_index_df,transfer_num,转运单次,转运单次,match,
safe_candidate_only,stg_sjtysj_cbwrwxtzlxxxt_b_coordination_index_df,process_num,处置单次,处置单次,match,
safe_candidate_only,stg_sjtysj_cbwrwxtzlxxxt_b_coordination_index_df,day,日期,日期,match,
safe_candidate_only,stg_sjtysj_cbwrwxtzlxxxt_b_coordination_index_df,coordination_index,协同指数,协同指数,match,
safe_candidate_only,stg_sjtysj_cbwrwxtzlxxxt_b_coordination_index_df,dt,分区日期,分区日期,match,
safe_candidate_only,stg_sjtysj_cbwrwxtzlxxxt_b_day_pollution_weight_df,date,日期,日期,match,
safe_candidate_only,stg_sjtysj_cbwrwxtzlxxxt_b_day_pollution_weight_df,kc_shlj,客船生活垃圾重量,客船生活垃圾重量,match,
safe_candidate_only,stg_sjtysj_cbwrwxtzlxxxt_b_day_pollution_weight_df,kc_shws,客船生活污水重量,客船生活污水重量,match,
safe_candidate_only,stg_sjtysj_cbwrwxtzlxxxt_b_day_pollution_weight_df,kc_hyws,客船含油污水重量,客船含油污水重量,match,
safe_candidate_only,stg_sjtysj_cbwrwxtzlxxxt_b_day_pollution_weight_df,kc_fy,客船废油重量,客船废油重量,match,
safe_candidate_only,stg_sjtysj_cbwrwxtzlxxxt_b_day_pollution_weight_df,hc_shlj,货船生活垃圾重量,货船生活垃圾重量,match,
safe_candidate_only,stg_sjtysj_cbwrwxtzlxxxt_b_day_pollution_weight_df,hc_shws,货船生活污水重量,货船生活污水重量,match,
safe_candidate_only,stg_sjtysj_cbwrwxtzlxxxt_b_day_pollution_weight_df,hc_hyws,货船含油污水重量,货船含油污水重量,match,
safe_candidate_only,stg_sjtysj_cbwrwxtzlxxxt_b_day_pollution_weight_df,hc_fy,货船废油重量,货船废油重量,match,
safe_candidate_only,stg_sjtysj_cbwrwxtzlxxxt_b_day_pollution_weight_df,qt_shlj,其他类型船生活垃圾重量,其他类型船生活垃圾重量,match,
safe_candidate_only,stg_sjtysj_cbwrwxtzlxxxt_b_day_pollution_weight_df,qt_shws,其他类型船生活污水重量,其他类型船生活污水重量,match,
safe_candidate_only,stg_sjtysj_cbwrwxtzlxxxt_b_day_pollution_weight_df,qt_hyws,其他类型船含油污水重量,其他类型船含油污水重量,match,
safe_candidate_only,stg_sjtysj_cbwrwxtzlxxxt_b_day_pollution_weight_df,qt_fy,其他类型船废油重量,其他类型船废油重量,match,
safe_candidate_only,stg_sjtysj_cbwrwxtzlxxxt_b_day_pollution_weight_df,dt,分区日期,分区日期,match,
safe_candidate_only,stg_sjtysj_cbwrwxtzlxxxt_b_day_receive_ship_kpi_df,day,日期,日期,match,
safe_candidate_only,stg_sjtysj_cbwrwxtzlxxxt_b_day_receive_ship_kpi_df,receive_ship_id,接收船舶id,接收船舶id,match,
safe_candidate_only,stg_sjtysj_cbwrwxtzlxxxt_b_day_receive_ship_kpi_df,ship_select_count,行船选择数,行船选择数,match,
safe_candidate_only,stg_sjtysj_cbwrwxtzlxxxt_b_day_receive_ship_kpi_df,qrcode_js_count,扫码接单数,扫码接单数,match,
safe_candidate_only,stg_sjtysj_cbwrwxtzlxxxt_b_day_receive_ship_kpi_df,subscribe_js_count,预约接单数,预约接单数,match,
safe_candidate_only,stg_sjtysj_cbwrwxtzlxxxt_b_day_receive_ship_kpi_df,js_poll_num,接收污染物数量,接收污染物数量,match,
safe_candidate_only,stg_sjtysj_cbwrwxtzlxxxt_b_day_receive_ship_kpi_df,dt,分区日期,分区日期,match,
safe_candidate_only,stg_sjtysj_cbwrwxtzlxxxt_b_day_subject_num_df,day,日期,日期,match,
safe_candidate_only,stg_sjtysj_cbwrwxtzlxxxt_b_day_subject_num_df,receive_ship_num,清洁船舶数量,清洁船舶数量,match,
safe_candidate_only,stg_sjtysj_cbwrwxtzlxxxt_b_day_subject_num_df,wharf_num,码头数量,码头数量,match,
safe_candidate_only,stg_sjtysj_cbwrwxtzlxxxt_b_day_subject_num_df,transfer_car_num,转运车辆数量,转运车辆数量,match,
safe_candidate_only,stg_sjtysj_cbwrwxtzlxxxt_b_day_subject_num_df,process_unit_num,处置单位数量,处置单位数量,match,
safe_candidate_only,stg_sjtysj_cbwrwxtzlxxxt_b_day_subject_num_df,supervise_org_num,监管单位数量,监管单位数量,match,
safe_candidate_only,stg_sjtysj_cbwrwxtzlxxxt_b_day_subject_num_df,dt,分区日期,分区日期,match,
safe_candidate_only,stg_sjtysj_cbwrwxtzlxxxt_b_day_sxhy_df,day,日期,日期,match,
safe_candidate_only,stg_sjtysj_cbwrwxtzlxxxt_b_day_sxhy_df,xcs_order_cnt,洗舱水艘次,洗舱水艘次,match,
safe_candidate_only,stg_sjtysj_cbwrwxtzlxxxt_b_day_sxhy_df,xcs_vol,洗舱水量 (m?),洗舱水量 (m?),match,
safe_candidate_only,stg_sjtysj_cbwrwxtzlxxxt_b_day_sxhy_df,order_cnt,污染物交付总单次,污染物交付总单次,match,
safe_candidate_only,stg_sjtysj_cbwrwxtzlxxxt_b_day_sxhy_df,order_weight,污染物交付总重量(吨),污染物交付总重量(吨),match,
safe_candidate_only,stg_sjtysj_cbwrwxtzlxxxt_b_day_sxhy_df,ship_cnt_td,污染物交付行船数td值,污染物交付行船数td值,match,
safe_candidate_only,stg_sjtysj_cbwrwxtzlxxxt_b_day_sxhy_df,ship_cnt_mtd,污染物交付行船数mtd值,污染物交付行船数mtd值,match,
safe_candidate_only,stg_sjtysj_cbwrwxtzlxxxt_b_day_sxhy_df,ship_cnt_ytd,污染物交付行船数ytd值,污染物交付行船数ytd值,match,
safe_candidate_only,stg_sjtysj_cbwrwxtzlxxxt_b_day_sxhy_df,dt,分区日期,分区日期,match,
safe_candidate_only,stg_sjtysj_cbwrwxtzlxxxt_b_month_receive_ship_kpi_df,receive_ship_id,接收船舶id,接收船舶id,match,
safe_candidate_only,stg_sjtysj_cbwrwxtzlxxxt_b_month_receive_ship_kpi_df,subsidy_amount,补贴金额,补贴金额,match,
safe_candidate_only,stg_sjtysj_cbwrwxtzlxxxt_b_month_receive_ship_kpi_df,receive_order_count,接单数,接单数,match,
safe_candidate_only,stg_sjtysj_cbwrwxtzlxxxt_b_month_receive_ship_kpi_df,receive_poll_num,污染物接收量,污染物接收量,match,
safe_candidate_only,stg_sjtysj_cbwrwxtzlxxxt_b_month_receive_ship_kpi_df,receive_shlj_num,生活垃圾接收量,生活垃圾接收量,match,
safe_candidate_only,stg_sjtysj_cbwrwxtzlxxxt_b_month_receive_ship_kpi_df,receive_shws_num,生活污水接收量,生活污水接收量,match,
safe_candidate_only,stg_sjtysj_cbwrwxtzlxxxt_b_month_receive_ship_kpi_df,receive_hyws_num,含油污水接收量,含油污水接收量,match,
safe_candidate_only,stg_sjtysj_cbwrwxtzlxxxt_b_month_receive_ship_kpi_df,receive_fy_num,废油接收量,废油接收量,match,
safe_candidate_only,stg_sjtysj_cbwrwxtzlxxxt_b_month_receive_ship_kpi_df,receive_shlj_order_count,生活垃圾接单数,生活垃圾接单数,match,
safe_candidate_only,stg_sjtysj_cbwrwxtzlxxxt_b_month_receive_ship_kpi_df,receive_shws_order_count,生活污水接单数,生活污水接单数,match,
safe_candidate_only,stg_sjtysj_cbwrwxtzlxxxt_b_month_receive_ship_kpi_df,receive_hyws_order_count,含油污水接单数,含油污水接单数,match,
safe_candidate_only,stg_sjtysj_cbwrwxtzlxxxt_b_month_receive_ship_kpi_df,receive_fy_order_count,废油接单数,废油接单数,match,
safe_candidate_only,stg_sjtysj_cbwrwxtzlxxxt_b_month_receive_ship_kpi_df,dt,分区日期,分区日期,match,
safe_candidate_only,stg_sjtysj_cbwrwxtzlxxxt_b_order_receive_minute_df,day,日期,日期,match,
safe_candidate_only,stg_sjtysj_cbwrwxtzlxxxt_b_order_receive_minute_df,clean_company_name,清洁公司名称,清洁公司名称,match,
safe_candidate_only,stg_sjtysj_cbwrwxtzlxxxt_b_order_receive_minute_df,order_minute,接单时效,接单时效,match,
safe_candidate_only,stg_sjtysj_cbwrwxtzlxxxt_b_order_receive_minute_df,order_num,接单单数,接单单数,match,
safe_candidate_only,stg_sjtysj_cbwrwxtzlxxxt_b_order_receive_minute_df,receive_minute,接收时效,接收时效,match,
safe_candidate_only,stg_sjtysj_cbwrwxtzlxxxt_b_order_receive_minute_df,dt,分区日期,分区日期,match,
safe_candidate_only,stg_sjtysj_cbwrwxtzlxxxt_b_process_unit_info_df,unit_name,处置单位名称,处置单位名称,match,
safe_candidate_only,stg_sjtysj_cbwrwxtzlxxxt_b_process_unit_info_df,unit_code,组织机构代码,组织机构代码,match,
safe_candidate_only,stg_sjtysj_cbwrwxtzlxxxt_b_process_unit_info_df,unit_type,"单位类型:转运单位,处置单位","单位类型:转运单位,处置单位",match,
safe_candidate_only,stg_sjtysj_cbwrwxtzlxxxt_b_process_unit_info_df,phone,联系电话,联系电话,match,
safe_candidate_only,stg_sjtysj_cbwrwxtzlxxxt_b_process_unit_info_df,address_name,省，市，区，地址名称,省，市，区，地址名称,match,
safe_candidate_only,stg_sjtysj_cbwrwxtzlxxxt_b_process_unit_info_df,detail,地址详情,地址详情,match,
safe_candidate_only,stg_sjtysj_cbwrwxtzlxxxt_b_process_unit_info_df,process_unit_type,处置单位类型，1：固废处置场，2:污水处理场，3炼油场,处置单位类型，1：固废处置场，2:污水处理场，3炼油场,match,
safe_candidate_only,stg_sjtysj_cbwrwxtzlxxxt_b_process_unit_info_df,manager_unit,主管单位,主管单位,match,
safe_candidate_only,stg_sjtysj_cbwrwxtzlxxxt_b_process_unit_info_df,business_scope_name,业务范围名称,业务范围名称,match,
safe_candidate_only,stg_sjtysj_cbwrwxtzlxxxt_b_process_unit_info_df,dt,分区日期,分区日期,match,
safe_candidate_only,stg_sjtysj_cbwrwxtzlxxxt_b_receive_ship_assessment_df,resiveshipid,接收船舶id,接收船舶id,match,
safe_candidate_only,stg_sjtysj_cbwrwxtzlxxxt_b_receive_ship_assessment_df,resiveshipname,接收船舶名称,接收船舶名称,match,
safe_candidate_only,stg_sjtysj_cbwrwxtzlxxxt_b_receive_ship_assessment_df,cleancompayid,清洁公司id,清洁公司id,match,
safe_candidate_only,stg_sjtysj_cbwrwxtzlxxxt_b_receive_ship_assessment_df,shipnum,行船选择,行船选择,match,
safe_candidate_only,stg_sjtysj_cbwrwxtzlxxxt_b_receive_ship_assessment_df,billnum,按时接单,按时接单,match,
safe_candidate_only,stg_sjtysj_cbwrwxtzlxxxt_b_receive_ship_assessment_df,ontimes,按时接收,按时接收,match,
safe_candidate_only,stg_sjtysj_cbwrwxtzlxxxt_b_receive_ship_assessment_df,unbillnum,未按时接单,未按时接单,match,
safe_candidate_only,stg_sjtysj_cbwrwxtzlxxxt_b_receive_ship_assessment_df,untimes,未按时接收,未按时接收,match,
safe_candidate_only,stg_sjtysj_cbwrwxtzlxxxt_b_receive_ship_assessment_df,countevaluation,服务总平均分,服务总平均分,match,
safe_candidate_only,stg_sjtysj_cbwrwxtzlxxxt_b_receive_ship_assessment_df,dt,分区日期,分区日期,match,
safe_candidate_only,stg_sjtysj_cbwrwxtzlxxxt_b_receive_ship_info_df,ship_name,船名,船名,match,
safe_candidate_only,stg_sjtysj_cbwrwxtzlxxxt_b_receive_ship_info_df,clean_company_id,所属公司id,所属公司id,match,
safe_candidate_only,stg_sjtysj_cbwrwxtzlxxxt_b_receive_ship_info_df,registry_port,船籍港,船籍港,match,
safe_candidate_only,stg_sjtysj_cbwrwxtzlxxxt_b_receive_ship_info_df,ship_owner,船舶所有人,船舶所有人,match,
safe_candidate_only,stg_sjtysj_cbwrwxtzlxxxt_b_receive_ship_info_df,ship_operator,船舶经营人,船舶经营人,match,
safe_candidate_only,stg_sjtysj_cbwrwxtzlxxxt_b_receive_ship_info_df,captain,船长,船长,match,
safe_candidate_only,stg_sjtysj_cbwrwxtzlxxxt_b_receive_ship_info_df,ship_type,船舶类型：生活垃圾、生活污水、油污水、多功能,船舶类型：生活垃圾、生活污水、油污水、多功能,match,
safe_candidate_only,stg_sjtysj_cbwrwxtzlxxxt_b_receive_ship_info_df,aircert_validity,船舶适航证书有效期,船舶适航证书有效期,match,
safe_candidate_only,stg_sjtysj_cbwrwxtzlxxxt_b_receive_ship_info_df,load_weight,核载重量,核载重量,match,
safe_candidate_only,stg_sjtysj_cbwrwxtzlxxxt_b_receive_ship_info_df,carrier_volume,核载体积,核载体积,match,
safe_candidate_only,stg_sjtysj_cbwrwxtzlxxxt_b_receive_ship_info_df,fee_standard_status,收费标准申请状态，0为审批中，1为已完成,收费标准申请状态，0为审批中，1为已完成,match,
safe_candidate_only,stg_sjtysj_cbwrwxtzlxxxt_b_receive_ship_info_df,anchoring_distance,锚定距离,锚定距离,match,
safe_candidate_only,stg_sjtysj_cbwrwxtzlxxxt_b_receive_ship_info_df,free_flag,是否从事免费接收,是否从事免费接收,match,
safe_candidate_only,stg_sjtysj_cbwrwxtzlxxxt_b_receive_ship_info_df,dt,分区日期,分区日期,match,
safe_candidate_only,stg_sjtysj_cbwrwxtzlxxxt_b_transfer_car_df,driver,主要司机,主要司机,match,
safe_candidate_only,stg_sjtysj_cbwrwxtzlxxxt_b_transfer_car_df,phone,联系电话,联系电话,match,
safe_candidate_only,stg_sjtysj_cbwrwxtzlxxxt_b_transfer_car_df,car_type,车辆类型,车辆类型,match,
safe_candidate_only,stg_sjtysj_cbwrwxtzlxxxt_b_transfer_car_df,auto_trans_flag,上岸即处置开关,上岸即处置开关,match,
safe_candidate_only,stg_sjtysj_cbwrwxtzlxxxt_b_transfer_car_df,dt,分区日期,分区日期,match,
safe_candidate_only,stg_sjtysj_cbwrwxtzlxxxt_b_wharf_info_df,wharf_code,码头代码,码头代码,match,
safe_candidate_only,stg_sjtysj_cbwrwxtzlxxxt_b_wharf_info_df,phone,联系电话,联系电话,match,
safe_candidate_only,stg_sjtysj_cbwrwxtzlxxxt_b_wharf_info_df,validity_end,经营许可有效期,经营许可有效期,match,
safe_candidate_only,stg_sjtysj_cbwrwxtzlxxxt_b_wharf_info_df,receive_range,接收范围(0为生活垃圾，1为生活污水，2为含油污水，3为废油),接收范围(0为生活垃圾，1为生活污水，2为含油污水，3为废油),match,
safe_candidate_only,stg_sjtysj_cbwrwxtzlxxxt_b_wharf_info_df,process_id,处置单位id,处置单位id,match,
safe_candidate_only,stg_sjtysj_cbwrwxtzlxxxt_b_wharf_info_df,only_jxy_flag,是否只用于净小宜,是否只用于净小宜,match,
safe_candidate_only,stg_sjtysj_cbwrwxtzlxxxt_b_wharf_info_df,dt,分区日期,分区日期,match,
safe_candidate_only,stg_sjtysj_cbwrwxtzlxxxt_b_wharf_kpi_df,day,日期,日期,match,
safe_candidate_only,stg_sjtysj_cbwrwxtzlxxxt_b_wharf_kpi_df,shlj_num,生活垃圾接收量,生活垃圾接收量,match,
safe_candidate_only,stg_sjtysj_cbwrwxtzlxxxt_b_wharf_kpi_df,shws_num,生活污水接收量,生活污水接收量,match,
safe_candidate_only,stg_sjtysj_cbwrwxtzlxxxt_b_wharf_kpi_df,hyws_num,含油污水接收量,含油污水接收量,match,
safe_candidate_only,stg_sjtysj_cbwrwxtzlxxxt_b_wharf_kpi_df,fy_num,废油接收量,废油接收量,match,
safe_candidate_only,stg_sjtysj_cbwrwxtzlxxxt_b_wharf_kpi_df,order_count,接收单数,接收单数,match,
safe_candidate_only,stg_sjtysj_cbwrwxtzlxxxt_b_wharf_kpi_df,dt,分区日期,分区日期,match,
safe_candidate_only,stg_sjtysj_cbwrwxtzlxxxt_p_apply_detail_df,remain_num,剩余数量,剩余数量,match,
safe_candidate_only,stg_sjtysj_cbwrwxtzlxxxt_p_apply_detail_df,amount,金额,金额,match,
safe_candidate_only,stg_sjtysj_cbwrwxtzlxxxt_p_apply_detail_df,apply_picture,申请照,申请照,match,
safe_candidate_only,stg_sjtysj_cbwrwxtzlxxxt_p_apply_detail_df,receive_picture,接收船舶照片,接收船舶照片,match,
safe_candidate_only,stg_sjtysj_cbwrwxtzlxxxt_p_apply_detail_df,apply_trans_picture,接收船舶申请转运照片,接收船舶申请转运照片,match,
safe_candidate_only,stg_sjtysj_cbwrwxtzlxxxt_p_apply_detail_df,trans_picture,转运车辆照片,转运车辆照片,match,
safe_candidate_only,stg_sjtysj_cbwrwxtzlxxxt_p_apply_detail_df,handle_picture,处理照片,处理照片,match,
safe_candidate_only,stg_sjtysj_cbwrwxtzlxxxt_p_apply_detail_df,trans_status,转运状态,转运状态,match,
safe_candidate_only,stg_sjtysj_cbwrwxtzlxxxt_p_apply_detail_df,dt,分区日期,分区日期,match,
safe_candidate_only,stg_sjtysj_cbwrwxtzlxxxt_p_ashore_apply_df,port_id,港口id,港口id,match,
safe_candidate_only,stg_sjtysj_cbwrwxtzlxxxt_p_ashore_apply_df,ship_name,船名,船名,match,
safe_candidate_only,stg_sjtysj_cbwrwxtzlxxxt_p_ashore_apply_df,ship_nation,船舶国籍,船舶国籍,match,
safe_candidate_only,stg_sjtysj_cbwrwxtzlxxxt_p_ashore_apply_df,amount,金额,金额,match,
safe_candidate_only,stg_sjtysj_cbwrwxtzlxxxt_p_ashore_apply_df,app_id,申请照id,申请照id,match,
safe_candidate_only,stg_sjtysj_cbwrwxtzlxxxt_p_ashore_apply_df,confirm_date,确认时间,确认时间,match,
safe_candidate_only,stg_sjtysj_cbwrwxtzlxxxt_p_ashore_apply_df,confirm_id,确认照id,确认照id,match,
safe_candidate_only,stg_sjtysj_cbwrwxtzlxxxt_p_ashore_apply_df,receive_ship_id,接收船舶id,接收船舶id,match,
safe_candidate_only,stg_sjtysj_cbwrwxtzlxxxt_p_ashore_apply_df,receive_ship_nation,接收船舶国籍,接收船舶国籍,match,
safe_candidate_only,stg_sjtysj_cbwrwxtzlxxxt_p_ashore_apply_df,delivery_ship_captain,交付船舶船长,交付船舶船长,match,
safe_candidate_only,stg_sjtysj_cbwrwxtzlxxxt_p_ashore_apply_df,receive_ship_captain,接收船舶船长,接收船舶船长,match,
safe_candidate_only,stg_sjtysj_cbwrwxtzlxxxt_p_ashore_apply_df,receive_ship_captain_phone,接收船舶船长联系方式,接收船舶船长联系方式,match,
safe_candidate_only,stg_sjtysj_cbwrwxtzlxxxt_p_ashore_apply_df,receive_company,接收单位,接收单位,match,
safe_candidate_only,stg_sjtysj_cbwrwxtzlxxxt_p_ashore_apply_df,receive_person,接收人,接收人,match,
safe_candidate_only,stg_sjtysj_cbwrwxtzlxxxt_p_ashore_apply_df,receive_date,接收时间：当状态为：yjs,接收时间：当状态为：yjs,match,
safe_candidate_only,stg_sjtysj_cbwrwxtzlxxxt_p_ashore_apply_df,complete_receive_date,完成接收时间,完成接收时间,match,
safe_candidate_only,stg_sjtysj_cbwrwxtzlxxxt_p_ashore_apply_df,goods_type,货物种类,货物种类,match,
safe_candidate_only,stg_sjtysj_cbwrwxtzlxxxt_p_ashore_apply_df,actual_tons,实载吨位,实载吨位,match,
safe_candidate_only,stg_sjtysj_cbwrwxtzlxxxt_p_ashore_apply_df,standard_container_num,标箱数量,标箱数量,match,
safe_candidate_only,stg_sjtysj_cbwrwxtzlxxxt_p_ashore_apply_df,domestic_trade_num,内贸数量,内贸数量,match,
safe_candidate_only,stg_sjtysj_cbwrwxtzlxxxt_p_ashore_apply_df,foreign_trade_num,外贸数量,外贸数量,match,
safe_candidate_only,stg_sjtysj_cbwrwxtzlxxxt_p_ashore_apply_df,actual_crew_num,实际船员人数,实际船员人数,match,
safe_candidate_only,stg_sjtysj_cbwrwxtzlxxxt_p_ashore_apply_df,actual_poll_type,实际污染物类型,实际污染物类型,match,
safe_candidate_only,stg_sjtysj_cbwrwxtzlxxxt_p_ashore_apply_df,actual_poll_num,实际污染物数量,实际污染物数量,match,
safe_candidate_only,stg_sjtysj_cbwrwxtzlxxxt_p_ashore_apply_df,actual_poll_unit,实际污染物单位,实际污染物单位,match,
safe_candidate_only,stg_sjtysj_cbwrwxtzlxxxt_p_ashore_apply_df,expected_delivery_time,期望交付时间,期望交付时间,match,
safe_candidate_only,stg_sjtysj_cbwrwxtzlxxxt_p_ashore_apply_df,reject_reason,拒收理由,拒收理由,match,
safe_candidate_only,stg_sjtysj_cbwrwxtzlxxxt_p_ashore_apply_df,shlj_time,生活垃圾说明,生活垃圾说明,match,
safe_candidate_only,stg_sjtysj_cbwrwxtzlxxxt_p_ashore_apply_df,fy_text,费油说明,费油说明,match,
safe_candidate_only,stg_sjtysj_cbwrwxtzlxxxt_p_ashore_apply_df,hyws_text,含油污水,含油污水,match,
safe_candidate_only,stg_sjtysj_cbwrwxtzlxxxt_p_ashore_apply_df,shws_text,生活污水说明,生活污水说明,match,
safe_candidate_only,stg_sjtysj_cbwrwxtzlxxxt_p_ashore_apply_df,ypj_status,是否已评价状态,是否已评价状态,match,
safe_candidate_only,stg_sjtysj_cbwrwxtzlxxxt_p_ashore_apply_df,deliverer,交付人,交付人,match,
safe_candidate_only,stg_sjtysj_cbwrwxtzlxxxt_p_ashore_apply_df,cex_data_source,0:预约 1:扫码（码头） 3: 扫码(车船),0:预约 1:扫码（码头） 3: 扫码(车船),match,
safe_candidate_only,stg_sjtysj_cbwrwxtzlxxxt_p_ashore_apply_df,qrcode_confirm_flag,扫码交互，是否确认过 0：未确认 1：已确认 是否有填报货种货量标志,扫码交互，是否确认过 0：未确认 1：已确认 是否有填报货种货量标志,match,
safe_candidate_only,stg_sjtysj_cbwrwxtzlxxxt_p_ashore_apply_df,qrcode_confirm_time,扫码交互确认时间（填报货种货量时间）,扫码交互确认时间（填报货种货量时间）,match,
safe_candidate_only,stg_sjtysj_cbwrwxtzlxxxt_p_ashore_apply_df,dt,分区日期,分区日期,match,
safe_candidate_only,stg_sjtysj_cbwrwxtzlxxxt_p_handover_trans_detail_df,dt,分区日期,分区日期,match,
safe_candidate_only,stg_sjtysj_cbwrwxtzlxxxt_p_handover_trans_df,cc_status, 后续存储状态 wsq：未申请， dcc : 待存储，ycc : 已存储, 后续存储状态 wsq：未申请， dcc : 待存储，ycc : 已存储,match,
safe_candidate_only,stg_sjtysj_cbwrwxtzlxxxt_p_handover_trans_df,trans_subject_type,转运主体类型 0:接收船舶 1:转运车辆,转运主体类型 0:接收船舶 1:转运车辆,match,
safe_candidate_only,stg_sjtysj_cbwrwxtzlxxxt_p_handover_trans_df,trans_subject_id,转运主体id,转运主体id,match,
safe_candidate_only,stg_sjtysj_cbwrwxtzlxxxt_p_handover_trans_df,trans_subject_name,转运主体名称（船名、车牌号）,转运主体名称（船名、车牌号）,match,
safe_candidate_only,stg_sjtysj_cbwrwxtzlxxxt_p_handover_trans_df,trans_subject_contact_person,转运主体联系人,转运主体联系人,match,
safe_candidate_only,stg_sjtysj_cbwrwxtzlxxxt_p_handover_trans_df,trans_subject_contact_telephone,转运主体联系方式,转运主体联系方式,match,
safe_candidate_only,stg_sjtysj_cbwrwxtzlxxxt_p_handover_trans_df,trans_subject_company,转运主体所属公司,转运主体所属公司,match,
safe_candidate_only,stg_sjtysj_cbwrwxtzlxxxt_p_handover_trans_df,confirm_receive_time,转运主体确认接收完成时间（点击按钮的时间）,转运主体确认接收完成时间（点击按钮的时间）,match,
safe_candidate_only,stg_sjtysj_cbwrwxtzlxxxt_p_handover_trans_df,receive_complete_time,接收完成时间,接收完成时间,match,
safe_candidate_only,stg_sjtysj_cbwrwxtzlxxxt_p_handover_trans_df,poll_weight_num,污染物数量,污染物数量,match,
safe_candidate_only,stg_sjtysj_cbwrwxtzlxxxt_p_handover_trans_df,apply_wharf_id,申请码头id,申请码头id,match,
safe_candidate_only,stg_sjtysj_cbwrwxtzlxxxt_p_handover_trans_df,apply_wharf_name,申请码头名称,申请码头名称,match,
safe_candidate_only,stg_sjtysj_cbwrwxtzlxxxt_p_handover_trans_df,apply_wharf_company,申请码头所属公司 （没有的填入码头名称）,申请码头所属公司 （没有的填入码头名称）,match,
safe_candidate_only,stg_sjtysj_cbwrwxtzlxxxt_p_handover_trans_df,apply_anchorage_name,交互水域,交互水域,match,
safe_candidate_only,stg_sjtysj_cbwrwxtzlxxxt_p_handover_trans_df,apply_contact_person,申请-联系人,申请-联系人,match,
safe_candidate_only,stg_sjtysj_cbwrwxtzlxxxt_p_handover_trans_df,apply_contact_telephone,申请-联系人手机号,申请-联系人手机号,match,
safe_candidate_only,stg_sjtysj_cbwrwxtzlxxxt_p_handover_trans_df,target_wharf_id,目的地码头id （注：目的码头界面上看不到该单据）,目的地码头id （注：目的码头界面上看不到该单据）,match,
safe_candidate_only,stg_sjtysj_cbwrwxtzlxxxt_p_handover_trans_df,target_wharf_name,目的地码头名称,目的地码头名称,match,
safe_candidate_only,stg_sjtysj_cbwrwxtzlxxxt_p_handover_trans_df,trans_start_time,交互时间（转运开始时间）,交互时间（转运开始时间）,match,
safe_candidate_only,stg_sjtysj_cbwrwxtzlxxxt_p_handover_trans_df,trans_complete_time,转运完成时间,转运完成时间,match,
safe_candidate_only,stg_sjtysj_cbwrwxtzlxxxt_p_handover_trans_df,apply_img_path,申请转运照片,申请转运照片,match,
safe_candidate_only,stg_sjtysj_cbwrwxtzlxxxt_p_handover_trans_df,remarks,备注,备注,match,
safe_candidate_only,stg_sjtysj_cbwrwxtzlxxxt_p_handover_trans_df,dt,分区日期,分区日期,match,
safe_candidate_only,stg_sjtysj_cbwrwxtzlxxxt_p_receive_storage_df,apply_detail_id,id,id,match,
safe_candidate_only,stg_sjtysj_cbwrwxtzlxxxt_p_receive_storage_df,dt,分区日期,分区日期,match,
safe_candidate_only,stg_sjtysj_cbwrwxtzlxxxt_p_trans_apply_detail_df,trans_apply_line,转运申请行,转运申请行,match,
safe_candidate_only,stg_sjtysj_cbwrwxtzlxxxt_p_trans_apply_detail_df,receive_line,接收申请行,接收申请行,match,
safe_candidate_only,stg_sjtysj_cbwrwxtzlxxxt_p_trans_apply_detail_df,ashore_apply_no,接收申请号,接收申请号,match,
safe_candidate_only,stg_sjtysj_cbwrwxtzlxxxt_p_trans_apply_detail_df,dt,分区日期,分区日期,match,
safe_candidate_only,stg_sjtysj_cbwrwxtzlxxxt_p_trans_apply_df,delivery_company_name,交付单位,交付单位,match,
safe_candidate_only,stg_sjtysj_cbwrwxtzlxxxt_p_trans_apply_df,delivery_ship_name,交付船舶名,交付船舶名,match,
safe_candidate_only,stg_sjtysj_cbwrwxtzlxxxt_p_trans_apply_df,delivery_ship_nation,船舶国籍,船舶国籍,match,
safe_candidate_only,stg_sjtysj_cbwrwxtzlxxxt_p_trans_apply_df,delivery_ship_caption,交付船舶船长,交付船舶船长,match,
safe_candidate_only,stg_sjtysj_cbwrwxtzlxxxt_p_trans_apply_df,delivery_ship_caption_tel,船长联系方式,船长联系方式,match,
safe_candidate_only,stg_sjtysj_cbwrwxtzlxxxt_p_trans_apply_df,car_id,车辆id,车辆id,match,
safe_candidate_only,stg_sjtysj_cbwrwxtzlxxxt_p_trans_apply_df,car_driver,转运车辆驾驶员姓名：,转运车辆驾驶员姓名：,match,
safe_candidate_only,stg_sjtysj_cbwrwxtzlxxxt_p_trans_apply_df,car_driver_tel,联系方式,联系方式,match,
safe_candidate_only,stg_sjtysj_cbwrwxtzlxxxt_p_trans_apply_df,trans_address,转运地址,转运地址,match,
safe_candidate_only,stg_sjtysj_cbwrwxtzlxxxt_p_trans_apply_df,commit_num,提交数,提交数,match,
safe_candidate_only,stg_sjtysj_cbwrwxtzlxxxt_p_trans_apply_df,trans_num,转运数,转运数,match,
safe_candidate_only,stg_sjtysj_cbwrwxtzlxxxt_p_trans_apply_df,hander_num,处置数,处置数,match,
safe_candidate_only,stg_sjtysj_cbwrwxtzlxxxt_p_trans_apply_df,confirm_date,确认时间,确认时间,match,
safe_candidate_only,stg_sjtysj_cbwrwxtzlxxxt_p_trans_apply_df,recycle_company_id,回收单位id,回收单位id,match,
safe_candidate_only,stg_sjtysj_cbwrwxtzlxxxt_p_trans_apply_df,recycle_company_name,回收单位名,回收单位名,match,
safe_candidate_only,stg_sjtysj_cbwrwxtzlxxxt_p_trans_apply_df,recycle_person,回收人,回收人,match,
safe_candidate_only,stg_sjtysj_cbwrwxtzlxxxt_p_trans_apply_df,recycle_phone,回收人联系方式,回收人联系方式,match,
safe_candidate_only,stg_sjtysj_cbwrwxtzlxxxt_p_trans_apply_df,delivery_address,交付地点,交付地点,match,
safe_candidate_only,stg_sjtysj_cbwrwxtzlxxxt_p_trans_apply_df,hander_by,处置人,处置人,match,
safe_candidate_only,stg_sjtysj_cbwrwxtzlxxxt_p_trans_apply_df,hander_date,处置时间,处置时间,match,
safe_candidate_only,stg_sjtysj_cbwrwxtzlxxxt_p_trans_apply_df,hander_comp,处置单位,处置单位,match,
safe_candidate_only,stg_sjtysj_cbwrwxtzlxxxt_p_trans_apply_df,hander_tel,处置人联系方式,处置人联系方式,match,
safe_candidate_only,stg_sjtysj_cbwrwxtzlxxxt_p_trans_apply_df,process_address,处置地址 ,处置地址 ,match,
safe_candidate_only,stg_sjtysj_cbwrwxtzlxxxt_p_trans_apply_df,apply_recyclable_trash,申请可回收垃圾数量,申请可回收垃圾数量,match,
safe_candidate_only,stg_sjtysj_cbwrwxtzlxxxt_p_trans_apply_df,apply_kitchen_trash,申请厨余垃圾数量,申请厨余垃圾数量,match,
safe_candidate_only,stg_sjtysj_cbwrwxtzlxxxt_p_trans_apply_df,apply_other_trash,申请其他垃圾数量,申请其他垃圾数量,match,
safe_candidate_only,stg_sjtysj_cbwrwxtzlxxxt_p_trans_apply_df,apply_harmful_trash,申请有害垃圾数量,申请有害垃圾数量,match,
safe_candidate_only,stg_sjtysj_cbwrwxtzlxxxt_p_trans_apply_df,receive_recyclable_trash,接收可回收垃圾数量,接收可回收垃圾数量,match,
safe_candidate_only,stg_sjtysj_cbwrwxtzlxxxt_p_trans_apply_df,trans_kitchen_trash,转运厨余垃圾数量,转运厨余垃圾数量,match,
safe_candidate_only,stg_sjtysj_cbwrwxtzlxxxt_p_trans_apply_df,trans_other_trash,转运其他垃圾数量,转运其他垃圾数量,match,
safe_candidate_only,stg_sjtysj_cbwrwxtzlxxxt_p_trans_apply_df,trans_harmful_trash,转运有害垃圾数量,转运有害垃圾数量,match,
safe_candidate_only,stg_sjtysj_cbwrwxtzlxxxt_p_trans_apply_df,process_kitchen_trash,处置厨余垃圾数量,处置厨余垃圾数量,match,
safe_candidate_only,stg_sjtysj_cbwrwxtzlxxxt_p_trans_apply_df,process_other_trash,处置其他垃圾数量,处置其他垃圾数量,match,
safe_candidate_only,stg_sjtysj_cbwrwxtzlxxxt_p_trans_apply_df,process_harmful_trash,处置有害垃圾数量,处置有害垃圾数量,match,
safe_candidate_only,stg_sjtysj_cbwrwxtzlxxxt_p_trans_apply_df,recycle_pic,回收照片,回收照片,match,
safe_candidate_only,stg_sjtysj_cbwrwxtzlxxxt_p_trans_apply_df,recycle_remarks,回收备注,回收备注,match,
safe_candidate_only,stg_sjtysj_cbwrwxtzlxxxt_p_trans_apply_df,apply_trans_pic,接收船舶申请转运照片,接收船舶申请转运照片,match,
safe_candidate_only,stg_sjtysj_cbwrwxtzlxxxt_p_trans_apply_df,car_trans_pic,车辆转运作业照片,车辆转运作业照片,match,
safe_candidate_only,stg_sjtysj_cbwrwxtzlxxxt_p_trans_apply_df,car_trans_remarks,转运车辆备注,转运车辆备注,match,
safe_candidate_only,stg_sjtysj_cbwrwxtzlxxxt_p_trans_apply_df,handle_pic,实际处置照片,实际处置照片,match,
safe_candidate_only,stg_sjtysj_cbwrwxtzlxxxt_p_trans_apply_df,handle_remarks,实际处置备注,实际处置备注,match,
safe_candidate_only,stg_sjtysj_cbwrwxtzlxxxt_p_trans_apply_df,process_pdf,处置pdf,处置pdf,match,
safe_candidate_only,stg_sjtysj_cbwrwxtzlxxxt_p_trans_apply_df,pdf_trans_img_url,转运时生成pdf转图片地址,转运时生成pdf转图片地址,match,
safe_candidate_only,stg_sjtysj_cbwrwxtzlxxxt_p_trans_apply_df,landing_time,靠岸时间,靠岸时间,match,
safe_candidate_only,stg_sjtysj_cbwrwxtzlxxxt_p_trans_apply_df,withdrawal_stats,撤回状态:1.待转运撤回，2.待转运修改,撤回状态:1.待转运撤回，2.待转运修改,match,
safe_candidate_only,stg_sjtysj_cbwrwxtzlxxxt_p_trans_apply_df,wharf_mobile,码头联系方式,码头联系方式,match,
safe_candidate_only,stg_sjtysj_cbwrwxtzlxxxt_p_trans_apply_df,trans_vo,船e行转运单证号,船e行转运单证号,match,
safe_candidate_only,stg_sjtysj_cbwrwxtzlxxxt_p_trans_apply_df,process_vo,船e行处置单证号,船e行处置单证号,match,
safe_candidate_only,stg_sjtysj_cbwrwxtzlxxxt_p_trans_apply_df,trans_vo_time,推送船e行转运时间,推送船e行转运时间,match,
safe_candidate_only,stg_sjtysj_cbwrwxtzlxxxt_p_trans_apply_df,process_vo_time,推送船e行处置时间,推送船e行处置时间,match,
safe_candidate_only,stg_sjtysj_cbwrwxtzlxxxt_p_trans_apply_df,delivery_subject_type,申请主体类型 4: 码头; 0:接收船舶,申请主体类型 4: 码头; 0:接收船舶,match,
safe_candidate_only,stg_sjtysj_cbwrwxtzlxxxt_p_trans_apply_df,delivery_subject_id,申请主体id,申请主体id,match,
safe_candidate_only,stg_sjtysj_cbwrwxtzlxxxt_p_trans_apply_df,confirm_trans_time,确认转运时间,确认转运时间,match,
safe_candidate_only,stg_sjtysj_cbwrwxtzlxxxt_p_trans_apply_df,confirm_process_time,确认处置时间,确认处置时间,match,
safe_candidate_only,stg_sjtysj_cbwrwxtzlxxxt_p_trans_apply_df,dt,分区日期,分区日期,match,
safe_candidate_only,stg_sjtysj_cbwrwxtzlxxxt_p_wharf_storage_df,receive_company_name,接收船舶公司名,接收船舶公司名,match,
safe_candidate_only,stg_sjtysj_cbwrwxtzlxxxt_p_wharf_storage_df,receive_ship_caption,接收船船长,接收船船长,match,
safe_candidate_only,stg_sjtysj_cbwrwxtzlxxxt_p_wharf_storage_df,receive_ship_caption_tel,接收船船长电话,接收船船长电话,match,
safe_candidate_only,stg_sjtysj_cbwrwxtzlxxxt_p_wharf_storage_df,confirm_date,确认时间,确认时间,match,
safe_candidate_only,stg_sjtysj_cbwrwxtzlxxxt_p_wharf_storage_df,remarks,备注,备注,match,
safe_candidate_only,stg_sjtysj_cbwrwxtzlxxxt_p_wharf_storage_df,picture,图片地址,图片地址,match,
safe_candidate_only,stg_sjtysj_cbwrwxtzlxxxt_p_wharf_storage_df,receive_area,接收水域,接收水域,match,
safe_candidate_only,stg_sjtysj_cbwrwxtzlxxxt_p_wharf_storage_df,storage_order_pdf,存储联单地址,存储联单地址,match,
safe_candidate_only,stg_sjtysj_cbwrwxtzlxxxt_p_wharf_storage_df,storage_order_img,存储联单图片地址,存储联单图片地址,match,
safe_candidate_only,stg_sjtysj_cbwrwxtzlxxxt_p_wharf_storage_df,handover_trans_no,前置szy单单号（可空）,前置szy单单号（可空）,match,
safe_candidate_only,stg_sjtysj_cbwrwxtzlxxxt_p_wharf_storage_df,dt,分区日期,分区日期,match,
safe_candidate_only,stg_sslhhpj_hbsxkqycszhslzhglptjsxm_att_bas_base_df,bas_code,流域代码,流域代码,match,
safe_candidate_only,stg_sslhhpj_hbsxkqycszhslzhglptjsxm_att_bas_base_df,bas_name,流域名称,流域名称,match,
safe_candidate_only,stg_sslhhpj_hbsxkqycszhslzhglptjsxm_att_bas_base_df,parent_bas_code,父级流域代码,父级流域代码,match,
safe_candidate_only,stg_sslhhpj_hbsxkqycszhslzhglptjsxm_att_bas_base_df,businessid,统一编码,统一编码,match,
safe_candidate_only,stg_sslhhpj_hbsxkqycszhslzhglptjsxm_att_bas_base_df,low_left_long,左下角经度,左下角经度,match,
safe_candidate_only,stg_sslhhpj_hbsxkqycszhslzhglptjsxm_att_bas_base_df,low_left_lat,左下角纬度,左下角纬度,match,
safe_candidate_only,stg_sslhhpj_hbsxkqycszhslzhglptjsxm_att_bas_base_df,up_right_long,右上角经度,右上角经度,match,
safe_candidate_only,stg_sslhhpj_hbsxkqycszhslzhglptjsxm_att_bas_base_df,up_right_lat,右上角纬度,右上角纬度,match,
safe_candidate_only,stg_sslhhpj_hbsxkqycszhslzhglptjsxm_att_bas_base_df,cr_over_type,跨界类型 0未知 1跨国并跨省 2跨国 3跨省 4跨市 5跨县 6县界内,跨界类型 0未知 1跨国并跨省 2跨国 3跨省 4跨市 5跨县 6县界内,match,
safe_candidate_only,stg_sslhhpj_hbsxkqycszhslzhglptjsxm_att_bas_base_df,bas_ad_name,流域所属行政区,流域所属行政区,match,
safe_candidate_only,stg_sslhhpj_hbsxkqycszhslzhglptjsxm_att_bas_base_df,bas_grad,流域级别 1 一级流域 2二级流域 3三级流域 4四级流域 5五级流域 6六级流域 ..... .......以此类推,流域级别 1 一级流域 2二级流域 3三级流域 4四级流域 5五级流域 6六级流域 ..... .......以此类推,match,
safe_candidate_only,stg_sslhhpj_hbsxkqycszhslzhglptjsxm_att_bas_base_df,bas_area,流域面积,流域面积,match,
safe_candidate_only,stg_sslhhpj_hbsxkqycszhslzhglptjsxm_att_bas_base_df,bas_source,流域来源：0-自然资源 1-流域治理划分流域,流域来源：0-自然资源 1-流域治理划分流域,match,
safe_candidate_only,stg_sslhhpj_hbsxkqycszhslzhglptjsxm_att_bas_base_df,coordinates,地理坐标,地理坐标,match,
safe_candidate_only,stg_sslhhpj_hbsxkqycszhslzhglptjsxm_att_bas_base_df,optime,操作时间,操作时间,match,
safe_candidate_only,stg_sslhhpj_hbsxkqycszhslzhglptjsxm_att_bas_base_df,dt,分区日期,分区日期,match,
safe_candidate_only,stg_sslhhpj_hbsxkqycszhslzhglptjsxm_att_wmst_base_df,wmst_code,监视点代码,监视点代码,match,
safe_candidate_only,stg_sslhhpj_hbsxkqycszhslzhglptjsxm_att_wmst_base_df,wmst_name,监视点名称,监视点名称,match,
safe_candidate_only,stg_sslhhpj_hbsxkqycszhslzhglptjsxm_att_wmst_base_df,businessid,统一编码,统一编码,match,
safe_candidate_only,stg_sslhhpj_hbsxkqycszhslzhglptjsxm_att_wmst_base_df,wmst_type,监视点类型(1-图像站 2-视频站),监视点类型(1-图像站 2-视频站),match,
safe_candidate_only,stg_sslhhpj_hbsxkqycszhslzhglptjsxm_att_wmst_base_df,wmst_lon,监视点经度,监视点经度,match,
safe_candidate_only,stg_sslhhpj_hbsxkqycszhslzhglptjsxm_att_wmst_base_df,wmst_lat,监视点纬度,监视点纬度,match,
safe_candidate_only,stg_sslhhpj_hbsxkqycszhslzhglptjsxm_att_wmst_base_df,wmst_xzc,监视点所在县镇村,监视点所在县镇村,match,
safe_candidate_only,stg_sslhhpj_hbsxkqycszhslzhglptjsxm_att_wmst_base_df,wmst_loc,监视点所在位置(组),监视点所在位置(组),match,
safe_candidate_only,stg_sslhhpj_hbsxkqycszhslzhglptjsxm_att_wmst_base_df,rv_name,所在河流名称,所在河流名称,match,
safe_candidate_only,stg_sslhhpj_hbsxkqycszhslzhglptjsxm_att_wmst_base_df,wmst_obj,监视对象(水库 河道 湖泊 电站 施工现场),监视对象(水库 河道 湖泊 电站 施工现场),match,
safe_candidate_only,stg_sslhhpj_hbsxkqycszhslzhglptjsxm_att_wmst_base_df,object_code,监控对象编码,监控对象编码,match,
safe_candidate_only,stg_sslhhpj_hbsxkqycszhslzhglptjsxm_att_wmst_base_df,wmst_status,设备状态(0-离线 1-在线),设备状态(0-离线 1-在线),match,
safe_candidate_only,stg_sslhhpj_hbsxkqycszhslzhglptjsxm_att_wmst_base_df,sbcs,设备厂商,设备厂商,match,
safe_candidate_only,stg_sslhhpj_hbsxkqycszhslzhglptjsxm_att_wmst_base_df,bmgs,编码格式,编码格式,match,
safe_candidate_only,stg_sslhhpj_hbsxkqycszhslzhglptjsxm_att_wmst_base_df,fbl,分辨率,分辨率,match,
safe_candidate_only,stg_sslhhpj_hbsxkqycszhslzhglptjsxm_att_wmst_base_df,ktjjfw,可调焦距范围,可调焦距范围,match,
safe_candidate_only,stg_sslhhpj_hbsxkqycszhslzhglptjsxm_att_wmst_base_df,adminunit,管理单位,管理单位,match,
safe_candidate_only,stg_sslhhpj_hbsxkqycszhslzhglptjsxm_att_wmst_base_df,drctrdpt,主管部门,主管部门,match,
safe_candidate_only,stg_sslhhpj_hbsxkqycszhslzhglptjsxm_att_wmst_base_df,adm_dep,归口管理部门(1-水利部门 2-电力部门 3-农业部门 4-林业部门 5-城建部门 6-航运部门 7-环保部门 9-其他),归口管理部门(1-水利部门 2-电力部门 3-农业部门 4-林业部门 5-城建部门 6-航运部门 7-环保部门 9-其他),match,
safe_candidate_only,stg_sslhhpj_hbsxkqycszhslzhglptjsxm_att_wmst_base_df,region_source,组织来源分类,组织来源分类,match,
safe_candidate_only,stg_sslhhpj_hbsxkqycszhslzhglptjsxm_att_wmst_base_df,sfxs,是否显示：0-不显示 1-显示,是否显示：0-不显示 1-显示,match,
safe_candidate_only,stg_sslhhpj_hbsxkqycszhslzhglptjsxm_att_wmst_base_df,optime,操作时间,操作时间,match,
safe_candidate_only,stg_sslhhpj_hbsxkqycszhslzhglptjsxm_att_wmst_base_df,dt,分区日期,分区日期,match,
safe_candidate_only,stg_sslhhpj_hbsxkqycszhslzhglptjsxm_rcm_rv_lk_res_df,obj_id,河流id/湖泊id/水库id,河流id/湖泊id/水库id,match,
safe_candidate_only,stg_sslhhpj_hbsxkqycszhslzhglptjsxm_rcm_rv_lk_res_df,obj_type,河湖库类型,河湖库类型,match,
safe_candidate_only,stg_sslhhpj_hbsxkqycszhslzhglptjsxm_rcm_rv_lk_res_df,obj_code,河湖库编号,河湖库编号,match,
safe_candidate_only,stg_sslhhpj_hbsxkqycszhslzhglptjsxm_rcm_rv_lk_res_df,obj_name,河湖库名称,河湖库名称,match,
safe_candidate_only,stg_sslhhpj_hbsxkqycszhslzhglptjsxm_rcm_rv_lk_res_df,basin_id,流域id,流域id,match,
safe_candidate_only,stg_sslhhpj_hbsxkqycszhslzhglptjsxm_rcm_rv_lk_res_df,iz_del,是否删除,是否删除,match,
safe_candidate_only,stg_sslhhpj_hbsxkqycszhslzhglptjsxm_rcm_rv_lk_res_df,water_system,水系,水系,match,
safe_candidate_only,stg_sslhhpj_hbsxkqycszhslzhglptjsxm_rcm_rv_lk_res_df,dt,分区日期,分区日期,match,
safe_candidate_only,stg_sslhhpj_hbsxkqycszhslzhglptjsxm_rel_st_source_df,st_code,监测站编码,监测站编码,match,
safe_candidate_only,stg_sslhhpj_hbsxkqycszhslzhglptjsxm_rel_st_source_df,atcunit,来源分类：水文，山洪，气象，中小水库，三峡库区,来源分类：水文，山洪，气象，中小水库，三峡库区,match,
safe_candidate_only,stg_sslhhpj_hbsxkqycszhslzhglptjsxm_rel_st_source_df,dt,分区日期,分区日期,match,
safe_candidate_only,stg_sslhhpj_hbsxkqycszhslzhglptjsxm_warn_stcd_r_df,countywarnid,countywarnid,countywarnid,match,
safe_candidate_only,stg_sslhhpj_hbsxkqycszhslzhglptjsxm_warn_stcd_r_df,warnid,预警id,预警id,match,
safe_candidate_only,stg_sslhhpj_hbsxkqycszhslzhglptjsxm_warn_stcd_r_df,stcd,测站编码,测站编码,match,
safe_candidate_only,stg_sslhhpj_hbsxkqycszhslzhglptjsxm_warn_stcd_r_df,stwarnid,全局预警编码,全局预警编码,match,
safe_candidate_only,stg_sslhhpj_hbsxkqycszhslzhglptjsxm_warn_stcd_r_df,countystwarnid,测站预警编码,测站预警编码,match,
safe_candidate_only,stg_sslhhpj_hbsxkqycszhslzhglptjsxm_warn_stcd_r_df,dt,分区日期,分区日期,match,
safe_candidate_only,stg_sslhhpj_hbsxkqycszhslzhglptjsxm_wr_mp_b_df,mp_cd,监测点代码,监测点代码,match,
safe_candidate_only,stg_sslhhpj_hbsxkqycszhslzhglptjsxm_wr_mp_b_df,mp_nm,监测点名称,监测点名称,match,
safe_candidate_only,stg_sslhhpj_hbsxkqycszhslzhglptjsxm_wr_mp_b_df,mp_addr,监测点地址,监测点地址,match,
safe_candidate_only,stg_sslhhpj_hbsxkqycszhslzhglptjsxm_wr_mp_b_df,mp_item,监测项目,监测项目,match,
safe_candidate_only,stg_sslhhpj_hbsxkqycszhslzhglptjsxm_wr_mp_b_df,sour_tp,水源类型,水源类型,match,
safe_candidate_only,stg_sslhhpj_hbsxkqycszhslzhglptjsxm_wr_mp_b_df,is_auto,是否为直接监测,是否为直接监测,match,
safe_candidate_only,stg_sslhhpj_hbsxkqycszhslzhglptjsxm_wr_mp_b_df,ts,时间戳,时间戳,match,
safe_candidate_only,stg_sslhhpj_hbsxkqycszhslzhglptjsxm_wr_mp_b_df,nt,备注,备注,match,
safe_candidate_only,stg_sslhhpj_hbsxkqycszhslzhglptjsxm_wr_mp_b_df,is_argw,是否为纯农业用水,是否为纯农业用水,match,
safe_candidate_only,stg_sslhhpj_hbsxkqycszhslzhglptjsxm_wr_mp_b_df,is_stat,是否参与统计(9:单独过滤掉的站点),是否参与统计(9:单独过滤掉的站点),match,
safe_candidate_only,stg_sslhhpj_hbsxkqycszhslzhglptjsxm_wr_mp_b_df,use_type,用水类型,用水类型,match,
safe_candidate_only,stg_sslhhpj_hbsxkqycszhslzhglptjsxm_wr_mp_b_df,mon_g,监控级别,监控级别,match,
safe_candidate_only,stg_sslhhpj_hbsxkqycszhslzhglptjsxm_wr_mp_b_df,wi_type,取水特征类型,取水特征类型,match,
safe_candidate_only,stg_sslhhpj_hbsxkqycszhslzhglptjsxm_wr_mp_b_df,mon_rat,监控比例,监控比例,match,
safe_candidate_only,stg_sslhhpj_hbsxkqycszhslzhglptjsxm_wr_mp_b_df,use_dt,投入使用日期,投入使用日期,match,
safe_candidate_only,stg_sslhhpj_hbsxkqycszhslzhglptjsxm_wr_mp_b_df,day_max,日最大取水能力,日最大取水能力,match,
safe_candidate_only,stg_sslhhpj_hbsxkqycszhslzhglptjsxm_wr_mp_b_df,gq_tp,流量获取方式,流量获取方式,match,
safe_candidate_only,stg_sslhhpj_hbsxkqycszhslzhglptjsxm_wr_mp_b_df,isuse,是否启用: 0 停用 1 启用,是否启用: 0 停用 1 启用,match,
safe_candidate_only,stg_sslhhpj_hbsxkqycszhslzhglptjsxm_wr_mp_b_df,phase,时期 1 表示一期工程(相应测站设站年月为2016年1月1日前的为一期工程) 2 表示二期工程,时期 1 表示一期工程(相应测站设站年月为2016年1月1日前的为一期工程) 2 表示二期工程,match,
safe_candidate_only,stg_sslhhpj_hbsxkqycszhslzhglptjsxm_wr_mp_b_df,is_rep_dww,是否仅报送日水量,是否仅报送日水量,match,
safe_candidate_only,stg_sslhhpj_hbsxkqycszhslzhglptjsxm_wr_mp_b_df,lon,经度,经度,match,
safe_candidate_only,stg_sslhhpj_hbsxkqycszhslzhglptjsxm_wr_mp_b_df,lat,纬度,纬度,match,
safe_candidate_only,stg_sslhhpj_hbsxkqycszhslzhglptjsxm_wr_mp_b_df,dt,分区日期,分区日期,match,
safe_candidate_only,stg_ycsjtysj_sxhyzssj_base_channel_df,channel_start_point,航道起点,航道起点,match,
safe_candidate_only,stg_ycsjtysj_sxhyzssj_base_channel_df,channel_end_point,航道终点,航道终点,match,
safe_candidate_only,stg_ycsjtysj_sxhyzssj_base_channel_df,of_branch,所属支流,所属支流,match,
safe_candidate_only,stg_ycsjtysj_sxhyzssj_base_channel_df,design_channel_mileage,规划航道里程(公里),规划航道里程(公里),match,
safe_candidate_only,stg_ycsjtysj_sxhyzssj_base_channel_df,delete_flag,逻辑删除标志位,逻辑删除标志位,match,
safe_candidate_only,stg_ycsjtysj_sxhyzssj_base_channel_df,dt,分区日期,分区日期,match,
safe_candidate_only,stg_ycsjtysj_sxhyzssj_base_channel_level_df,channel_id,航道id,航道id,match,
safe_candidate_only,stg_ycsjtysj_sxhyzssj_base_channel_level_df,channel_river,航道河流名称,航道河流名称,match,
safe_candidate_only,stg_ycsjtysj_sxhyzssj_base_channel_level_df,channel_of_branch,航道所属支流,航道所属支流,match,
safe_candidate_only,stg_ycsjtysj_sxhyzssj_base_channel_level_df,level_num,航道等级,航道等级,match,
safe_candidate_only,stg_ycsjtysj_sxhyzssj_base_channel_level_df,mileage,里程,里程,match,
safe_candidate_only,stg_ycsjtysj_sxhyzssj_base_channel_level_df,dt,分区日期,分区日期,match,
safe_candidate_only,stg_ycsjtysj_sxhyzssj_base_ship_df,custom_ship_type,船舶类型(集装箱船/滚装船/货船/客船/清洁船/公务船),船舶类型(集装箱船/滚装船/货船/客船/清洁船/公务船),match,
safe_candidate_only,stg_ycsjtysj_sxhyzssj_base_ship_df,name_en,英文船名,英文船名,match,
safe_candidate_only,stg_ycsjtysj_sxhyzssj_base_ship_df,name_cn,中文船名,中文船名,match,
safe_candidate_only,stg_ycsjtysj_sxhyzssj_base_ship_df,ship_length,船长,船长,match,
safe_candidate_only,stg_ycsjtysj_sxhyzssj_base_ship_df,ship_width,船宽,船宽,match,
safe_candidate_only,stg_ycsjtysj_sxhyzssj_base_ship_df,ship_left,左舷距,左舷距,match,
safe_candidate_only,stg_ycsjtysj_sxhyzssj_base_ship_df,ship_trail,尾距,尾距,match,
safe_candidate_only,stg_ycsjtysj_sxhyzssj_base_ship_df,ship_draft,吃水,吃水,match,
safe_candidate_only,stg_ycsjtysj_sxhyzssj_base_ship_df,guest_amount,客位数,客位数,match,
safe_candidate_only,stg_ycsjtysj_sxhyzssj_base_ship_df,poll_scope,污染物接收范围（生活垃圾、生活垃圾，油污水）,污染物接收范围（生活垃圾、生活垃圾，油污水）,match,
safe_candidate_only,stg_ycsjtysj_sxhyzssj_base_ship_df,org,所属机构,所属机构,match,
safe_candidate_only,stg_ycsjtysj_sxhyzssj_base_ship_df,jxy_receive_ship_id,清洁船净小宜id,清洁船净小宜id,match,
safe_candidate_only,stg_ycsjtysj_sxhyzssj_base_ship_df,delete_flag,逻辑删除标志位,逻辑删除标志位,match,
safe_candidate_only,stg_ycsjtysj_sxhyzssj_base_ship_df,dt,分区日期,分区日期,match,
safe_candidate_only,stg_ycsjtysj_sxhyzssj_data_coverage_wharf_df,wharf_type,码头类型(客运码头/货运码头/环保专业码头),码头类型(客运码头/货运码头/环保专业码头),match,
safe_candidate_only,stg_ycsjtysj_sxhyzssj_data_coverage_wharf_df,build_scale,建设规模,建设规模,match,
safe_candidate_only,stg_ycsjtysj_sxhyzssj_data_coverage_wharf_df,shoreline_length,岸线长度,岸线长度,match,
safe_candidate_only,stg_ycsjtysj_sxhyzssj_data_coverage_wharf_df,pass_power,设计年通过能力,设计年通过能力,match,
safe_candidate_only,stg_ycsjtysj_sxhyzssj_data_coverage_wharf_df,pollutant_scope,污染物接收范围,污染物接收范围,match,
safe_candidate_only,stg_ycsjtysj_sxhyzssj_data_coverage_wharf_df,wharf_full_name,码头全称,码头全称,match,
safe_candidate_only,stg_ycsjtysj_sxhyzssj_data_coverage_wharf_df,jxy_wharf_id,净小宜码头 id,净小宜码头 id,match,
safe_candidate_only,stg_ycsjtysj_sxhyzssj_data_coverage_wharf_df,dt,分区日期,分区日期,match,
safe_candidate_only,stg_ycsjtysj_sxhyzssj_data_ship_info_df,cnname,中文船名,中文船名,match,
safe_candidate_only,stg_ycsjtysj_sxhyzssj_data_ship_info_df,jxy_receive_ship_id,清洁船净小宜id,清洁船净小宜id,match,
safe_candidate_only,stg_ycsjtysj_sxhyzssj_data_ship_info_df,draught,吃水,吃水,match,
safe_candidate_only,stg_ycsjtysj_sxhyzssj_data_ship_info_df,type_other,船舶小类,船舶小类,match,
safe_candidate_only,stg_ycsjtysj_sxhyzssj_data_ship_info_df,seat,座位数,座位数,match,
safe_candidate_only,stg_ycsjtysj_sxhyzssj_data_ship_info_df,dt,分区日期,分区日期,match,
safe_candidate_only,stg_ycssthjj_ltwsjgpt_t_sjzx_wry_jbxx_df,entercode,符合HJ 608-2017第6部分的编码规则要求，用于标识唯一固定污染源,符合HJ 608-2017第6部分的编码规则要求，用于标识唯一固定污染源,match,
safe_candidate_only,stg_ycssthjj_ltwsjgpt_t_sjzx_wry_jbxx_df,entername,固定源名称,固定源名称,match,
safe_candidate_only,stg_ycssthjj_ltwsjgpt_t_sjzx_wry_jbxx_df,tyshxydm,统一社会信用代码,统一社会信用代码,match,
safe_candidate_only,stg_ycssthjj_ltwsjgpt_t_sjzx_wry_jbxx_df,corpcode,组织机构代码,组织机构代码,match,
safe_candidate_only,stg_ycssthjj_ltwsjgpt_t_sjzx_wry_jbxx_df,registrationid,税务注册号,税务注册号,match,
safe_candidate_only,stg_ycssthjj_ltwsjgpt_t_sjzx_wry_jbxx_df,licensenum,排污许可证代码,排污许可证代码,match,
safe_candidate_only,stg_ycssthjj_ltwsjgpt_t_sjzx_wry_jbxx_df,code_region,符合GB/T 2260-2019行政区代码表,符合GB/T 2260-2019行政区代码表,match,
safe_candidate_only,stg_ycssthjj_ltwsjgpt_t_sjzx_wry_jbxx_df,regionname,符合GB/T 2260-2019行政区代码表,符合GB/T 2260-2019行政区代码表,match,
safe_candidate_only,stg_ycssthjj_ltwsjgpt_t_sjzx_wry_jbxx_df,sssf,符合GB/T 2260-2019行政区代码表，如：440000,符合GB/T 2260-2019行政区代码表，如：440000,match,
safe_candidate_only,stg_ycssthjj_ltwsjgpt_t_sjzx_wry_jbxx_df,ssds,符合GB/T 2260-2019行政区代码表，如：440300,符合GB/T 2260-2019行政区代码表，如：440300,match,
safe_candidate_only,stg_ycssthjj_ltwsjgpt_t_sjzx_wry_jbxx_df,code_trade,符合GB/T 4754-2017行业代码表,符合GB/T 4754-2017行业代码表,match,
safe_candidate_only,stg_ycssthjj_ltwsjgpt_t_sjzx_wry_jbxx_df,tradename,符合GB/T 4754-2017行业代码表,符合GB/T 4754-2017行业代码表,match,
safe_candidate_only,stg_ycssthjj_ltwsjgpt_t_sjzx_wry_jbxx_df,enteraddress,经营场所地址,经营场所地址,match,
safe_candidate_only,stg_ycssthjj_ltwsjgpt_t_sjzx_wry_jbxx_df,lydm,所属流域代码,所属流域代码,match,
safe_candidate_only,stg_ycssthjj_ltwsjgpt_t_sjzx_wry_jbxx_df,lymc,所属流域名称,所属流域名称,match,
safe_candidate_only,stg_ycssthjj_ltwsjgpt_t_sjzx_wry_jbxx_df,szgyyq,所在工业园区,所在工业园区,match,
safe_candidate_only,stg_ycssthjj_ltwsjgpt_t_sjzx_wry_jbxx_df,snstdm,受纳水体代码,受纳水体代码,match,
safe_candidate_only,stg_ycssthjj_ltwsjgpt_t_sjzx_wry_jbxx_df,snstmc,受纳水体名称,受纳水体名称,match,
safe_candidate_only,stg_ycssthjj_ltwsjgpt_t_sjzx_wry_jbxx_df,regaddress,注册地址,注册地址,match,
safe_candidate_only,stg_ycssthjj_ltwsjgpt_t_sjzx_wry_jbxx_df,corpname,法人名称,法人名称,match,
safe_candidate_only,stg_ycssthjj_ltwsjgpt_t_sjzx_wry_jbxx_df,environlinkmen,环保联系人,环保联系人,match,
safe_candidate_only,stg_ycssthjj_ltwsjgpt_t_sjzx_wry_jbxx_df,environtel,环保联系人电话,环保联系人电话,match,
safe_candidate_only,stg_ycssthjj_ltwsjgpt_t_sjzx_wry_jbxx_df,entersize,企业规模（代码集：WRY_QYGM）,企业规模（代码集：WRY_QYGM）,match,
safe_candidate_only,stg_ycssthjj_ltwsjgpt_t_sjzx_wry_jbxx_df,jyfw,经营范围,经营范围,match,
safe_candidate_only,stg_ycssthjj_ltwsjgpt_t_sjzx_wry_jbxx_df,fax,传真,传真,match,
safe_candidate_only,stg_ycssthjj_ltwsjgpt_t_sjzx_wry_jbxx_df,website,网址,网址,match,
safe_candidate_only,stg_ycssthjj_ltwsjgpt_t_sjzx_wry_jbxx_df,email,邮箱,邮箱,match,
safe_candidate_only,stg_ycssthjj_ltwsjgpt_t_sjzx_wry_jbxx_df,datasource,数据来源（代码集：WRY_SJLY）,数据来源（代码集：WRY_SJLY）,match,
safe_candidate_only,stg_ycssthjj_ltwsjgpt_t_sjzx_wry_jbxx_df,cjr,创建人,创建人,match,
safe_candidate_only,stg_ycssthjj_ltwsjgpt_t_sjzx_wry_jbxx_df,cjsj,创建时间,创建时间,match,
safe_candidate_only,stg_ycssthjj_ltwsjgpt_t_sjzx_wry_jbxx_df,xgr,修改人,修改人,match,
safe_candidate_only,stg_ycssthjj_ltwsjgpt_t_sjzx_wry_jbxx_df,xgsj,修改时间,修改时间,match,
safe_candidate_only,stg_ycssthjj_ltwsjgpt_t_sjzx_wry_jbxx_df,rksj,默认取当前时间,默认取当前时间,match,
safe_candidate_only,stg_ycssthjj_ltwsjgpt_t_sjzx_wry_jbxx_df,gxsj,数据修改后需要更新此时间,数据修改后需要更新此时间,match,
safe_candidate_only,stg_ycssthjj_ltwsjgpt_t_sjzx_wry_jbxx_df,czbj,操作标记（I：插入；U：更新；D：删除）,操作标记（I：插入；U：更新；D：删除）,match,
safe_candidate_only,stg_ycssthjj_ltwsjgpt_t_sjzx_wry_jbxx_df,dt,分区日期,分区日期,match,
safe_candidate_only,stg_ycssthjj_lysthjjkyjpt_t_sjzx_szzdjcz_df,ywid,业务id,业务id,match,
safe_candidate_only,stg_ycssthjj_lysthjjkyjpt_t_sjzx_szzdjcz_df,ywmc,业务名称,业务名称,match,
safe_candidate_only,stg_ycssthjj_lysthjjkyjpt_t_sjzx_szzdjcz_df,qxbm,区县编码,区县编码,match,
safe_candidate_only,stg_ycssthjj_lysthjjkyjpt_t_sjzx_szzdjcz_df,flbm,分类编码,分类编码,match,
safe_candidate_only,stg_ycssthjj_lysthjjkyjpt_t_sjzx_szzdjcz_df,flmc,分类名称,分类名称,match,
safe_candidate_only,stg_ycssthjj_lysthjjkyjpt_t_sjzx_szzdjcz_df,21bsm,21位标识码,21位标识码,match,
safe_candidate_only,stg_ycssthjj_lysthjjkyjpt_t_sjzx_szzdjcz_df,zcbm,注册部门,注册部门,match,
safe_candidate_only,stg_ycssthjj_lysthjjkyjpt_t_sjzx_szzdjcz_df,dm,短码,短码,match,
safe_candidate_only,stg_ycssthjj_lysthjjkyjpt_t_sjzx_szzdjcz_df,bdm,北斗码,北斗码,match,
safe_candidate_only,stg_ycssthjj_lysthjjkyjpt_t_sjzx_szzdjcz_df,19bsm,19位标识码,19位标识码,match,
safe_candidate_only,stg_ycssthjj_lysthjjkyjpt_t_sjzx_szzdjcz_df,dt,分区日期,分区日期,match,
safe_candidate_only,stg_ycssthjj_wryzxjkpt_t_zxjc_s_w_1_df,jcdxh,监测点序号,监测点序号,match,
safe_candidate_only,stg_ycssthjj_wryzxjkpt_t_zxjc_s_w_1_df,jcsj,监测时间,监测时间,match,
safe_candidate_only,stg_ycssthjj_wryzxjkpt_t_zxjc_s_w_1_df,wrwbh,污染源编号,污染源编号,match,
safe_candidate_only,stg_ycssthjj_wryzxjkpt_t_zxjc_s_w_1_df,zxjcz,最新监测值,最新监测值,match,
safe_candidate_only,stg_ycssthjj_wryzxjkpt_t_zxjc_s_w_1_df,pjjcz,平均监测值,平均监测值,match,
safe_candidate_only,stg_ycssthjj_wryzxjkpt_t_zxjc_s_w_1_df,zdjcz,最大监测值,最大监测值,match,
safe_candidate_only,stg_ycssthjj_wryzxjkpt_t_zxjc_s_w_1_df,xyz,最小监测值,最小监测值,match,
safe_candidate_only,stg_ycssthjj_wryzxjkpt_t_zxjc_s_w_1_df,zxzsz,最新指数值,最新指数值,match,
safe_candidate_only,stg_ycssthjj_wryzxjkpt_t_zxjc_s_w_1_df,pjzsz,平均指数值,平均指数值,match,
safe_candidate_only,stg_ycssthjj_wryzxjkpt_t_zxjc_s_w_1_df,zdzsz,最大指数值,最大指数值,match,
safe_candidate_only,stg_ycssthjj_wryzxjkpt_t_zxjc_s_w_1_df,xyzsz,最小指数值,最小指数值,match,
safe_candidate_only,stg_ycssthjj_wryzxjkpt_t_zxjc_s_w_1_df,wrwpfl,污染物排放量,污染物排放量,match,
safe_candidate_only,stg_ycssthjj_wryzxjkpt_t_zxjc_s_w_1_df,xywrwpfl,小时污染物排放量,小时污染物排放量,match,
safe_candidate_only,stg_ycssthjj_wryzxjkpt_t_zxjc_s_w_1_df,sjzt,数据状态,数据状态,match,
safe_candidate_only,stg_ycssthjj_wryzxjkpt_t_zxjc_s_w_1_df,zt,记录状态,记录状态,match,
safe_candidate_only,stg_ycssthjj_wryzxjkpt_t_zxjc_s_w_1_df,cjr,创建人,创建人,match,
safe_candidate_only,stg_ycssthjj_wryzxjkpt_t_zxjc_s_w_1_df,cjsj,创建时间,创建时间,match,
safe_candidate_only,stg_ycssthjj_wryzxjkpt_t_zxjc_s_w_1_df,xgr,修改人,修改人,match,
safe_candidate_only,stg_ycssthjj_wryzxjkpt_t_zxjc_s_w_1_df,xgsj,修改时间,修改时间,match,
safe_candidate_only,stg_ycssthjj_wryzxjkpt_t_zxjc_s_w_1_df,dt,分区日期,分区日期,match,
safe_candidate_only,wh_hydrological_records_1,monitor_value,监测值,监测值,match,
safe_candidate_only,wh_meteorological_day_records,rain_fall,8-20时降水量（mm）,8-20时降水量（mm）,match,
safe_candidate_only,wh_meteorological_day_records,high_temp,日最高气温（℃）,日最高气温（℃）,match,
safe_candidate_only,wh_meteorological_day_records,low_temp,日最低气温（℃）,日最低气温（℃）,match,
safe_candidate_only,wh_meteorological_predict_day_records,time,"预报时次,如08时、20时","预报时次,如08时、20时",match,
safe_candidate_only,wh_meteorological_predict_hour_records,time,"预报时次,如08时、20时","预报时次,如08时、20时",match,
safe_candidate_only,wh_meteorological_records_1,monitor_value,监测值,监测值,match,
safe_candidate_only,wm_camera_info,camera_name,摄像头名称,摄像头名称,match,
safe_candidate_only,wm_camera_info,device_supplier,设备厂商,设备厂商,match,
safe_candidate_only,wm_camera_info,device_origin,设备来源,设备来源,match,
safe_candidate_only,wm_camera_info,lon,经度,经度,match,
safe_candidate_only,wm_camera_info,lat,纬度,纬度,match,
safe_candidate_only,wm_camera_info,monitor_subject,监控对象,监控对象,match,
safe_candidate_only,wm_camera_platform,manufacturer,厂商,厂商,match,
safe_candidate_only,wm_camera_platform,model,型号,型号,match,
safe_candidate_only,wm_camera_platform,transport,传输方式: TCP/UDP,传输方式: TCP/UDP,match,
safe_candidate_only,wm_camera_platform,stream_mode,流模式: TCP被动模式/UDP,流模式: TCP被动模式/UDP,match,
safe_candidate_only,wm_camera_platform,ip_address,设备IP地址,设备IP地址,match,
safe_candidate_only,wm_camera_platform,port,设备端口,设备端口,match,
safe_candidate_only,wm_camera_platform,online,"是否在线: 0-离线, 1-在线","是否在线: 0-离线, 1-在线",match,
safe_candidate_only,wm_camera_platform,heart_beat_interval,心跳检测间隔(秒),心跳检测间隔(秒),match,
safe_candidate_only,wm_camera_platform,heart_beat_count,健康检查次数,健康检查次数,match,
safe_candidate_only,wm_camera_platform,charset,字符集,字符集,match,
safe_candidate_only,wm_camera_platform,lon,经度,经度,match,
safe_candidate_only,wm_camera_platform,lat,纬度,纬度,match,
safe_candidate_only,wm_directory,path,完整路径,完整路径,match,
safe_candidate_only,wm_hydrological_info,iot_connect_type,通信协议类型：0 tcp、1 http、2 mqtt,通信协议类型：0 tcp、1 http、2 mqtt,match,
safe_candidate_only,wm_hydrological_info,belong_to_city,归属地市,归属地市,match,
safe_candidate_only,wm_hydrological_info,section_id,断面id,断面id,match,
safe_candidate_only,wm_hydrological_info,river_in,一维模型来流入汇口,一维模型来流入汇口,match,
safe_candidate_only,wm_hydrological_info,in_outlet,污染源类型为污水处理厂时：0 进水口、1 出水口,污染源类型为污水处理厂时：0 进水口、1 出水口,match,
safe_candidate_only,wm_hydrological_info,river_out,一维模型出水口,一维模型出水口,match,
safe_candidate_only,wm_hydrological_info,efdc_in,efdc模型来流入汇口,efdc模型来流入汇口,match,
safe_candidate_only,wm_hydrological_info,efdc_out,efdc模型出水口,efdc模型出水口,match,
safe_candidate_only,wm_hydrological_info,efdc_i,站点所在二维网格I值,站点所在二维网格I值,match,
safe_candidate_only,wm_hydrological_info,efdc_j,站点所在二维网格J值,站点所在二维网格J值,match,
safe_candidate_only,wm_hydrological_info,head_water,headwater序号,headwater序号,match,
safe_candidate_only,wm_hydrological_info,lake_in,是否为入湖港道：0 否、1 是,是否为入湖港道：0 否、1 是,match,
safe_candidate_only,wm_hydrological_info,equipments,自动站的设备清单,自动站的设备清单,match,
safe_candidate_only,wm_hydrological_info,build_time,建设时间,建设时间,match,
safe_candidate_only,wm_hydrological_info,responsible_person,站点责任人,站点责任人,match,
safe_candidate_only,wm_hydrological_info,contact_number,责任人联系电话,责任人联系电话,match,
safe_candidate_only,wm_hydrological_info,img_name,照片名称,照片名称,match,
safe_candidate_only,wm_hydrological_info,img_format,照片格式：img、png等,照片格式：img、png等,match,
safe_candidate_only,wm_image_info,image_url,图片地址,图片地址,match,
safe_candidate_only,wm_image_info,image_formats,图片格式,图片格式,match,
safe_candidate_only,wm_image_info,image_type,图片类型：0-未知、1-断面、2-自动站......,图片类型：0-未知、1-断面、2-自动站......,match,
safe_candidate_only,wm_image_info,image_name,文件名称：原始文件名,文件名称：原始文件名,match,
safe_candidate_only,wm_image_info,image_tag,图片标签,图片标签,match,
safe_candidate_only,wm_meteorological_info,iot_connect_type,通信协议类型：0 tcp、1 http、2 mqtt,通信协议类型：0 tcp、1 http、2 mqtt,match,
safe_candidate_only,wm_meteorological_info,belong_to_city,归属地市,归属地市,match,
safe_candidate_only,wm_meteorological_info,section_id,断面id,断面id,match,
safe_candidate_only,wm_meteorological_info,river_in,一维模型来流入汇口,一维模型来流入汇口,match,
safe_candidate_only,wm_meteorological_info,in_outlet,污染源类型为污水处理厂时：0 进水口、1 出水口,污染源类型为污水处理厂时：0 进水口、1 出水口,match,
safe_candidate_only,wm_meteorological_info,river_out,一维模型出水口,一维模型出水口,match,
safe_candidate_only,wm_meteorological_info,efdc_in,efdc模型来流入汇口,efdc模型来流入汇口,match,
safe_candidate_only,wm_meteorological_info,efdc_out,efdc模型出水口,efdc模型出水口,match,
safe_candidate_only,wm_meteorological_info,efdc_i,站点所在二维网格I值,站点所在二维网格I值,match,
safe_candidate_only,wm_meteorological_info,efdc_j,站点所在二维网格J值,站点所在二维网格J值,match,
safe_candidate_only,wm_meteorological_info,head_water,headwater序号,headwater序号,match,
safe_candidate_only,wm_meteorological_info,lake_in,是否为入湖港道：0 否、1 是,是否为入湖港道：0 否、1 是,match,
safe_candidate_only,wm_meteorological_info,meteorological_table_name,气象监测记录表名,气象监测记录表名,match,
safe_candidate_only,wm_meteorological_info,equipments,自动站的设备清单,自动站的设备清单,match,
safe_candidate_only,wm_meteorological_info,build_time,建设时间,建设时间,match,
safe_candidate_only,wm_meteorological_info,responsible_person,站点责任人,站点责任人,match,
safe_candidate_only,wm_meteorological_info,contact_number,责任人联系电话,责任人联系电话,match,
safe_candidate_only,wm_meteorological_info,img_name,照片名称,照片名称,match,
safe_candidate_only,wm_meteorological_info,img_format,照片格式：img、png等,照片格式：img、png等,match,
safe_candidate_only,wm_panorama_layer,point_name,点位名称,点位名称,match,
safe_candidate_only,wm_panorama_layer,topic,所属专题,所属专题,match,
safe_candidate_only,wm_panorama_layer,directory_id,目录ID,目录ID,match,
safe_candidate_only,wm_panorama_layer,icon,图标地址,图标地址,match,
safe_candidate_only,wm_panorama_layer,coverage_radius,覆盖半径(km),覆盖半径(km),match,
safe_candidate_only,wm_panorama_layer_relation,panorama_id,全景ID,全景ID,match,
safe_candidate_only,wm_panorama_layer_relation,feature_id,要素ID,要素ID,match,
safe_candidate_only,wm_panorama_video,shoot_time,拍摄时间,拍摄时间,match,
safe_candidate_only,wm_panorama_video,url,访问地址,访问地址,match,
safe_candidate_only,wm_raster_info,scene_id,遥感监测影像信息实体类,遥感监测影像信息实体类,match,
safe_candidate_only,wm_raster_info,satellite_info,拍摄卫星,拍摄卫星,match,
safe_candidate_only,wm_raster_info,sensor_info,传感器信息,传感器信息,match,
safe_candidate_only,wm_raster_info,orbit_name,轨道名称,轨道名称,match,
safe_candidate_only,wm_raster_info,processing_version,数据级别,数据级别,match,
safe_candidate_only,wm_raster_info,content_type,文件内容类型,文件内容类型,match,
safe_candidate_only,wm_raster_info,data_location,数据位置,数据位置,match,
safe_candidate_only,wm_raster_info,image_datetime,影像获取时间（年_月_日_时_分）,影像获取时间（年_月_日_时_分）,match,
safe_candidate_only,wm_raster_info,inversion_flag,是否反演,是否反演,match,
safe_candidate_only,wm_raster_inversion,record_id,遥感反演结果表（合并版）,遥感反演结果表（合并版）,match,
safe_candidate_only,wm_raster_inversion,inversion_type,反演类型：water_environment-水环境，algalbloom-水生态，landuse-土地利用,反演类型：water_environment-水环境，algalbloom-水生态，landuse-土地利用,match,
safe_candidate_only,wm_raster_inversion,l1_area,I类/浮叶挺水植被/背景面积,I类/浮叶挺水植被/背景面积,match,
safe_candidate_only,wm_raster_inversion,l2_area,II类/沉水植被/耕地面积,II类/沉水植被/耕地面积,match,
safe_candidate_only,wm_raster_inversion,l3_area,III类/水华/园地面积,III类/水华/园地面积,match,
safe_candidate_only,wm_raster_inversion,l4_area,IV类/水体/林地面积,IV类/水体/林地面积,match,
safe_candidate_only,wm_raster_inversion,l5_area,V类/水体面积,V类/水体面积,match,
safe_candidate_only,wm_raster_inversion,l6_area,劣V类/建设用地面积,劣V类/建设用地面积,match,
safe_candidate_only,wm_raster_inversion,service_url,服务地址,服务地址,match,
safe_candidate_only,wm_raster_inversion,data_time,数据日期,数据日期,match,
safe_candidate_only,wm_section_info,region_id,所属区域id,所属区域id,match,
safe_candidate_only,wm_section_info,section_code,断面编码,断面编码,match,
safe_candidate_only,wm_section_info,trans_regional,跨界类型,跨界类型,match,
safe_candidate_only,wm_section_info,section_nature,断面属性,断面属性,match,
safe_candidate_only,wm_section_info,section_level,断面级别：0-国控、1-省控、2-市控,断面级别：0-国控、1-省控、2-市控,match,
safe_candidate_only,wm_section_info,manage_type,管理类型,管理类型,match,
safe_candidate_only,wm_section_info,manage_level,管理级别,管理级别,match,
safe_candidate_only,wm_section_info,is_examine,考核断面：0 否、1 是,考核断面：0 否、1 是,match,
safe_candidate_only,wm_section_info,examine_level,考核级别,考核级别,match,
safe_candidate_only,wm_section_info,examine_city,考核城市,考核城市,match,
safe_candidate_only,wm_section_info,tributary_trunk,支流/干流：0 干流、1 支流,支流/干流：0 干流、1 支流,match,
safe_candidate_only,wm_section_info,upstream_section_id,上游断面id,上游断面id,match,
safe_candidate_only,wm_section_info,grid_code,网格号,网格号,match,
safe_candidate_only,wm_section_info,grid_i,网格I值,网格I值,match,
safe_candidate_only,wm_section_info,grid_j,网格J值,网格J值,match,
safe_candidate_only,wm_section_wq_info,section_id,断面id,断面id,match,
safe_candidate_only,wm_section_wq_info,year,年份,年份,match,
safe_candidate_only,wm_section_wq_info,water_quality_target_level,目标水质,目标水质,match,
safe_candidate_only,wm_station_info,iot_connect_type,通信协议类型：0 tcp、1 http、2 mqtt,通信协议类型：0 tcp、1 http、2 mqtt,match,
safe_candidate_only,wm_station_info,belong_to_city,归属地市,归属地市,match,
safe_candidate_only,wm_station_info,section_id,断面id,断面id,match,
safe_candidate_only,wm_station_info,river_in,一维模型来流入汇口,一维模型来流入汇口,match,
safe_candidate_only,wm_station_info,in_outlet,污染源类型为污水处理厂时：0 进水口、1 出水口,污染源类型为污水处理厂时：0 进水口、1 出水口,match,
safe_candidate_only,wm_station_info,river_out,一维模型出水口,一维模型出水口,match,
safe_candidate_only,wm_station_info,efdc_in,efdc模型来流入汇口,efdc模型来流入汇口,match,
safe_candidate_only,wm_station_info,efdc_out,efdc模型出水口,efdc模型出水口,match,
safe_candidate_only,wm_station_info,efdc_i,站点所在二维网格I值,站点所在二维网格I值,match,
safe_candidate_only,wm_station_info,efdc_j,站点所在二维网格J值,站点所在二维网格J值,match,
safe_candidate_only,wm_station_info,head_water,headwater序号,headwater序号,match,
safe_candidate_only,wm_station_info,lake_in,是否为入湖港道：0 否、1 是,是否为入湖港道：0 否、1 是,match,
safe_candidate_only,wm_station_info,water_quality_table_name,水质监测记录表名,水质监测记录表名,match,
safe_candidate_only,wm_station_info,meteorological_table_name,气象监测记录表名,气象监测记录表名,match,
safe_candidate_only,wm_station_info,water_quality_indicator_codes,水质监测指标id集合，逗号连接,水质监测指标id集合，逗号连接,match,
safe_candidate_only,wm_station_info,intake_lon,取水口位置,取水口位置,match,
safe_candidate_only,wm_station_info,intake_lat,取水口位置,取水口位置,match,
safe_candidate_only,wm_station_info,equipments,自动站的设备清单,自动站的设备清单,match,
safe_candidate_only,wm_station_info,build_time,建设时间,建设时间,match,
safe_candidate_only,wm_station_info,responsible_person,站点责任人,站点责任人,match,
safe_candidate_only,wm_station_info,contact_number,责任人联系电话,责任人联系电话,match,
safe_candidate_only,wm_station_info,img_name,照片名称,照片名称,match,
safe_candidate_only,wm_station_info,img_format,照片格式：img、png等,照片格式：img、png等,match,
safe_candidate_only,wm_station_info_v2,iot_connect_type,通信协议类型：0 tcp、1 http、2 mqtt,通信协议类型：0 tcp、1 http、2 mqtt,match,
safe_candidate_only,wm_station_info_v2,build_time,建设时间,建设时间,match,
safe_candidate_only,wm_station_info_v2,section_id,断面id,断面id,match,
safe_candidate_only,wm_station_info_v2,equipment_manufacturer,设备厂家,设备厂家,match,
safe_candidate_only,wm_station_info_v2,equipment_model,设备型号,设备型号,match,
safe_candidate_only,wm_station_info_v2,monitor_indicators,监测指标,监测指标,match,
safe_candidate_only,wm_station_info_v2,monitor_frequency,监测频次,监测频次,match,
safe_candidate_only,wm_station_info_v2,eight_direction_photo,八方图,八方图,match,
safe_candidate_only,wm_station_info_v2,om_unit,运维单位,运维单位,match,
safe_candidate_only,wm_station_info_v2,om_person,运维人员,运维人员,match,
safe_candidate_only,wm_station_info_v2,contact_info,联系方式,联系方式,match,
safe_candidate_only,wm_station_info_v2,water_body_name,水体名称,水体名称,match,
safe_candidate_only,wm_uav_info,gateway_sn,网关SN编码,网关SN编码,match,
safe_candidate_only,wm_uav_info,gateway_callsign,网关名称,网关名称,match,
safe_candidate_only,wm_uav_info,gateway_device_model,型号，json格式,型号，json格式,match,
safe_candidate_only,wm_uav_info,gateway_device_online_status,网关在线状态,网关在线状态,match,
safe_candidate_only,wm_uav_info,gateway_mode_code,网关型号编码,网关型号编码,match,
safe_candidate_only,wm_uav_info,gateway_camera_list,网关摄像头列表,网关摄像头列表,match,
safe_candidate_only,wm_uav_info,drone_sn,无人机SN编码,无人机SN编码,match,
safe_candidate_only,wm_uav_info,drone_callsign,无人机名称,无人机名称,match,
safe_candidate_only,wm_uav_info,drone_device_model,无人机型号,无人机型号,match,
safe_candidate_only,wm_uav_info,drone_device_online_status,无人机在线状态,无人机在线状态,match,
safe_candidate_only,wm_uav_info,drone_mode_code,型号编码,型号编码,match,
safe_candidate_only,wm_uav_info,drone_camera_list,无人机摄像头列表,无人机摄像头列表,match,
safe_candidate_only,wm_uav_info,gateway_lon,网关经度,网关经度,match,
safe_candidate_only,wm_uav_info,gateway_lat,网关纬度,网关纬度,match,
safe_candidate_only,wm_uav_info,activation_time,机场激活时间(unix 时间戳),机场激活时间(unix 时间戳),match,
safe_candidate_only,wm_uav_info,acc_time,机场累计运行时长,机场累计运行时长,match,
safe_candidate_only,wm_uav_info,humidity,舱内湿度,舱内湿度,match,
safe_candidate_only,wm_uav_info,job_number,机场累计作业次数,机场累计作业次数,match,
safe_candidate_only,wm_uav_info,storage_total,存储容量 单位：KB,存储容量 单位：KB,match,
safe_candidate_only,wm_uav_info,storage_used,已使用容量 单位：KB,已使用容量 单位：KB,match,
safe_candidate_only,wm_uav_info,brand,品牌：大疆/纵横昆仑,品牌：大疆/纵横昆仑,match,
safe_candidate_only,wm_uav_info,weight,整机重量,整机重量,match,
safe_candidate_only,wm_uav_info,power,功率,功率,match,
safe_candidate_only,wm_uav_info,temperature,工作温度,工作温度,match,
safe_candidate_only,wm_uav_info,max_height,最大高度,最大高度,match,
safe_candidate_only,wm_uav_info,max_radius,最大工作半径,最大工作半径,match,
safe_candidate_only,wm_uav_info,charging_time,充电时间,充电时间,match,
safe_candidate_only,wm_uav_info,cycle_num,电池循环次数,电池循环次数,match,
safe_candidate_only,wm_uav_info,duration_time,备用电池续航时间,备用电池续航时间,match,
safe_candidate_only,wm_water_intake,used_mark,使用状态,使用状态,match,
safe_candidate_only,wm_water_intake,static_flag,统计标识：是、否,统计标识：是、否,match,
safe_candidate_only,wm_water_source,alias,别名,别名,match,
safe_candidate_only,wm_water_source,river_system_name,水系名称,水系名称,match,
safe_candidate_only,wm_water_source,river_system_name_2,二级水系名称,二级水系名称,match,
safe_candidate_only,wm_water_source,river_system_name_3,三级级水系名称,三级级水系名称,match,
safe_candidate_only,wm_water_source,source_state,水源状态,水源状态,match,
safe_candidate_only,wm_water_source,protect_area_status,保护区划定情况,保护区划定情况,match,
safe_candidate_only,wm_water_source,protect_area_cert,保护区划定文号,保护区划定文号,match,
safe_candidate_only,wm_water_source,supply_type,供水类型,供水类型,match,
safe_candidate_only,wm_water_source,supply_service,服务对象,服务对象,match,
safe_candidate_only,wm_water_source,supply_water_daily,日均供水能力（吨/天）,日均供水能力（吨/天）,match,
safe_candidate_only,wm_water_source,supply_water_year,年实际取水量(万吨),年实际取水量(万吨),match,
safe_candidate_only,wm_water_source,supply_water_avg,人均取水量（升/天）,人均取水量（升/天）,match,
safe_candidate_only,wm_water_source,service_people_count,服务人数,服务人数,match,
safe_candidate_only,wm_water_source,water_word_info,对应水厂名称,对应水厂名称,match,
safe_candidate_only,wm_water_source,dbsqssw,地表水取水水位（m）,地表水取水水位（m）,match,
safe_candidate_only,wm_water_source,dbssjksw,地表水设计枯水位（m）,地表水设计枯水位（m）,match,
safe_candidate_only,wm_water_source,dxsmctj,地下水埋藏条件,地下水埋藏条件,match,
safe_candidate_only,wm_water_source,dxshsjzlx,地下水含水介质类型,地下水含水介质类型,match,
safe_candidate_only,wm_water_source,dxssjjs,地下水设计降深（m）,地下水设计降深（m）,match,
safe_candidate_only,wm_water_source,dxsswms,地下水水位埋深（m）,地下水水位埋深（m）,match,
safe_candidate_only,wm_water_source,ccsy,超采水源: 是、否,超采水源: 是、否,match,
safe_candidate_only,wm_water_source,cjjjdkhzb,长江经济带考核指标: 是、否,长江经济带考核指标: 是、否,match,
safe_candidate_only,wm_water_source,build_year,取水口建成年份,取水口建成年份,match,
safe_candidate_only,wm_water_source,used_year,取水口正式使用年份,取水口正式使用年份,match,
safe_candidate_only,wm_water_source_bak0421,alias,别名,别名,match,
safe_candidate_only,wm_water_source_bak0421,area_code,行政区代码,行政区代码,match,
safe_candidate_only,wm_water_source_bak0421,river_system_name,水系名称,水系名称,match,
safe_candidate_only,wm_water_source_bak0421,supply_type,供水类型,供水类型,match,
safe_candidate_only,wm_water_source_bak0421,supply_service,服务对象,服务对象,match,
safe_candidate_only,wm_water_source_bak0421,source_state,水源状态,水源状态,match,
safe_candidate_only,wm_water_source_bak0421,service_people_count,服务人数,服务人数,match,
safe_candidate_only,wm_water_source_bak0421,supply_water_daily,日均供水能力（吨/天）,日均供水能力（吨/天）,match,
safe_candidate_only,wm_water_source_bak0421,supply_water_year,年实际取水量(万吨),年实际取水量(万吨),match,
safe_candidate_only,wm_water_source_bak0421,supply_water_avg,人均取水量（升/天）,人均取水量（升/天）,match,
safe_candidate_only,wm_water_source_bak0421,check_result,考核结果,考核结果,match,
safe_candidate_only,wm_water_source_bak0421,has_monitor,年是否开展水质监测,年是否开展水质监测,match,
safe_candidate_only,wm_water_source_bak0421,monitor_count,监测次数,监测次数,match,
safe_candidate_only,wm_water_source_bak0421,monitor_result,达标情况,达标情况,match,
safe_candidate_only,wm_water_source_bak0421,traffic_pass_info,交通穿越情况,交通穿越情况,match,
safe_candidate_only,wm_water_source_bak0421,has_take_cert,是否有取水许可证文号,是否有取水许可证文号,match,
safe_candidate_only,wm_water_source_bak0421,take_cert_code,取水许可证文号,取水许可证文号,match,
safe_candidate_only,wm_water_source_bak0421,has_health_cert,有无水厂卫生合格证号,有无水厂卫生合格证号,match,
safe_candidate_only,wm_water_source_bak0421,health_cert_code,卫生合格证号,卫生合格证号,match,
safe_candidate_only,wm_water_source_bak0421,process_technology,水厂处理工艺,水厂处理工艺,match,
safe_candidate_only,wm_water_source_bak0421,protect_area_level1,一级保护区面积（m2）,一级保护区面积（m2）,match,
safe_candidate_only,wm_water_source_bak0421,protect_area_level2,二级保护区面积（m2）,二级保护区面积（m2）,match,
safe_candidate_only,wm_water_source_bak0421,approve_area,准保护区面积（m2）,准保护区面积（m2）,match,
safe_candidate_only,wm_water_source_bak0421,lon,经度,经度,match,
safe_candidate_only,wm_water_source_bak0421,lat,纬度,纬度,match,
safe_candidate_only,wm_water_source_bak0421,protect_area_status,保护区划定情况,保护区划定情况,match,
safe_candidate_only,wm_water_source_bak0421,protect_area_cert,保护区划定文号,保护区划定文号,match,
safe_candidate_only,wm_water_source_bak0421,protect_area_define,水源保护区划分,水源保护区划分,match,
safe_candidate_only,wm_water_source_bak0421,polluter_level1,一级保护区内污染源,一级保护区内污染源,match,
safe_candidate_only,wm_water_source_bak0421,polluter_level2,二级保护区内污染源,二级保护区内污染源,match,
safe_candidate_only,wm_water_source_bak0421,traffice_pass_enviroment,交通穿越存在环境问题数量,交通穿越存在环境问题数量,match,
safe_candidate_only,wm_water_source_bak0421,traffice_pass_finish,交通穿越已完成整治数量,交通穿越已完成整治数量,match,
safe_candidate_only,wm_water_source_bak0421,traffice_pass_handle,交通穿越整治中数量,交通穿越整治中数量,match,
safe_candidate_only,wm_water_source_bak0421,protect_flag_define,保护区标识标志设定情况,保护区标识标志设定情况,match,
safe_candidate_only,wm_water_source_bak0421,protect_flag_finish,标识标志设定存在环境问题数量,标识标志设定存在环境问题数量,match,
safe_candidate_only,wm_water_source_bak0421,protect_flag_hanle,标识标志设定已完成整治数量,标识标志设定已完成整治数量,match,
safe_candidate_only,wm_water_source_bak0421,protect_flag_problem,标识标志设定存在环境问题数量,标识标志设定存在环境问题数量,match,
safe_candidate_only,wm_water_source_bak0421,geom1,一级水源地面图形：4490,一级水源地面图形：4490,match,
safe_candidate_only,wm_water_source_bak0421,geom2,二级水源地面图形：4490,二级水源地面图形：4490,match,
safe_candidate_only,wm_water_source_bak0421,river_system_name_3,三级级水系名称,三级级水系名称,match,
safe_candidate_only,wm_water_source_bak0421,water_word_info,对应水厂名称,对应水厂名称,match,
safe_candidate_only,wm_water_source_bak0421,dbsqssw,地表水取水水位（m）,地表水取水水位（m）,match,
safe_candidate_only,wm_water_source_bak0421,dbssjksw,地表水设计枯水位（m）,地表水设计枯水位（m）,match,
safe_candidate_only,wm_water_source_bak0421,dxsmctj,地下水埋藏条件,地下水埋藏条件,match,
safe_candidate_only,wm_water_source_bak0421,dxshsjzlx,地下水含水介质类型,地下水含水介质类型,match,
safe_candidate_only,wm_water_source_bak0421,dxssjjs,地下水设计降深（m）,地下水设计降深（m）,match,
safe_candidate_only,wm_water_source_bak0421,dxsswms,地下水水位埋深（m）,地下水水位埋深（m）,match,
safe_candidate_only,wm_water_source_bak0421,ccsy,超采水源: 是、否,超采水源: 是、否,match,
safe_candidate_only,wm_water_source_bak0421,cjjjdkhzb,长江经济带考核指标: 是、否,长江经济带考核指标: 是、否,match,
safe_candidate_only,wm_water_source_bak0421,river_system_name_2,二级水系名称,二级水系名称,match,
safe_candidate_only,wm_water_source_bak0421,build_year,取水口建成年份,取水口建成年份,match,
safe_candidate_only,wm_water_source_bak0421,used_year,取水口正式使用年份,取水口正式使用年份,match,
safe_candidate_only,wm_water_source_intake_v2,district,区县,区县,match,
safe_candidate_only,wm_water_source_intake_v2,source_level,水源地级别（县级以上；乡镇级；百吨千人）,水源地级别（县级以上；乡镇级；百吨千人）,match,
safe_candidate_only,wm_water_source_intake_v2,source_status,水源地状态（在用；备用；应急；规划）,水源地状态（在用；备用；应急；规划）,match,
safe_candidate_only,wm_water_source_intake_v2,source_code,水源地编码,水源地编码,match,
safe_candidate_only,wm_water_source_intake_v2,water_quality_class,水质类别（Ⅰ；Ⅱ；Ⅲ；Ⅳ；Ⅴ）,水质类别（Ⅰ；Ⅱ；Ⅲ；Ⅳ；Ⅴ）,match,
safe_candidate_only,wm_water_source_intake_v2,supply_population,供水人口（人）,供水人口（人）,match,
safe_candidate_only,wm_water_source_intake_v2,daily_supply_capacity,日均供水能力（吨/天）,日均供水能力（吨/天）,match,
safe_candidate_only,wm_water_source_intake_v2,annual_actual_withdrawal,年实际取水量（万吨）,年实际取水量（万吨）,match,
safe_candidate_only,wm_water_source_intake_v2,per_capita_withdrawal,人均取水量（升/天）,人均取水量（升/天）,match,
safe_candidate_only,wm_water_source_zone_v2,district,区县,区县,match,
safe_candidate_only,wm_water_source_zone_v2,source_level,水源地级别（县级以上；乡镇级；百吨千人）,水源地级别（县级以上；乡镇级；百吨千人）,match,
safe_candidate_only,wm_water_source_zone_v2,source_status,水源地状态（在用；备用；应急；规划）,水源地状态（在用；备用；应急；规划）,match,
safe_candidate_only,wm_water_source_zone_v2,source_code,水源地编码,水源地编码,match,
safe_candidate_only,wm_waterbody_info,water_body_name,水体名称,水体名称,match,
safe_candidate_only,wm_waterbody_info,img_format,照片格式：img、png等,照片格式：img、png等,match,
safe_candidate_only,wm_waterbody_info,img_name,照片名称,照片名称,match,
safe_candidate_only,wm_waterbody_info,bend_coefficient,弯曲系数,弯曲系数,match,
safe_candidate_only,wm_waterbody_info,storage,蓄水量（m3）,蓄水量（m3）,match,
safe_candidate_only,wm_waterquality_day_records,m23_count,记录数23,记录数23,match,
safe_candidate_only,wm_waterquality_day_records,m24_count,记录数24,记录数24,match,
safe_candidate_only,wm_waterquality_day_records,m25_count,记录数25,记录数25,match,
safe_candidate_only,wm_waterquality_day_records,m26_count,记录数26,记录数26,match,
safe_candidate_only,wm_waterquality_day_records,m27_count,记录数27,记录数27,match,
safe_candidate_only,wm_waterquality_day_records,m28_count,记录数28,记录数28,match,
safe_candidate_only,wm_waterquality_day_records,m29_count,记录数29,记录数29,match,
safe_candidate_only,wm_waterquality_day_records,m30_count,记录数30,记录数30,match,
safe_candidate_only,wm_waterquality_day_records,m31_count,记录数31,记录数31,match,
safe_candidate_only,wm_waterquality_hour_records,m1_level,水质级别：I、II、Ⅲ、IV、V、劣V,水质级别：I、II、Ⅲ、IV、V、劣V,match,
safe_candidate_only,wm_waterquality_hour_records,m2_level,水质级别：I、II、Ⅲ、IV、V、劣V,水质级别：I、II、Ⅲ、IV、V、劣V,match,
safe_candidate_only,wm_waterquality_hour_records,m3_level,水质级别：I、II、Ⅲ、IV、V、劣V,水质级别：I、II、Ⅲ、IV、V、劣V,match,
safe_candidate_only,wm_waterquality_hour_records,m6_level,水质级别：I、II、Ⅲ、IV、V、劣V,水质级别：I、II、Ⅲ、IV、V、劣V,match,
safe_candidate_only,wm_waterquality_hour_records,m7_level,水质级别：I、II、Ⅲ、IV、V、劣V,水质级别：I、II、Ⅲ、IV、V、劣V,match,
safe_candidate_only,wm_waterquality_hour_records,m8_level,水质级别：I、II、Ⅲ、IV、V、劣V,水质级别：I、II、Ⅲ、IV、V、劣V,match,
safe_candidate_only,wm_waterquality_hour_records,m9_level,水质级别：I、II、Ⅲ、IV、V、劣V,水质级别：I、II、Ⅲ、IV、V、劣V,match,
safe_candidate_only,wm_waterquality_hour_records,m12_level,水质级别：I、II、Ⅲ、IV、V、劣V,水质级别：I、II、Ⅲ、IV、V、劣V,match,
safe_candidate_only,wm_waterquality_hour_records,m13_level,水质级别：I、II、Ⅲ、IV、V、劣V,水质级别：I、II、Ⅲ、IV、V、劣V,match,
safe_candidate_only,wm_waterquality_hour_records,m23_status,监测结果：0 正常、1 超标,监测结果：0 正常、1 超标,match,
safe_candidate_only,wm_waterquality_hour_records,m24_status,监测结果：0 正常、1 超标,监测结果：0 正常、1 超标,match,
safe_candidate_only,wm_waterquality_hour_records,m25_status,监测结果：0 正常、1 超标,监测结果：0 正常、1 超标,match,
safe_candidate_only,wm_waterquality_hour_records,m26_status,监测结果：0 正常、1 超标,监测结果：0 正常、1 超标,match,
safe_candidate_only,wm_waterquality_hour_records,m27_status,监测结果：0 正常、1 超标,监测结果：0 正常、1 超标,match,
safe_candidate_only,wm_waterquality_hour_records,m28_status,监测结果：0 正常、1 超标,监测结果：0 正常、1 超标,match,
safe_candidate_only,wm_waterquality_hour_records,m29_status,监测结果：0 正常、1 超标,监测结果：0 正常、1 超标,match,
safe_candidate_only,wm_waterquality_hour_records,m30_status,监测结果：0 正常、1 超标,监测结果：0 正常、1 超标,match,
safe_candidate_only,wm_waterquality_hour_records,m31_status,监测结果：0 正常、1 超标,监测结果：0 正常、1 超标,match,
safe_candidate_only,wm_waterquality_month_records,section_id,断面id,断面id,match,
safe_candidate_only,wm_waterquality_month_records,m23_count,记录数23,记录数23,match,
safe_candidate_only,wm_waterquality_month_records,m24_count,记录数24,记录数24,match,
safe_candidate_only,wm_waterquality_month_records,m25_count,记录数25,记录数25,match,
safe_candidate_only,wm_waterquality_month_records,m26_count,记录数26,记录数26,match,
safe_candidate_only,wm_waterquality_month_records,m27_count,记录数27,记录数27,match,
safe_candidate_only,wm_waterquality_month_records,m28_count,记录数28,记录数28,match,
safe_candidate_only,wm_waterquality_month_records,m29_count,记录数29,记录数29,match,
safe_candidate_only,wm_waterquality_month_records,m30_count,记录数30,记录数30,match,
safe_candidate_only,wm_waterquality_month_records,m31_count,记录数31,记录数31,match,
safe_candidate_only,wm_waterquality_month_records,monitor_year,监测年份,监测年份,match,
safe_candidate_only,wm_waterquality_month_records,monitor_month,监测月份,监测月份,match,
safe_candidate_only,wm_waterquality_month_records,main_pollutant,主要污染物，逗号连接,主要污染物，逗号连接,match,
safe_candidate_only,wm_waterquality_year_records,section_id,断面id,断面id,match,
safe_candidate_only,wm_waterquality_year_records,m23_count,记录数23,记录数23,match,
safe_candidate_only,wm_waterquality_year_records,m24_count,记录数24,记录数24,match,
safe_candidate_only,wm_waterquality_year_records,m25_count,记录数25,记录数25,match,
safe_candidate_only,wm_waterquality_year_records,m26_count,记录数26,记录数26,match,
safe_candidate_only,wm_waterquality_year_records,m27_count,记录数27,记录数27,match,
safe_candidate_only,wm_waterquality_year_records,m28_count,记录数28,记录数28,match,
safe_candidate_only,wm_waterquality_year_records,monitor_year,监测年份,监测年份,match,
safe_candidate_only,wm_waterquality_year_records,monitor_month,监测月份,监测月份,match,
safe_candidate_only,wm_waterquality_year_records,main_pollutant,主要污染物，逗号连接,主要污染物，逗号连接,match,
safe_candidate_only,wst_asset,asset_code,资产编码,资产编码,match,
safe_candidate_only,wst_asset,asset_name,资产名称,资产名称,match,
safe_candidate_only,wst_asset,asset_subtype,资产子类型，用于进一步细分资产类型，例如雨水排口、污水排口、永久闸、临时闸、主管、支管,资产子类型，用于进一步细分资产类型，例如雨水排口、污水排口、永久闸、临时闸、主管、支管,match,
safe_candidate_only,wst_asset,source_id,来源系统中的原始ID,来源系统中的原始ID,match,
safe_candidate_only,wst_asset,administrative_region_code,行政区划编码,行政区划编码,match,
safe_candidate_only,wst_asset,administrative_region_name,行政区划名称,行政区划名称,match,
safe_candidate_only,wst_asset,elevation,高程，单位米,高程，单位米,match,
safe_candidate_only,wst_asset,created_by,创建人,创建人,match,
safe_candidate_only,wst_asset,created_at,创建时间,创建时间,match,
safe_candidate_only,wst_asset,updated_by,更新人,更新人,match,
safe_candidate_only,wst_asset,updated_at,更新时间,更新时间,match,
safe_candidate_only,wst_asset_relation,target_asset_id,目标资产ID，对应 wst_asset.id,目标资产ID，对应 wst_asset.id,match,
safe_candidate_only,wst_asset_relation,relation_type,关系大类编码，对应 wst_relation_type_dict.type_code,关系大类编码，对应 wst_relation_type_dict.type_code,match,
safe_candidate_only,wst_asset_relation,created_at,创建时间,创建时间,match,
safe_candidate_only,wst_asset_relation,updated_at,更新时间,更新时间,match,
safe_candidate_only,wst_asset_trace_snap,asset_id,资产ID，关联 wst_asset.id,资产ID，关联 wst_asset.id,match,
safe_candidate_only,wst_asset_trace_snap,trace_node_id,挂接后的拓扑节点ID，关联 wst_trace_node.id，pgRouting 查询必须从该节点出发,挂接后的拓扑节点ID，关联 wst_trace_node.id，pgRouting 查询必须从该节点出发,match,
safe_candidate_only,wst_asset_trace_snap,trace_edge_id,原始挂接边ID，关联 wst_trace_edge.id，仅作为来源记录或展示辅助字段，不作为 pgRouting 起点,原始挂接边ID，关联 wst_trace_edge.id，仅作为来源记录或展示辅助字段，不作为 pgRouting 起点,match,
safe_candidate_only,wst_asset_trace_snap,snap_point_geom,资产在拓扑网络上的实际挂接点坐标，坐标系SRID=4326,资产在拓扑网络上的实际挂接点坐标，坐标系SRID=4326,match,
safe_candidate_only,wst_asset_trace_snap,asset_point_geom,资产原始点坐标，主要用于记录资产原始位置,资产原始点坐标，主要用于记录资产原始位置,match,
safe_candidate_only,wst_asset_trace_snap,distance_m,资产原始位置到挂接点的距离，单位米,资产原始位置到挂接点的距离，单位米,match,
safe_candidate_only,wst_asset_trace_snap,snap_type,挂接类型：node=挂接到已有节点，split_edge=挂接到边中间并拆边，manual=人工指定,挂接类型：node=挂接到已有节点，split_edge=挂接到边中间并拆边，manual=人工指定,match,
safe_candidate_only,wst_asset_trace_snap,snap_role,挂接角色，例如 discharge_point=排放进入点，monitor_point=监测点，intake_point=取水点，gate_control_point=闸口控制点，pipe_inlet=管网入口，pipe_outlet=管网出口，emergency_point=应急点,挂接角色，例如 discharge_point=排放进入点，monitor_point=监测点，intake_point=取水点，gate_control_point=闸口控制点，pipe_inlet=管网入口，pipe_outlet=管网出口，emergency_point=应急点,match,
safe_candidate_only,wst_asset_trace_snap,snap_method,挂接方法：nearest_node=最近节点，nearest_edge=最近边，manual=人工，import=导入,挂接方法：nearest_node=最近节点，nearest_edge=最近边，manual=人工，import=导入,match,
safe_candidate_only,wst_asset_trace_snap,snap_status,挂接状态：candidate=候选，confirmed=已确认，invalid=无效,挂接状态：candidate=候选，confirmed=已确认，invalid=无效,match,
safe_candidate_only,wst_asset_trace_snap,is_primary,是否主挂接点，同一个资产存在多个挂接点时用于标记主挂接点,是否主挂接点，同一个资产存在多个挂接点时用于标记主挂接点,match,
safe_candidate_only,wst_asset_trace_snap,confirmed_by,确认人,确认人,match,
safe_candidate_only,wst_asset_trace_snap,confirmed_at,确认时间,确认时间,match,
safe_candidate_only,wst_asset_trace_snap,created_by,创建人,创建人,match,
safe_candidate_only,wst_asset_trace_snap,created_at,创建时间,创建时间,match,
safe_candidate_only,wst_asset_trace_snap,updated_by,更新人,更新人,match,
safe_candidate_only,wst_asset_trace_snap,updated_at,更新时间,更新时间,match,
safe_candidate_only,wst_asset_trace_snap,network_type,网络类型，例如 river=外部河网，park_pipe=园区管网，park_river=园区内部排污河流，mixed=混合衔接网络,网络类型，例如 river=外部河网，park_pipe=园区管网，park_river=园区内部排污河流，mixed=混合衔接网络,match,
safe_candidate_only,wst_asset_type_dict,asset_type_name,资产类型名称，例如国控断面、自动站、排污口、涉水企业、化工园区、摄像头,资产类型名称，例如国控断面、自动站、排污口、涉水企业、化工园区、摄像头,match,
safe_candidate_only,wst_asset_type_dict,parent_type,上级资产类型编码，用于资产类型分组,上级资产类型编码，用于资产类型分组,match,
safe_candidate_only,wst_asset_type_dict,icon_name,前端图标名称,前端图标名称,match,
safe_candidate_only,wst_asset_type_dict,layer_name,前端图层名称,前端图层名称,match,
safe_candidate_only,wst_asset_type_dict,default_visible,地图上是否默认显示,地图上是否默认显示,match,
safe_candidate_only,wst_asset_type_dict,sort_no,排序号,排序号,match,
safe_candidate_only,wst_asset_type_dict,created_by,创建人,创建人,match,
safe_candidate_only,wst_asset_type_dict,created_at,创建时间,创建时间,match,
safe_candidate_only,wst_asset_type_dict,updated_by,更新人,更新人,match,
safe_candidate_only,wst_asset_type_dict,updated_at,更新时间,更新时间,match,
safe_candidate_only,wst_control_zone,zone_code,分区编码,分区编码,match,
safe_candidate_only,wst_control_zone,zone_name,分区名称,分区名称,match,
safe_candidate_only,wst_control_zone,divide_basis,分区划分依据，例如国控断面、自动站、工业园区、分水岭、排水片区,分区划分依据，例如国控断面、自动站、工业园区、分水岭、排水片区,match,
safe_candidate_only,wst_control_zone,zone_type,分区类型，例如 control_unit=控制单元，station_unit=自动站单元，park_unit=园区单元，watershed_unit=分水岭单元,分区类型，例如 control_unit=控制单元，station_unit=自动站单元，park_unit=园区单元，watershed_unit=分水岭单元,match,
safe_candidate_only,wst_control_zone,sort_no,排序号,排序号,match,
safe_candidate_only,wst_control_zone,created_by,创建人,创建人,match,
safe_candidate_only,wst_control_zone,created_at,创建时间,创建时间,match,
safe_candidate_only,wst_control_zone,updated_by,更新人,更新人,match,
safe_candidate_only,wst_control_zone,updated_at,更新时间,更新时间,match,
safe_candidate_only,wst_layer_river,created_at,创建时间,创建时间,match,
safe_candidate_only,wst_layer_river,updated_at,更新时间,更新时间,match,
safe_candidate_only,wst_relation_subtype_dict,relation_type,关系大类编码，对应 wst_relation_type_dict.type_code,关系大类编码，对应 wst_relation_type_dict.type_code,match,
safe_candidate_only,wst_relation_subtype_dict,relation_name,关系子类中文名称，例如 企业关联排污口,关系子类中文名称，例如 企业关联排污口,match,
safe_candidate_only,wst_relation_subtype_dict,source_type_codes,允许作为源对象的资产类型，多个用英文逗号分隔,允许作为源对象的资产类型，多个用英文逗号分隔,match,
safe_candidate_only,wst_relation_subtype_dict,target_type_codes,允许作为目标对象的资产类型，多个用英文逗号分隔,允许作为目标对象的资产类型，多个用英文逗号分隔,match,
safe_candidate_only,wst_relation_subtype_dict,source_label,源对象中文标签,源对象中文标签,match,
safe_candidate_only,wst_relation_subtype_dict,target_label,目标对象中文标签,目标对象中文标签,match,
safe_candidate_only,wst_relation_subtype_dict,direction_desc,标准方向说明，例如 企业 → 排污口,标准方向说明，例如 企业 → 排污口,match,
safe_candidate_only,wst_relation_subtype_dict,allow_manual,是否允许人工录入,是否允许人工录入,match,
safe_candidate_only,wst_relation_subtype_dict,allow_import,是否允许导入,是否允许导入,match,
safe_candidate_only,wst_relation_subtype_dict,allow_graph_edit,是否允许图谱编辑,是否允许图谱编辑,match,
safe_candidate_only,wst_relation_subtype_dict,allow_map_draw,是否允许地图连线绘制,是否允许地图连线绘制,match,
safe_candidate_only,wst_relation_subtype_dict,default_confidence,默认置信度,默认置信度,match,
safe_candidate_only,wst_relation_subtype_dict,created_at,创建时间,创建时间,match,
safe_candidate_only,wst_relation_subtype_dict,updated_at,更新时间,更新时间,match,
safe_candidate_only,wst_relation_type_dict,type_code,关系大类编码，例如 ownership、discharge、monitoring,关系大类编码，例如 ownership、discharge、monitoring,match,
safe_candidate_only,wst_relation_type_dict,type_name,关系大类名称,关系大类名称,match,
safe_candidate_only,wst_relation_type_dict,created_at,创建时间,创建时间,match,
safe_candidate_only,wst_relation_type_dict,updated_at,更新时间,更新时间,match,
safe_candidate_only,wst_trace_edge,edge_code,边编码,边编码,match,
safe_candidate_only,wst_trace_edge,edge_name,边名称,边名称,match,
safe_candidate_only,wst_trace_edge,target,终点拓扑节点ID，关联 wst_trace_node.id，约定为默认水流方向的下游节点,终点拓扑节点ID，关联 wst_trace_node.id，约定为默认水流方向的下游节点,match,
safe_candidate_only,wst_trace_edge,edge_type,边类型，例如 river=河道，pipe=管线，park_pipe=园区管网，park_river=园区内部排污河流，discharge=排放连接边，boundary=边界衔接边,边类型，例如 river=河道，pipe=管线，park_pipe=园区管网，park_river=园区内部排污河流，discharge=排放连接边，boundary=边界衔接边,match,
safe_candidate_only,wst_trace_edge,network_type,网络类型，例如 river=外部河网，park_pipe=园区管网，park_river=园区内部排污河流，mixed=混合衔接网络,网络类型，例如 river=外部河网，park_pipe=园区管网，park_river=园区内部排污河流，mixed=混合衔接网络,match,
safe_candidate_only,wst_trace_edge,from_network,起点所属网络类型，用于表达园区管网到园区河流、园区河流到外部河网的衔接,起点所属网络类型，用于表达园区管网到园区河流、园区河流到外部河网的衔接,match,
safe_candidate_only,wst_trace_edge,to_network,终点所属网络类型，用于表达网络转换关系,终点所属网络类型，用于表达网络转换关系,match,
safe_candidate_only,wst_trace_edge,pipe_code,管线编码,管线编码,match,
safe_candidate_only,wst_trace_edge,cost,正向通行成本，通常为长度米；source->target 可通行时为正数，不可通行时为-1,正向通行成本，通常为长度米；source->target 可通行时为正数，不可通行时为-1,match,
safe_candidate_only,wst_trace_edge,reverse_cost,反向通行成本；普通单向水流通常为-1，库区/回水/双向场景可设置为正数,反向通行成本；普通单向水流通常为-1，库区/回水/双向场景可设置为正数,match,
safe_candidate_only,wst_trace_edge,length_m,边长度，单位米,边长度，单位米,match,
safe_candidate_only,wst_trace_edge,flow_direction,流向说明，默认 source_to_target 表示 source 到 target 为水流方向,流向说明，默认 source_to_target 表示 source 到 target 为水流方向,match,
safe_candidate_only,wst_trace_edge,flow_mode,流向模式：normal=正常单向，bidirectional=双向，controlled=受控，reservoir=库区/回水，unknown=未知,流向模式：normal=正常单向，bidirectional=双向，controlled=受控，reservoir=库区/回水，unknown=未知,match,
safe_candidate_only,wst_trace_edge,control_mode,控制方式，例如 gate=闸门，pump=泵站，manual=人工控制，temporary_dam=临时筑坝,控制方式，例如 gate=闸门，pump=泵站，manual=人工控制，temporary_dam=临时筑坝,match,
safe_candidate_only,wst_trace_edge,gate_asset_id,关联闸门/闸坝资产ID，关联 wst_asset.id,关联闸门/闸坝资产ID，关联 wst_asset.id,match,
safe_candidate_only,wst_trace_edge,pump_asset_id,关联泵站资产ID，关联 wst_asset.id,关联泵站资产ID，关联 wst_asset.id,match,
safe_candidate_only,wst_trace_edge,is_split_edge,是否由原始边拆分生成,是否由原始边拆分生成,match,
safe_candidate_only,wst_trace_edge,original_edge_id,原始边ID，资产挂接到边中间并拆边时记录来源边,原始边ID，资产挂接到边中间并拆边时记录来源边,match,
safe_candidate_only,wst_trace_edge,created_by,创建人,创建人,match,
safe_candidate_only,wst_trace_edge,created_at,创建时间,创建时间,match,
safe_candidate_only,wst_trace_edge,updated_by,更新人,更新人,match,
safe_candidate_only,wst_trace_edge,updated_at,更新时间,更新时间,match,
safe_candidate_only,wst_trace_node,node_code,节点编码,节点编码,match,
safe_candidate_only,wst_trace_node,node_name,节点名称,节点名称,match,
safe_candidate_only,wst_trace_node,network_type,网络类型，例如 river=外部河网，park_pipe=园区管网，park_river=园区内部排污河流，mixed=混合衔接网络,网络类型，例如 river=外部河网，park_pipe=园区管网，park_river=园区内部排污河流，mixed=混合衔接网络,match,
safe_candidate_only,wst_trace_node,is_boundary_node,是否边界节点，例如园区出口、管网入河口、内外网络衔接点,是否边界节点，例如园区出口、管网入河口、内外网络衔接点,match,
safe_candidate_only,wst_trace_node,boundary_type,边界节点类型，例如 park_outlet、pipe_to_river、river_inlet、external_river_join,边界节点类型，例如 park_outlet、pipe_to_river、river_inlet、external_river_join,match,
safe_candidate_only,wst_trace_node,boundary_name,边界节点名称,边界节点名称,match,
safe_candidate_only,wst_trace_node,source_id,来源系统中的原始ID,来源系统中的原始ID,match,
safe_candidate_only,wst_trace_node,elevation,高程，单位米,高程，单位米,match,
safe_candidate_only,wst_trace_node,created_by,创建人,创建人,match,
safe_candidate_only,wst_trace_node,created_at,创建时间,创建时间,match,
safe_candidate_only,wst_trace_node,updated_by,更新人,更新人,match,
safe_candidate_only,wst_trace_node,updated_at,更新时间,更新时间,match,
safe_candidate_only,wst_trace_topology_issue,object_code,监控对象编码,监控对象编码,match,
safe_candidate_only,wst_trace_topology_issue,created_by,创建人,创建人,match,
safe_candidate_only,wst_trace_topology_issue,created_at,创建时间,创建时间,match,
safe_candidate_only,wst_trace_topology_issue,updated_by,更新人,更新人,match,
safe_candidate_only,wst_trace_topology_issue,updated_at,更新时间,更新时间,match,
safe_candidate_only,wt_service_directory,id_path,id路径，逗号连接,id路径，逗号连接,match,
safe_candidate_only,wt_service_directory,rest_url,接口服务地址,接口服务地址,match,
safe_candidate_only,wt_service_directory,service_type,服务类型：0 WMS、1 WMTS、2 REST接口 、3 公司出图服务 HGTWMS 4 arcgis服务、5 geoserver服务,服务类型：0 WMS、1 WMTS、2 REST接口 、3 公司出图服务 HGTWMS 4 arcgis服务、5 geoserver服务,match,
safe_candidate_only,wt_service_directory,x_min,x最小值,x最小值,match,
safe_candidate_only,wt_service_directory,x_max,x最大值,x最大值,match,
safe_candidate_only,wt_service_directory,y_min,y最小值,y最小值,match,
safe_candidate_only,wt_service_directory,y_max,y最大值,y最大值,match,
safe_candidate_only,wt_service_directory,srs,坐标系，WKID表示,坐标系，WKID表示,match,
safe_candidate_only,wt_service_directory,scale,在一定比例尺下才显示,在一定比例尺下才显示,match,
safe_candidate_only,wt_service_directory,method,接口服务请求方式：0 GET、1 POST,接口服务请求方式：0 GET、1 POST,match,
safe_candidate_only,wt_service_directory,weidu,维度：0 二维、1 三维,维度：0 二维、1 三维,match,
safe_candidate_only,wt_service_directory,check_type,是否选中：0 未选中、1 已选中,是否选中：0 未选中、1 已选中,match,
safe_candidate_only,wt_warnparm_config,l4_value,四级,四级,match,
safe_candidate_only,wt_warnparm_config,l5_value,五级,五级,match,
safe_candidate_only,wt_warnparm_config,zero,零点核查,零点核查,match,
safe_candidate_only,wt_warnparm_config,zero_drift,24小时零点漂移,24小时零点漂移,match,
safe_candidate_only,wt_warnparm_config,span,跨度核查,跨度核查,match,
safe_candidate_only,wt_warnparm_config,span_drift,24小时跨度漂移,24小时跨度漂移,match,
safe_candidate_only,wt_warnparm_config,compare,比较方式：0 无；1 ≤；2 ≥,比较方式：0 无；1 ≤；2 ≥,match,
safe_candidate_only,wt_warnparm_config,possible_value,可能发生污染的告警值,可能发生污染的告警值,match,
safe_candidate_only,wt_warnparm_config,remove_warn_value,消除预警的参数值,消除预警的参数值,match,
