table_name,column_name,data_type,column_comment,table_comment,training_status,risk_level,reason
ad_dict,row_id,bigint,ROW_ID,数据字典,candidate_safe,low,字段已有注释，无同名字段冲突，可安全纳入训练候选。
ad_dict,list_type,character varying,列表类型,数据字典,candidate_safe,low,字段已有注释，无同名字段冲突，可安全纳入训练候选。
ad_dict,list_type_desc,character varying,列表描述,数据字典,candidate_safe,low,字段已有注释，无同名字段冲突，可安全纳入训练候选。
ad_dict,item_code,character varying,列表项代码,数据字典,candidate_safe,low,字段已有注释，无同名字段冲突，可安全纳入训练候选。
ad_dict,item_name,character varying,列表项名称,数据字典,candidate_safe,low,字段已有注释，无同名字段冲突，可安全纳入训练候选。
ad_dict,taxis_no,integer,排序码,数据字典,candidate_safe,low,字段已有注释，无同名字段冲突，可安全纳入训练候选。
ad_dict,origin_flag,character,数据来源的标志：[]或[I]-(Input)系统录入;[O]-(Out)外部接口导入;[S]-(System)系统保留。本标志不能挪为它用。,数据字典,candidate_safe,low,字段已有注释，无同名字段冲突，可安全纳入训练候选。
ad_dict,origin_app,character varying,数据来源应用的代码,数据字典,candidate_safe,low,字段已有注释，无同名字段冲突，可安全纳入训练候选。
ad_dict,modification_num,integer,记录修改次数,数据字典,candidate_safe,low,字段已有注释，无同名字段冲突，可安全纳入训练候选。
cf_auto_build_flag,manual_auto,character,0 手动处理、1 自动处理,主键id,candidate_safe,low,字段已有注释，无同名字段冲突，可安全纳入训练候选。
day_quality_records,span_value5,double precision,氨氮仪器跨度值,日质控数据,candidate_safe,low,字段已有注释，无同名字段冲突，可安全纳入训练候选。
day_quality_records,check_value5,double precision,氨氮零点/跨度核查数据,日质控数据,candidate_safe,low,字段已有注释，无同名字段冲突，可安全纳入训练候选。
day_quality_records,standard_value5,double precision,氨氮标准样浓度,日质控数据,candidate_safe,low,字段已有注释，无同名字段冲突，可安全纳入训练候选。
day_quality_records,monitor_time5,timestamp without time zone,氨氮监测时间,日质控数据,candidate_safe,low,字段已有注释，无同名字段冲突，可安全纳入训练候选。
day_quality_records,span_value6,double precision,高锰酸盐指数仪器跨度值,日质控数据,candidate_safe,low,字段已有注释，无同名字段冲突，可安全纳入训练候选。
day_quality_records,check_value6,double precision,高锰酸盐指数零点/跨度核查数据,日质控数据,candidate_safe,low,字段已有注释，无同名字段冲突，可安全纳入训练候选。
day_quality_records,standard_value6,double precision,高锰酸盐指数标准样浓度,日质控数据,candidate_safe,low,字段已有注释，无同名字段冲突，可安全纳入训练候选。
day_quality_records,monitor_time6,timestamp without time zone,高锰酸盐指数监测时间,日质控数据,candidate_safe,low,字段已有注释，无同名字段冲突，可安全纳入训练候选。
day_quality_records,span_value7,double precision,总磷仪器跨度值,日质控数据,candidate_safe,low,字段已有注释，无同名字段冲突，可安全纳入训练候选。
day_quality_records,check_value7,double precision,总磷零点/跨度核查数据,日质控数据,candidate_safe,low,字段已有注释，无同名字段冲突，可安全纳入训练候选。
day_quality_records,standard_value7,double precision,总磷标准样浓度,日质控数据,candidate_safe,low,字段已有注释，无同名字段冲突，可安全纳入训练候选。
day_quality_records,monitor_time7,timestamp without time zone,总磷监测时间,日质控数据,candidate_safe,low,字段已有注释，无同名字段冲突，可安全纳入训练候选。
day_quality_records,span_value8,double precision,总氮仪器跨度值,日质控数据,candidate_safe,low,字段已有注释，无同名字段冲突，可安全纳入训练候选。
day_quality_records,check_value8,double precision,总氮零点/跨度核查数据,日质控数据,candidate_safe,low,字段已有注释，无同名字段冲突，可安全纳入训练候选。
day_quality_records,standard_value8,double precision,总氮标准样浓度,日质控数据,candidate_safe,low,字段已有注释，无同名字段冲突，可安全纳入训练候选。
day_quality_records,monitor_time8,timestamp without time zone,总氮监测时间,日质控数据,candidate_safe,low,字段已有注释，无同名字段冲突，可安全纳入训练候选。
day_quality_setting,audit_by,bigint,审核人,日质控设置,candidate_safe,low,字段已有注释，无同名字段冲突，可安全纳入训练候选。
day_quality_setting,audit_time,timestamp without time zone,审核时间,日质控设置,candidate_safe,low,字段已有注释，无同名字段冲突，可安全纳入训练候选。
dc_survey_app,version_code,character varying,APP版本号：V1.0.0、1.0.0、100,APP安装包版本管理表,candidate_safe,low,字段已有注释，无同名字段冲突，可安全纳入训练候选。
dc_survey_app,version_name,character varying,APP版本名称: 如果有多个APP保证每一类名称一致,APP安装包版本管理表,candidate_safe,low,字段已有注释，无同名字段冲突，可安全纳入训练候选。
dc_survey_app,update_type,smallint,更新类型：1-强制更新，2-可选更新,APP安装包版本管理表,candidate_safe,low,字段已有注释，无同名字段冲突，可安全纳入训练候选。
dc_survey_app,download_url,character varying,安装包下载地址,APP安装包版本管理表,candidate_safe,low,字段已有注释，无同名字段冲突，可安全纳入训练候选。
dc_survey_app,update_log,text,更新日志,APP安装包版本管理表,candidate_safe,low,字段已有注释，无同名字段冲突，可安全纳入训练候选。
dc_survey_app,platform_type,smallint,平台类型：1-Android，2-iOS,APP安装包版本管理表,candidate_safe,low,字段已有注释，无同名字段冲突，可安全纳入训练候选。
dc_survey_info,watershed_partition_id,bigint,流域分区ID,巡回调查-调查后的核查信息,candidate_safe,low,字段已有注释，无同名字段冲突，可安全纳入训练候选。
dc_survey_info,upload_time,character varying,上传时间：每次上传都记录时间  20251128,巡回调查-调查后的核查信息,candidate_safe,low,字段已有注释，无同名字段冲突，可安全纳入训练候选。
dc_survey_info,lon,double precision,经度,巡回调查-调查后的核查信息,candidate_safe,low,字段已有注释，无同名字段冲突，可安全纳入训练候选。
dc_survey_info,lat,double precision,纬度,巡回调查-调查后的核查信息,candidate_safe,low,字段已有注释，无同名字段冲突，可安全纳入训练候选。
dc_survey_info,monitor_info,character varying,监测信息（是否监测，结果如何）,巡回调查-调查后的核查信息,candidate_safe,low,字段已有注释，无同名字段冲突，可安全纳入训练候选。
dc_survey_info,monitor_level,character varying,管控级别：一级（常年有水，肯定对水体有影响），二级（下雨时肯定对水体影响），三级（可能有影响），四级（无影响）,巡回调查-调查后的核查信息,candidate_safe,low,字段已有注释，无同名字段冲突，可安全纳入训练候选。
dc_survey_info,survey_type,smallint,调查类型：0-excel调查信息、1-word小结,巡回调查-调查后的核查信息,candidate_safe,low,字段已有注释，无同名字段冲突，可安全纳入训练候选。
dc_survey_info,image_path_2,character varying,图片2,巡回调查-调查后的核查信息,candidate_safe,low,字段已有注释，无同名字段冲突，可安全纳入训练候选。
dc_survey_info,image_path_3,character varying,图片3,巡回调查-调查后的核查信息,candidate_safe,low,字段已有注释，无同名字段冲突，可安全纳入训练候选。
dc_survey_offline_sync,sync_status,integer,同步状态：0-待同步，1-同步中，2-同步成功，3-同步失败,离线同步任务表,candidate_safe,low,字段已有注释，无同名字段冲突，可安全纳入训练候选。
dc_survey_offline_sync,sync_progress,integer,同步进度：0-100,离线同步任务表,candidate_safe,low,字段已有注释，无同名字段冲突，可安全纳入训练候选。
dc_survey_offline_sync,total_steps,integer,总步骤数,离线同步任务表,candidate_safe,low,字段已有注释，无同名字段冲突，可安全纳入训练候选。
dc_survey_offline_sync,current_step,integer,当前步骤,离线同步任务表,candidate_safe,low,字段已有注释，无同名字段冲突，可安全纳入训练候选。
dc_survey_offline_sync,sync_start_time,timestamp without time zone,同步开始时间,离线同步任务表,candidate_safe,low,字段已有注释，无同名字段冲突，可安全纳入训练候选。
dc_survey_offline_sync,sync_end_time,timestamp without time zone,同步结束时间,离线同步任务表,candidate_safe,low,字段已有注释，无同名字段冲突，可安全纳入训练候选。
dc_survey_offline_sync,sync_result,character varying,同步结果信息,离线同步任务表,candidate_safe,low,字段已有注释，无同名字段冲突，可安全纳入训练候选。
dc_survey_offline_sync,error_message,text,错误信息,离线同步任务表,candidate_safe,low,字段已有注释，无同名字段冲突，可安全纳入训练候选。
dc_survey_offline_upload,file_type,character varying,文件类型：json-JSON数据文件，image-图片文件,文件上传缓存表 - 支持断点续传和本地文件缓存,candidate_safe,low,字段已有注释，无同名字段冲突，可安全纳入训练候选。
dc_survey_offline_upload,file_name,character varying,文件名,文件上传缓存表 - 支持断点续传和本地文件缓存,candidate_safe,low,字段已有注释，无同名字段冲突，可安全纳入训练候选。
dc_survey_offline_upload,uploaded_size,bigint,已上传大小：字节,文件上传缓存表 - 支持断点续传和本地文件缓存,candidate_safe,low,字段已有注释，无同名字段冲突，可安全纳入训练候选。
dc_survey_offline_upload,total_chunks,integer,总分块数,文件上传缓存表 - 支持断点续传和本地文件缓存,candidate_safe,low,字段已有注释，无同名字段冲突，可安全纳入训练候选。
dc_survey_offline_upload,uploaded_chunks,text,已上传分块列表：JSON数组，记录已完成的分块序号,文件上传缓存表 - 支持断点续传和本地文件缓存,candidate_safe,low,字段已有注释，无同名字段冲突，可安全纳入训练候选。
dc_survey_offline_upload,upload_status,smallint,上传状态：0-待上传，1-上传中，2-上传完成，3-合并失败,文件上传缓存表 - 支持断点续传和本地文件缓存,candidate_safe,low,字段已有注释，无同名字段冲突，可安全纳入训练候选。
dc_survey_offline_upload,message,text,执行信息：错误日志,文件上传缓存表 - 支持断点续传和本地文件缓存,candidate_safe,low,字段已有注释，无同名字段冲突，可安全纳入训练候选。
dc_survey_offline_upload,clean_flag,character,本地文件清理标记：0 未删除、1 已删除,文件上传缓存表 - 支持断点续传和本地文件缓存,candidate_safe,low,字段已有注释，无同名字段冲突，可安全纳入训练候选。
dc_survey_task,survey_time,character varying,巡查时间: yyyyMMdd,巡查任务表,candidate_safe,low,字段已有注释，无同名字段冲突，可安全纳入训练候选。
dc_survey_task,watershed_partition_id,bigint,流域分区ID,巡查任务表,candidate_safe,low,字段已有注释，无同名字段冲突，可安全纳入训练候选。
dc_survey_task,point_count,integer,点位数量,巡查任务表,candidate_safe,low,字段已有注释，无同名字段冲突，可安全纳入训练候选。
dc_survey_task,image_count,integer,照片数量,巡查任务表,candidate_safe,low,字段已有注释，无同名字段冲突，可安全纳入训练候选。
dc_survey_task,current_point_count,integer,本次巡查点位数量: 重新开启后自动清零,巡查任务表,candidate_safe,low,字段已有注释，无同名字段冲突，可安全纳入训练候选。
dc_survey_task,update_name,character varying,更新人名称：当前巡查人员,巡查任务表,candidate_safe,low,字段已有注释，无同名字段冲突，可安全纳入训练候选。
dc_survey_task_instance,start_time,timestamp without time zone,执行开始时间,任务实例：记录轨迹、点位的添加,candidate_safe,low,字段已有注释，无同名字段冲突，可安全纳入训练候选。
dc_survey_task_instance,end_time,timestamp without time zone,执行结束时间,任务实例：记录轨迹、点位的添加,candidate_safe,low,字段已有注释，无同名字段冲突，可安全纳入训练候选。
dc_survey_track,lat,double precision,纬度,巡查轨迹记录表,candidate_safe,low,字段已有注释，无同名字段冲突，可安全纳入训练候选。
dc_survey_track,lon,double precision,经度,巡查轨迹记录表,candidate_safe,low,字段已有注释，无同名字段冲突，可安全纳入训练候选。
gis_control_unit,control_unit_name,character varying,控制单元名称,,candidate_safe,low,字段已有注释，无同名字段冲突，可安全纳入训练候选。
gis_control_unit,control_unit_code,character varying,控制单元编码,,candidate_safe,low,字段已有注释，无同名字段冲突，可安全纳入训练候选。
gis_poi,region_province,character varying,行政区省,主键id,candidate_safe,low,字段已有注释，无同名字段冲突，可安全纳入训练候选。
gis_poi,region_city,character varying,行政区城市,主键id,candidate_safe,low,字段已有注释，无同名字段冲突，可安全纳入训练候选。
gis_poi,lon,double precision,经度,主键id,candidate_safe,low,字段已有注释，无同名字段冲突，可安全纳入训练候选。
gis_poi,lat,double precision,纬度,主键id,candidate_safe,low,字段已有注释，无同名字段冲突，可安全纳入训练候选。
gis_watershed_partition,name_alias,character varying,别名,空间-流域分区数据,candidate_safe,low,字段已有注释，无同名字段冲突，可安全纳入训练候选。
gis_watershed_partition,version,smallint,当前版本：从0开始递增,空间-流域分区数据,candidate_safe,low,字段已有注释，无同名字段冲突，可安全纳入训练候选。
gis_watershed_partition_4,last_name,character varying,上一级流域名称,,candidate_safe,low,字段已有注释，无同名字段冲突，可安全纳入训练候选。
layer_boundary_park,name_part,character varying,分园名称,工业园区-园区边界,candidate_safe,low,字段已有注释，无同名字段冲突，可安全纳入训练候选。
layer_boundary_park,park_level,integer,园区级别：0-未知、1-国家级、2-省级、3-市级,工业园区-园区边界,candidate_safe,low,字段已有注释，无同名字段冲突，可安全纳入训练候选。
layer_entity_process,process_type,character varying,溯源查询类型：industrial-工业园区,溯源关系查询流程：使用到的图层信息,candidate_safe,low,字段已有注释，无同名字段冲突，可安全纳入训练候选。
layer_entity_process,layer_type,smallint,溯源查询类型：0-查询图层、1-静态图层...,溯源关系查询流程：使用到的图层信息,candidate_safe,low,字段已有注释，无同名字段冲突，可安全纳入训练候选。
layer_entity_process,layer_name_en,character varying,图层英文名称,溯源关系查询流程：使用到的图层信息,candidate_safe,low,字段已有注释，无同名字段冲突，可安全纳入训练候选。
layer_entity_process,layer_name_cn,character varying,图层中文名称,溯源关系查询流程：使用到的图层信息,candidate_safe,low,字段已有注释，无同名字段冲突，可安全纳入训练候选。
layer_entity_process,geom_type,character varying,图形类型：点、线、面,溯源关系查询流程：使用到的图层信息,candidate_safe,low,字段已有注释，无同名字段冲突，可安全纳入训练候选。
layer_entity_process,layer_level,smallint,图层层级：查询过程的级别,溯源关系查询流程：使用到的图层信息,candidate_safe,low,字段已有注释，无同名字段冲突，可安全纳入训练候选。
layer_entity_process,query_expand_mark,smallint,扩展查询标记：关联查询相关属性,溯源关系查询流程：使用到的图层信息,candidate_safe,low,字段已有注释，无同名字段冲突，可安全纳入训练候选。
layer_entity_relation,entity_code_1,character varying,要素编码1,图层-要素关联关系表,candidate_safe,low,字段已有注释，无同名字段冲突，可安全纳入训练候选。
layer_entity_relation,layer_name_1,character varying,图层名称1,图层-要素关联关系表,candidate_safe,low,字段已有注释，无同名字段冲突，可安全纳入训练候选。
layer_entity_relation,relation,character varying,关系名称,图层-要素关联关系表,candidate_safe,low,字段已有注释，无同名字段冲突，可安全纳入训练候选。
layer_entity_relation,entity_code_2,character varying,要素编码2,图层-要素关联关系表,candidate_safe,low,字段已有注释，无同名字段冲突，可安全纳入训练候选。
layer_entity_relation,layer_name_2,character varying,图层名称2,图层-要素关联关系表,candidate_safe,low,字段已有注释，无同名字段冲突，可安全纳入训练候选。
layer_entity_relation,delete_mark,smallint,删除标志：0-正常、1-删除,图层-要素关联关系表,candidate_safe,low,字段已有注释，无同名字段冲突，可安全纳入训练候选。
layer_outlet_sewage,jcdbh,character varying,监测点编号,工业园区-污水排放口,candidate_safe,low,字段已有注释，无同名字段冲突，可安全纳入训练候选。
layer_partition_2,name_1,character varying,一级分区名称,二级分区,candidate_safe,low,字段已有注释，无同名字段冲突，可安全纳入训练候选。
layer_partition_3,name_2,character varying,二级分区名称,三级分区,candidate_safe,low,字段已有注释，无同名字段冲突，可安全纳入训练候选。
layer_partition_3,name_1,character varying,一级分区名称,三级分区,candidate_safe,low,字段已有注释，无同名字段冲突，可安全纳入训练候选。
metadata_view,table_name,character varying,表名,元数据-视图,candidate_safe,low,字段已有注释，无同名字段冲突，可安全纳入训练候选。
min_value_setting,value,double precision,最低检出限（mg/L）,最低检出限,candidate_safe,low,字段已有注释，无同名字段冲突，可安全纳入训练候选。
rs_enterprise_info_lsg,mine_name,character varying,矿山名称,湖北省磷石膏尾矿库企业信息表：宜昌水环境,candidate_safe,low,字段已有注释，无同名字段冲突，可安全纳入训练候选。
rs_enterprise_info_lsg,enterprise,character varying,所属企业,湖北省磷石膏尾矿库企业信息表：宜昌水环境,candidate_safe,low,字段已有注释，无同名字段冲突，可安全纳入训练候选。
rs_enterprise_info_lsg,out_type,character varying,排渣方式,湖北省磷石膏尾矿库企业信息表：宜昌水环境,candidate_safe,low,字段已有注释，无同名字段冲突，可安全纳入训练候选。
rs_enterprise_info_lsg,design_storage,double precision,设计库容（单位：万立方米）,湖北省磷石膏尾矿库企业信息表：宜昌水环境,candidate_safe,low,字段已有注释，无同名字段冲突，可安全纳入训练候选。
rs_enterprise_info_lsg,existed_storage,double precision,现有堆量（单位：万立方米）,湖北省磷石膏尾矿库企业信息表：宜昌水环境,candidate_safe,low,字段已有注释，无同名字段冲突，可安全纳入训练候选。
rs_enterprise_info_lsg,floor_area,double precision,占地面积（单位平方公里）,湖北省磷石膏尾矿库企业信息表：宜昌水环境,candidate_safe,low,字段已有注释，无同名字段冲突，可安全纳入训练候选。
rs_enterprise_info_lsg,product_status,character varying,目前生产情况,湖北省磷石膏尾矿库企业信息表：宜昌水环境,candidate_safe,low,字段已有注释，无同名字段冲突，可安全纳入训练候选。
rs_enterprise_info_lsg,lon,double precision,经度,湖北省磷石膏尾矿库企业信息表：宜昌水环境,candidate_safe,low,字段已有注释，无同名字段冲突，可安全纳入训练候选。
rs_enterprise_info_lsg,lat,double precision,纬度,湖北省磷石膏尾矿库企业信息表：宜昌水环境,candidate_safe,low,字段已有注释，无同名字段冲突，可安全纳入训练候选。
rs_enterprise_info_lsg,product_capacity,double precision,磷酸产能（万吨/年）,湖北省磷石膏尾矿库企业信息表：宜昌水环境,candidate_safe,low,字段已有注释，无同名字段冲突，可安全纳入训练候选。
rs_enterprise_info_wade,supervision_level,smallint,监管级别：0-一般、1-重点,污染源自动监管涉水企业：宜昌水环境,candidate_safe,low,字段已有注释，无同名字段冲突，可安全纳入训练候选。
rs_enterprise_info_wade,industry_type,character varying,行业类型,污染源自动监管涉水企业：宜昌水环境,candidate_safe,low,字段已有注释，无同名字段冲突，可安全纳入训练候选。
rs_enterprise_info_wade,lon,double precision,经度,污染源自动监管涉水企业：宜昌水环境,candidate_safe,low,字段已有注释，无同名字段冲突，可安全纳入训练候选。
rs_enterprise_info_wade,lat,double precision,纬度,污染源自动监管涉水企业：宜昌水环境,candidate_safe,low,字段已有注释，无同名字段冲突，可安全纳入训练候选。
rs_industrial_info_yc,name_part,character varying,分园名称,工业园区环境监测数据表,candidate_safe,low,字段已有注释，无同名字段冲突，可安全纳入训练候选。
rs_industrial_info_yc,park_level,integer,园区级别：0-未知、1-国家级、2-省级、3-市级,工业园区环境监测数据表,candidate_safe,low,字段已有注释，无同名字段冲突，可安全纳入训练候选。
rs_industrial_info_yc,lon,double precision,经度,工业园区环境监测数据表,candidate_safe,low,字段已有注释，无同名字段冲突，可安全纳入训练候选。
rs_industrial_info_yc,lat,double precision,纬度,工业园区环境监测数据表,candidate_safe,low,字段已有注释，无同名字段冲突，可安全纳入训练候选。
rs_industrial_info_yc,belong_watershed,character varying,所属流域,工业园区环境监测数据表,candidate_safe,low,字段已有注释，无同名字段冲突，可安全纳入训练候选。
rs_industrial_info_yc,is_within_1km_yangtze_mainstream,character varying,是否在长江干流岸线一公里范围内,工业园区环境监测数据表,candidate_safe,low,字段已有注释，无同名字段冲突，可安全纳入训练候选。
rs_industrial_info_yc,is_within_1km_yangtze_tributary,character varying,是否在长江重要支流岸线一公里范围内,工业园区环境监测数据表,candidate_safe,low,字段已有注释，无同名字段冲突，可安全纳入训练候选。
rs_industrial_info_yc,important_tributary,character varying,所属重要支流,工业园区环境监测数据表,candidate_safe,low,字段已有注释，无同名字段冲突，可安全纳入训练候选。
rs_industrial_info_yc,is_chemical_park,character varying,是否为化工园区,工业园区环境监测数据表,candidate_safe,low,字段已有注释，无同名字段冲突，可安全纳入训练候选。
rs_industrial_info_yc,park_development_status,character varying,园区发展现状,工业园区环境监测数据表,candidate_safe,low,字段已有注释，无同名字段冲突，可安全纳入训练候选。
rs_industrial_info_yc,leading_industry,text,主导产业,工业园区环境监测数据表,candidate_safe,low,字段已有注释，无同名字段冲突，可安全纳入训练候选。
rs_industrial_info_yc,total_industrial_output_value_10k_yuan,character varying,调度期内工业总产值（万元）,工业园区环境监测数据表,candidate_safe,low,字段已有注释，无同名字段冲突，可安全纳入训练候选。
rs_industrial_info_yc,industrial_value_added_10k_yuan,character varying,调度期内工业增加值（万元）,工业园区环境监测数据表,candidate_safe,low,字段已有注释，无同名字段冲突，可安全纳入训练候选。
rs_industrial_info_yc,industrial_land_area_sqkm,character varying,工业用地面积（平方千米）,工业园区环境监测数据表,candidate_safe,low,字段已有注释，无同名字段冲突，可安全纳入训练候选。
rs_industrial_info_yc,enterprises_above_designated_count,character varying,规上企业数量（个）,工业园区环境监测数据表,candidate_safe,low,字段已有注释，无同名字段冲突，可安全纳入训练候选。
rs_industrial_info_yc,cumulative_investment_wastewater_treatment_10k_yuan,character varying,工业园区对污水集中处理设施累计投资（万元）,工业园区环境监测数据表,candidate_safe,low,字段已有注释，无同名字段冲突，可安全纳入训练候选。
rs_industrial_info_yc,cumulative_investment_sewer_network_10k_yuan,character varying,工业园区对污水管网累计投资（万元）,工业园区环境监测数据表,candidate_safe,low,字段已有注释，无同名字段冲突，可安全纳入训练候选。
rs_industrial_info_yc,sewer_network_length_km,character varying,污水管网长度（千米）,工业园区环境监测数据表,candidate_safe,low,字段已有注释，无同名字段冲突，可安全纳入训练候选。
rs_industrial_info_yc,new_sewer_network_length_km,character varying,新增管网长度（千米）,工业园区环境监测数据表,candidate_safe,low,字段已有注释，无同名字段冲突，可安全纳入训练候选。
rs_industrial_info_yc,park_drainage_status,character varying,工业园区排水现状,工业园区环境监测数据表,candidate_safe,low,字段已有注释，无同名字段冲突，可安全纳入训练候选。
rs_industrial_info_yc,sewer_inspection_rectification_since_2020,text,2020年以来污水管网排查整治情况管网排查情况,工业园区环境监测数据表,candidate_safe,low,字段已有注释，无同名字段冲突，可安全纳入训练候选。
rs_industrial_info_yc,sewer_inspection_length_km,character varying,管网排查长度（千米）,工业园区环境监测数据表,candidate_safe,low,字段已有注释，无同名字段冲突，可安全纳入训练候选。
rs_industrial_info_yc,treatment_facility_name,character varying,污水处理设施名称,工业园区环境监测数据表,candidate_safe,low,字段已有注释，无同名字段冲突，可安全纳入训练候选。
rs_industrial_info_yc,pollution_discharge_permit_code,character varying,排污许可证编码,工业园区环境监测数据表,candidate_safe,low,字段已有注释，无同名字段冲突，可安全纳入训练候选。
rs_industrial_info_yc,treatment_facility_type,character varying,污水处理设施类型,工业园区环境监测数据表,candidate_safe,low,字段已有注释，无同名字段冲突，可安全纳入训练候选。
rs_industrial_info_yc,treatment_cost_yuan_per_ton,character varying,吨水处理费用（元/吨）,工业园区环境监测数据表,candidate_safe,low,字段已有注释，无同名字段冲突，可安全纳入训练候选。
rs_industrial_info_yc,is_industrial_wastewater_pipe_access_assessment,character varying,（排入城镇污水集中处理设施）是否开展园区工业废水纳管评估,工业园区环境监测数据表,candidate_safe,low,字段已有注释，无同名字段冲突，可安全纳入训练候选。
rs_industrial_info_yc,designed_treatment_capacity_10k_tons_per_day,character varying,设计处理能力（万吨/日）,工业园区环境监测数据表,candidate_safe,low,字段已有注释，无同名字段冲突，可安全纳入训练候选。
rs_industrial_info_yc,actual_treatment_volume_10k_tons,character varying,实际处理水量（万吨）,工业园区环境监测数据表,candidate_safe,low,字段已有注释，无同名字段冲突，可安全纳入训练候选。
rs_industrial_info_yc,treatment_process_name,character varying,污水处理工艺名称,工业园区环境监测数据表,candidate_safe,low,字段已有注释，无同名字段冲突，可安全纳入训练候选。
rs_industrial_info_yc,designed_influent_cod_mg_l,character varying,设计进水浓度（COD）,工业园区环境监测数据表,candidate_safe,low,字段已有注释，无同名字段冲突，可安全纳入训练候选。
rs_industrial_info_yc,designed_influent_ammonia_nitrogen_mg_l,character varying,设计进水浓度（氨氮）,工业园区环境监测数据表,candidate_safe,low,字段已有注释，无同名字段冲突，可安全纳入训练候选。
rs_industrial_info_yc,influent_cod_daily_avg_mg_l,character varying,进水COD日均值（mg/L）,工业园区环境监测数据表,candidate_safe,low,字段已有注释，无同名字段冲突，可安全纳入训练候选。
rs_industrial_info_yc,influent_ammonia_nitrogen_daily_avg_mg_l,character varying,进水氨氮日均值（mg/L）,工业园区环境监测数据表,candidate_safe,low,字段已有注释，无同名字段冲突，可安全纳入训练候选。
rs_industrial_info_yc,influent_total_nitrogen_daily_avg_mg_l,character varying,进水总氮日均值（mg/L）,工业园区环境监测数据表,candidate_safe,low,字段已有注释，无同名字段冲突，可安全纳入训练候选。
rs_industrial_info_yc,influent_total_phosphorus_daily_avg_mg_l,character varying,进水总磷日均值（mg/L）,工业园区环境监测数据表,candidate_safe,low,字段已有注释，无同名字段冲突，可安全纳入训练候选。
rs_industrial_info_yc,effluent_cod_daily_avg_mg_l,character varying,出水COD日均值（mg/L）,工业园区环境监测数据表,candidate_safe,low,字段已有注释，无同名字段冲突，可安全纳入训练候选。
rs_industrial_info_yc,effluent_ammonia_nitrogen_daily_avg_mg_l,character varying,出水氨氮日均值（mg/L）,工业园区环境监测数据表,candidate_safe,low,字段已有注释，无同名字段冲突，可安全纳入训练候选。
rs_industrial_info_yc,effluent_total_nitrogen_daily_avg_mg_l,character varying,出水总氮日均值（mg/L）,工业园区环境监测数据表,candidate_safe,low,字段已有注释，无同名字段冲突，可安全纳入训练候选。
rs_industrial_info_yc,effluent_total_phosphorus_daily_avg_mg_l,character varying,出水总磷日均值（mg/L）,工业园区环境监测数据表,candidate_safe,low,字段已有注释，无同名字段冲突，可安全纳入训练候选。
rs_industrial_info_yc,is_key_pollution_source,character varying,是否重点排污单位,工业园区环境监测数据表,candidate_safe,low,字段已有注释，无同名字段冲突，可安全纳入训练候选。
rs_industrial_info_yc,ecology_dept_networking_influent_effluent,character varying,与生态环境部门联网情况（进出水）,工业园区环境监测数据表,candidate_safe,low,字段已有注释，无同名字段冲突，可安全纳入训练候选。
rs_industrial_info_yc,auto_monitoring_system_level,character varying,重点污染源自动监控系统（部、省、市、县）,工业园区环境监测数据表,candidate_safe,low,字段已有注释，无同名字段冲突，可安全纳入训练候选。
rs_industrial_info_yc,auto_monitoring_compliance_rate_pct,character varying,自动在线监控达标率（%）,工业园区环境监测数据表,candidate_safe,low,字段已有注释，无同名字段冲突，可安全纳入训练候选。
rs_industrial_info_yc,manual_monitoring_compliance_rate_pct,character varying,手工监测达标率（%）,工业园区环境监测数据表,candidate_safe,low,字段已有注释，无同名字段冲突，可安全纳入训练候选。
rs_industrial_info_yc,exceedance_factor_and_multiplier,character varying,超标因子及超标倍数,工业园区环境监测数据表,candidate_safe,low,字段已有注释，无同名字段冲突，可安全纳入训练候选。
rs_industrial_info_yc,exceedance_days,character varying,超标天数,工业园区环境监测数据表,candidate_safe,low,字段已有注释，无同名字段冲突，可安全纳入训练候选。
rs_industrial_info_yc,exceedance_reason,text,超标原因,工业园区环境监测数据表,candidate_safe,low,字段已有注释，无同名字段冲突，可安全纳入训练候选。
rs_industrial_info_yc,treatment_plant_power_consumption_kwh,character varying,污水厂耗电量,工业园区环境监测数据表,candidate_safe,low,字段已有注释，无同名字段冲突，可安全纳入训练候选。
rs_industrial_info_yc,is_photovoltaic_station_built,character varying,是否建设光伏电站,工业园区环境监测数据表,candidate_safe,low,字段已有注释，无同名字段冲突，可安全纳入训练候选。
rs_industrial_info_yc,chemical_addition_type,character varying,药剂添加类型,工业园区环境监测数据表,candidate_safe,low,字段已有注释，无同名字段冲突，可安全纳入训练候选。
rs_industrial_info_yc,chemical_addition_quantity_tons,character varying,药剂添加数量（吨）,工业园区环境监测数据表,candidate_safe,low,字段已有注释，无同名字段冲突，可安全纳入训练候选。
rs_industrial_info_yc,is_precision_aeration,character varying,是否精准曝气,工业园区环境监测数据表,candidate_safe,low,字段已有注释，无同名字段冲突，可安全纳入训练候选。
rs_industrial_info_yc,is_negotiated_pipe_access_standard,character varying,园区企业与污水处理厂是否协商制定纳管标准,工业园区环境监测数据表,candidate_safe,low,字段已有注释，无同名字段冲突，可安全纳入训练候选。
rs_industrial_info_yc,system_issues,text,系统上存在的问题,工业园区环境监测数据表,candidate_safe,low,字段已有注释，无同名字段冲突，可安全纳入训练候选。
rs_industrial_info_yc,rectification_status,text,整改情况,工业园区环境监测数据表,candidate_safe,low,字段已有注释，无同名字段冲突，可安全纳入训练候选。
rs_industrial_info_yc_bak0305,name_part,character varying,分园名称,,candidate_safe,low,字段已有注释，无同名字段冲突，可安全纳入训练候选。
rs_industrial_info_yc_bak0305,park_level,character,园区级别：0-未知、1-国家级、2-省级、3-市级,,candidate_safe,low,字段已有注释，无同名字段冲突，可安全纳入训练候选。
rs_industrial_info_yc_bak0305,lon,double precision,经度,,candidate_safe,low,字段已有注释，无同名字段冲突，可安全纳入训练候选。
rs_industrial_info_yc_bak0305,lat,double precision,纬度,,candidate_safe,low,字段已有注释，无同名字段冲突，可安全纳入训练候选。
rs_livestock_info_yc,name_old,character varying,曾用名,规模化畜禽养殖场-宜昌水环境,candidate_safe,low,字段已有注释，无同名字段冲突，可安全纳入训练候选。
rs_livestock_info_yc,representative,character varying,法定代表人,规模化畜禽养殖场-宜昌水环境,candidate_safe,low,字段已有注释，无同名字段冲突，可安全纳入训练候选。
rs_livestock_info_yc,community_code,character varying,普查小区代码,规模化畜禽养殖场-宜昌水环境,candidate_safe,low,字段已有注释，无同名字段冲突，可安全纳入训练候选。
rs_livestock_info_yc,year,character varying,年份,规模化畜禽养殖场-宜昌水环境,candidate_safe,low,字段已有注释，无同名字段冲突，可安全纳入训练候选。
rs_livestock_info_yc,organize_code,character varying,组织机构代码,规模化畜禽养殖场-宜昌水环境,candidate_safe,low,字段已有注释，无同名字段冲突，可安全纳入训练候选。
rs_livestock_info_yc,town,character varying,乡镇,规模化畜禽养殖场-宜昌水环境,candidate_safe,low,字段已有注释，无同名字段冲突，可安全纳入训练候选。
rs_livestock_info_yc,village,character varying,村、街、门牌号,规模化畜禽养殖场-宜昌水环境,candidate_safe,low,字段已有注释，无同名字段冲突，可安全纳入训练候选。
rs_livestock_info_yc,livestock_type,character varying,养殖类型,规模化畜禽养殖场-宜昌水环境,candidate_safe,low,字段已有注释，无同名字段冲突，可安全纳入训练候选。
rs_livestock_info_yc,clean_type,character varying,圈舍清理方式,规模化畜禽养殖场-宜昌水环境,candidate_safe,low,字段已有注释，无同名字段冲突，可安全纳入训练候选。
rs_livestock_info_yc,intake_type,character varying,圈舍通风方式,规模化畜禽养殖场-宜昌水环境,candidate_safe,low,字段已有注释，无同名字段冲突，可安全纳入训练候选。
rs_livestock_info_yc,water_store_type,character varying,原水存储设施类型,规模化畜禽养殖场-宜昌水环境,candidate_safe,low,字段已有注释，无同名字段冲突，可安全纳入训练候选。
rs_livestock_info_yc,water_store_outlet,character varying,原水存储设施池口方式,规模化畜禽养殖场-宜昌水环境,candidate_safe,low,字段已有注释，无同名字段冲突，可安全纳入训练候选。
rs_livestock_info_yc,water_store_area,double precision,原水存储设施池口面积（平方米）,规模化畜禽养殖场-宜昌水环境,candidate_safe,low,字段已有注释，无同名字段冲突，可安全纳入训练候选。
rs_livestock_info_yc,water_store_volume,double precision,原水存储设施池口体积（立方米）,规模化畜禽养殖场-宜昌水环境,candidate_safe,low,字段已有注释，无同名字段冲突，可安全纳入训练候选。
rs_livestock_info_yc,n_technique_1,character varying,尿液废水处理工艺,规模化畜禽养殖场-宜昌水环境,candidate_safe,low,字段已有注释，无同名字段冲突，可安全纳入训练候选。
rs_livestock_info_yc,n_technique_2,character varying,尿液废水处理工艺其他,规模化畜禽养殖场-宜昌水环境,candidate_safe,low,字段已有注释，无同名字段冲突，可安全纳入训练候选。
rs_livestock_info_yc,n_facility_1,character varying,尿液废水处理设施,规模化畜禽养殖场-宜昌水环境,candidate_safe,low,字段已有注释，无同名字段冲突，可安全纳入训练候选。
rs_livestock_info_yc,n_facility_2,character varying,尿液废水处理设施其他,规模化畜禽养殖场-宜昌水环境,candidate_safe,low,字段已有注释，无同名字段冲突，可安全纳入训练候选。
rs_livestock_info_yc,n_deal_use_scale,character varying,尿液废水处理利用方式及比例,规模化畜禽养殖场-宜昌水环境,candidate_safe,low,字段已有注释，无同名字段冲突，可安全纳入训练候选。
rs_livestock_info_yc,n_scale_1,double precision,尿液废水处理_肥水利用比例,规模化畜禽养殖场-宜昌水环境,candidate_safe,low,字段已有注释，无同名字段冲突，可安全纳入训练候选。
rs_livestock_info_yc,n_scale_2,double precision,尿液废水处理_沼液还田比例,规模化畜禽养殖场-宜昌水环境,candidate_safe,low,字段已有注释，无同名字段冲突，可安全纳入训练候选。
rs_livestock_info_yc,n_scale_3,double precision,尿液废水处理_场内生产液体有机肥比例,规模化畜禽养殖场-宜昌水环境,candidate_safe,low,字段已有注释，无同名字段冲突，可安全纳入训练候选。
rs_livestock_info_yc,n_scale_4,double precision,尿液废水处理_异位发酵床比例,规模化畜禽养殖场-宜昌水环境,candidate_safe,low,字段已有注释，无同名字段冲突，可安全纳入训练候选。
rs_livestock_info_yc,n_scale_5,double precision,尿液废水处理_鱼塘养殖比例,规模化畜禽养殖场-宜昌水环境,candidate_safe,low,字段已有注释，无同名字段冲突，可安全纳入训练候选。
rs_livestock_info_yc,n_scale_6,double precision,尿液废水处理_场区循环利用比例,规模化畜禽养殖场-宜昌水环境,candidate_safe,low,字段已有注释，无同名字段冲突，可安全纳入训练候选。
rs_livestock_info_yc,n_scale_7,double precision,尿液废水处理_委托处理比例,规模化畜禽养殖场-宜昌水环境,candidate_safe,low,字段已有注释，无同名字段冲突，可安全纳入训练候选。
rs_livestock_info_yc,n_scale_8,double precision,尿液废水处理_达标排放比例,规模化畜禽养殖场-宜昌水环境,candidate_safe,low,字段已有注释，无同名字段冲突，可安全纳入训练候选。
rs_livestock_info_yc,n_scale_9,double precision,尿液废水处理_直接排放比例,规模化畜禽养殖场-宜昌水环境,candidate_safe,low,字段已有注释，无同名字段冲突，可安全纳入训练候选。
rs_livestock_info_yc,n_scale_10,double precision,尿液废水处理_其他,规模化畜禽养殖场-宜昌水环境,candidate_safe,low,字段已有注释，无同名字段冲突，可安全纳入训练候选。
rs_livestock_info_yc,f_store_flag1,smallint,粪便存储设施是否防水,规模化畜禽养殖场-宜昌水环境,candidate_safe,low,字段已有注释，无同名字段冲突，可安全纳入训练候选。
rs_livestock_info_yc,f_store_flag2,smallint,粪便存储设施是否防渗,规模化畜禽养殖场-宜昌水环境,candidate_safe,low,字段已有注释，无同名字段冲突，可安全纳入训练候选。
rs_livestock_info_yc,f_store_volume,double precision,粪便存储设施容积_立方米,规模化畜禽养殖场-宜昌水环境,candidate_safe,low,字段已有注释，无同名字段冲突，可安全纳入训练候选。
rs_livestock_info_yc,f_technique_1,character varying,粪便处理工艺,规模化畜禽养殖场-宜昌水环境,candidate_safe,low,字段已有注释，无同名字段冲突，可安全纳入训练候选。
rs_livestock_info_yc,f_technique_2,character varying,粪便处理工艺其他,规模化畜禽养殖场-宜昌水环境,candidate_safe,low,字段已有注释，无同名字段冲突，可安全纳入训练候选。
rs_livestock_info_yc,f_deal_use_scale,character varying,粪便处理利用方式及比例,规模化畜禽养殖场-宜昌水环境,candidate_safe,low,字段已有注释，无同名字段冲突，可安全纳入训练候选。
rs_livestock_info_yc,f_scale_1,double precision,粪便处理利用_农家肥比例,规模化畜禽养殖场-宜昌水环境,candidate_safe,low,字段已有注释，无同名字段冲突，可安全纳入训练候选。
rs_livestock_info_yc,f_scale_2,double precision,粪便处理利用_场内生产有机肥比例,规模化畜禽养殖场-宜昌水环境,candidate_safe,low,字段已有注释，无同名字段冲突，可安全纳入训练候选。
rs_livestock_info_yc,f_scale_3,double precision,粪便处理利用_沼泽还田比例,规模化畜禽养殖场-宜昌水环境,candidate_safe,low,字段已有注释，无同名字段冲突，可安全纳入训练候选。
rs_livestock_info_yc,f_scale_4,double precision,粪便处理利用_生产牛床垫料比例,规模化畜禽养殖场-宜昌水环境,candidate_safe,low,字段已有注释，无同名字段冲突，可安全纳入训练候选。
rs_livestock_info_yc,f_scale_5,double precision,粪便处理利用_作为栽培基质比例,规模化畜禽养殖场-宜昌水环境,candidate_safe,low,字段已有注释，无同名字段冲突，可安全纳入训练候选。
rs_livestock_info_yc,f_scale_6,double precision,粪便处理利用_作为燃料比例,规模化畜禽养殖场-宜昌水环境,candidate_safe,low,字段已有注释，无同名字段冲突，可安全纳入训练候选。
rs_livestock_info_yc,f_scale_7,double precision,粪便处理利用_鱼塘养殖比例,规模化畜禽养殖场-宜昌水环境,candidate_safe,low,字段已有注释，无同名字段冲突，可安全纳入训练候选。
rs_livestock_info_yc,f_scale_8,double precision,粪便处理利用_委托处理比例,规模化畜禽养殖场-宜昌水环境,candidate_safe,low,字段已有注释，无同名字段冲突，可安全纳入训练候选。
rs_livestock_info_yc,f_scale_9,double precision,粪便处理利用_场外丢弃比例,规模化畜禽养殖场-宜昌水环境,candidate_safe,low,字段已有注释，无同名字段冲突，可安全纳入训练候选。
rs_livestock_info_yc,f_scale_10,double precision,粪便处理利用_其他方式,规模化畜禽养殖场-宜昌水环境,candidate_safe,low,字段已有注释，无同名字段冲突，可安全纳入训练候选。
rs_livestock_info_yc,water_name,character varying,受纳水体名称,规模化畜禽养殖场-宜昌水环境,candidate_safe,low,字段已有注释，无同名字段冲突，可安全纳入训练候选。
rs_livestock_info_yc,water_code,character varying,受纳水体代码,规模化畜禽养殖场-宜昌水环境,candidate_safe,low,字段已有注释，无同名字段冲突，可安全纳入训练候选。
rs_livestock_info_yc,glbh_flag,smallint,养殖场是否有锅炉,规模化畜禽养殖场-宜昌水环境,candidate_safe,low,字段已有注释，无同名字段冲突，可安全纳入训练候选。
rs_livestock_info_yc,fzr,character varying,单位负责人,规模化畜禽养殖场-宜昌水环境,candidate_safe,low,字段已有注释，无同名字段冲突，可安全纳入训练候选。
rs_livestock_info_yc,tjr,character varying,统计负责人,规模化畜禽养殖场-宜昌水环境,candidate_safe,low,字段已有注释，无同名字段冲突，可安全纳入训练候选。
rs_livestock_info_yc,shr,character varying,审核人,规模化畜禽养殖场-宜昌水环境,candidate_safe,low,字段已有注释，无同名字段冲突，可安全纳入训练候选。
rs_livestock_info_yc,bcrq,timestamp without time zone,报出日期,规模化畜禽养殖场-宜昌水环境,candidate_safe,low,字段已有注释，无同名字段冲突，可安全纳入训练候选。
rs_livestock_info_yc,lon,double precision,经度,规模化畜禽养殖场-宜昌水环境,candidate_safe,low,字段已有注释，无同名字段冲突，可安全纳入训练候选。
rs_livestock_info_yc,lat,double precision,纬度,规模化畜禽养殖场-宜昌水环境,candidate_safe,low,字段已有注释，无同名字段冲突，可安全纳入训练候选。
rs_outlet,area_code,character varying,行政区代码,排污口信息表,candidate_safe,low,字段已有注释，无同名字段冲突，可安全纳入训练候选。
rs_outlet,area_name,character varying,行政区名称：乡镇（街道）,排污口信息表,candidate_safe,low,字段已有注释，无同名字段冲突，可安全纳入训练候选。
rs_outlet,county_name,character varying,县(区)名称,排污口信息表,candidate_safe,low,字段已有注释，无同名字段冲突，可安全纳入训练候选。
rs_outlet,outlet_code,character varying,排污口编码：国家级,排污口信息表,candidate_safe,low,字段已有注释，无同名字段冲突，可安全纳入训练候选。
rs_outlet,outlet_name,character varying,排污口名称,排污口信息表,candidate_safe,low,字段已有注释，无同名字段冲突，可安全纳入训练候选。
rs_outlet,river_basin,character varying,流域名称,排污口信息表,candidate_safe,low,字段已有注释，无同名字段冲突，可安全纳入训练候选。
rs_outlet,outlet_address,character varying,排污口地址,排污口信息表,candidate_safe,low,字段已有注释，无同名字段冲突，可安全纳入训练候选。
rs_outlet,outlet_lon,double precision,排污口经度,排污口信息表,candidate_safe,low,字段已有注释，无同名字段冲突，可安全纳入训练候选。
rs_outlet,outlet_lat,double precision,排污口纬度,排污口信息表,candidate_safe,low,字段已有注释，无同名字段冲突，可安全纳入训练候选。
rs_outlet,catalog_level_1,character varying,排污口分类-一级分类,排污口信息表,candidate_safe,low,字段已有注释，无同名字段冲突，可安全纳入训练候选。
rs_outlet,catalog_level_2,character varying,排污口分类-二级分类,排污口信息表,candidate_safe,low,字段已有注释，无同名字段冲突，可安全纳入训练候选。
rs_outlet,catalog_level_3,character varying,排污口分类-三级分类,排污口信息表,candidate_safe,low,字段已有注释，无同名字段冲突，可安全纳入训练候选。
rs_outlet,river_system,character varying,所属水系,排污口信息表,candidate_safe,low,字段已有注释，无同名字段冲突，可安全纳入训练候选。
rs_outlet,outlet_owner_river,character varying,排出口归属水系,排污口信息表,candidate_safe,low,字段已有注释，无同名字段冲突，可安全纳入训练候选。
rs_outlet,is_flow_lake,character,是否入湖河流,排污口信息表,candidate_safe,low,字段已有注释，无同名字段冲突，可安全纳入训练候选。
rs_outlet,lake_name,character varying,湖泊名称,排污口信息表,candidate_safe,low,字段已有注释，无同名字段冲突，可安全纳入训练候选。
rs_outlet,is_key_river,character,是否为重点河湖,排污口信息表,candidate_safe,low,字段已有注释，无同名字段冲突，可安全纳入训练候选。
rs_outlet,is_water_function,character,是否位于水功能区,排污口信息表,candidate_safe,low,字段已有注释，无同名字段冲突，可安全纳入训练候选。
rs_outlet,water_function_level1,character varying,一级水功能区名称,排污口信息表,candidate_safe,low,字段已有注释，无同名字段冲突，可安全纳入训练候选。
rs_outlet,water_quality_target1,character varying,水功能区水质目标,排污口信息表,candidate_safe,low,字段已有注释，无同名字段冲突，可安全纳入训练候选。
rs_outlet,water_function_level2,character varying,二级水功能区名称,排污口信息表,candidate_safe,low,字段已有注释，无同名字段冲突，可安全纳入训练候选。
rs_outlet,water_quality_target2,character varying,二级水功能区水质目标,排污口信息表,candidate_safe,low,字段已有注释，无同名字段冲突，可安全纳入训练候选。
rs_outlet,is_water_environment,character,是否位于水环境功能区,排污口信息表,candidate_safe,low,字段已有注释，无同名字段冲突，可安全纳入训练候选。
rs_outlet,water_enviroment_function,character varying,水环境功能区名称,排污口信息表,candidate_safe,low,字段已有注释，无同名字段冲突，可安全纳入训练候选。
rs_outlet,water_enviroment_target,character varying,水环境功能区目标,排污口信息表,candidate_safe,low,字段已有注释，无同名字段冲突，可安全纳入训练候选。
rs_outlet,country_section_name,character varying,国控断面名称,排污口信息表,candidate_safe,low,字段已有注释，无同名字段冲突，可安全纳入训练候选。
rs_outlet,province_section_name,character varying,省控断面名称,排污口信息表,candidate_safe,low,字段已有注释，无同名字段冲突，可安全纳入训练候选。
rs_outlet,city_section_name,character varying,市控断面名称,排污口信息表,candidate_safe,low,字段已有注释，无同名字段冲突，可安全纳入训练候选。
rs_outlet,river_info,character varying,河长信息,排污口信息表,candidate_safe,low,字段已有注释，无同名字段冲突，可安全纳入训练候选。
rs_outlet,outlet_shape,character varying,口门形态（明渠、管道、泵站、涵闸、闸泵联用、箱涵、潜没、其他，单选）,排污口信息表,candidate_safe,low,字段已有注释，无同名字段冲突，可安全纳入训练候选。
rs_outlet,drain_feature,character varying,排水特征（排水、无水、有死水、闸断、不确定，单选）,排污口信息表,candidate_safe,low,字段已有注释，无同名字段冲突，可安全纳入训练候选。
rs_outlet,is_drain_abnormal,character,有无异常状况（有、无）,排污口信息表,candidate_safe,low,字段已有注释，无同名字段冲突，可安全纳入训练候选。
rs_outlet,drain_abnormal_desc,character varying,异常状况说明,排污口信息表,candidate_safe,low,字段已有注释，无同名字段冲突，可安全纳入训练候选。
rs_outlet,is_monitor_sample,character,是否监测采样,排污口信息表,candidate_safe,low,字段已有注释，无同名字段冲突，可安全纳入训练候选。
rs_outlet,primary_obligor,character varying,主要责任主体名称,排污口信息表,candidate_safe,low,字段已有注释，无同名字段冲突，可安全纳入训练候选。
rs_outlet,primary_obligor_address,character varying,主要责任体详细地址,排污口信息表,candidate_safe,low,字段已有注释，无同名字段冲突，可安全纳入训练候选。
rs_outlet,other_obligor,character varying,其他责任主体名称（多个用英文逗号拼接）,排污口信息表,candidate_safe,low,字段已有注释，无同名字段冲突，可安全纳入训练候选。
rs_outlet,primary_obligor_lon,double precision,主要责任体经度,排污口信息表,candidate_safe,low,字段已有注释，无同名字段冲突，可安全纳入训练候选。
rs_outlet,primary_obligor_lat,double precision,主要责任体纬度,排污口信息表,candidate_safe,low,字段已有注释，无同名字段冲突，可安全纳入训练候选。
rs_outlet,primary_obligor_contact,character varying,主要责任主体联系人,排污口信息表,candidate_safe,low,字段已有注释，无同名字段冲突，可安全纳入训练候选。
rs_outlet,primary_obligor_phone,character varying,主要责任主体联系方式,排污口信息表,candidate_safe,low,字段已有注释，无同名字段冲突，可安全纳入训练候选。
rs_outlet,is_drain_toxic,character,是否排放有毒有害污染物,排污口信息表,candidate_safe,low,字段已有注释，无同名字段冲突，可安全纳入训练候选。
rs_outlet,is_large,character varying,是否为规模以上排口,排污口信息表,candidate_safe,low,字段已有注释，无同名字段冲突，可安全纳入训练候选。
rs_outlet,handle_type,character varying,整治类型（依法取缔、清理合并、规范整治、无需整治，单选）,排污口信息表,candidate_safe,low,字段已有注释，无同名字段冲突，可安全纳入训练候选。
rs_outlet,is_finish_standard,character,是否完成规范化建设：是、否,排污口信息表,candidate_safe,low,字段已有注释，无同名字段冲突，可安全纳入训练候选。
rs_outlet,standard_content,character varying,规范化建设内容,排污口信息表,candidate_safe,low,字段已有注释，无同名字段冲突，可安全纳入训练候选。
rs_outlet,repair_judge_criteria,character varying,完成整治判定条件,排污口信息表,candidate_safe,low,字段已有注释，无同名字段冲突，可安全纳入训练候选。
rs_outlet,exist_problem,character varying,排污口存在的问题,排污口信息表,candidate_safe,low,字段已有注释，无同名字段冲突，可安全纳入训练候选。
rs_outlet,other_problem,character varying,其他问题描述,排污口信息表,candidate_safe,low,字段已有注释，无同名字段冲突，可安全纳入训练候选。
rs_outlet,specific_requirement,character varying,具体情形和技术要求,排污口信息表,candidate_safe,low,字段已有注释，无同名字段冲突，可安全纳入训练候选。
rs_outlet,handle_method,character varying,整治措施（多选用英文逗号分隔）,排污口信息表,candidate_safe,low,字段已有注释，无同名字段冲突，可安全纳入训练候选。
rs_outlet,finish_date,timestamp without time zone,完成时限,排污口信息表,candidate_safe,low,字段已有注释，无同名字段冲突，可安全纳入训练候选。
rs_outlet,handle_stage,character varying,整治阶段（选项为：未整治、整治中、完成整治）,排污口信息表,candidate_safe,low,字段已有注释，无同名字段冲突，可安全纳入训练候选。
rs_outlet,handle_result,character varying,整治成效,排污口信息表,candidate_safe,low,字段已有注释，无同名字段冲突，可安全纳入训练候选。
rs_outlet,approve_advice,character varying,审批意见,排污口信息表,candidate_safe,low,字段已有注释，无同名字段冲突，可安全纳入训练候选。
rs_outlet,approve_node,character varying,审批标记,排污口信息表,candidate_safe,low,字段已有注释，无同名字段冲突，可安全纳入训练候选。
rs_outlet,is_quick_detect,character varying,水质快速检测-是否具备采样条件,排污口信息表,candidate_safe,low,字段已有注释，无同名字段冲突，可安全纳入训练候选。
rs_outlet,other_sewage_type,character varying,其他污水类型,排污口信息表,candidate_safe,low,字段已有注释，无同名字段冲突，可安全纳入训练候选。
rs_outlet,drain_standard,character varying,排放标准（国家或地方发布的行业标准）,排污口信息表,candidate_safe,low,字段已有注释，无同名字段冲突，可安全纳入训练候选。
rs_outlet,approve_status,character varying,审批登记情况（已审批、已登记、未审批、未登记）,排污口信息表,candidate_safe,low,字段已有注释，无同名字段冲突，可安全纳入训练候选。
rs_outlet,quick_detect_ph,character varying,水质快速检测-pH值,排污口信息表,candidate_safe,low,字段已有注释，无同名字段冲突，可安全纳入训练候选。
rs_outlet,quick_detect_cod,character varying,水质快速检测-COD（mg/L）,排污口信息表,candidate_safe,low,字段已有注释，无同名字段冲突，可安全纳入训练候选。
rs_outlet,quick_detect_ad,character varying,水质快速检测-氨氮（mg/L）,排污口信息表,candidate_safe,low,字段已有注释，无同名字段冲突，可安全纳入训练候选。
rs_outlet,quick_detect_zl,character varying,水质快速检测-总磷（mg/L）,排污口信息表,candidate_safe,low,字段已有注释，无同名字段冲突，可安全纳入训练候选。
rs_outlet,quick_detect_sl,character varying,水质快速检测-流量(m^3/D),排污口信息表,candidate_safe,low,字段已有注释，无同名字段冲突，可安全纳入训练候选。
rs_outlet,monitor_sample_date,character varying,采样时间（yyyy-MM-dd）,排污口信息表,candidate_safe,low,字段已有注释，无同名字段冲突，可安全纳入训练候选。
rs_outlet,monitor_sample_sl,character varying,实验室监测-流量(m^3/D),排污口信息表,candidate_safe,low,字段已有注释，无同名字段冲突，可安全纳入训练候选。
rs_outlet,monitor_sample_sw,character varying,实验室监测-水温（℃）,排污口信息表,candidate_safe,low,字段已有注释，无同名字段冲突，可安全纳入训练候选。
rs_outlet,monitor_sample_bod,character varying,实验室监测-BOD,排污口信息表,candidate_safe,low,字段已有注释，无同名字段冲突，可安全纳入训练候选。
rs_outlet,monitor_sample_hff,character varying,实验室监测-挥发酚,排污口信息表,candidate_safe,low,字段已有注释，无同名字段冲突，可安全纳入训练候选。
rs_outlet,monitor_sample_ph,character varying,实验室监测-pH值,排污口信息表,candidate_safe,low,字段已有注释，无同名字段冲突，可安全纳入训练候选。
rs_outlet,monitor_sample_cod,character varying,实验室监测-COD值,排污口信息表,candidate_safe,low,字段已有注释，无同名字段冲突，可安全纳入训练候选。
rs_outlet,monitor_sample_ad,character varying,实验室监测-氨氮（mg/L）,排污口信息表,candidate_safe,low,字段已有注释，无同名字段冲突，可安全纳入训练候选。
rs_outlet,monitor_sample_zl,character varying,实验室监测-总磷（mg/L）,排污口信息表,candidate_safe,low,字段已有注释，无同名字段冲突，可安全纳入训练候选。
rs_outlet,monitor_sample_zd,character varying,实验室监测-总氮(mg/L),排污口信息表,candidate_safe,low,字段已有注释，无同名字段冲突，可安全纳入训练候选。
rs_outlet,photo_close_path,character varying,排污口近景照片,排污口信息表,candidate_safe,low,字段已有注释，无同名字段冲突，可安全纳入训练候选。
rs_outlet,photo_distant_path,character varying,排污口远景照片,排污口信息表,candidate_safe,low,字段已有注释，无同名字段冲突，可安全纳入训练候选。
rs_outlet,photo_main_path,character varying,责任主体照片,排污口信息表,candidate_safe,low,字段已有注释，无同名字段冲突，可安全纳入训练候选。
rs_outlet,photo_handle_finish_path,character varying,整治完成后的照片,排污口信息表,candidate_safe,low,字段已有注释，无同名字段冲突，可安全纳入训练候选。
rs_outlet,outlet_code_province,character varying,排污口编码：省级,排污口信息表,candidate_safe,low,字段已有注释，无同名字段冲突，可安全纳入训练候选。
rs_outlet,waterbody_manager_level,character varying,水体管理级别,排污口信息表,candidate_safe,low,字段已有注释，无同名字段冲突，可安全纳入训练候选。
rs_outlet,waterbody_name_in,character varying,受纳水体名称,排污口信息表,candidate_safe,low,字段已有注释，无同名字段冲突，可安全纳入训练候选。
rs_outlet,key_river_name_province,character varying,省级重点河湖名称,排污口信息表,candidate_safe,low,字段已有注释，无同名字段冲突，可安全纳入训练候选。
rs_outlet,drain_abnormal_other,character varying,其他状况,排污口信息表,candidate_safe,low,字段已有注释，无同名字段冲突，可安全纳入训练候选。
rs_outlet,primary_obligor_code,character varying,主要责任主体排污许可证号或排污登记号,排污口信息表,candidate_safe,low,字段已有注释，无同名字段冲突，可安全纳入训练候选。
rs_outlet,unified_credit_code,character varying,统一信用代码,排污口信息表,candidate_safe,low,字段已有注释，无同名字段冲突，可安全纳入训练候选。
rs_outlet,pollutant_name,character varying,污染物（多个用英文逗号拼接）,排污口信息表,candidate_safe,low,字段已有注释，无同名字段冲突，可安全纳入训练候选。
rs_outlet,pollutant_density,character varying,污染物浓度（污染物对应浓度，多个用英文逗号拼接）,排污口信息表,candidate_safe,low,字段已有注释，无同名字段冲突，可安全纳入训练候选。
rs_outlet,sewage_emission,character varying,年污水排放量(t)（污染物对应排放量，多个用英文逗号拼接）,排污口信息表,candidate_safe,low,字段已有注释，无同名字段冲突，可安全纳入训练候选。
rs_outlet,pollutant_emission,character varying,年污染物排放总量(t)（污染物对应排放量，多个用英文逗号拼接）,排污口信息表,candidate_safe,low,字段已有注释，无同名字段冲突，可安全纳入训练候选。
rs_outlet,handle_result_condition,character,是否已满足整治总则中完成整治的判定条件,排污口信息表,candidate_safe,low,字段已有注释，无同名字段冲突，可安全纳入训练候选。
rs_outlet,monitor_sample_type,character varying,采样类型,排污口信息表,candidate_safe,low,字段已有注释，无同名字段冲突，可安全纳入训练候选。
rs_outlet,monitor_sample_mark,character varying,采样备注,排污口信息表,candidate_safe,low,字段已有注释，无同名字段冲突，可安全纳入训练候选。
rs_outlet,has_sample_condition,character,是否具备采样条件（默认无）,排污口信息表,candidate_safe,low,字段已有注释，无同名字段冲突，可安全纳入训练候选。
rs_outlet,primary_table_id,character varying,主表ID,排污口信息表,candidate_safe,low,字段已有注释，无同名字段冲突，可安全纳入训练候选。
rs_outlet,sfzdjg,character varying,是否重点监管排污口,排污口信息表,candidate_safe,low,字段已有注释，无同名字段冲突，可安全纳入训练候选。
rs_outlet_info_v2,outlet_code_national,character varying,排污口编码(国家统一赋码),排污口管理,candidate_safe,low,字段已有注释，无同名字段冲突，可安全纳入训练候选。
rs_outlet_info_v2,outlet_code_local,character varying,排污口编码(省市系统自有编码),排污口管理,candidate_safe,low,字段已有注释，无同名字段冲突，可安全纳入训练候选。
rs_outlet_info_v2,is_key_river_outlet,character varying,是否为重点河湖排污口,排污口管理,candidate_safe,low,字段已有注释，无同名字段冲突，可安全纳入训练候选。
rs_outlet_info_v2,river_system,character varying,所属水系,排污口管理,candidate_safe,low,字段已有注释，无同名字段冲突，可安全纳入训练候选。
rs_outlet_info_v2,province_city_district,character varying,省市区县,排污口管理,candidate_safe,low,字段已有注释，无同名字段冲突，可安全纳入训练候选。
rs_outlet_info_v2,outlet_name,character varying,排污口名称,排污口管理,candidate_safe,low,字段已有注释，无同名字段冲突，可安全纳入训练候选。
rs_outlet_info_v2,watershed_name,character varying,流域名称,排污口管理,candidate_safe,low,字段已有注释，无同名字段冲突，可安全纳入训练候选。
rs_outlet_info_v2,outlet_category,character varying,排污口分类,排污口管理,candidate_safe,low,字段已有注释，无同名字段冲突，可安全纳入训练候选。
rs_outlet_info_v2,is_lake_inflow,character varying,是否为入湖河流,排污口管理,candidate_safe,low,字段已有注释，无同名字段冲突，可安全纳入训练候选。
rs_outlet_info_v2,is_water_func_zone,character varying,是否位于水功能区,排污口管理,candidate_safe,low,字段已有注释，无同名字段冲突，可安全纳入训练候选。
rs_outlet_info_v2,level1_water_func_zone,character varying,一级水功能区名称,排污口管理,candidate_safe,low,字段已有注释，无同名字段冲突，可安全纳入训练候选。
rs_outlet_info_v2,level1_water_quality_target,character varying,一级水功能区水质目标,排污口管理,candidate_safe,low,字段已有注释，无同名字段冲突，可安全纳入训练候选。
rs_outlet_info_v2,level2_water_func_zone,character varying,二级水功能区名称,排污口管理,candidate_safe,low,字段已有注释，无同名字段冲突，可安全纳入训练候选。
rs_outlet_info_v2,level2_water_quality_target,character varying,二级水功能区水质目标,排污口管理,candidate_safe,low,字段已有注释，无同名字段冲突，可安全纳入训练候选。
rs_outlet_info_v2,is_water_env_func_zone,character varying,是否位于水环境功能区,排污口管理,candidate_safe,low,字段已有注释，无同名字段冲突，可安全纳入训练候选。
rs_outlet_info_v2,water_env_func_zone_name,character varying,水环境功能区名称,排污口管理,candidate_safe,low,字段已有注释，无同名字段冲突，可安全纳入训练候选。
rs_outlet_info_v2,water_env_func_zone_target,character varying,水环境功能区目标,排污口管理,candidate_safe,low,字段已有注释，无同名字段冲突，可安全纳入训练候选。
rs_outlet_info_v2,national_section_name,character varying,国控断面名称,排污口管理,candidate_safe,low,字段已有注释，无同名字段冲突，可安全纳入训练候选。
rs_outlet_info_v2,provincial_section_name,character varying,省控断面名称,排污口管理,candidate_safe,low,字段已有注释，无同名字段冲突，可安全纳入训练候选。
rs_outlet_info_v2,municipal_section_name,character varying,市控断面名称,排污口管理,candidate_safe,low,字段已有注释，无同名字段冲突，可安全纳入训练候选。
rs_outlet_info_v2,river_chief_info,character varying,河长信息,排污口管理,candidate_safe,low,字段已有注释，无同名字段冲突，可安全纳入训练候选。
rs_outlet_live_v2,gate_morphology,character varying,口门形态,排污口实况,candidate_safe,low,字段已有注释，无同名字段冲突，可安全纳入训练候选。
rs_outlet_live_v2,drainage_feature,character varying,排水特征,排污口实况,candidate_safe,low,字段已有注释，无同名字段冲突，可安全纳入训练候选。
rs_outlet_live_v2,has_abnormal,character varying,有无异常状况,排污口实况,candidate_safe,low,字段已有注释，无同名字段冲突，可安全纳入训练候选。
rs_outlet_live_v2,has_online_monitor,character varying,是否实现在线监测,排污口实况,candidate_safe,low,字段已有注释，无同名字段冲突，可安全纳入训练候选。
rs_outlet_live_v2,has_sampling_condition,character varying,是否具备采样条件,排污口实况,candidate_safe,low,字段已有注释，无同名字段冲突，可安全纳入训练候选。
rs_outlet_live_v2,outlet_name,character varying,排污口名称,排污口实况,candidate_safe,low,字段已有注释，无同名字段冲突，可安全纳入训练候选。
rs_outlet_monitor_v2,sampling_time,timestamp without time zone,采样时间,排污口监测,candidate_safe,low,字段已有注释，无同名字段冲突，可安全纳入训练候选。
rs_outlet_monitor_v2,monitor_type,character varying,监测类型,排污口监测,candidate_safe,low,字段已有注释，无同名字段冲突，可安全纳入训练候选。
rs_outlet_monitor_v2,flow,numeric,流量(立方米/天),排污口监测,candidate_safe,low,字段已有注释，无同名字段冲突，可安全纳入训练候选。
rs_outlet_monitor_v2,water_temp,numeric,水温(℃),排污口监测,candidate_safe,low,字段已有注释，无同名字段冲突，可安全纳入训练候选。
rs_outlet_monitor_v2,bod,numeric,BOD(mg/L),排污口监测,candidate_safe,low,字段已有注释，无同名字段冲突，可安全纳入训练候选。
rs_outlet_monitor_v2,cod,numeric,COD(mg/L),排污口监测,candidate_safe,low,字段已有注释，无同名字段冲突，可安全纳入训练候选。
rs_outlet_monitor_v2,ph,numeric,pH,排污口监测,candidate_safe,low,字段已有注释，无同名字段冲突，可安全纳入训练候选。
rs_outlet_monitor_v2,ammonia_nitrogen,numeric,氨氮(mg/L),排污口监测,candidate_safe,low,字段已有注释，无同名字段冲突，可安全纳入训练候选。
rs_outlet_monitor_v2,total_phosphorus,numeric,总磷(mg/L),排污口监测,candidate_safe,low,字段已有注释，无同名字段冲突，可安全纳入训练候选。
rs_outlet_monitor_v2,total_nitrogen,numeric,总氮(mg/L),排污口监测,candidate_safe,low,字段已有注释，无同名字段冲突，可安全纳入训练候选。
rs_outlet_monitor_v2,outlet_name,character varying,排污口名称,排污口监测,candidate_safe,low,字段已有注释，无同名字段冲突，可安全纳入训练候选。
rs_outlet_remediation_v2,is_remediated,character varying,是否完成整治,排污口整治,candidate_safe,low,字段已有注释，无同名字段冲突，可安全纳入训练候选。
rs_outlet_remediation_v2,remediation_type,character varying,整治类型,排污口整治,candidate_safe,low,字段已有注释，无同名字段冲突，可安全纳入训练候选。
rs_outlet_remediation_v2,remediation_video,character varying,整治视频,排污口整治,candidate_safe,low,字段已有注释，无同名字段冲突，可安全纳入训练候选。
rs_outlet_remediation_v2,supporting_docs,character varying,证明材料,排污口整治,candidate_safe,low,字段已有注释，无同名字段冲突，可安全纳入训练候选。
rs_outlet_remediation_v2,is_standardized,character varying,是否完成规范化建设,排污口整治,candidate_safe,low,字段已有注释，无同名字段冲突，可安全纳入训练候选。
rs_outlet_remediation_v2,standardization_content,character varying,规范化建设内容,排污口整治,candidate_safe,low,字段已有注释，无同名字段冲突，可安全纳入训练候选。
rs_outlet_remediation_v2,outlet_name,character varying,排污口名称,排污口整治,candidate_safe,low,字段已有注释，无同名字段冲突，可安全纳入训练候选。
rs_outlet_trace_v2,primary_entity_name,character varying,主要责任主体名称,排污口溯源,candidate_safe,low,字段已有注释，无同名字段冲突，可安全纳入训练候选。
rs_outlet_trace_v2,other_entity_name,character varying,其他责任主体名称,排污口溯源,candidate_safe,low,字段已有注释，无同名字段冲突，可安全纳入训练候选。
rs_outlet_trace_v2,primary_contact,character varying,主要责任主体联系人,排污口溯源,candidate_safe,low,字段已有注释，无同名字段冲突，可安全纳入训练候选。
rs_outlet_trace_v2,primary_phone,character varying,主要责任主体联系电话,排污口溯源,candidate_safe,low,字段已有注释，无同名字段冲突，可安全纳入训练候选。
rs_outlet_trace_v2,discharge_permit_no,character varying,排污许可证号或排污登记号,排污口溯源,candidate_safe,low,字段已有注释，无同名字段冲突，可安全纳入训练候选。
rs_outlet_trace_v2,has_toxic_pollutant,character varying,是否排放有毒有害污染物,排污口溯源,candidate_safe,low,字段已有注释，无同名字段冲突，可安全纳入训练候选。
rs_outlet_trace_v2,wastewater_type,character varying,污水类型,排污口溯源,candidate_safe,low,字段已有注释，无同名字段冲突，可安全纳入训练候选。
rs_outlet_trace_v2,other_wastewater_type,character varying,其他污水类型,排污口溯源,candidate_safe,low,字段已有注释，无同名字段冲突，可安全纳入训练候选。
rs_outlet_trace_v2,is_above_scale,character varying,是否为规模以上排污口,排污口溯源,candidate_safe,low,字段已有注释，无同名字段冲突，可安全纳入训练候选。
rs_outlet_trace_v2,approval_status,character varying,审批登记情况,排污口溯源,candidate_safe,low,字段已有注释，无同名字段冲突，可安全纳入训练候选。
rs_outlet_trace_v2,pollutant_info,text,污染物及排放量(JSON),排污口溯源,candidate_safe,low,字段已有注释，无同名字段冲突，可安全纳入训练候选。
rs_outlet_trace_v2,outlet_name,character varying,排污口名称,排污口溯源,candidate_safe,low,字段已有注释，无同名字段冲突，可安全纳入训练候选。
rs_pollutant_enterprise,wrybh,character varying,污染源编号,污染源企业信息表：宜昌污染源在线平台企业信息,candidate_safe,low,字段已有注释，无同名字段冲突，可安全纳入训练候选。
rs_pollutant_enterprise,wrymc,character varying,污染源名称,污染源企业信息表：宜昌污染源在线平台企业信息,candidate_safe,low,字段已有注释，无同名字段冲突，可安全纳入训练候选。
rs_pollutant_enterprise,tyshxydm,character varying,统一社会信用代码,污染源企业信息表：宜昌污染源在线平台企业信息,candidate_safe,low,字段已有注释，无同名字段冲突，可安全纳入训练候选。
rs_pollutant_enterprise,zzjgdm,character varying,组织机构代码,污染源企业信息表：宜昌污染源在线平台企业信息,candidate_safe,low,字段已有注释，无同名字段冲突，可安全纳入训练候选。
rs_pollutant_enterprise,pwxkzbh,character varying,排污许可证编号,污染源企业信息表：宜昌污染源在线平台企业信息,candidate_safe,low,字段已有注释，无同名字段冲突，可安全纳入训练候选。
rs_pollutant_enterprise,frmc,character varying,法人名称,污染源企业信息表：宜昌污染源在线平台企业信息,candidate_safe,low,字段已有注释，无同名字段冲突，可安全纳入训练候选。
rs_pollutant_enterprise,lxdh,character varying,联系电话,污染源企业信息表：宜昌污染源在线平台企业信息,candidate_safe,low,字段已有注释，无同名字段冲突，可安全纳入训练候选。
rs_pollutant_enterprise,zcdz,character varying,注册地址,污染源企业信息表：宜昌污染源在线平台企业信息,candidate_safe,low,字段已有注释，无同名字段冲突，可安全纳入训练候选。
rs_pollutant_enterprise,jycsdz,character varying,经营场所地址,污染源企业信息表：宜昌污染源在线平台企业信息,candidate_safe,low,字段已有注释，无同名字段冲突，可安全纳入训练候选。
rs_pollutant_enterprise,jd,double precision,经度,污染源企业信息表：宜昌污染源在线平台企业信息,candidate_safe,low,字段已有注释，无同名字段冲突，可安全纳入训练候选。
rs_pollutant_enterprise,wd,double precision,纬度,污染源企业信息表：宜昌污染源在线平台企业信息,candidate_safe,low,字段已有注释，无同名字段冲突，可安全纳入训练候选。
rs_pollutant_enterprise,hblxr,character varying,环保联系人,污染源企业信息表：宜昌污染源在线平台企业信息,candidate_safe,low,字段已有注释，无同名字段冲突，可安全纳入训练候选。
rs_pollutant_enterprise,hbrlxdh,character varying,环保联系人电话,污染源企业信息表：宜昌污染源在线平台企业信息,candidate_safe,low,字段已有注释，无同名字段冲突，可安全纳入训练候选。
rs_pollutant_enterprise,hymc,character varying,行业名称,污染源企业信息表：宜昌污染源在线平台企业信息,candidate_safe,low,字段已有注释，无同名字段冲突，可安全纳入训练候选。
rs_pollutant_enterprise,zdlxmc,character varying,重点污染源类型名称,污染源企业信息表：宜昌污染源在线平台企业信息,candidate_safe,low,字段已有注释，无同名字段冲突，可安全纳入训练候选。
rs_pollutant_enterprise,ywgs,character varying,运维公司,污染源企业信息表：宜昌污染源在线平台企业信息,candidate_safe,low,字段已有注释，无同名字段冲突，可安全纳入训练候选。
rs_pollutant_enterprise,ssqxmc,character varying,区县名称,污染源企业信息表：宜昌污染源在线平台企业信息,candidate_safe,low,字段已有注释，无同名字段冲突，可安全纳入训练候选。
rs_pollutant_info,jcdbh,character varying,监测点编号,企业污染源排口信息表：宜昌污染源在线平台,candidate_safe,low,字段已有注释，无同名字段冲突，可安全纳入训练候选。
rs_pollutant_info,jcdmc,character varying,监测点名称,企业污染源排口信息表：宜昌污染源在线平台,candidate_safe,low,字段已有注释，无同名字段冲突，可安全纳入训练候选。
rs_pollutant_info,wrybh,character varying,污染源编号,企业污染源排口信息表：宜昌污染源在线平台,candidate_safe,low,字段已有注释，无同名字段冲突，可安全纳入训练候选。
rs_pollutant_info,pwkwz,character varying,排放口位置,企业污染源排口信息表：宜昌污染源在线平台,candidate_safe,low,字段已有注释，无同名字段冲突，可安全纳入训练候选。
rs_pollutant_info,sfjsk,character varying,是否进水口（0：否；1：是）,企业污染源排口信息表：宜昌污染源在线平台,candidate_safe,low,字段已有注释，无同名字段冲突，可安全纳入训练候选。
rs_pollutant_info,sfzs,character,是否烧结等无需折算（0：否；1：是）,企业污染源排口信息表：宜昌污染源在线平台,candidate_safe,low,字段已有注释，无同名字段冲突，可安全纳入训练候选。
rs_pollutant_info,zsxs,character varying,折算系数,企业污染源排口信息表：宜昌污染源在线平台,candidate_safe,low,字段已有注释，无同名字段冲突，可安全纳入训练候选。
rs_pollutant_info,jd,double precision,经度,企业污染源排口信息表：宜昌污染源在线平台,candidate_safe,low,字段已有注释，无同名字段冲突，可安全纳入训练候选。
rs_pollutant_info,wd,double precision,纬度,企业污染源排口信息表：宜昌污染源在线平台,candidate_safe,low,字段已有注释，无同名字段冲突，可安全纳入训练候选。
rs_pollutant_info,wrlx,character varying,污染类型：FS-废水、FQ-废气,企业污染源排口信息表：宜昌污染源在线平台,candidate_safe,low,字段已有注释，无同名字段冲突，可安全纳入训练候选。
rs_sewage_info_v2,admin_division,character varying,行政区划,污水处理厂档案管理及监测,candidate_safe,low,字段已有注释，无同名字段冲突，可安全纳入训练候选。
rs_sewage_info_v2,project_name,character varying,项目名称,污水处理厂档案管理及监测,candidate_safe,low,字段已有注释，无同名字段冲突，可安全纳入训练候选。
rs_sewage_info_v2,run_status,character varying,运行状态,污水处理厂档案管理及监测,candidate_safe,low,字段已有注释，无同名字段冲突，可安全纳入训练候选。
rs_sewage_info_v2,treatment_process,character varying,处理工艺,污水处理厂档案管理及监测,candidate_safe,low,字段已有注释，无同名字段冲突，可安全纳入训练候选。
rs_sewage_info_v2,project_location_lng,numeric,项目所在地经度,污水处理厂档案管理及监测,candidate_safe,low,字段已有注释，无同名字段冲突，可安全纳入训练候选。
rs_sewage_info_v2,project_location_lat,numeric,项目所在地纬度,污水处理厂档案管理及监测,candidate_safe,low,字段已有注释，无同名字段冲突，可安全纳入训练候选。
rs_sewage_info_v2,outlet_total_lng,numeric,污水总排放口经度,污水处理厂档案管理及监测,candidate_safe,low,字段已有注释，无同名字段冲突，可安全纳入训练候选。
rs_sewage_info_v2,outlet_total_lat,numeric,污水总排放口纬度,污水处理厂档案管理及监测,candidate_safe,low,字段已有注释，无同名字段冲突，可安全纳入训练候选。
rs_sewage_info_v2,design_scale,numeric,设计规模(t/d),污水处理厂档案管理及监测,candidate_safe,low,字段已有注释，无同名字段冲突，可安全纳入训练候选。
rs_sewage_info_v2,actual_assess_scale,numeric,实际考核规模(t/d),污水处理厂档案管理及监测,candidate_safe,low,字段已有注释，无同名字段冲突，可安全纳入训练候选。
rs_sewage_info_v2,load_rate,numeric,负荷率(%),污水处理厂档案管理及监测,candidate_safe,low,字段已有注释，无同名字段冲突，可安全纳入训练候选。
rs_sewage_info_v2,influent_flow,numeric,进水流量(m3/d),污水处理厂档案管理及监测,candidate_safe,low,字段已有注释，无同名字段冲突，可安全纳入训练候选。
rs_sewage_info_v2,influent_cod,numeric,进水COD(mg/L),污水处理厂档案管理及监测,candidate_safe,low,字段已有注释，无同名字段冲突，可安全纳入训练候选。
rs_sewage_info_v2,influent_ph,numeric,进水pH,污水处理厂档案管理及监测,candidate_safe,low,字段已有注释，无同名字段冲突，可安全纳入训练候选。
rs_sewage_info_v2,influent_ammonia,numeric,进水氨氮(mg/L),污水处理厂档案管理及监测,candidate_safe,low,字段已有注释，无同名字段冲突，可安全纳入训练候选。
rs_sewage_info_v2,influent_tp,numeric,进水总磷(mg/L),污水处理厂档案管理及监测,candidate_safe,low,字段已有注释，无同名字段冲突，可安全纳入训练候选。
rs_sewage_info_v2,influent_tn,numeric,进水总氮(mg/L),污水处理厂档案管理及监测,candidate_safe,low,字段已有注释，无同名字段冲突，可安全纳入训练候选。
rs_sewage_info_v2,effluent_flow,numeric,出水流量(m3/d),污水处理厂档案管理及监测,candidate_safe,low,字段已有注释，无同名字段冲突，可安全纳入训练候选。
rs_sewage_info_v2,effluent_cod,numeric,出水COD(mg/L),污水处理厂档案管理及监测,candidate_safe,low,字段已有注释，无同名字段冲突，可安全纳入训练候选。
rs_sewage_info_v2,effluent_ph,numeric,出水pH,污水处理厂档案管理及监测,candidate_safe,low,字段已有注释，无同名字段冲突，可安全纳入训练候选。
rs_sewage_info_v2,effluent_ammonia,numeric,出水氨氮(mg/L),污水处理厂档案管理及监测,candidate_safe,low,字段已有注释，无同名字段冲突，可安全纳入训练候选。
rs_sewage_info_v2,effluent_tp,numeric,出水总磷(mg/L),污水处理厂档案管理及监测,candidate_safe,low,字段已有注释，无同名字段冲突，可安全纳入训练候选。
rs_sewage_info_v2,effluent_tn,numeric,出水总氮(mg/L),污水处理厂档案管理及监测,candidate_safe,low,字段已有注释，无同名字段冲突，可安全纳入训练候选。
rs_sewage_info_v2,cod_daily_reduction,numeric,COD日削减量(t/d),污水处理厂档案管理及监测,candidate_safe,low,字段已有注释，无同名字段冲突，可安全纳入训练候选。
rs_sewage_info_v2,cod_annual_reduction,numeric,COD年削减量(t/a),污水处理厂档案管理及监测,candidate_safe,low,字段已有注释，无同名字段冲突，可安全纳入训练候选。
rs_sewage_info_v2,pipe_total_length,numeric,园区管网总长(km),污水处理厂档案管理及监测,candidate_safe,low,字段已有注释，无同名字段冲突，可安全纳入训练候选。
rs_sewage_info_v2,well_count,integer,管井数量(个),污水处理厂档案管理及监测,candidate_safe,low,字段已有注释，无同名字段冲突，可安全纳入训练候选。
rs_sewage_info_v2,pump_station_count,integer,提升泵站数量(个),污水处理厂档案管理及监测,candidate_safe,low,字段已有注释，无同名字段冲突，可安全纳入训练候选。
rs_sewage_info_v2,enterprise_total,integer,园区企业总数(家),污水处理厂档案管理及监测,candidate_safe,low,字段已有注释，无同名字段冲突，可安全纳入训练候选。
rs_sewage_info_v2,connected_enterprise,integer,已接入企业数(家),污水处理厂档案管理及监测,candidate_safe,low,字段已有注释，无同名字段冲突，可安全纳入训练候选。
rs_sewage_info_v2,connection_rate,numeric,接入率(%),污水处理厂档案管理及监测,candidate_safe,low,字段已有注释，无同名字段冲突，可安全纳入训练候选。
rs_sewage_info_v2,enterprise_drainage,numeric,企业排水总量(m3/d),污水处理厂档案管理及监测,candidate_safe,low,字段已有注释，无同名字段冲突，可安全纳入训练候选。
rs_sewage_info_v2,key_pollution_enterprise,integer,重点排污企业数(家),污水处理厂档案管理及监测,candidate_safe,low,字段已有注释，无同名字段冲突，可安全纳入训练候选。
rs_sewage_info_v2,online_monitor_enterprise,integer,在线监测企业数(家),污水处理厂档案管理及监测,candidate_safe,low,字段已有注释，无同名字段冲突，可安全纳入训练候选。
rs_sewage_info_v2,monitor_coverage_rate,numeric,监测覆盖率(%),污水处理厂档案管理及监测,candidate_safe,low,字段已有注释，无同名字段冲突，可安全纳入训练候选。
rs_sewage_info_v2,monthly_fee_total,numeric,月污水处理费总额(元),污水处理厂档案管理及监测,candidate_safe,low,字段已有注释，无同名字段冲突，可安全纳入训练候选。
rs_sewage_info_v2,should_collect_enterprise,integer,应征企业数(家),污水处理厂档案管理及监测,candidate_safe,low,字段已有注释，无同名字段冲突，可安全纳入训练候选。
rs_sewage_info_v2,actual_collect_enterprise,integer,实征企业数(家),污水处理厂档案管理及监测,candidate_safe,low,字段已有注释，无同名字段冲突，可安全纳入训练候选。
rs_sewage_info_v2,collection_rate,numeric,征收率(%),污水处理厂档案管理及监测,candidate_safe,low,字段已有注释，无同名字段冲突，可安全纳入训练候选。
rs_sewage_info_v2,operation_unit,character varying,运营单位,污水处理厂档案管理及监测,candidate_safe,low,字段已有注释，无同名字段冲突，可安全纳入训练候选。
rs_sewage_info_v2,plan_total_invest,numeric,计划总投资(万元),污水处理厂档案管理及监测,candidate_safe,low,字段已有注释，无同名字段冲突，可安全纳入训练候选。
rs_sewage_info_v2,plan_station_invest,numeric,计划厂站投资(万元),污水处理厂档案管理及监测,candidate_safe,low,字段已有注释，无同名字段冲突，可安全纳入训练候选。
rs_sewage_info_v2,plan_pipe_invest,numeric,计划管网投资(万元),污水处理厂档案管理及监测,candidate_safe,low,字段已有注释，无同名字段冲突，可安全纳入训练候选。
rs_sewage_info_v2,done_total_invest,numeric,已完成总投资(万元),污水处理厂档案管理及监测,candidate_safe,low,字段已有注释，无同名字段冲突，可安全纳入训练候选。
rs_sewage_info_v2,done_station_invest,numeric,已完成厂站投资(万元),污水处理厂档案管理及监测,candidate_safe,low,字段已有注释，无同名字段冲突，可安全纳入训练候选。
rs_sewage_info_v2,done_pipe_invest,numeric,已完成管网投资(万元),污水处理厂档案管理及监测,candidate_safe,low,字段已有注释，无同名字段冲突，可安全纳入训练候选。
rs_sewage_info_v2,total_invest_rate,numeric,总投资完成率(%),污水处理厂档案管理及监测,candidate_safe,low,字段已有注释，无同名字段冲突，可安全纳入训练候选。
rs_sewage_info_v2,built_pipe_length,numeric,已建管网长度(km),污水处理厂档案管理及监测,candidate_safe,low,字段已有注释，无同名字段冲突，可安全纳入训练候选。
rs_sewage_info_v2,collection_rate_efficiency,numeric,污水收集率(%),污水处理厂档案管理及监测,candidate_safe,low,字段已有注释，无同名字段冲突，可安全纳入训练候选。
rs_sewage_info_v2,treatment_rate,numeric,污水处理率(%),污水处理厂档案管理及监测,candidate_safe,low,字段已有注释，无同名字段冲突，可安全纳入训练候选。
rs_sewage_info_v2,compliance_rate,numeric,达标排放率(%),污水处理厂档案管理及监测,candidate_safe,low,字段已有注释，无同名字段冲突，可安全纳入训练候选。
rs_sewage_info_v2,operation_load_rate,numeric,运行负荷率(%),污水处理厂档案管理及监测,candidate_safe,low,字段已有注释，无同名字段冲突，可安全纳入训练候选。
rs_sewage_info_v2,center_lng,numeric,企业中心经度,污水处理厂档案管理及监测,candidate_safe,low,字段已有注释，无同名字段冲突，可安全纳入训练候选。
rs_sewage_info_v2,center_lat,numeric,企业中心纬度,污水处理厂档案管理及监测,candidate_safe,low,字段已有注释，无同名字段冲突，可安全纳入训练候选。
rs_sewage_info_v2,total_outlet_lng,numeric,污水处理设施总排口经度,污水处理厂档案管理及监测,candidate_safe,low,字段已有注释，无同名字段冲突，可安全纳入训练候选。
rs_sewage_info_v2,total_outlet_lat,numeric,污水处理设施总排口纬度,污水处理厂档案管理及监测,candidate_safe,low,字段已有注释，无同名字段冲突，可安全纳入训练候选。
rs_sewage_info_v2,tail_water_destination,character varying,尾水排放去向,污水处理厂档案管理及监测,candidate_safe,low,字段已有注释，无同名字段冲突，可安全纳入训练候选。
rs_sewage_info_v2,outlet_photo,character varying,排口照片,污水处理厂档案管理及监测,candidate_safe,low,字段已有注释，无同名字段冲突，可安全纳入训练候选。
rs_sewage_info_yc,monitor_name,character varying,检测点名称,污水处理厂信息表：宜昌水环境,candidate_safe,low,字段已有注释，无同名字段冲突，可安全纳入训练候选。
rs_sewage_info_yc,emission_type,character,排放类型：0-废水,污水处理厂信息表：宜昌水环境,candidate_safe,low,字段已有注释，无同名字段冲突，可安全纳入训练候选。
rs_sewage_info_yc,supervision_level,character,监管级别：0-一般、1-重点,污水处理厂信息表：宜昌水环境,candidate_safe,low,字段已有注释，无同名字段冲突，可安全纳入训练候选。
rs_sewage_info_yc,outlet_location,character varying,排污口位置,污水处理厂信息表：宜昌水环境,candidate_safe,low,字段已有注释，无同名字段冲突，可安全纳入训练候选。
rs_sewage_info_yc,lon,double precision,经度,污水处理厂信息表：宜昌水环境,candidate_safe,low,字段已有注释，无同名字段冲突，可安全纳入训练候选。
rs_sewage_info_yc,lat,double precision,纬度,污水处理厂信息表：宜昌水环境,candidate_safe,low,字段已有注释，无同名字段冲突，可安全纳入训练候选。
rs_sewage_info_yc,town_flag,boolean,是否城镇污水处理厂,污水处理厂信息表：宜昌水环境,candidate_safe,low,字段已有注释，无同名字段冲突，可安全纳入训练候选。
rs_sewage_info_yc,industrial_flag,boolean,是否工业污水处理厂,污水处理厂信息表：宜昌水环境,candidate_safe,low,字段已有注释，无同名字段冲突，可安全纳入训练候选。
rs_sewage_park_info,sewage_name,character varying,污水处理厂名称,污水处理厂-园区配套信息表,candidate_safe,low,字段已有注释，无同名字段冲突，可安全纳入训练候选。
rs_sewage_park_info,sewage_id,bigint,污水厂ID,污水处理厂-园区配套信息表,candidate_safe,low,字段已有注释，无同名字段冲突，可安全纳入训练候选。
rs_sewage_park_info,throughput,double precision,处理能力（万吨/日）,污水处理厂-园区配套信息表,candidate_safe,low,字段已有注释，无同名字段冲突，可安全纳入训练候选。
rs_sewage_park_info,park_id,bigint,配套园区ID,污水处理厂-园区配套信息表,candidate_safe,low,字段已有注释，无同名字段冲突，可安全纳入训练候选。
rs_sewage_park_info,park_name,character varying,配套园区名称,污水处理厂-园区配套信息表,candidate_safe,low,字段已有注释，无同名字段冲突，可安全纳入训练候选。
rs_sewage_park_info,lon,double precision,经度,污水处理厂-园区配套信息表,candidate_safe,low,字段已有注释，无同名字段冲突，可安全纳入训练候选。
rs_sewage_park_info,lat,double precision,纬度,污水处理厂-园区配套信息表,candidate_safe,low,字段已有注释，无同名字段冲突，可安全纳入训练候选。
rs_warn_records,key_point_id,bigint,"关键点id, warn_type为6时",污染预警消息通知,candidate_safe,low,字段已有注释，无同名字段冲突，可安全纳入训练候选。
rs_warn_records,warn_indicator,character varying,预警指标,污染预警消息通知,candidate_safe,low,字段已有注释，无同名字段冲突，可安全纳入训练候选。
rs_warn_records,warn_type,character,预警类型：0 水质预警、1 水文预警、2 气象预警、3 污染源预警、4 网络异常、5 仪器异常,污染预警消息通知,candidate_safe,low,字段已有注释，无同名字段冲突，可安全纳入训练候选。
rs_warn_records,warn_value,double precision,预警值,污染预警消息通知,candidate_safe,low,字段已有注释，无同名字段冲突，可安全纳入训练候选。
rs_warn_records,standard_value,double precision,标准值,污染预警消息通知,candidate_safe,low,字段已有注释，无同名字段冲突，可安全纳入训练候选。
rs_warn_records,warn_level,character,告警等级：0 一般、1 严重、2 重度,污染预警消息通知,candidate_safe,low,字段已有注释，无同名字段冲突，可安全纳入训练候选。
rs_warn_records,warn_content,character varying,预警内容,污染预警消息通知,candidate_safe,low,字段已有注释，无同名字段冲突，可安全纳入训练候选。
rs_warn_records,warn_time,timestamp without time zone,预警时间,污染预警消息通知,candidate_safe,low,字段已有注释，无同名字段冲突，可安全纳入训练候选。
rs_warn_records,publish_status,character,是否发布：0 未发布、1 已发布,污染预警消息通知,candidate_safe,low,字段已有注释，无同名字段冲突，可安全纳入训练候选。
rs_warn_records,publish_time,timestamp without time zone,发布时间,污染预警消息通知,candidate_safe,low,字段已有注释，无同名字段冲突，可安全纳入训练候选。
rs_warn_records,check_status,character,是否审核：0 未审核、1 已审核,污染预警消息通知,candidate_safe,low,字段已有注释，无同名字段冲突，可安全纳入训练候选。
rs_warn_records,check_time,timestamp without time zone,审核时间,污染预警消息通知,candidate_safe,low,字段已有注释，无同名字段冲突，可安全纳入训练候选。
rs_warn_records,manual_auto,character,0 手动处理、1 自动处理,污染预警消息通知,candidate_safe,low,字段已有注释，无同名字段冲突，可安全纳入训练候选。
rs_warn_records,release_status,character,是否解除：0 未解除、1 已解除,污染预警消息通知,candidate_safe,low,字段已有注释，无同名字段冲突，可安全纳入训练候选。
rs_warn_records,release_time,timestamp without time zone,解除时间,污染预警消息通知,candidate_safe,low,字段已有注释，无同名字段冲突，可安全纳入训练候选。
rs_wastewater_month_records,monitor_year,integer,监测年份,污染源监测月记录表,candidate_safe,low,字段已有注释，无同名字段冲突，可安全纳入训练候选。
rs_wastewater_month_records,monitor_month,integer,监测月份,污染源监测月记录表,candidate_safe,low,字段已有注释，无同名字段冲突，可安全纳入训练候选。
rs_wastewater_standard,apply_type,character,适用类型：0 污水处理厂、1 其他,废水/废气排放标准配置表,candidate_safe,low,字段已有注释，无同名字段冲突，可安全纳入训练候选。
rs_wastewater_standard,max_value,double precision,最高允许排放浓度,废水/废气排放标准配置表,candidate_safe,low,字段已有注释，无同名字段冲突，可安全纳入训练候选。
rs_wastewater_standard,jcdbh,character varying,监测点编号,废水/废气排放标准配置表,candidate_safe,low,字段已有注释，无同名字段冲突，可安全纳入训练候选。
se_watershed,total_population,double precision,总人口,流域产值信息：年统计值,candidate_safe,low,字段已有注释，无同名字段冲突，可安全纳入训练候选。
se_watershed,total_product_value,double precision,地区生产总值,流域产值信息：年统计值,candidate_safe,low,字段已有注释，无同名字段冲突，可安全纳入训练候选。
se_watershed,total_river_area,double precision,水面面积：k㎡,流域产值信息：年统计值,candidate_safe,low,字段已有注释，无同名字段冲突，可安全纳入训练候选。
se_watershed,total_watershed_area,double precision,流域面积：k㎡,流域产值信息：年统计值,candidate_safe,low,字段已有注释，无同名字段冲突，可安全纳入训练候选。
se_watershed,water_depth_avg,double precision,年平均水深：m,流域产值信息：年统计值,candidate_safe,low,字段已有注释，无同名字段冲突，可安全纳入训练候选。
se_watershed,runoff_value,double precision,径流量：亿m³,流域产值信息：年统计值,candidate_safe,low,字段已有注释，无同名字段冲突，可安全纳入训练候选。
se_watershed,statistic_year,bigint,统计年份,流域产值信息：年统计值,candidate_safe,low,字段已有注释，无同名字段冲突，可安全纳入训练候选。
se_watershed,mark,character varying,备注,流域产值信息：年统计值,candidate_safe,low,字段已有注释，无同名字段冲突，可安全纳入训练候选。
se_watershed_river,serial_no,integer,序号,流域河流管理档案表,candidate_safe,low,字段已有注释，无同名字段冲突，可安全纳入训练候选。
se_watershed_river,river_alias,character varying,河流别称,流域河流管理档案表,candidate_safe,low,字段已有注释，无同名字段冲突，可安全纳入训练候选。
se_watershed_river,river_level,integer,河流级别,流域河流管理档案表,candidate_safe,low,字段已有注释，无同名字段冲突，可安全纳入训练候选。
se_watershed_river,parent_river_name,character varying,上一级河流名称,流域河流管理档案表,candidate_safe,low,字段已有注释，无同名字段冲突，可安全纳入训练候选。
se_watershed_river,river_length,double precision,河流长度(km),流域河流管理档案表,candidate_safe,low,字段已有注释，无同名字段冲突，可安全纳入训练候选。
se_watershed_river,hubei_length,double precision,湖北长度(km),流域河流管理档案表,candidate_safe,low,字段已有注释，无同名字段冲突，可安全纳入训练候选。
se_watershed_river,yichang_length,double precision,宜昌长度(km),流域河流管理档案表,candidate_safe,low,字段已有注释，无同名字段冲突，可安全纳入训练候选。
se_watershed_river,watershed_area,double precision,流域面积(km2),流域河流管理档案表,candidate_safe,low,字段已有注释，无同名字段冲突，可安全纳入训练候选。
se_watershed_river,hubei_area,double precision,湖北面积(km2),流域河流管理档案表,candidate_safe,low,字段已有注释，无同名字段冲突，可安全纳入训练候选。
se_watershed_river,yichang_area,double precision,宜昌面积(km2),流域河流管理档案表,candidate_safe,low,字段已有注释，无同名字段冲突，可安全纳入训练候选。
se_watershed_river,flow_districts,character varying,流经市内行政区,流域河流管理档案表,candidate_safe,low,字段已有注释，无同名字段冲突，可安全纳入训练候选。
se_watershed_river,source_province,character varying,源头省,流域河流管理档案表,candidate_safe,low,字段已有注释，无同名字段冲突，可安全纳入训练候选。
se_watershed_river,source_county,character varying,源头县（市）,流域河流管理档案表,candidate_safe,low,字段已有注释，无同名字段冲突，可安全纳入训练候选。
se_watershed_river,source_town,character varying,源头乡镇,流域河流管理档案表,candidate_safe,low,字段已有注释，无同名字段冲突，可安全纳入训练候选。
se_watershed_river,source_village,character varying,源头村,流域河流管理档案表,candidate_safe,low,字段已有注释，无同名字段冲突，可安全纳入训练候选。
se_watershed_river,mouth_province,character varying,河口省,流域河流管理档案表,candidate_safe,low,字段已有注释，无同名字段冲突，可安全纳入训练候选。
se_watershed_river,mouth_county,character varying,河口县（市）,流域河流管理档案表,candidate_safe,low,字段已有注释，无同名字段冲突，可安全纳入训练候选。
se_watershed_river,mouth_town,character varying,河口乡镇,流域河流管理档案表,candidate_safe,low,字段已有注释，无同名字段冲突，可安全纳入训练候选。
se_watershed_river,mouth_village,character varying,河口村,流域河流管理档案表,candidate_safe,low,字段已有注释，无同名字段冲突，可安全纳入训练候选。
stg_sjtj_sxhysjzxpt_dbo_operator_day_burnup_df,b_date,character varying,日期,船舶公司每天的燃耗,candidate_safe,low,字段已有注释，无同名字段冲突，可安全纳入训练候选。
stg_sjtj_sxhysjzxpt_dbo_operator_day_burnup_df,operator,character varying,船运公司,船舶公司每天的燃耗,candidate_safe,low,字段已有注释，无同名字段冲突，可安全纳入训练候选。
stg_sjtj_sxhysjzxpt_dbo_operator_day_burnup_df,burnup,double precision,燃耗值,船舶公司每天的燃耗,candidate_safe,low,字段已有注释，无同名字段冲突，可安全纳入训练候选。
stg_sjtj_sxhysjzxpt_dbo_operator_day_burnup_df,dt,character varying,分区日期,船舶公司每天的燃耗,candidate_safe,low,字段已有注释，无同名字段冲突，可安全纳入训练候选。
stg_sjtj_sxhysjzxpt_t_vessel_info_df,declareno,character varying,船舶报港号,船舶报港离港信息,candidate_safe,low,字段已有注释，无同名字段冲突，可安全纳入训练候选。
stg_sjtj_sxhysjzxpt_t_vessel_info_df,portname,character varying,港口,船舶报港离港信息,candidate_safe,low,字段已有注释，无同名字段冲突，可安全纳入训练候选。
stg_sjtj_sxhysjzxpt_t_vessel_info_df,voyname,character varying,航线,船舶报港离港信息,candidate_safe,low,字段已有注释，无同名字段冲突，可安全纳入训练候选。
stg_sjtj_sxhysjzxpt_t_vessel_info_df,vslname,character varying,船号,船舶报港离港信息,candidate_safe,low,字段已有注释，无同名字段冲突，可安全纳入训练候选。
stg_sjtj_sxhysjzxpt_t_vessel_info_df,declaretime,character varying,报港时间,船舶报港离港信息,candidate_safe,low,字段已有注释，无同名字段冲突，可安全纳入训练候选。
stg_sjtj_sxhysjzxpt_t_vessel_info_df,levelporttime,character varying,离港时间,船舶报港离港信息,candidate_safe,low,字段已有注释，无同名字段冲突，可安全纳入训练候选。
stg_sjtj_sxhysjzxpt_t_vessel_info_df,dt,character varying,分区日期,船舶报港离港信息,candidate_safe,low,字段已有注释，无同名字段冲突，可安全纳入训练候选。
stg_sjtysj_cbwrwxtzlxxxt_b_anchorage_clean_company_df,dt,character varying,分区日期,锚地与清洁公司关联表,candidate_safe,low,字段已有注释，无同名字段冲突，可安全纳入训练候选。
stg_sjtysj_cbwrwxtzlxxxt_b_anchorage_info_df,lon,double precision,经度,锚地信息表,candidate_safe,low,字段已有注释，无同名字段冲突，可安全纳入训练候选。
stg_sjtysj_cbwrwxtzlxxxt_b_anchorage_info_df,lat,double precision,纬度,锚地信息表,candidate_safe,low,字段已有注释，无同名字段冲突，可安全纳入训练候选。
stg_sjtysj_cbwrwxtzlxxxt_b_anchorage_info_df,corp_code,character varying,所属管理机构code,锚地信息表,candidate_safe,low,字段已有注释，无同名字段冲突，可安全纳入训练候选。
stg_sjtysj_cbwrwxtzlxxxt_b_anchorage_info_df,corp_codes,character varying,所属管理机构多级关系,锚地信息表,candidate_safe,low,字段已有注释，无同名字段冲突，可安全纳入训练候选。
stg_sjtysj_cbwrwxtzlxxxt_b_anchorage_info_df,river_area,character varying,流域,锚地信息表,candidate_safe,low,字段已有注释，无同名字段冲突，可安全纳入训练候选。
stg_sjtysj_cbwrwxtzlxxxt_b_anchorage_info_df,dam,character varying,（0坝上，1坝下）,锚地信息表,candidate_safe,low,字段已有注释，无同名字段冲突，可安全纳入训练候选。
stg_sjtysj_cbwrwxtzlxxxt_b_anchorage_info_df,dt,character varying,分区日期,锚地信息表,candidate_safe,low,字段已有注释，无同名字段冲突，可安全纳入训练候选。
stg_sjtysj_cbwrwxtzlxxxt_b_clean_company_df,comp_name,character varying,清洁公司名称,船舶污染物清洁公司信息,candidate_safe,low,字段已有注释，无同名字段冲突，可安全纳入训练候选。
stg_sjtysj_cbwrwxtzlxxxt_b_clean_company_df,comp_code,character varying,组织机构代码,船舶污染物清洁公司信息,candidate_safe,low,字段已有注释，无同名字段冲突，可安全纳入训练候选。
stg_sjtysj_cbwrwxtzlxxxt_b_clean_company_df,tel,character varying,联系电话,船舶污染物清洁公司信息,candidate_safe,low,字段已有注释，无同名字段冲突，可安全纳入训练候选。
stg_sjtysj_cbwrwxtzlxxxt_b_clean_company_df,validity_end,timestamp without time zone,经营许可有效期,船舶污染物清洁公司信息,candidate_safe,low,字段已有注释，无同名字段冲突，可安全纳入训练候选。
stg_sjtysj_cbwrwxtzlxxxt_b_clean_company_df,dt,character varying,分区日期,船舶污染物清洁公司信息,candidate_safe,low,字段已有注释，无同名字段冲突，可安全纳入训练候选。
stg_sjtysj_cbwrwxtzlxxxt_b_coordination_index_df,on_duty_receive_ship_count,bigint,出勤清洁船舶数,全流程协同指数,candidate_safe,low,字段已有注释，无同名字段冲突，可安全纳入训练候选。
stg_sjtysj_cbwrwxtzlxxxt_b_coordination_index_df,apply_num,bigint,申请提交单次,全流程协同指数,candidate_safe,low,字段已有注释，无同名字段冲突，可安全纳入训练候选。
stg_sjtysj_cbwrwxtzlxxxt_b_coordination_index_df,transfer_num,bigint,转运单次,全流程协同指数,candidate_safe,low,字段已有注释，无同名字段冲突，可安全纳入训练候选。
stg_sjtysj_cbwrwxtzlxxxt_b_coordination_index_df,process_num,bigint,处置单次,全流程协同指数,candidate_safe,low,字段已有注释，无同名字段冲突，可安全纳入训练候选。
stg_sjtysj_cbwrwxtzlxxxt_b_coordination_index_df,day,character varying,日期,全流程协同指数,candidate_safe,low,字段已有注释，无同名字段冲突，可安全纳入训练候选。
stg_sjtysj_cbwrwxtzlxxxt_b_coordination_index_df,coordination_index,numeric,协同指数,全流程协同指数,candidate_safe,low,字段已有注释，无同名字段冲突，可安全纳入训练候选。
stg_sjtysj_cbwrwxtzlxxxt_b_coordination_index_df,dt,character varying,分区日期,全流程协同指数,candidate_safe,low,字段已有注释，无同名字段冲突，可安全纳入训练候选。
stg_sjtysj_cbwrwxtzlxxxt_b_day_pollution_weight_df,date,timestamp without time zone,日期,根据行船类别统计每日污染物提交重量,candidate_safe,low,字段已有注释，无同名字段冲突，可安全纳入训练候选。
stg_sjtysj_cbwrwxtzlxxxt_b_day_pollution_weight_df,kc_shlj,character varying,客船生活垃圾重量,根据行船类别统计每日污染物提交重量,candidate_safe,low,字段已有注释，无同名字段冲突，可安全纳入训练候选。
stg_sjtysj_cbwrwxtzlxxxt_b_day_pollution_weight_df,kc_shws,character varying,客船生活污水重量,根据行船类别统计每日污染物提交重量,candidate_safe,low,字段已有注释，无同名字段冲突，可安全纳入训练候选。
stg_sjtysj_cbwrwxtzlxxxt_b_day_pollution_weight_df,kc_hyws,character varying,客船含油污水重量,根据行船类别统计每日污染物提交重量,candidate_safe,low,字段已有注释，无同名字段冲突，可安全纳入训练候选。
stg_sjtysj_cbwrwxtzlxxxt_b_day_pollution_weight_df,kc_fy,character varying,客船废油重量,根据行船类别统计每日污染物提交重量,candidate_safe,low,字段已有注释，无同名字段冲突，可安全纳入训练候选。
stg_sjtysj_cbwrwxtzlxxxt_b_day_pollution_weight_df,hc_shlj,character varying,货船生活垃圾重量,根据行船类别统计每日污染物提交重量,candidate_safe,low,字段已有注释，无同名字段冲突，可安全纳入训练候选。
stg_sjtysj_cbwrwxtzlxxxt_b_day_pollution_weight_df,hc_shws,character varying,货船生活污水重量,根据行船类别统计每日污染物提交重量,candidate_safe,low,字段已有注释，无同名字段冲突，可安全纳入训练候选。
stg_sjtysj_cbwrwxtzlxxxt_b_day_pollution_weight_df,hc_hyws,character varying,货船含油污水重量,根据行船类别统计每日污染物提交重量,candidate_safe,low,字段已有注释，无同名字段冲突，可安全纳入训练候选。
stg_sjtysj_cbwrwxtzlxxxt_b_day_pollution_weight_df,hc_fy,character varying,货船废油重量,根据行船类别统计每日污染物提交重量,candidate_safe,low,字段已有注释，无同名字段冲突，可安全纳入训练候选。
stg_sjtysj_cbwrwxtzlxxxt_b_day_pollution_weight_df,qt_shlj,character varying,其他类型船生活垃圾重量,根据行船类别统计每日污染物提交重量,candidate_safe,low,字段已有注释，无同名字段冲突，可安全纳入训练候选。
stg_sjtysj_cbwrwxtzlxxxt_b_day_pollution_weight_df,qt_shws,character varying,其他类型船生活污水重量,根据行船类别统计每日污染物提交重量,candidate_safe,low,字段已有注释，无同名字段冲突，可安全纳入训练候选。
stg_sjtysj_cbwrwxtzlxxxt_b_day_pollution_weight_df,qt_hyws,character varying,其他类型船含油污水重量,根据行船类别统计每日污染物提交重量,candidate_safe,low,字段已有注释，无同名字段冲突，可安全纳入训练候选。
stg_sjtysj_cbwrwxtzlxxxt_b_day_pollution_weight_df,qt_fy,character varying,其他类型船废油重量,根据行船类别统计每日污染物提交重量,candidate_safe,low,字段已有注释，无同名字段冲突，可安全纳入训练候选。
stg_sjtysj_cbwrwxtzlxxxt_b_day_pollution_weight_df,dt,character varying,分区日期,根据行船类别统计每日污染物提交重量,candidate_safe,low,字段已有注释，无同名字段冲突，可安全纳入训练候选。
stg_sjtysj_cbwrwxtzlxxxt_b_day_receive_ship_kpi_df,day,character varying,日期,接收船舶考评日报,candidate_safe,low,字段已有注释，无同名字段冲突，可安全纳入训练候选。
stg_sjtysj_cbwrwxtzlxxxt_b_day_receive_ship_kpi_df,receive_ship_id,bigint,接收船舶id,接收船舶考评日报,candidate_safe,low,字段已有注释，无同名字段冲突，可安全纳入训练候选。
stg_sjtysj_cbwrwxtzlxxxt_b_day_receive_ship_kpi_df,ship_select_count,bigint,行船选择数,接收船舶考评日报,candidate_safe,low,字段已有注释，无同名字段冲突，可安全纳入训练候选。
stg_sjtysj_cbwrwxtzlxxxt_b_day_receive_ship_kpi_df,qrcode_js_count,bigint,扫码接单数,接收船舶考评日报,candidate_safe,low,字段已有注释，无同名字段冲突，可安全纳入训练候选。
stg_sjtysj_cbwrwxtzlxxxt_b_day_receive_ship_kpi_df,subscribe_js_count,bigint,预约接单数,接收船舶考评日报,candidate_safe,low,字段已有注释，无同名字段冲突，可安全纳入训练候选。
stg_sjtysj_cbwrwxtzlxxxt_b_day_receive_ship_kpi_df,js_poll_num,numeric,接收污染物数量,接收船舶考评日报,candidate_safe,low,字段已有注释，无同名字段冲突，可安全纳入训练候选。
stg_sjtysj_cbwrwxtzlxxxt_b_day_receive_ship_kpi_df,dt,character varying,分区日期,接收船舶考评日报,candidate_safe,low,字段已有注释，无同名字段冲突，可安全纳入训练候选。
stg_sjtysj_cbwrwxtzlxxxt_b_day_subject_num_df,day,character varying,日期,净小宜全流程各类型主体数量,candidate_safe,low,字段已有注释，无同名字段冲突，可安全纳入训练候选。
stg_sjtysj_cbwrwxtzlxxxt_b_day_subject_num_df,receive_ship_num,bigint,清洁船舶数量,净小宜全流程各类型主体数量,candidate_safe,low,字段已有注释，无同名字段冲突，可安全纳入训练候选。
stg_sjtysj_cbwrwxtzlxxxt_b_day_subject_num_df,wharf_num,bigint,码头数量,净小宜全流程各类型主体数量,candidate_safe,low,字段已有注释，无同名字段冲突，可安全纳入训练候选。
stg_sjtysj_cbwrwxtzlxxxt_b_day_subject_num_df,transfer_car_num,bigint,转运车辆数量,净小宜全流程各类型主体数量,candidate_safe,low,字段已有注释，无同名字段冲突，可安全纳入训练候选。
stg_sjtysj_cbwrwxtzlxxxt_b_day_subject_num_df,process_unit_num,bigint,处置单位数量,净小宜全流程各类型主体数量,candidate_safe,low,字段已有注释，无同名字段冲突，可安全纳入训练候选。
stg_sjtysj_cbwrwxtzlxxxt_b_day_subject_num_df,supervise_org_num,bigint,监管单位数量,净小宜全流程各类型主体数量,candidate_safe,low,字段已有注释，无同名字段冲突，可安全纳入训练候选。
stg_sjtysj_cbwrwxtzlxxxt_b_day_subject_num_df,dt,character varying,分区日期,净小宜全流程各类型主体数量,candidate_safe,low,字段已有注释，无同名字段冲突，可安全纳入训练候选。
stg_sjtysj_cbwrwxtzlxxxt_b_day_sxhy_df,day,character varying,日期,洗舱服务,candidate_safe,low,字段已有注释，无同名字段冲突，可安全纳入训练候选。
stg_sjtysj_cbwrwxtzlxxxt_b_day_sxhy_df,xcs_order_cnt,bigint,洗舱水艘次,洗舱服务,candidate_safe,low,字段已有注释，无同名字段冲突，可安全纳入训练候选。
stg_sjtysj_cbwrwxtzlxxxt_b_day_sxhy_df,xcs_vol,numeric,洗舱水量 (m?),洗舱服务,candidate_safe,low,字段已有注释，无同名字段冲突，可安全纳入训练候选。
stg_sjtysj_cbwrwxtzlxxxt_b_day_sxhy_df,order_cnt,bigint,污染物交付总单次,洗舱服务,candidate_safe,low,字段已有注释，无同名字段冲突，可安全纳入训练候选。
stg_sjtysj_cbwrwxtzlxxxt_b_day_sxhy_df,order_weight,numeric,污染物交付总重量(吨),洗舱服务,candidate_safe,low,字段已有注释，无同名字段冲突，可安全纳入训练候选。
stg_sjtysj_cbwrwxtzlxxxt_b_day_sxhy_df,ship_cnt_td,bigint,污染物交付行船数td值,洗舱服务,candidate_safe,low,字段已有注释，无同名字段冲突，可安全纳入训练候选。
stg_sjtysj_cbwrwxtzlxxxt_b_day_sxhy_df,ship_cnt_mtd,bigint,污染物交付行船数mtd值,洗舱服务,candidate_safe,low,字段已有注释，无同名字段冲突，可安全纳入训练候选。
stg_sjtysj_cbwrwxtzlxxxt_b_day_sxhy_df,ship_cnt_ytd,bigint,污染物交付行船数ytd值,洗舱服务,candidate_safe,low,字段已有注释，无同名字段冲突，可安全纳入训练候选。
stg_sjtysj_cbwrwxtzlxxxt_b_day_sxhy_df,dt,character varying,分区日期,洗舱服务,candidate_safe,low,字段已有注释，无同名字段冲突，可安全纳入训练候选。
stg_sjtysj_cbwrwxtzlxxxt_b_month_receive_ship_kpi_df,receive_ship_id,bigint,接收船舶id,污染物接收量数据,candidate_safe,low,字段已有注释，无同名字段冲突，可安全纳入训练候选。
stg_sjtysj_cbwrwxtzlxxxt_b_month_receive_ship_kpi_df,subsidy_amount,numeric,补贴金额,污染物接收量数据,candidate_safe,low,字段已有注释，无同名字段冲突，可安全纳入训练候选。
stg_sjtysj_cbwrwxtzlxxxt_b_month_receive_ship_kpi_df,receive_order_count,bigint,接单数,污染物接收量数据,candidate_safe,low,字段已有注释，无同名字段冲突，可安全纳入训练候选。
stg_sjtysj_cbwrwxtzlxxxt_b_month_receive_ship_kpi_df,receive_poll_num,numeric,污染物接收量,污染物接收量数据,candidate_safe,low,字段已有注释，无同名字段冲突，可安全纳入训练候选。
stg_sjtysj_cbwrwxtzlxxxt_b_month_receive_ship_kpi_df,receive_shlj_num,numeric,生活垃圾接收量,污染物接收量数据,candidate_safe,low,字段已有注释，无同名字段冲突，可安全纳入训练候选。
stg_sjtysj_cbwrwxtzlxxxt_b_month_receive_ship_kpi_df,receive_shws_num,numeric,生活污水接收量,污染物接收量数据,candidate_safe,low,字段已有注释，无同名字段冲突，可安全纳入训练候选。
stg_sjtysj_cbwrwxtzlxxxt_b_month_receive_ship_kpi_df,receive_hyws_num,numeric,含油污水接收量,污染物接收量数据,candidate_safe,low,字段已有注释，无同名字段冲突，可安全纳入训练候选。
stg_sjtysj_cbwrwxtzlxxxt_b_month_receive_ship_kpi_df,receive_fy_num,numeric,废油接收量,污染物接收量数据,candidate_safe,low,字段已有注释，无同名字段冲突，可安全纳入训练候选。
stg_sjtysj_cbwrwxtzlxxxt_b_month_receive_ship_kpi_df,receive_shlj_order_count,bigint,生活垃圾接单数,污染物接收量数据,candidate_safe,low,字段已有注释，无同名字段冲突，可安全纳入训练候选。
stg_sjtysj_cbwrwxtzlxxxt_b_month_receive_ship_kpi_df,receive_shws_order_count,bigint,生活污水接单数,污染物接收量数据,candidate_safe,low,字段已有注释，无同名字段冲突，可安全纳入训练候选。
stg_sjtysj_cbwrwxtzlxxxt_b_month_receive_ship_kpi_df,receive_hyws_order_count,bigint,含油污水接单数,污染物接收量数据,candidate_safe,low,字段已有注释，无同名字段冲突，可安全纳入训练候选。
stg_sjtysj_cbwrwxtzlxxxt_b_month_receive_ship_kpi_df,receive_fy_order_count,bigint,废油接单数,污染物接收量数据,candidate_safe,low,字段已有注释，无同名字段冲突，可安全纳入训练候选。
stg_sjtysj_cbwrwxtzlxxxt_b_month_receive_ship_kpi_df,dt,character varying,分区日期,污染物接收量数据,candidate_safe,low,字段已有注释，无同名字段冲突，可安全纳入训练候选。
stg_sjtysj_cbwrwxtzlxxxt_b_order_receive_minute_df,day,character varying,日期,每日各清洁公司接单接收时效数据,candidate_safe,low,字段已有注释，无同名字段冲突，可安全纳入训练候选。
stg_sjtysj_cbwrwxtzlxxxt_b_order_receive_minute_df,clean_company_name,character varying,清洁公司名称,每日各清洁公司接单接收时效数据,candidate_safe,low,字段已有注释，无同名字段冲突，可安全纳入训练候选。
stg_sjtysj_cbwrwxtzlxxxt_b_order_receive_minute_df,order_minute,numeric,接单时效,每日各清洁公司接单接收时效数据,candidate_safe,low,字段已有注释，无同名字段冲突，可安全纳入训练候选。
stg_sjtysj_cbwrwxtzlxxxt_b_order_receive_minute_df,order_num,bigint,接单单数,每日各清洁公司接单接收时效数据,candidate_safe,low,字段已有注释，无同名字段冲突，可安全纳入训练候选。
stg_sjtysj_cbwrwxtzlxxxt_b_order_receive_minute_df,receive_minute,numeric,接收时效,每日各清洁公司接单接收时效数据,candidate_safe,low,字段已有注释，无同名字段冲突，可安全纳入训练候选。
stg_sjtysj_cbwrwxtzlxxxt_b_order_receive_minute_df,dt,character varying,分区日期,每日各清洁公司接单接收时效数据,candidate_safe,low,字段已有注释，无同名字段冲突，可安全纳入训练候选。
stg_sjtysj_cbwrwxtzlxxxt_b_process_unit_info_df,unit_name,character varying,处置单位名称,船舶污染物处置单位信息表,candidate_safe,low,字段已有注释，无同名字段冲突，可安全纳入训练候选。
stg_sjtysj_cbwrwxtzlxxxt_b_process_unit_info_df,unit_code,character varying,组织机构代码,船舶污染物处置单位信息表,candidate_safe,low,字段已有注释，无同名字段冲突，可安全纳入训练候选。
stg_sjtysj_cbwrwxtzlxxxt_b_process_unit_info_df,unit_type,character varying,"单位类型:转运单位,处置单位",船舶污染物处置单位信息表,candidate_safe,low,字段已有注释，无同名字段冲突，可安全纳入训练候选。
stg_sjtysj_cbwrwxtzlxxxt_b_process_unit_info_df,phone,character varying,联系电话,船舶污染物处置单位信息表,candidate_safe,low,字段已有注释，无同名字段冲突，可安全纳入训练候选。
stg_sjtysj_cbwrwxtzlxxxt_b_process_unit_info_df,address_name,character varying,省，市，区，地址名称,船舶污染物处置单位信息表,candidate_safe,low,字段已有注释，无同名字段冲突，可安全纳入训练候选。
stg_sjtysj_cbwrwxtzlxxxt_b_process_unit_info_df,detail,character varying,地址详情,船舶污染物处置单位信息表,candidate_safe,low,字段已有注释，无同名字段冲突，可安全纳入训练候选。
stg_sjtysj_cbwrwxtzlxxxt_b_process_unit_info_df,process_unit_type,character varying,处置单位类型，1：固废处置场，2:污水处理场，3炼油场,船舶污染物处置单位信息表,candidate_safe,low,字段已有注释，无同名字段冲突，可安全纳入训练候选。
stg_sjtysj_cbwrwxtzlxxxt_b_process_unit_info_df,manager_unit,character varying,主管单位,船舶污染物处置单位信息表,candidate_safe,low,字段已有注释，无同名字段冲突，可安全纳入训练候选。
stg_sjtysj_cbwrwxtzlxxxt_b_process_unit_info_df,business_scope_name,character varying,业务范围名称,船舶污染物处置单位信息表,candidate_safe,low,字段已有注释，无同名字段冲突，可安全纳入训练候选。
stg_sjtysj_cbwrwxtzlxxxt_b_process_unit_info_df,dt,character varying,分区日期,船舶污染物处置单位信息表,candidate_safe,low,字段已有注释，无同名字段冲突，可安全纳入训练候选。
stg_sjtysj_cbwrwxtzlxxxt_b_receive_ship_assessment_df,resiveshipid,bigint,接收船舶id,接受船舶评估,candidate_safe,low,字段已有注释，无同名字段冲突，可安全纳入训练候选。
stg_sjtysj_cbwrwxtzlxxxt_b_receive_ship_assessment_df,resiveshipname,character varying,接收船舶名称,接受船舶评估,candidate_safe,low,字段已有注释，无同名字段冲突，可安全纳入训练候选。
stg_sjtysj_cbwrwxtzlxxxt_b_receive_ship_assessment_df,cleancompayid,bigint,清洁公司id,接受船舶评估,candidate_safe,low,字段已有注释，无同名字段冲突，可安全纳入训练候选。
stg_sjtysj_cbwrwxtzlxxxt_b_receive_ship_assessment_df,shipnum,bigint,行船选择,接受船舶评估,candidate_safe,low,字段已有注释，无同名字段冲突，可安全纳入训练候选。
stg_sjtysj_cbwrwxtzlxxxt_b_receive_ship_assessment_df,billnum,bigint,按时接单,接受船舶评估,candidate_safe,low,字段已有注释，无同名字段冲突，可安全纳入训练候选。
stg_sjtysj_cbwrwxtzlxxxt_b_receive_ship_assessment_df,ontimes,bigint,按时接收,接受船舶评估,candidate_safe,low,字段已有注释，无同名字段冲突，可安全纳入训练候选。
stg_sjtysj_cbwrwxtzlxxxt_b_receive_ship_assessment_df,unbillnum,bigint,未按时接单,接受船舶评估,candidate_safe,low,字段已有注释，无同名字段冲突，可安全纳入训练候选。
stg_sjtysj_cbwrwxtzlxxxt_b_receive_ship_assessment_df,untimes,bigint,未按时接收,接受船舶评估,candidate_safe,low,字段已有注释，无同名字段冲突，可安全纳入训练候选。
stg_sjtysj_cbwrwxtzlxxxt_b_receive_ship_assessment_df,countevaluation,bigint,服务总平均分,接受船舶评估,candidate_safe,low,字段已有注释，无同名字段冲突，可安全纳入训练候选。
stg_sjtysj_cbwrwxtzlxxxt_b_receive_ship_assessment_df,dt,character varying,分区日期,接受船舶评估,candidate_safe,low,字段已有注释，无同名字段冲突，可安全纳入训练候选。
stg_sjtysj_cbwrwxtzlxxxt_b_receive_ship_info_df,ship_name,character varying,船名,船舶污染物接收船舶信息表,candidate_safe,low,字段已有注释，无同名字段冲突，可安全纳入训练候选。
stg_sjtysj_cbwrwxtzlxxxt_b_receive_ship_info_df,clean_company_id,bigint,所属公司id,船舶污染物接收船舶信息表,candidate_safe,low,字段已有注释，无同名字段冲突，可安全纳入训练候选。
stg_sjtysj_cbwrwxtzlxxxt_b_receive_ship_info_df,registry_port,character varying,船籍港,船舶污染物接收船舶信息表,candidate_safe,low,字段已有注释，无同名字段冲突，可安全纳入训练候选。
stg_sjtysj_cbwrwxtzlxxxt_b_receive_ship_info_df,ship_owner,character varying,船舶所有人,船舶污染物接收船舶信息表,candidate_safe,low,字段已有注释，无同名字段冲突，可安全纳入训练候选。
stg_sjtysj_cbwrwxtzlxxxt_b_receive_ship_info_df,ship_operator,character varying,船舶经营人,船舶污染物接收船舶信息表,candidate_safe,low,字段已有注释，无同名字段冲突，可安全纳入训练候选。
stg_sjtysj_cbwrwxtzlxxxt_b_receive_ship_info_df,captain,character varying,船长,船舶污染物接收船舶信息表,candidate_safe,low,字段已有注释，无同名字段冲突，可安全纳入训练候选。
stg_sjtysj_cbwrwxtzlxxxt_b_receive_ship_info_df,ship_type,character varying,船舶类型：生活垃圾、生活污水、油污水、多功能,船舶污染物接收船舶信息表,candidate_safe,low,字段已有注释，无同名字段冲突，可安全纳入训练候选。
stg_sjtysj_cbwrwxtzlxxxt_b_receive_ship_info_df,aircert_validity,timestamp without time zone,船舶适航证书有效期,船舶污染物接收船舶信息表,candidate_safe,low,字段已有注释，无同名字段冲突，可安全纳入训练候选。
stg_sjtysj_cbwrwxtzlxxxt_b_receive_ship_info_df,load_weight,numeric,核载重量,船舶污染物接收船舶信息表,candidate_safe,low,字段已有注释，无同名字段冲突，可安全纳入训练候选。
stg_sjtysj_cbwrwxtzlxxxt_b_receive_ship_info_df,carrier_volume,numeric,核载体积,船舶污染物接收船舶信息表,candidate_safe,low,字段已有注释，无同名字段冲突，可安全纳入训练候选。
stg_sjtysj_cbwrwxtzlxxxt_b_receive_ship_info_df,fee_standard_status,character varying,收费标准申请状态，0为审批中，1为已完成,船舶污染物接收船舶信息表,candidate_safe,low,字段已有注释，无同名字段冲突，可安全纳入训练候选。
stg_sjtysj_cbwrwxtzlxxxt_b_receive_ship_info_df,anchoring_distance,bigint,锚定距离,船舶污染物接收船舶信息表,candidate_safe,low,字段已有注释，无同名字段冲突，可安全纳入训练候选。
stg_sjtysj_cbwrwxtzlxxxt_b_receive_ship_info_df,free_flag,bigint,是否从事免费接收,船舶污染物接收船舶信息表,candidate_safe,low,字段已有注释，无同名字段冲突，可安全纳入训练候选。
stg_sjtysj_cbwrwxtzlxxxt_b_receive_ship_info_df,dt,character varying,分区日期,船舶污染物接收船舶信息表,candidate_safe,low,字段已有注释，无同名字段冲突，可安全纳入训练候选。
stg_sjtysj_cbwrwxtzlxxxt_b_transfer_car_df,driver,character varying,主要司机,转运车辆信息,candidate_safe,low,字段已有注释，无同名字段冲突，可安全纳入训练候选。
stg_sjtysj_cbwrwxtzlxxxt_b_transfer_car_df,phone,character varying,联系电话,转运车辆信息,candidate_safe,low,字段已有注释，无同名字段冲突，可安全纳入训练候选。
stg_sjtysj_cbwrwxtzlxxxt_b_transfer_car_df,car_type,character varying,车辆类型,转运车辆信息,candidate_safe,low,字段已有注释，无同名字段冲突，可安全纳入训练候选。
stg_sjtysj_cbwrwxtzlxxxt_b_transfer_car_df,auto_trans_flag,bigint,上岸即处置开关,转运车辆信息,candidate_safe,low,字段已有注释，无同名字段冲突，可安全纳入训练候选。
stg_sjtysj_cbwrwxtzlxxxt_b_transfer_car_df,dt,character varying,分区日期,转运车辆信息,candidate_safe,low,字段已有注释，无同名字段冲突，可安全纳入训练候选。
stg_sjtysj_cbwrwxtzlxxxt_b_wharf_info_df,wharf_code,character varying,码头代码,船舶污染物接收码头信息表,candidate_safe,low,字段已有注释，无同名字段冲突，可安全纳入训练候选。
stg_sjtysj_cbwrwxtzlxxxt_b_wharf_info_df,phone,character varying,联系电话,船舶污染物接收码头信息表,candidate_safe,low,字段已有注释，无同名字段冲突，可安全纳入训练候选。
stg_sjtysj_cbwrwxtzlxxxt_b_wharf_info_df,validity_end,timestamp without time zone,经营许可有效期,船舶污染物接收码头信息表,candidate_safe,low,字段已有注释，无同名字段冲突，可安全纳入训练候选。
stg_sjtysj_cbwrwxtzlxxxt_b_wharf_info_df,receive_range,character varying,接收范围(0为生活垃圾，1为生活污水，2为含油污水，3为废油),船舶污染物接收码头信息表,candidate_safe,low,字段已有注释，无同名字段冲突，可安全纳入训练候选。
stg_sjtysj_cbwrwxtzlxxxt_b_wharf_info_df,process_id,bigint,处置单位id,船舶污染物接收码头信息表,candidate_safe,low,字段已有注释，无同名字段冲突，可安全纳入训练候选。
stg_sjtysj_cbwrwxtzlxxxt_b_wharf_info_df,only_jxy_flag,bigint,是否只用于净小宜,船舶污染物接收码头信息表,candidate_safe,low,字段已有注释，无同名字段冲突，可安全纳入训练候选。
stg_sjtysj_cbwrwxtzlxxxt_b_wharf_info_df,dt,character varying,分区日期,船舶污染物接收码头信息表,candidate_safe,low,字段已有注释，无同名字段冲突，可安全纳入训练候选。
stg_sjtysj_cbwrwxtzlxxxt_b_wharf_kpi_df,day,character varying,日期,码头接单情况,candidate_safe,low,字段已有注释，无同名字段冲突，可安全纳入训练候选。
stg_sjtysj_cbwrwxtzlxxxt_b_wharf_kpi_df,shlj_num,numeric,生活垃圾接收量,码头接单情况,candidate_safe,low,字段已有注释，无同名字段冲突，可安全纳入训练候选。
stg_sjtysj_cbwrwxtzlxxxt_b_wharf_kpi_df,shws_num,numeric,生活污水接收量,码头接单情况,candidate_safe,low,字段已有注释，无同名字段冲突，可安全纳入训练候选。
stg_sjtysj_cbwrwxtzlxxxt_b_wharf_kpi_df,hyws_num,numeric,含油污水接收量,码头接单情况,candidate_safe,low,字段已有注释，无同名字段冲突，可安全纳入训练候选。
stg_sjtysj_cbwrwxtzlxxxt_b_wharf_kpi_df,fy_num,numeric,废油接收量,码头接单情况,candidate_safe,low,字段已有注释，无同名字段冲突，可安全纳入训练候选。
stg_sjtysj_cbwrwxtzlxxxt_b_wharf_kpi_df,order_count,bigint,接收单数,码头接单情况,candidate_safe,low,字段已有注释，无同名字段冲突，可安全纳入训练候选。
stg_sjtysj_cbwrwxtzlxxxt_b_wharf_kpi_df,dt,character varying,分区日期,码头接单情况,candidate_safe,low,字段已有注释，无同名字段冲突，可安全纳入训练候选。
stg_sjtysj_cbwrwxtzlxxxt_p_apply_detail_df,remain_num,character varying,剩余数量,污染物接收明细,candidate_safe,low,字段已有注释，无同名字段冲突，可安全纳入训练候选。
stg_sjtysj_cbwrwxtzlxxxt_p_apply_detail_df,amount,numeric,金额,污染物接收明细,candidate_safe,low,字段已有注释，无同名字段冲突，可安全纳入训练候选。
stg_sjtysj_cbwrwxtzlxxxt_p_apply_detail_df,apply_picture,character varying,申请照,污染物接收明细,candidate_safe,low,字段已有注释，无同名字段冲突，可安全纳入训练候选。
stg_sjtysj_cbwrwxtzlxxxt_p_apply_detail_df,receive_picture,character varying,接收船舶照片,污染物接收明细,candidate_safe,low,字段已有注释，无同名字段冲突，可安全纳入训练候选。
stg_sjtysj_cbwrwxtzlxxxt_p_apply_detail_df,apply_trans_picture,character varying,接收船舶申请转运照片,污染物接收明细,candidate_safe,low,字段已有注释，无同名字段冲突，可安全纳入训练候选。
stg_sjtysj_cbwrwxtzlxxxt_p_apply_detail_df,trans_picture,character varying,转运车辆照片,污染物接收明细,candidate_safe,low,字段已有注释，无同名字段冲突，可安全纳入训练候选。
stg_sjtysj_cbwrwxtzlxxxt_p_apply_detail_df,handle_picture,character varying,处理照片,污染物接收明细,candidate_safe,low,字段已有注释，无同名字段冲突，可安全纳入训练候选。
stg_sjtysj_cbwrwxtzlxxxt_p_apply_detail_df,trans_status,bigint,转运状态,污染物接收明细,candidate_safe,low,字段已有注释，无同名字段冲突，可安全纳入训练候选。
stg_sjtysj_cbwrwxtzlxxxt_p_apply_detail_df,dt,character varying,分区日期,污染物接收明细,candidate_safe,low,字段已有注释，无同名字段冲突，可安全纳入训练候选。
stg_sjtysj_cbwrwxtzlxxxt_p_ashore_apply_df,port_id,bigint,港口id,污染物接收表,candidate_safe,low,字段已有注释，无同名字段冲突，可安全纳入训练候选。
stg_sjtysj_cbwrwxtzlxxxt_p_ashore_apply_df,ship_name,character varying,船名,污染物接收表,candidate_safe,low,字段已有注释，无同名字段冲突，可安全纳入训练候选。
stg_sjtysj_cbwrwxtzlxxxt_p_ashore_apply_df,ship_nation,character varying,船舶国籍,污染物接收表,candidate_safe,low,字段已有注释，无同名字段冲突，可安全纳入训练候选。
stg_sjtysj_cbwrwxtzlxxxt_p_ashore_apply_df,amount,numeric,金额,污染物接收表,candidate_safe,low,字段已有注释，无同名字段冲突，可安全纳入训练候选。
stg_sjtysj_cbwrwxtzlxxxt_p_ashore_apply_df,app_id,character varying,申请照id,污染物接收表,candidate_safe,low,字段已有注释，无同名字段冲突，可安全纳入训练候选。
stg_sjtysj_cbwrwxtzlxxxt_p_ashore_apply_df,confirm_date,timestamp without time zone,确认时间,污染物接收表,candidate_safe,low,字段已有注释，无同名字段冲突，可安全纳入训练候选。
stg_sjtysj_cbwrwxtzlxxxt_p_ashore_apply_df,confirm_id,character varying,确认照id,污染物接收表,candidate_safe,low,字段已有注释，无同名字段冲突，可安全纳入训练候选。
stg_sjtysj_cbwrwxtzlxxxt_p_ashore_apply_df,receive_ship_id,bigint,接收船舶id,污染物接收表,candidate_safe,low,字段已有注释，无同名字段冲突，可安全纳入训练候选。
stg_sjtysj_cbwrwxtzlxxxt_p_ashore_apply_df,receive_ship_nation,character varying,接收船舶国籍,污染物接收表,candidate_safe,low,字段已有注释，无同名字段冲突，可安全纳入训练候选。
stg_sjtysj_cbwrwxtzlxxxt_p_ashore_apply_df,delivery_ship_captain,character varying,交付船舶船长,污染物接收表,candidate_safe,low,字段已有注释，无同名字段冲突，可安全纳入训练候选。
stg_sjtysj_cbwrwxtzlxxxt_p_ashore_apply_df,receive_ship_captain,character varying,接收船舶船长,污染物接收表,candidate_safe,low,字段已有注释，无同名字段冲突，可安全纳入训练候选。
stg_sjtysj_cbwrwxtzlxxxt_p_ashore_apply_df,receive_ship_captain_phone,character varying,接收船舶船长联系方式,污染物接收表,candidate_safe,low,字段已有注释，无同名字段冲突，可安全纳入训练候选。
stg_sjtysj_cbwrwxtzlxxxt_p_ashore_apply_df,receive_company,character varying,接收单位,污染物接收表,candidate_safe,low,字段已有注释，无同名字段冲突，可安全纳入训练候选。
stg_sjtysj_cbwrwxtzlxxxt_p_ashore_apply_df,receive_person,character varying,接收人,污染物接收表,candidate_safe,low,字段已有注释，无同名字段冲突，可安全纳入训练候选。
stg_sjtysj_cbwrwxtzlxxxt_p_ashore_apply_df,receive_date,timestamp without time zone,接收时间：当状态为：yjs,污染物接收表,candidate_safe,low,字段已有注释，无同名字段冲突，可安全纳入训练候选。
stg_sjtysj_cbwrwxtzlxxxt_p_ashore_apply_df,complete_receive_date,timestamp without time zone,完成接收时间,污染物接收表,candidate_safe,low,字段已有注释，无同名字段冲突，可安全纳入训练候选。
stg_sjtysj_cbwrwxtzlxxxt_p_ashore_apply_df,goods_type,character varying,货物种类,污染物接收表,candidate_safe,low,字段已有注释，无同名字段冲突，可安全纳入训练候选。
stg_sjtysj_cbwrwxtzlxxxt_p_ashore_apply_df,actual_tons,numeric,实载吨位,污染物接收表,candidate_safe,low,字段已有注释，无同名字段冲突，可安全纳入训练候选。
stg_sjtysj_cbwrwxtzlxxxt_p_ashore_apply_df,standard_container_num,numeric,标箱数量,污染物接收表,candidate_safe,low,字段已有注释，无同名字段冲突，可安全纳入训练候选。
stg_sjtysj_cbwrwxtzlxxxt_p_ashore_apply_df,domestic_trade_num,numeric,内贸数量,污染物接收表,candidate_safe,low,字段已有注释，无同名字段冲突，可安全纳入训练候选。
stg_sjtysj_cbwrwxtzlxxxt_p_ashore_apply_df,foreign_trade_num,numeric,外贸数量,污染物接收表,candidate_safe,low,字段已有注释，无同名字段冲突，可安全纳入训练候选。
stg_sjtysj_cbwrwxtzlxxxt_p_ashore_apply_df,actual_crew_num,bigint,实际船员人数,污染物接收表,candidate_safe,low,字段已有注释，无同名字段冲突，可安全纳入训练候选。
stg_sjtysj_cbwrwxtzlxxxt_p_ashore_apply_df,actual_poll_type,character varying,实际污染物类型,污染物接收表,candidate_safe,low,字段已有注释，无同名字段冲突，可安全纳入训练候选。
stg_sjtysj_cbwrwxtzlxxxt_p_ashore_apply_df,actual_poll_num,numeric,实际污染物数量,污染物接收表,candidate_safe,low,字段已有注释，无同名字段冲突，可安全纳入训练候选。
stg_sjtysj_cbwrwxtzlxxxt_p_ashore_apply_df,actual_poll_unit,character varying,实际污染物单位,污染物接收表,candidate_safe,low,字段已有注释，无同名字段冲突，可安全纳入训练候选。
stg_sjtysj_cbwrwxtzlxxxt_p_ashore_apply_df,expected_delivery_time,timestamp without time zone,期望交付时间,污染物接收表,candidate_safe,low,字段已有注释，无同名字段冲突，可安全纳入训练候选。
stg_sjtysj_cbwrwxtzlxxxt_p_ashore_apply_df,reject_reason,character varying,拒收理由,污染物接收表,candidate_safe,low,字段已有注释，无同名字段冲突，可安全纳入训练候选。
stg_sjtysj_cbwrwxtzlxxxt_p_ashore_apply_df,shlj_time,character varying,生活垃圾说明,污染物接收表,candidate_safe,low,字段已有注释，无同名字段冲突，可安全纳入训练候选。
stg_sjtysj_cbwrwxtzlxxxt_p_ashore_apply_df,fy_text,character varying,费油说明,污染物接收表,candidate_safe,low,字段已有注释，无同名字段冲突，可安全纳入训练候选。
stg_sjtysj_cbwrwxtzlxxxt_p_ashore_apply_df,hyws_text,character varying,含油污水,污染物接收表,candidate_safe,low,字段已有注释，无同名字段冲突，可安全纳入训练候选。
stg_sjtysj_cbwrwxtzlxxxt_p_ashore_apply_df,shws_text,character varying,生活污水说明,污染物接收表,candidate_safe,low,字段已有注释，无同名字段冲突，可安全纳入训练候选。
stg_sjtysj_cbwrwxtzlxxxt_p_ashore_apply_df,ypj_status,character varying,是否已评价状态,污染物接收表,candidate_safe,low,字段已有注释，无同名字段冲突，可安全纳入训练候选。
stg_sjtysj_cbwrwxtzlxxxt_p_ashore_apply_df,deliverer,character varying,交付人,污染物接收表,candidate_safe,low,字段已有注释，无同名字段冲突，可安全纳入训练候选。
stg_sjtysj_cbwrwxtzlxxxt_p_ashore_apply_df,cex_data_source,bigint,0:预约 1:扫码（码头） 3: 扫码(车船),污染物接收表,candidate_safe,low,字段已有注释，无同名字段冲突，可安全纳入训练候选。
stg_sjtysj_cbwrwxtzlxxxt_p_ashore_apply_df,qrcode_confirm_flag,bigint,扫码交互，是否确认过 0：未确认 1：已确认 是否有填报货种货量标志,污染物接收表,candidate_safe,low,字段已有注释，无同名字段冲突，可安全纳入训练候选。
stg_sjtysj_cbwrwxtzlxxxt_p_ashore_apply_df,qrcode_confirm_time,timestamp without time zone,扫码交互确认时间（填报货种货量时间）,污染物接收表,candidate_safe,low,字段已有注释，无同名字段冲突，可安全纳入训练候选。
stg_sjtysj_cbwrwxtzlxxxt_p_ashore_apply_df,dt,character varying,分区日期,污染物接收表,candidate_safe,low,字段已有注释，无同名字段冲突，可安全纳入训练候选。
stg_sjtysj_cbwrwxtzlxxxt_p_handover_trans_detail_df,dt,character varying,分区日期,污染物转运B流程明细单,candidate_safe,low,字段已有注释，无同名字段冲突，可安全纳入训练候选。
stg_sjtysj_cbwrwxtzlxxxt_p_handover_trans_df,cc_status,character varying, 后续存储状态 wsq：未申请， dcc : 待存储，ycc : 已存储,污染物转运B流程,candidate_safe,low,字段已有注释，无同名字段冲突，可安全纳入训练候选。
stg_sjtysj_cbwrwxtzlxxxt_p_handover_trans_df,trans_subject_type,character varying,转运主体类型 0:接收船舶 1:转运车辆,污染物转运B流程,candidate_safe,low,字段已有注释，无同名字段冲突，可安全纳入训练候选。
stg_sjtysj_cbwrwxtzlxxxt_p_handover_trans_df,trans_subject_id,bigint,转运主体id,污染物转运B流程,candidate_safe,low,字段已有注释，无同名字段冲突，可安全纳入训练候选。
stg_sjtysj_cbwrwxtzlxxxt_p_handover_trans_df,trans_subject_name,character varying,转运主体名称（船名、车牌号）,污染物转运B流程,candidate_safe,low,字段已有注释，无同名字段冲突，可安全纳入训练候选。
stg_sjtysj_cbwrwxtzlxxxt_p_handover_trans_df,trans_subject_contact_person,character varying,转运主体联系人,污染物转运B流程,candidate_safe,low,字段已有注释，无同名字段冲突，可安全纳入训练候选。
stg_sjtysj_cbwrwxtzlxxxt_p_handover_trans_df,trans_subject_contact_telephone,character varying,转运主体联系方式,污染物转运B流程,candidate_safe,low,字段已有注释，无同名字段冲突，可安全纳入训练候选。
stg_sjtysj_cbwrwxtzlxxxt_p_handover_trans_df,trans_subject_company,character varying,转运主体所属公司,污染物转运B流程,candidate_safe,low,字段已有注释，无同名字段冲突，可安全纳入训练候选。
stg_sjtysj_cbwrwxtzlxxxt_p_handover_trans_df,confirm_receive_time,character varying,转运主体确认接收完成时间（点击按钮的时间）,污染物转运B流程,candidate_safe,low,字段已有注释，无同名字段冲突，可安全纳入训练候选。
stg_sjtysj_cbwrwxtzlxxxt_p_handover_trans_df,receive_complete_time,character varying,接收完成时间,污染物转运B流程,candidate_safe,low,字段已有注释，无同名字段冲突，可安全纳入训练候选。
stg_sjtysj_cbwrwxtzlxxxt_p_handover_trans_df,poll_weight_num,numeric,污染物数量,污染物转运B流程,candidate_safe,low,字段已有注释，无同名字段冲突，可安全纳入训练候选。
stg_sjtysj_cbwrwxtzlxxxt_p_handover_trans_df,apply_wharf_id,bigint,申请码头id,污染物转运B流程,candidate_safe,low,字段已有注释，无同名字段冲突，可安全纳入训练候选。
stg_sjtysj_cbwrwxtzlxxxt_p_handover_trans_df,apply_wharf_name,character varying,申请码头名称,污染物转运B流程,candidate_safe,low,字段已有注释，无同名字段冲突，可安全纳入训练候选。
stg_sjtysj_cbwrwxtzlxxxt_p_handover_trans_df,apply_wharf_company,character varying,申请码头所属公司 （没有的填入码头名称）,污染物转运B流程,candidate_safe,low,字段已有注释，无同名字段冲突，可安全纳入训练候选。
stg_sjtysj_cbwrwxtzlxxxt_p_handover_trans_df,apply_anchorage_name,character varying,交互水域,污染物转运B流程,candidate_safe,low,字段已有注释，无同名字段冲突，可安全纳入训练候选。
stg_sjtysj_cbwrwxtzlxxxt_p_handover_trans_df,apply_contact_person,character varying,申请-联系人,污染物转运B流程,candidate_safe,low,字段已有注释，无同名字段冲突，可安全纳入训练候选。
stg_sjtysj_cbwrwxtzlxxxt_p_handover_trans_df,apply_contact_telephone,character varying,申请-联系人手机号,污染物转运B流程,candidate_safe,low,字段已有注释，无同名字段冲突，可安全纳入训练候选。
stg_sjtysj_cbwrwxtzlxxxt_p_handover_trans_df,target_wharf_id,bigint,目的地码头id （注：目的码头界面上看不到该单据）,污染物转运B流程,candidate_safe,low,字段已有注释，无同名字段冲突，可安全纳入训练候选。
stg_sjtysj_cbwrwxtzlxxxt_p_handover_trans_df,target_wharf_name,character varying,目的地码头名称,污染物转运B流程,candidate_safe,low,字段已有注释，无同名字段冲突，可安全纳入训练候选。
stg_sjtysj_cbwrwxtzlxxxt_p_handover_trans_df,trans_start_time,character varying,交互时间（转运开始时间）,污染物转运B流程,candidate_safe,low,字段已有注释，无同名字段冲突，可安全纳入训练候选。
stg_sjtysj_cbwrwxtzlxxxt_p_handover_trans_df,trans_complete_time,character varying,转运完成时间,污染物转运B流程,candidate_safe,low,字段已有注释，无同名字段冲突，可安全纳入训练候选。
stg_sjtysj_cbwrwxtzlxxxt_p_handover_trans_df,apply_img_path,character varying,申请转运照片,污染物转运B流程,candidate_safe,low,字段已有注释，无同名字段冲突，可安全纳入训练候选。
stg_sjtysj_cbwrwxtzlxxxt_p_handover_trans_df,remarks,character varying,备注,污染物转运B流程,candidate_safe,low,字段已有注释，无同名字段冲突，可安全纳入训练候选。
stg_sjtysj_cbwrwxtzlxxxt_p_handover_trans_df,dt,character varying,分区日期,污染物转运B流程,candidate_safe,low,字段已有注释，无同名字段冲突，可安全纳入训练候选。
stg_sjtysj_cbwrwxtzlxxxt_p_receive_storage_df,apply_detail_id,bigint,id,污染物存储明细单,candidate_safe,low,字段已有注释，无同名字段冲突，可安全纳入训练候选。
stg_sjtysj_cbwrwxtzlxxxt_p_receive_storage_df,dt,character varying,分区日期,污染物存储明细单,candidate_safe,low,字段已有注释，无同名字段冲突，可安全纳入训练候选。
stg_sjtysj_cbwrwxtzlxxxt_p_trans_apply_detail_df,trans_apply_line,bigint,转运申请行,污染物转运处置明细单,candidate_safe,low,字段已有注释，无同名字段冲突，可安全纳入训练候选。
stg_sjtysj_cbwrwxtzlxxxt_p_trans_apply_detail_df,receive_line,bigint,接收申请行,污染物转运处置明细单,candidate_safe,low,字段已有注释，无同名字段冲突，可安全纳入训练候选。
stg_sjtysj_cbwrwxtzlxxxt_p_trans_apply_detail_df,ashore_apply_no,character varying,接收申请号,污染物转运处置明细单,candidate_safe,low,字段已有注释，无同名字段冲突，可安全纳入训练候选。
stg_sjtysj_cbwrwxtzlxxxt_p_trans_apply_detail_df,dt,character varying,分区日期,污染物转运处置明细单,candidate_safe,low,字段已有注释，无同名字段冲突，可安全纳入训练候选。
stg_sjtysj_cbwrwxtzlxxxt_p_trans_apply_df,delivery_company_name,character varying,交付单位,污染物转运处置表,candidate_safe,low,字段已有注释，无同名字段冲突，可安全纳入训练候选。
stg_sjtysj_cbwrwxtzlxxxt_p_trans_apply_df,delivery_ship_name,character varying,交付船舶名,污染物转运处置表,candidate_safe,low,字段已有注释，无同名字段冲突，可安全纳入训练候选。
stg_sjtysj_cbwrwxtzlxxxt_p_trans_apply_df,delivery_ship_nation,character varying,船舶国籍,污染物转运处置表,candidate_safe,low,字段已有注释，无同名字段冲突，可安全纳入训练候选。
stg_sjtysj_cbwrwxtzlxxxt_p_trans_apply_df,delivery_ship_caption,character varying,交付船舶船长,污染物转运处置表,candidate_safe,low,字段已有注释，无同名字段冲突，可安全纳入训练候选。
stg_sjtysj_cbwrwxtzlxxxt_p_trans_apply_df,delivery_ship_caption_tel,character varying,船长联系方式,污染物转运处置表,candidate_safe,low,字段已有注释，无同名字段冲突，可安全纳入训练候选。
stg_sjtysj_cbwrwxtzlxxxt_p_trans_apply_df,car_id,bigint,车辆id,污染物转运处置表,candidate_safe,low,字段已有注释，无同名字段冲突，可安全纳入训练候选。
stg_sjtysj_cbwrwxtzlxxxt_p_trans_apply_df,car_driver,character varying,转运车辆驾驶员姓名：,污染物转运处置表,candidate_safe,low,字段已有注释，无同名字段冲突，可安全纳入训练候选。
stg_sjtysj_cbwrwxtzlxxxt_p_trans_apply_df,car_driver_tel,character varying,联系方式,污染物转运处置表,candidate_safe,low,字段已有注释，无同名字段冲突，可安全纳入训练候选。
stg_sjtysj_cbwrwxtzlxxxt_p_trans_apply_df,trans_address,character varying,转运地址,污染物转运处置表,candidate_safe,low,字段已有注释，无同名字段冲突，可安全纳入训练候选。
stg_sjtysj_cbwrwxtzlxxxt_p_trans_apply_df,commit_num,numeric,提交数,污染物转运处置表,candidate_safe,low,字段已有注释，无同名字段冲突，可安全纳入训练候选。
stg_sjtysj_cbwrwxtzlxxxt_p_trans_apply_df,trans_num,numeric,转运数,污染物转运处置表,candidate_safe,low,字段已有注释，无同名字段冲突，可安全纳入训练候选。
stg_sjtysj_cbwrwxtzlxxxt_p_trans_apply_df,hander_num,numeric,处置数,污染物转运处置表,candidate_safe,low,字段已有注释，无同名字段冲突，可安全纳入训练候选。
stg_sjtysj_cbwrwxtzlxxxt_p_trans_apply_df,confirm_date,timestamp without time zone,确认时间,污染物转运处置表,candidate_safe,low,字段已有注释，无同名字段冲突，可安全纳入训练候选。
stg_sjtysj_cbwrwxtzlxxxt_p_trans_apply_df,recycle_company_id,bigint,回收单位id,污染物转运处置表,candidate_safe,low,字段已有注释，无同名字段冲突，可安全纳入训练候选。
stg_sjtysj_cbwrwxtzlxxxt_p_trans_apply_df,recycle_company_name,character varying,回收单位名,污染物转运处置表,candidate_safe,low,字段已有注释，无同名字段冲突，可安全纳入训练候选。
stg_sjtysj_cbwrwxtzlxxxt_p_trans_apply_df,recycle_person,character varying,回收人,污染物转运处置表,candidate_safe,low,字段已有注释，无同名字段冲突，可安全纳入训练候选。
stg_sjtysj_cbwrwxtzlxxxt_p_trans_apply_df,recycle_phone,character varying,回收人联系方式,污染物转运处置表,candidate_safe,low,字段已有注释，无同名字段冲突，可安全纳入训练候选。
stg_sjtysj_cbwrwxtzlxxxt_p_trans_apply_df,delivery_address,character varying,交付地点,污染物转运处置表,candidate_safe,low,字段已有注释，无同名字段冲突，可安全纳入训练候选。
stg_sjtysj_cbwrwxtzlxxxt_p_trans_apply_df,hander_by,character varying,处置人,污染物转运处置表,candidate_safe,low,字段已有注释，无同名字段冲突，可安全纳入训练候选。
stg_sjtysj_cbwrwxtzlxxxt_p_trans_apply_df,hander_date,timestamp without time zone,处置时间,污染物转运处置表,candidate_safe,low,字段已有注释，无同名字段冲突，可安全纳入训练候选。
stg_sjtysj_cbwrwxtzlxxxt_p_trans_apply_df,hander_comp,character varying,处置单位,污染物转运处置表,candidate_safe,low,字段已有注释，无同名字段冲突，可安全纳入训练候选。
stg_sjtysj_cbwrwxtzlxxxt_p_trans_apply_df,hander_tel,character varying,处置人联系方式,污染物转运处置表,candidate_safe,low,字段已有注释，无同名字段冲突，可安全纳入训练候选。
stg_sjtysj_cbwrwxtzlxxxt_p_trans_apply_df,process_address,character varying,处置地址 ,污染物转运处置表,candidate_safe,low,字段已有注释，无同名字段冲突，可安全纳入训练候选。
stg_sjtysj_cbwrwxtzlxxxt_p_trans_apply_df,apply_recyclable_trash,numeric,申请可回收垃圾数量,污染物转运处置表,candidate_safe,low,字段已有注释，无同名字段冲突，可安全纳入训练候选。
stg_sjtysj_cbwrwxtzlxxxt_p_trans_apply_df,apply_kitchen_trash,numeric,申请厨余垃圾数量,污染物转运处置表,candidate_safe,low,字段已有注释，无同名字段冲突，可安全纳入训练候选。
stg_sjtysj_cbwrwxtzlxxxt_p_trans_apply_df,apply_other_trash,numeric,申请其他垃圾数量,污染物转运处置表,candidate_safe,low,字段已有注释，无同名字段冲突，可安全纳入训练候选。
stg_sjtysj_cbwrwxtzlxxxt_p_trans_apply_df,apply_harmful_trash,numeric,申请有害垃圾数量,污染物转运处置表,candidate_safe,low,字段已有注释，无同名字段冲突，可安全纳入训练候选。
stg_sjtysj_cbwrwxtzlxxxt_p_trans_apply_df,receive_recyclable_trash,numeric,接收可回收垃圾数量,污染物转运处置表,candidate_safe,low,字段已有注释，无同名字段冲突，可安全纳入训练候选。
stg_sjtysj_cbwrwxtzlxxxt_p_trans_apply_df,trans_kitchen_trash,numeric,转运厨余垃圾数量,污染物转运处置表,candidate_safe,low,字段已有注释，无同名字段冲突，可安全纳入训练候选。
stg_sjtysj_cbwrwxtzlxxxt_p_trans_apply_df,trans_other_trash,numeric,转运其他垃圾数量,污染物转运处置表,candidate_safe,low,字段已有注释，无同名字段冲突，可安全纳入训练候选。
stg_sjtysj_cbwrwxtzlxxxt_p_trans_apply_df,trans_harmful_trash,numeric,转运有害垃圾数量,污染物转运处置表,candidate_safe,low,字段已有注释，无同名字段冲突，可安全纳入训练候选。
stg_sjtysj_cbwrwxtzlxxxt_p_trans_apply_df,process_kitchen_trash,numeric,处置厨余垃圾数量,污染物转运处置表,candidate_safe,low,字段已有注释，无同名字段冲突，可安全纳入训练候选。
stg_sjtysj_cbwrwxtzlxxxt_p_trans_apply_df,process_other_trash,numeric,处置其他垃圾数量,污染物转运处置表,candidate_safe,low,字段已有注释，无同名字段冲突，可安全纳入训练候选。
stg_sjtysj_cbwrwxtzlxxxt_p_trans_apply_df,process_harmful_trash,numeric,处置有害垃圾数量,污染物转运处置表,candidate_safe,low,字段已有注释，无同名字段冲突，可安全纳入训练候选。
stg_sjtysj_cbwrwxtzlxxxt_p_trans_apply_df,recycle_pic,character varying,回收照片,污染物转运处置表,candidate_safe,low,字段已有注释，无同名字段冲突，可安全纳入训练候选。
stg_sjtysj_cbwrwxtzlxxxt_p_trans_apply_df,recycle_remarks,character varying,回收备注,污染物转运处置表,candidate_safe,low,字段已有注释，无同名字段冲突，可安全纳入训练候选。
stg_sjtysj_cbwrwxtzlxxxt_p_trans_apply_df,apply_trans_pic,character varying,接收船舶申请转运照片,污染物转运处置表,candidate_safe,low,字段已有注释，无同名字段冲突，可安全纳入训练候选。
stg_sjtysj_cbwrwxtzlxxxt_p_trans_apply_df,car_trans_pic,character varying,车辆转运作业照片,污染物转运处置表,candidate_safe,low,字段已有注释，无同名字段冲突，可安全纳入训练候选。
stg_sjtysj_cbwrwxtzlxxxt_p_trans_apply_df,car_trans_remarks,character varying,转运车辆备注,污染物转运处置表,candidate_safe,low,字段已有注释，无同名字段冲突，可安全纳入训练候选。
stg_sjtysj_cbwrwxtzlxxxt_p_trans_apply_df,handle_pic,character varying,实际处置照片,污染物转运处置表,candidate_safe,low,字段已有注释，无同名字段冲突，可安全纳入训练候选。
stg_sjtysj_cbwrwxtzlxxxt_p_trans_apply_df,handle_remarks,character varying,实际处置备注,污染物转运处置表,candidate_safe,low,字段已有注释，无同名字段冲突，可安全纳入训练候选。
stg_sjtysj_cbwrwxtzlxxxt_p_trans_apply_df,process_pdf,character varying,处置pdf,污染物转运处置表,candidate_safe,low,字段已有注释，无同名字段冲突，可安全纳入训练候选。
stg_sjtysj_cbwrwxtzlxxxt_p_trans_apply_df,pdf_trans_img_url,character varying,转运时生成pdf转图片地址,污染物转运处置表,candidate_safe,low,字段已有注释，无同名字段冲突，可安全纳入训练候选。
stg_sjtysj_cbwrwxtzlxxxt_p_trans_apply_df,landing_time,timestamp without time zone,靠岸时间,污染物转运处置表,candidate_safe,low,字段已有注释，无同名字段冲突，可安全纳入训练候选。
stg_sjtysj_cbwrwxtzlxxxt_p_trans_apply_df,withdrawal_stats,character varying,撤回状态:1.待转运撤回，2.待转运修改,污染物转运处置表,candidate_safe,low,字段已有注释，无同名字段冲突，可安全纳入训练候选。
stg_sjtysj_cbwrwxtzlxxxt_p_trans_apply_df,wharf_mobile,character varying,码头联系方式,污染物转运处置表,candidate_safe,low,字段已有注释，无同名字段冲突，可安全纳入训练候选。
stg_sjtysj_cbwrwxtzlxxxt_p_trans_apply_df,trans_vo,character varying,船e行转运单证号,污染物转运处置表,candidate_safe,low,字段已有注释，无同名字段冲突，可安全纳入训练候选。
stg_sjtysj_cbwrwxtzlxxxt_p_trans_apply_df,process_vo,character varying,船e行处置单证号,污染物转运处置表,candidate_safe,low,字段已有注释，无同名字段冲突，可安全纳入训练候选。
stg_sjtysj_cbwrwxtzlxxxt_p_trans_apply_df,trans_vo_time,character varying,推送船e行转运时间,污染物转运处置表,candidate_safe,low,字段已有注释，无同名字段冲突，可安全纳入训练候选。
stg_sjtysj_cbwrwxtzlxxxt_p_trans_apply_df,process_vo_time,character varying,推送船e行处置时间,污染物转运处置表,candidate_safe,low,字段已有注释，无同名字段冲突，可安全纳入训练候选。
stg_sjtysj_cbwrwxtzlxxxt_p_trans_apply_df,delivery_subject_type,character varying,申请主体类型 4: 码头; 0:接收船舶,污染物转运处置表,candidate_safe,low,字段已有注释，无同名字段冲突，可安全纳入训练候选。
stg_sjtysj_cbwrwxtzlxxxt_p_trans_apply_df,delivery_subject_id,bigint,申请主体id,污染物转运处置表,candidate_safe,low,字段已有注释，无同名字段冲突，可安全纳入训练候选。
stg_sjtysj_cbwrwxtzlxxxt_p_trans_apply_df,confirm_trans_time,timestamp without time zone,确认转运时间,污染物转运处置表,candidate_safe,low,字段已有注释，无同名字段冲突，可安全纳入训练候选。
stg_sjtysj_cbwrwxtzlxxxt_p_trans_apply_df,confirm_process_time,timestamp without time zone,确认处置时间,污染物转运处置表,candidate_safe,low,字段已有注释，无同名字段冲突，可安全纳入训练候选。
stg_sjtysj_cbwrwxtzlxxxt_p_trans_apply_df,dt,character varying,分区日期,污染物转运处置表,candidate_safe,low,字段已有注释，无同名字段冲突，可安全纳入训练候选。
stg_sjtysj_cbwrwxtzlxxxt_p_wharf_storage_df,receive_company_name,character varying,接收船舶公司名,污染物码头存储表,candidate_safe,low,字段已有注释，无同名字段冲突，可安全纳入训练候选。
stg_sjtysj_cbwrwxtzlxxxt_p_wharf_storage_df,receive_ship_caption,character varying,接收船船长,污染物码头存储表,candidate_safe,low,字段已有注释，无同名字段冲突，可安全纳入训练候选。
stg_sjtysj_cbwrwxtzlxxxt_p_wharf_storage_df,receive_ship_caption_tel,character varying,接收船船长电话,污染物码头存储表,candidate_safe,low,字段已有注释，无同名字段冲突，可安全纳入训练候选。
stg_sjtysj_cbwrwxtzlxxxt_p_wharf_storage_df,confirm_date,timestamp without time zone,确认时间,污染物码头存储表,candidate_safe,low,字段已有注释，无同名字段冲突，可安全纳入训练候选。
stg_sjtysj_cbwrwxtzlxxxt_p_wharf_storage_df,remarks,character varying,备注,污染物码头存储表,candidate_safe,low,字段已有注释，无同名字段冲突，可安全纳入训练候选。
stg_sjtysj_cbwrwxtzlxxxt_p_wharf_storage_df,picture,character varying,图片地址,污染物码头存储表,candidate_safe,low,字段已有注释，无同名字段冲突，可安全纳入训练候选。
stg_sjtysj_cbwrwxtzlxxxt_p_wharf_storage_df,receive_area,character varying,接收水域,污染物码头存储表,candidate_safe,low,字段已有注释，无同名字段冲突，可安全纳入训练候选。
stg_sjtysj_cbwrwxtzlxxxt_p_wharf_storage_df,storage_order_pdf,character varying,存储联单地址,污染物码头存储表,candidate_safe,low,字段已有注释，无同名字段冲突，可安全纳入训练候选。
stg_sjtysj_cbwrwxtzlxxxt_p_wharf_storage_df,storage_order_img,character varying,存储联单图片地址,污染物码头存储表,candidate_safe,low,字段已有注释，无同名字段冲突，可安全纳入训练候选。
stg_sjtysj_cbwrwxtzlxxxt_p_wharf_storage_df,handover_trans_no,character varying,前置szy单单号（可空）,污染物码头存储表,candidate_safe,low,字段已有注释，无同名字段冲突，可安全纳入训练候选。
stg_sjtysj_cbwrwxtzlxxxt_p_wharf_storage_df,dt,character varying,分区日期,污染物码头存储表,candidate_safe,low,字段已有注释，无同名字段冲突，可安全纳入训练候选。
stg_sslhhpj_hbsxkqycszhslzhglptjsxm_att_bas_base_df,bas_code,character varying,流域代码,流域基础信息,candidate_safe,low,字段已有注释，无同名字段冲突，可安全纳入训练候选。
stg_sslhhpj_hbsxkqycszhslzhglptjsxm_att_bas_base_df,bas_name,character varying,流域名称,流域基础信息,candidate_safe,low,字段已有注释，无同名字段冲突，可安全纳入训练候选。
stg_sslhhpj_hbsxkqycszhslzhglptjsxm_att_bas_base_df,parent_bas_code,character varying,父级流域代码,流域基础信息,candidate_safe,low,字段已有注释，无同名字段冲突，可安全纳入训练候选。
stg_sslhhpj_hbsxkqycszhslzhglptjsxm_att_bas_base_df,businessid,character varying,统一编码,流域基础信息,candidate_safe,low,字段已有注释，无同名字段冲突，可安全纳入训练候选。
stg_sslhhpj_hbsxkqycszhslzhglptjsxm_att_bas_base_df,low_left_long,numeric,左下角经度,流域基础信息,candidate_safe,low,字段已有注释，无同名字段冲突，可安全纳入训练候选。
stg_sslhhpj_hbsxkqycszhslzhglptjsxm_att_bas_base_df,low_left_lat,numeric,左下角纬度,流域基础信息,candidate_safe,low,字段已有注释，无同名字段冲突，可安全纳入训练候选。
stg_sslhhpj_hbsxkqycszhslzhglptjsxm_att_bas_base_df,up_right_long,numeric,右上角经度,流域基础信息,candidate_safe,low,字段已有注释，无同名字段冲突，可安全纳入训练候选。
stg_sslhhpj_hbsxkqycszhslzhglptjsxm_att_bas_base_df,up_right_lat,numeric,右上角纬度,流域基础信息,candidate_safe,low,字段已有注释，无同名字段冲突，可安全纳入训练候选。
stg_sslhhpj_hbsxkqycszhslzhglptjsxm_att_bas_base_df,cr_over_type,character varying,跨界类型 0未知 1跨国并跨省 2跨国 3跨省 4跨市 5跨县 6县界内,流域基础信息,candidate_safe,low,字段已有注释，无同名字段冲突，可安全纳入训练候选。
stg_sslhhpj_hbsxkqycszhslzhglptjsxm_att_bas_base_df,bas_ad_name,character varying,流域所属行政区,流域基础信息,candidate_safe,low,字段已有注释，无同名字段冲突，可安全纳入训练候选。
stg_sslhhpj_hbsxkqycszhslzhglptjsxm_att_bas_base_df,bas_grad,character varying,流域级别 1 一级流域 2二级流域 3三级流域 4四级流域 5五级流域 6六级流域 ..... .......以此类推,流域基础信息,candidate_safe,low,字段已有注释，无同名字段冲突，可安全纳入训练候选。
stg_sslhhpj_hbsxkqycszhslzhglptjsxm_att_bas_base_df,bas_area,numeric,流域面积,流域基础信息,candidate_safe,low,字段已有注释，无同名字段冲突，可安全纳入训练候选。
stg_sslhhpj_hbsxkqycszhslzhglptjsxm_att_bas_base_df,bas_source,character varying,流域来源：0-自然资源 1-流域治理划分流域,流域基础信息,candidate_safe,low,字段已有注释，无同名字段冲突，可安全纳入训练候选。
stg_sslhhpj_hbsxkqycszhslzhglptjsxm_att_bas_base_df,coordinates,character varying,地理坐标,流域基础信息,candidate_safe,low,字段已有注释，无同名字段冲突，可安全纳入训练候选。
stg_sslhhpj_hbsxkqycszhslzhglptjsxm_att_bas_base_df,optime,timestamp without time zone,操作时间,流域基础信息,candidate_safe,low,字段已有注释，无同名字段冲突，可安全纳入训练候选。
stg_sslhhpj_hbsxkqycszhslzhglptjsxm_att_bas_base_df,dt,character varying,分区日期,流域基础信息,candidate_safe,low,字段已有注释，无同名字段冲突，可安全纳入训练候选。
stg_sslhhpj_hbsxkqycszhslzhglptjsxm_att_wmst_base_df,wmst_code,character varying,监视点代码,影像监视点基础信息,candidate_safe,low,字段已有注释，无同名字段冲突，可安全纳入训练候选。
stg_sslhhpj_hbsxkqycszhslzhglptjsxm_att_wmst_base_df,wmst_name,character varying,监视点名称,影像监视点基础信息,candidate_safe,low,字段已有注释，无同名字段冲突，可安全纳入训练候选。
stg_sslhhpj_hbsxkqycszhslzhglptjsxm_att_wmst_base_df,businessid,character varying,统一编码,影像监视点基础信息,candidate_safe,low,字段已有注释，无同名字段冲突，可安全纳入训练候选。
stg_sslhhpj_hbsxkqycszhslzhglptjsxm_att_wmst_base_df,wmst_type,character varying,监视点类型(1-图像站 2-视频站),影像监视点基础信息,candidate_safe,low,字段已有注释，无同名字段冲突，可安全纳入训练候选。
stg_sslhhpj_hbsxkqycszhslzhglptjsxm_att_wmst_base_df,wmst_lon,numeric,监视点经度,影像监视点基础信息,candidate_safe,low,字段已有注释，无同名字段冲突，可安全纳入训练候选。
stg_sslhhpj_hbsxkqycszhslzhglptjsxm_att_wmst_base_df,wmst_lat,numeric,监视点纬度,影像监视点基础信息,candidate_safe,low,字段已有注释，无同名字段冲突，可安全纳入训练候选。
stg_sslhhpj_hbsxkqycszhslzhglptjsxm_att_wmst_base_df,wmst_xzc,character varying,监视点所在县镇村,影像监视点基础信息,candidate_safe,low,字段已有注释，无同名字段冲突，可安全纳入训练候选。
stg_sslhhpj_hbsxkqycszhslzhglptjsxm_att_wmst_base_df,wmst_loc,character varying,监视点所在位置(组),影像监视点基础信息,candidate_safe,low,字段已有注释，无同名字段冲突，可安全纳入训练候选。
stg_sslhhpj_hbsxkqycszhslzhglptjsxm_att_wmst_base_df,rv_name,character varying,所在河流名称,影像监视点基础信息,candidate_safe,low,字段已有注释，无同名字段冲突，可安全纳入训练候选。
stg_sslhhpj_hbsxkqycszhslzhglptjsxm_att_wmst_base_df,wmst_obj,character varying,监视对象(水库 河道 湖泊 电站 施工现场),影像监视点基础信息,candidate_safe,low,字段已有注释，无同名字段冲突，可安全纳入训练候选。
stg_sslhhpj_hbsxkqycszhslzhglptjsxm_att_wmst_base_df,object_code,character varying,监控对象编码,影像监视点基础信息,candidate_safe,low,字段已有注释，无同名字段冲突，可安全纳入训练候选。
stg_sslhhpj_hbsxkqycszhslzhglptjsxm_att_wmst_base_df,wmst_status,character varying,设备状态(0-离线 1-在线),影像监视点基础信息,candidate_safe,low,字段已有注释，无同名字段冲突，可安全纳入训练候选。
stg_sslhhpj_hbsxkqycszhslzhglptjsxm_att_wmst_base_df,sbcs,character varying,设备厂商,影像监视点基础信息,candidate_safe,low,字段已有注释，无同名字段冲突，可安全纳入训练候选。
stg_sslhhpj_hbsxkqycszhslzhglptjsxm_att_wmst_base_df,bmgs,character varying,编码格式,影像监视点基础信息,candidate_safe,low,字段已有注释，无同名字段冲突，可安全纳入训练候选。
stg_sslhhpj_hbsxkqycszhslzhglptjsxm_att_wmst_base_df,fbl,character varying,分辨率,影像监视点基础信息,candidate_safe,low,字段已有注释，无同名字段冲突，可安全纳入训练候选。
stg_sslhhpj_hbsxkqycszhslzhglptjsxm_att_wmst_base_df,ktjjfw,character varying,可调焦距范围,影像监视点基础信息,candidate_safe,low,字段已有注释，无同名字段冲突，可安全纳入训练候选。
stg_sslhhpj_hbsxkqycszhslzhglptjsxm_att_wmst_base_df,adminunit,character varying,管理单位,影像监视点基础信息,candidate_safe,low,字段已有注释，无同名字段冲突，可安全纳入训练候选。
stg_sslhhpj_hbsxkqycszhslzhglptjsxm_att_wmst_base_df,drctrdpt,character varying,主管部门,影像监视点基础信息,candidate_safe,low,字段已有注释，无同名字段冲突，可安全纳入训练候选。
stg_sslhhpj_hbsxkqycszhslzhglptjsxm_att_wmst_base_df,adm_dep,character varying,归口管理部门(1-水利部门 2-电力部门 3-农业部门 4-林业部门 5-城建部门 6-航运部门 7-环保部门 9-其他),影像监视点基础信息,candidate_safe,low,字段已有注释，无同名字段冲突，可安全纳入训练候选。
stg_sslhhpj_hbsxkqycszhslzhglptjsxm_att_wmst_base_df,region_source,character varying,组织来源分类,影像监视点基础信息,candidate_safe,low,字段已有注释，无同名字段冲突，可安全纳入训练候选。
stg_sslhhpj_hbsxkqycszhslzhglptjsxm_att_wmst_base_df,sfxs,character varying,是否显示：0-不显示 1-显示,影像监视点基础信息,candidate_safe,low,字段已有注释，无同名字段冲突，可安全纳入训练候选。
stg_sslhhpj_hbsxkqycszhslzhglptjsxm_att_wmst_base_df,optime,timestamp without time zone,操作时间,影像监视点基础信息,candidate_safe,low,字段已有注释，无同名字段冲突，可安全纳入训练候选。
stg_sslhhpj_hbsxkqycszhslzhglptjsxm_att_wmst_base_df,dt,character varying,分区日期,影像监视点基础信息,candidate_safe,low,字段已有注释，无同名字段冲突，可安全纳入训练候选。
stg_sslhhpj_hbsxkqycszhslzhglptjsxm_rcm_rv_lk_res_df,obj_id,character varying,河流id/湖泊id/水库id,河湖库信息表,candidate_safe,low,字段已有注释，无同名字段冲突，可安全纳入训练候选。
stg_sslhhpj_hbsxkqycszhslzhglptjsxm_rcm_rv_lk_res_df,obj_type,character varying,河湖库类型,河湖库信息表,candidate_safe,low,字段已有注释，无同名字段冲突，可安全纳入训练候选。
stg_sslhhpj_hbsxkqycszhslzhglptjsxm_rcm_rv_lk_res_df,obj_code,character varying,河湖库编号,河湖库信息表,candidate_safe,low,字段已有注释，无同名字段冲突，可安全纳入训练候选。
stg_sslhhpj_hbsxkqycszhslzhglptjsxm_rcm_rv_lk_res_df,obj_name,character varying,河湖库名称,河湖库信息表,candidate_safe,low,字段已有注释，无同名字段冲突，可安全纳入训练候选。
stg_sslhhpj_hbsxkqycszhslzhglptjsxm_rcm_rv_lk_res_df,basin_id,character varying,流域id,河湖库信息表,candidate_safe,low,字段已有注释，无同名字段冲突，可安全纳入训练候选。
stg_sslhhpj_hbsxkqycszhslzhglptjsxm_rcm_rv_lk_res_df,iz_del,character varying,是否删除,河湖库信息表,candidate_safe,low,字段已有注释，无同名字段冲突，可安全纳入训练候选。
stg_sslhhpj_hbsxkqycszhslzhglptjsxm_rcm_rv_lk_res_df,water_system,character varying,水系,河湖库信息表,candidate_safe,low,字段已有注释，无同名字段冲突，可安全纳入训练候选。
stg_sslhhpj_hbsxkqycszhslzhglptjsxm_rcm_rv_lk_res_df,dt,character varying,分区日期,河湖库信息表,candidate_safe,low,字段已有注释，无同名字段冲突，可安全纳入训练候选。
stg_sslhhpj_hbsxkqycszhslzhglptjsxm_rel_st_source_df,st_code,character varying,监测站编码,监测站来源分类表,candidate_safe,low,字段已有注释，无同名字段冲突，可安全纳入训练候选。
stg_sslhhpj_hbsxkqycszhslzhglptjsxm_rel_st_source_df,atcunit,character varying,来源分类：水文，山洪，气象，中小水库，三峡库区,监测站来源分类表,candidate_safe,low,字段已有注释，无同名字段冲突，可安全纳入训练候选。
stg_sslhhpj_hbsxkqycszhslzhglptjsxm_rel_st_source_df,dt,character varying,分区日期,监测站来源分类表,candidate_safe,low,字段已有注释，无同名字段冲突，可安全纳入训练候选。
stg_sslhhpj_hbsxkqycszhslzhglptjsxm_warn_stcd_r_df,countywarnid,character varying,countywarnid,预警测站关联表,candidate_safe,low,字段已有注释，无同名字段冲突，可安全纳入训练候选。
stg_sslhhpj_hbsxkqycszhslzhglptjsxm_warn_stcd_r_df,warnid,character varying,预警id,预警测站关联表,candidate_safe,low,字段已有注释，无同名字段冲突，可安全纳入训练候选。
stg_sslhhpj_hbsxkqycszhslzhglptjsxm_warn_stcd_r_df,stcd,character varying,测站编码,预警测站关联表,candidate_safe,low,字段已有注释，无同名字段冲突，可安全纳入训练候选。
stg_sslhhpj_hbsxkqycszhslzhglptjsxm_warn_stcd_r_df,stwarnid,character varying,全局预警编码,预警测站关联表,candidate_safe,low,字段已有注释，无同名字段冲突，可安全纳入训练候选。
stg_sslhhpj_hbsxkqycszhslzhglptjsxm_warn_stcd_r_df,countystwarnid,character varying,测站预警编码,预警测站关联表,candidate_safe,low,字段已有注释，无同名字段冲突，可安全纳入训练候选。
stg_sslhhpj_hbsxkqycszhslzhglptjsxm_warn_stcd_r_df,dt,character varying,分区日期,预警测站关联表,candidate_safe,low,字段已有注释，无同名字段冲突，可安全纳入训练候选。
stg_sslhhpj_hbsxkqycszhslzhglptjsxm_wr_mp_b_df,mp_cd,character varying,监测点代码,监测站(点)-取用水监测点基本信息表,candidate_safe,low,字段已有注释，无同名字段冲突，可安全纳入训练候选。
stg_sslhhpj_hbsxkqycszhslzhglptjsxm_wr_mp_b_df,mp_nm,character varying,监测点名称,监测站(点)-取用水监测点基本信息表,candidate_safe,low,字段已有注释，无同名字段冲突，可安全纳入训练候选。
stg_sslhhpj_hbsxkqycszhslzhglptjsxm_wr_mp_b_df,mp_addr,character varying,监测点地址,监测站(点)-取用水监测点基本信息表,candidate_safe,low,字段已有注释，无同名字段冲突，可安全纳入训练候选。
stg_sslhhpj_hbsxkqycszhslzhglptjsxm_wr_mp_b_df,mp_item,character varying,监测项目,监测站(点)-取用水监测点基本信息表,candidate_safe,low,字段已有注释，无同名字段冲突，可安全纳入训练候选。
stg_sslhhpj_hbsxkqycszhslzhglptjsxm_wr_mp_b_df,sour_tp,character varying,水源类型,监测站(点)-取用水监测点基本信息表,candidate_safe,low,字段已有注释，无同名字段冲突，可安全纳入训练候选。
stg_sslhhpj_hbsxkqycszhslzhglptjsxm_wr_mp_b_df,is_auto,character varying,是否为直接监测,监测站(点)-取用水监测点基本信息表,candidate_safe,low,字段已有注释，无同名字段冲突，可安全纳入训练候选。
stg_sslhhpj_hbsxkqycszhslzhglptjsxm_wr_mp_b_df,ts,timestamp without time zone,时间戳,监测站(点)-取用水监测点基本信息表,candidate_safe,low,字段已有注释，无同名字段冲突，可安全纳入训练候选。
stg_sslhhpj_hbsxkqycszhslzhglptjsxm_wr_mp_b_df,nt,character varying,备注,监测站(点)-取用水监测点基本信息表,candidate_safe,low,字段已有注释，无同名字段冲突，可安全纳入训练候选。
stg_sslhhpj_hbsxkqycszhslzhglptjsxm_wr_mp_b_df,is_argw,character varying,是否为纯农业用水,监测站(点)-取用水监测点基本信息表,candidate_safe,low,字段已有注释，无同名字段冲突，可安全纳入训练候选。
stg_sslhhpj_hbsxkqycszhslzhglptjsxm_wr_mp_b_df,is_stat,character varying,是否参与统计(9:单独过滤掉的站点),监测站(点)-取用水监测点基本信息表,candidate_safe,low,字段已有注释，无同名字段冲突，可安全纳入训练候选。
stg_sslhhpj_hbsxkqycszhslzhglptjsxm_wr_mp_b_df,use_type,character varying,用水类型,监测站(点)-取用水监测点基本信息表,candidate_safe,low,字段已有注释，无同名字段冲突，可安全纳入训练候选。
stg_sslhhpj_hbsxkqycszhslzhglptjsxm_wr_mp_b_df,mon_g,character varying,监控级别,监测站(点)-取用水监测点基本信息表,candidate_safe,low,字段已有注释，无同名字段冲突，可安全纳入训练候选。
stg_sslhhpj_hbsxkqycszhslzhglptjsxm_wr_mp_b_df,wi_type,character varying,取水特征类型,监测站(点)-取用水监测点基本信息表,candidate_safe,low,字段已有注释，无同名字段冲突，可安全纳入训练候选。
stg_sslhhpj_hbsxkqycszhslzhglptjsxm_wr_mp_b_df,mon_rat,numeric,监控比例,监测站(点)-取用水监测点基本信息表,candidate_safe,low,字段已有注释，无同名字段冲突，可安全纳入训练候选。
stg_sslhhpj_hbsxkqycszhslzhglptjsxm_wr_mp_b_df,use_dt,timestamp without time zone,投入使用日期,监测站(点)-取用水监测点基本信息表,candidate_safe,low,字段已有注释，无同名字段冲突，可安全纳入训练候选。
stg_sslhhpj_hbsxkqycszhslzhglptjsxm_wr_mp_b_df,day_max,numeric,日最大取水能力,监测站(点)-取用水监测点基本信息表,candidate_safe,low,字段已有注释，无同名字段冲突，可安全纳入训练候选。
stg_sslhhpj_hbsxkqycszhslzhglptjsxm_wr_mp_b_df,gq_tp,character varying,流量获取方式,监测站(点)-取用水监测点基本信息表,candidate_safe,low,字段已有注释，无同名字段冲突，可安全纳入训练候选。
stg_sslhhpj_hbsxkqycszhslzhglptjsxm_wr_mp_b_df,isuse,character varying,是否启用: 0 停用 1 启用,监测站(点)-取用水监测点基本信息表,candidate_safe,low,字段已有注释，无同名字段冲突，可安全纳入训练候选。
stg_sslhhpj_hbsxkqycszhslzhglptjsxm_wr_mp_b_df,phase,character varying,时期 1 表示一期工程(相应测站设站年月为2016年1月1日前的为一期工程) 2 表示二期工程,监测站(点)-取用水监测点基本信息表,candidate_safe,low,字段已有注释，无同名字段冲突，可安全纳入训练候选。
stg_sslhhpj_hbsxkqycszhslzhglptjsxm_wr_mp_b_df,is_rep_dww,character varying,是否仅报送日水量,监测站(点)-取用水监测点基本信息表,candidate_safe,low,字段已有注释，无同名字段冲突，可安全纳入训练候选。
stg_sslhhpj_hbsxkqycszhslzhglptjsxm_wr_mp_b_df,lon,character varying,经度,监测站(点)-取用水监测点基本信息表,candidate_safe,low,字段已有注释，无同名字段冲突，可安全纳入训练候选。
stg_sslhhpj_hbsxkqycszhslzhglptjsxm_wr_mp_b_df,lat,character varying,纬度,监测站(点)-取用水监测点基本信息表,candidate_safe,low,字段已有注释，无同名字段冲突，可安全纳入训练候选。
stg_sslhhpj_hbsxkqycszhslzhglptjsxm_wr_mp_b_df,dt,character varying,分区日期,监测站(点)-取用水监测点基本信息表,candidate_safe,low,字段已有注释，无同名字段冲突，可安全纳入训练候选。
stg_ycsjtysj_sxhyzssj_base_channel_df,channel_start_point,character varying,航道起点,航道信息表,candidate_safe,low,字段已有注释，无同名字段冲突，可安全纳入训练候选。
stg_ycsjtysj_sxhyzssj_base_channel_df,channel_end_point,character varying,航道终点,航道信息表,candidate_safe,low,字段已有注释，无同名字段冲突，可安全纳入训练候选。
stg_ycsjtysj_sxhyzssj_base_channel_df,of_branch,character varying,所属支流,航道信息表,candidate_safe,low,字段已有注释，无同名字段冲突，可安全纳入训练候选。
stg_ycsjtysj_sxhyzssj_base_channel_df,design_channel_mileage,character varying,规划航道里程(公里),航道信息表,candidate_safe,low,字段已有注释，无同名字段冲突，可安全纳入训练候选。
stg_ycsjtysj_sxhyzssj_base_channel_df,delete_flag,bigint,逻辑删除标志位,航道信息表,candidate_safe,low,字段已有注释，无同名字段冲突，可安全纳入训练候选。
stg_ycsjtysj_sxhyzssj_base_channel_df,dt,character varying,分区日期,航道信息表,candidate_safe,low,字段已有注释，无同名字段冲突，可安全纳入训练候选。
stg_ycsjtysj_sxhyzssj_base_channel_level_df,channel_id,bigint,航道id,航道按等级|县市区划分,candidate_safe,low,字段已有注释，无同名字段冲突，可安全纳入训练候选。
stg_ycsjtysj_sxhyzssj_base_channel_level_df,channel_river,character varying,航道河流名称,航道按等级|县市区划分,candidate_safe,low,字段已有注释，无同名字段冲突，可安全纳入训练候选。
stg_ycsjtysj_sxhyzssj_base_channel_level_df,channel_of_branch,character varying,航道所属支流,航道按等级|县市区划分,candidate_safe,low,字段已有注释，无同名字段冲突，可安全纳入训练候选。
stg_ycsjtysj_sxhyzssj_base_channel_level_df,level_num,bigint,航道等级,航道按等级|县市区划分,candidate_safe,low,字段已有注释，无同名字段冲突，可安全纳入训练候选。
stg_ycsjtysj_sxhyzssj_base_channel_level_df,mileage,numeric,里程,航道按等级|县市区划分,candidate_safe,low,字段已有注释，无同名字段冲突，可安全纳入训练候选。
stg_ycsjtysj_sxhyzssj_base_channel_level_df,dt,character varying,分区日期,航道按等级|县市区划分,candidate_safe,low,字段已有注释，无同名字段冲突，可安全纳入训练候选。
stg_ycsjtysj_sxhyzssj_base_ship_df,custom_ship_type,character varying,船舶类型(集装箱船/滚装船/货船/客船/清洁船/公务船),图层管理（船舶）KPI,candidate_safe,low,字段已有注释，无同名字段冲突，可安全纳入训练候选。
stg_ycsjtysj_sxhyzssj_base_ship_df,name_en,character varying,英文船名,图层管理（船舶）KPI,candidate_safe,low,字段已有注释，无同名字段冲突，可安全纳入训练候选。
stg_ycsjtysj_sxhyzssj_base_ship_df,name_cn,character varying,中文船名,图层管理（船舶）KPI,candidate_safe,low,字段已有注释，无同名字段冲突，可安全纳入训练候选。
stg_ycsjtysj_sxhyzssj_base_ship_df,ship_length,numeric,船长,图层管理（船舶）KPI,candidate_safe,low,字段已有注释，无同名字段冲突，可安全纳入训练候选。
stg_ycsjtysj_sxhyzssj_base_ship_df,ship_width,numeric,船宽,图层管理（船舶）KPI,candidate_safe,low,字段已有注释，无同名字段冲突，可安全纳入训练候选。
stg_ycsjtysj_sxhyzssj_base_ship_df,ship_left,numeric,左舷距,图层管理（船舶）KPI,candidate_safe,low,字段已有注释，无同名字段冲突，可安全纳入训练候选。
stg_ycsjtysj_sxhyzssj_base_ship_df,ship_trail,numeric,尾距,图层管理（船舶）KPI,candidate_safe,low,字段已有注释，无同名字段冲突，可安全纳入训练候选。
stg_ycsjtysj_sxhyzssj_base_ship_df,ship_draft,numeric,吃水,图层管理（船舶）KPI,candidate_safe,low,字段已有注释，无同名字段冲突，可安全纳入训练候选。
stg_ycsjtysj_sxhyzssj_base_ship_df,guest_amount,character varying,客位数,图层管理（船舶）KPI,candidate_safe,low,字段已有注释，无同名字段冲突，可安全纳入训练候选。
stg_ycsjtysj_sxhyzssj_base_ship_df,poll_scope,character varying,污染物接收范围（生活垃圾、生活垃圾，油污水）,图层管理（船舶）KPI,candidate_safe,low,字段已有注释，无同名字段冲突，可安全纳入训练候选。
stg_ycsjtysj_sxhyzssj_base_ship_df,org,character varying,所属机构,图层管理（船舶）KPI,candidate_safe,low,字段已有注释，无同名字段冲突，可安全纳入训练候选。
stg_ycsjtysj_sxhyzssj_base_ship_df,jxy_receive_ship_id,bigint,清洁船净小宜id,图层管理（船舶）KPI,candidate_safe,low,字段已有注释，无同名字段冲突，可安全纳入训练候选。
stg_ycsjtysj_sxhyzssj_base_ship_df,delete_flag,character varying,逻辑删除标志位,图层管理（船舶）KPI,candidate_safe,low,字段已有注释，无同名字段冲突，可安全纳入训练候选。
stg_ycsjtysj_sxhyzssj_base_ship_df,dt,character varying,分区日期,图层管理（船舶）KPI,candidate_safe,low,字段已有注释，无同名字段冲突，可安全纳入训练候选。
stg_ycsjtysj_sxhyzssj_data_coverage_wharf_df,wharf_type,character varying,码头类型(客运码头/货运码头/环保专业码头),图层管理（码头）KPI,candidate_safe,low,字段已有注释，无同名字段冲突，可安全纳入训练候选。
stg_ycsjtysj_sxhyzssj_data_coverage_wharf_df,build_scale,character varying,建设规模,图层管理（码头）KPI,candidate_safe,low,字段已有注释，无同名字段冲突，可安全纳入训练候选。
stg_ycsjtysj_sxhyzssj_data_coverage_wharf_df,shoreline_length,character varying,岸线长度,图层管理（码头）KPI,candidate_safe,low,字段已有注释，无同名字段冲突，可安全纳入训练候选。
stg_ycsjtysj_sxhyzssj_data_coverage_wharf_df,pass_power,character varying,设计年通过能力,图层管理（码头）KPI,candidate_safe,low,字段已有注释，无同名字段冲突，可安全纳入训练候选。
stg_ycsjtysj_sxhyzssj_data_coverage_wharf_df,pollutant_scope,character varying,污染物接收范围,图层管理（码头）KPI,candidate_safe,low,字段已有注释，无同名字段冲突，可安全纳入训练候选。
stg_ycsjtysj_sxhyzssj_data_coverage_wharf_df,wharf_full_name,character varying,码头全称,图层管理（码头）KPI,candidate_safe,low,字段已有注释，无同名字段冲突，可安全纳入训练候选。
stg_ycsjtysj_sxhyzssj_data_coverage_wharf_df,jxy_wharf_id,bigint,净小宜码头 id,图层管理（码头）KPI,candidate_safe,low,字段已有注释，无同名字段冲突，可安全纳入训练候选。
stg_ycsjtysj_sxhyzssj_data_coverage_wharf_df,dt,character varying,分区日期,图层管理（码头）KPI,candidate_safe,low,字段已有注释，无同名字段冲突，可安全纳入训练候选。
stg_ycsjtysj_sxhyzssj_data_ship_info_df,cnname,character varying,中文船名,图层管理（清洁船舶）KPI,candidate_safe,low,字段已有注释，无同名字段冲突，可安全纳入训练候选。
stg_ycsjtysj_sxhyzssj_data_ship_info_df,jxy_receive_ship_id,bigint,清洁船净小宜id,图层管理（清洁船舶）KPI,candidate_safe,low,字段已有注释，无同名字段冲突，可安全纳入训练候选。
stg_ycsjtysj_sxhyzssj_data_ship_info_df,draught,character varying,吃水,图层管理（清洁船舶）KPI,candidate_safe,low,字段已有注释，无同名字段冲突，可安全纳入训练候选。
stg_ycsjtysj_sxhyzssj_data_ship_info_df,type_other,character varying,船舶小类,图层管理（清洁船舶）KPI,candidate_safe,low,字段已有注释，无同名字段冲突，可安全纳入训练候选。
stg_ycsjtysj_sxhyzssj_data_ship_info_df,seat,character varying,座位数,图层管理（清洁船舶）KPI,candidate_safe,low,字段已有注释，无同名字段冲突，可安全纳入训练候选。
stg_ycsjtysj_sxhyzssj_data_ship_info_df,dt,character varying,分区日期,图层管理（清洁船舶）KPI,candidate_safe,low,字段已有注释，无同名字段冲突，可安全纳入训练候选。
stg_ycssthjj_ltwsjgpt_t_sjzx_wry_jbxx_df,entercode,character varying,符合HJ 608-2017第6部分的编码规则要求，用于标识唯一固定污染源,污染源_基本信息,candidate_safe,low,字段已有注释，无同名字段冲突，可安全纳入训练候选。
stg_ycssthjj_ltwsjgpt_t_sjzx_wry_jbxx_df,entername,character varying,固定源名称,污染源_基本信息,candidate_safe,low,字段已有注释，无同名字段冲突，可安全纳入训练候选。
stg_ycssthjj_ltwsjgpt_t_sjzx_wry_jbxx_df,tyshxydm,character varying,统一社会信用代码,污染源_基本信息,candidate_safe,low,字段已有注释，无同名字段冲突，可安全纳入训练候选。
stg_ycssthjj_ltwsjgpt_t_sjzx_wry_jbxx_df,corpcode,character varying,组织机构代码,污染源_基本信息,candidate_safe,low,字段已有注释，无同名字段冲突，可安全纳入训练候选。
stg_ycssthjj_ltwsjgpt_t_sjzx_wry_jbxx_df,registrationid,character varying,税务注册号,污染源_基本信息,candidate_safe,low,字段已有注释，无同名字段冲突，可安全纳入训练候选。
stg_ycssthjj_ltwsjgpt_t_sjzx_wry_jbxx_df,licensenum,character varying,排污许可证代码,污染源_基本信息,candidate_safe,low,字段已有注释，无同名字段冲突，可安全纳入训练候选。
stg_ycssthjj_ltwsjgpt_t_sjzx_wry_jbxx_df,code_region,character varying,符合GB/T 2260-2019行政区代码表,污染源_基本信息,candidate_safe,low,字段已有注释，无同名字段冲突，可安全纳入训练候选。
stg_ycssthjj_ltwsjgpt_t_sjzx_wry_jbxx_df,regionname,character varying,符合GB/T 2260-2019行政区代码表,污染源_基本信息,candidate_safe,low,字段已有注释，无同名字段冲突，可安全纳入训练候选。
stg_ycssthjj_ltwsjgpt_t_sjzx_wry_jbxx_df,sssf,character varying,符合GB/T 2260-2019行政区代码表，如：440000,污染源_基本信息,candidate_safe,low,字段已有注释，无同名字段冲突，可安全纳入训练候选。
stg_ycssthjj_ltwsjgpt_t_sjzx_wry_jbxx_df,ssds,character varying,符合GB/T 2260-2019行政区代码表，如：440300,污染源_基本信息,candidate_safe,low,字段已有注释，无同名字段冲突，可安全纳入训练候选。
stg_ycssthjj_ltwsjgpt_t_sjzx_wry_jbxx_df,code_trade,character varying,符合GB/T 4754-2017行业代码表,污染源_基本信息,candidate_safe,low,字段已有注释，无同名字段冲突，可安全纳入训练候选。
stg_ycssthjj_ltwsjgpt_t_sjzx_wry_jbxx_df,tradename,character varying,符合GB/T 4754-2017行业代码表,污染源_基本信息,candidate_safe,low,字段已有注释，无同名字段冲突，可安全纳入训练候选。
stg_ycssthjj_ltwsjgpt_t_sjzx_wry_jbxx_df,enteraddress,character varying,经营场所地址,污染源_基本信息,candidate_safe,low,字段已有注释，无同名字段冲突，可安全纳入训练候选。
stg_ycssthjj_ltwsjgpt_t_sjzx_wry_jbxx_df,lydm,character varying,所属流域代码,污染源_基本信息,candidate_safe,low,字段已有注释，无同名字段冲突，可安全纳入训练候选。
stg_ycssthjj_ltwsjgpt_t_sjzx_wry_jbxx_df,lymc,character varying,所属流域名称,污染源_基本信息,candidate_safe,low,字段已有注释，无同名字段冲突，可安全纳入训练候选。
stg_ycssthjj_ltwsjgpt_t_sjzx_wry_jbxx_df,szgyyq,character varying,所在工业园区,污染源_基本信息,candidate_safe,low,字段已有注释，无同名字段冲突，可安全纳入训练候选。
stg_ycssthjj_ltwsjgpt_t_sjzx_wry_jbxx_df,snstdm,character varying,受纳水体代码,污染源_基本信息,candidate_safe,low,字段已有注释，无同名字段冲突，可安全纳入训练候选。
stg_ycssthjj_ltwsjgpt_t_sjzx_wry_jbxx_df,snstmc,character varying,受纳水体名称,污染源_基本信息,candidate_safe,low,字段已有注释，无同名字段冲突，可安全纳入训练候选。
stg_ycssthjj_ltwsjgpt_t_sjzx_wry_jbxx_df,regaddress,character varying,注册地址,污染源_基本信息,candidate_safe,low,字段已有注释，无同名字段冲突，可安全纳入训练候选。
stg_ycssthjj_ltwsjgpt_t_sjzx_wry_jbxx_df,corpname,character varying,法人名称,污染源_基本信息,candidate_safe,low,字段已有注释，无同名字段冲突，可安全纳入训练候选。
stg_ycssthjj_ltwsjgpt_t_sjzx_wry_jbxx_df,environlinkmen,character varying,环保联系人,污染源_基本信息,candidate_safe,low,字段已有注释，无同名字段冲突，可安全纳入训练候选。
stg_ycssthjj_ltwsjgpt_t_sjzx_wry_jbxx_df,environtel,character varying,环保联系人电话,污染源_基本信息,candidate_safe,low,字段已有注释，无同名字段冲突，可安全纳入训练候选。
stg_ycssthjj_ltwsjgpt_t_sjzx_wry_jbxx_df,entersize,character varying,企业规模（代码集：WRY_QYGM）,污染源_基本信息,candidate_safe,low,字段已有注释，无同名字段冲突，可安全纳入训练候选。
stg_ycssthjj_ltwsjgpt_t_sjzx_wry_jbxx_df,jyfw,character varying,经营范围,污染源_基本信息,candidate_safe,low,字段已有注释，无同名字段冲突，可安全纳入训练候选。
stg_ycssthjj_ltwsjgpt_t_sjzx_wry_jbxx_df,fax,character varying,传真,污染源_基本信息,candidate_safe,low,字段已有注释，无同名字段冲突，可安全纳入训练候选。
stg_ycssthjj_ltwsjgpt_t_sjzx_wry_jbxx_df,website,character varying,网址,污染源_基本信息,candidate_safe,low,字段已有注释，无同名字段冲突，可安全纳入训练候选。
stg_ycssthjj_ltwsjgpt_t_sjzx_wry_jbxx_df,email,character varying,邮箱,污染源_基本信息,candidate_safe,low,字段已有注释，无同名字段冲突，可安全纳入训练候选。
stg_ycssthjj_ltwsjgpt_t_sjzx_wry_jbxx_df,datasource,character varying,数据来源（代码集：WRY_SJLY）,污染源_基本信息,candidate_safe,low,字段已有注释，无同名字段冲突，可安全纳入训练候选。
stg_ycssthjj_ltwsjgpt_t_sjzx_wry_jbxx_df,cjr,character varying,创建人,污染源_基本信息,candidate_safe,low,字段已有注释，无同名字段冲突，可安全纳入训练候选。
stg_ycssthjj_ltwsjgpt_t_sjzx_wry_jbxx_df,cjsj,timestamp without time zone,创建时间,污染源_基本信息,candidate_safe,low,字段已有注释，无同名字段冲突，可安全纳入训练候选。
stg_ycssthjj_ltwsjgpt_t_sjzx_wry_jbxx_df,xgr,character varying,修改人,污染源_基本信息,candidate_safe,low,字段已有注释，无同名字段冲突，可安全纳入训练候选。
stg_ycssthjj_ltwsjgpt_t_sjzx_wry_jbxx_df,xgsj,timestamp without time zone,修改时间,污染源_基本信息,candidate_safe,low,字段已有注释，无同名字段冲突，可安全纳入训练候选。
stg_ycssthjj_ltwsjgpt_t_sjzx_wry_jbxx_df,rksj,timestamp without time zone,默认取当前时间,污染源_基本信息,candidate_safe,low,字段已有注释，无同名字段冲突，可安全纳入训练候选。
stg_ycssthjj_ltwsjgpt_t_sjzx_wry_jbxx_df,gxsj,timestamp without time zone,数据修改后需要更新此时间,污染源_基本信息,candidate_safe,low,字段已有注释，无同名字段冲突，可安全纳入训练候选。
stg_ycssthjj_ltwsjgpt_t_sjzx_wry_jbxx_df,czbj,character varying,操作标记（I：插入；U：更新；D：删除）,污染源_基本信息,candidate_safe,low,字段已有注释，无同名字段冲突，可安全纳入训练候选。
stg_ycssthjj_ltwsjgpt_t_sjzx_wry_jbxx_df,dt,character varying,分区日期,污染源_基本信息,candidate_safe,low,字段已有注释，无同名字段冲突，可安全纳入训练候选。
stg_ycssthjj_lysthjjkyjpt_t_sjzx_szzdjcz_df,ywid,character varying,业务id,城市数字公共基础设施建设__水质自动监测站,candidate_safe,low,字段已有注释，无同名字段冲突，可安全纳入训练候选。
stg_ycssthjj_lysthjjkyjpt_t_sjzx_szzdjcz_df,ywmc,character varying,业务名称,城市数字公共基础设施建设__水质自动监测站,candidate_safe,low,字段已有注释，无同名字段冲突，可安全纳入训练候选。
stg_ycssthjj_lysthjjkyjpt_t_sjzx_szzdjcz_df,qxbm,character varying,区县编码,城市数字公共基础设施建设__水质自动监测站,candidate_safe,low,字段已有注释，无同名字段冲突，可安全纳入训练候选。
stg_ycssthjj_lysthjjkyjpt_t_sjzx_szzdjcz_df,flbm,character varying,分类编码,城市数字公共基础设施建设__水质自动监测站,candidate_safe,low,字段已有注释，无同名字段冲突，可安全纳入训练候选。
stg_ycssthjj_lysthjjkyjpt_t_sjzx_szzdjcz_df,flmc,character varying,分类名称,城市数字公共基础设施建设__水质自动监测站,candidate_safe,low,字段已有注释，无同名字段冲突，可安全纳入训练候选。
stg_ycssthjj_lysthjjkyjpt_t_sjzx_szzdjcz_df,21bsm,character varying,21位标识码,城市数字公共基础设施建设__水质自动监测站,candidate_safe,low,字段已有注释，无同名字段冲突，可安全纳入训练候选。
stg_ycssthjj_lysthjjkyjpt_t_sjzx_szzdjcz_df,zcbm,character varying,注册部门,城市数字公共基础设施建设__水质自动监测站,candidate_safe,low,字段已有注释，无同名字段冲突，可安全纳入训练候选。
stg_ycssthjj_lysthjjkyjpt_t_sjzx_szzdjcz_df,dm,character varying,短码,城市数字公共基础设施建设__水质自动监测站,candidate_safe,low,字段已有注释，无同名字段冲突，可安全纳入训练候选。
stg_ycssthjj_lysthjjkyjpt_t_sjzx_szzdjcz_df,bdm,character varying,北斗码,城市数字公共基础设施建设__水质自动监测站,candidate_safe,low,字段已有注释，无同名字段冲突，可安全纳入训练候选。
stg_ycssthjj_lysthjjkyjpt_t_sjzx_szzdjcz_df,19bsm,character varying,19位标识码,城市数字公共基础设施建设__水质自动监测站,candidate_safe,low,字段已有注释，无同名字段冲突，可安全纳入训练候选。
stg_ycssthjj_lysthjjkyjpt_t_sjzx_szzdjcz_df,dt,character varying,分区日期,城市数字公共基础设施建设__水质自动监测站,candidate_safe,low,字段已有注释，无同名字段冲突，可安全纳入训练候选。
stg_ycssthjj_wryzxjkpt_t_zxjc_s_w_1_df,jcdxh,character varying,监测点序号,监控数据_日数据_污染物_,candidate_safe,low,字段已有注释，无同名字段冲突，可安全纳入训练候选。
stg_ycssthjj_wryzxjkpt_t_zxjc_s_w_1_df,jcsj,timestamp without time zone,监测时间,监控数据_日数据_污染物_,candidate_safe,low,字段已有注释，无同名字段冲突，可安全纳入训练候选。
stg_ycssthjj_wryzxjkpt_t_zxjc_s_w_1_df,wrwbh,character varying,污染源编号,监控数据_日数据_污染物_,candidate_safe,low,字段已有注释，无同名字段冲突，可安全纳入训练候选。
stg_ycssthjj_wryzxjkpt_t_zxjc_s_w_1_df,zxjcz,numeric,最新监测值,监控数据_日数据_污染物_,candidate_safe,low,字段已有注释，无同名字段冲突，可安全纳入训练候选。
stg_ycssthjj_wryzxjkpt_t_zxjc_s_w_1_df,pjjcz,numeric,平均监测值,监控数据_日数据_污染物_,candidate_safe,low,字段已有注释，无同名字段冲突，可安全纳入训练候选。
stg_ycssthjj_wryzxjkpt_t_zxjc_s_w_1_df,zdjcz,numeric,最大监测值,监控数据_日数据_污染物_,candidate_safe,low,字段已有注释，无同名字段冲突，可安全纳入训练候选。
stg_ycssthjj_wryzxjkpt_t_zxjc_s_w_1_df,xyz,numeric,最小监测值,监控数据_日数据_污染物_,candidate_safe,low,字段已有注释，无同名字段冲突，可安全纳入训练候选。
stg_ycssthjj_wryzxjkpt_t_zxjc_s_w_1_df,zxzsz,numeric,最新指数值,监控数据_日数据_污染物_,candidate_safe,low,字段已有注释，无同名字段冲突，可安全纳入训练候选。
stg_ycssthjj_wryzxjkpt_t_zxjc_s_w_1_df,pjzsz,numeric,平均指数值,监控数据_日数据_污染物_,candidate_safe,low,字段已有注释，无同名字段冲突，可安全纳入训练候选。
stg_ycssthjj_wryzxjkpt_t_zxjc_s_w_1_df,zdzsz,numeric,最大指数值,监控数据_日数据_污染物_,candidate_safe,low,字段已有注释，无同名字段冲突，可安全纳入训练候选。
stg_ycssthjj_wryzxjkpt_t_zxjc_s_w_1_df,xyzsz,numeric,最小指数值,监控数据_日数据_污染物_,candidate_safe,low,字段已有注释，无同名字段冲突，可安全纳入训练候选。
stg_ycssthjj_wryzxjkpt_t_zxjc_s_w_1_df,wrwpfl,numeric,污染物排放量,监控数据_日数据_污染物_,candidate_safe,low,字段已有注释，无同名字段冲突，可安全纳入训练候选。
stg_ycssthjj_wryzxjkpt_t_zxjc_s_w_1_df,xywrwpfl,numeric,小时污染物排放量,监控数据_日数据_污染物_,candidate_safe,low,字段已有注释，无同名字段冲突，可安全纳入训练候选。
stg_ycssthjj_wryzxjkpt_t_zxjc_s_w_1_df,sjzt,character varying,数据状态,监控数据_日数据_污染物_,candidate_safe,low,字段已有注释，无同名字段冲突，可安全纳入训练候选。
stg_ycssthjj_wryzxjkpt_t_zxjc_s_w_1_df,zt,character varying,记录状态,监控数据_日数据_污染物_,candidate_safe,low,字段已有注释，无同名字段冲突，可安全纳入训练候选。
stg_ycssthjj_wryzxjkpt_t_zxjc_s_w_1_df,cjr,character varying,创建人,监控数据_日数据_污染物_,candidate_safe,low,字段已有注释，无同名字段冲突，可安全纳入训练候选。
stg_ycssthjj_wryzxjkpt_t_zxjc_s_w_1_df,cjsj,timestamp without time zone,创建时间,监控数据_日数据_污染物_,candidate_safe,low,字段已有注释，无同名字段冲突，可安全纳入训练候选。
stg_ycssthjj_wryzxjkpt_t_zxjc_s_w_1_df,xgr,character varying,修改人,监控数据_日数据_污染物_,candidate_safe,low,字段已有注释，无同名字段冲突，可安全纳入训练候选。
stg_ycssthjj_wryzxjkpt_t_zxjc_s_w_1_df,xgsj,timestamp without time zone,修改时间,监控数据_日数据_污染物_,candidate_safe,low,字段已有注释，无同名字段冲突，可安全纳入训练候选。
stg_ycssthjj_wryzxjkpt_t_zxjc_s_w_1_df,dt,character varying,分区日期,监控数据_日数据_污染物_,candidate_safe,low,字段已有注释，无同名字段冲突，可安全纳入训练候选。
wh_hydrological_records_1,monitor_value,double precision,监测值,水文数据表,candidate_safe,low,字段已有注释，无同名字段冲突，可安全纳入训练候选。
wh_meteorological_day_records,rain_fall,double precision,8-20时降水量（mm）,气象数据日记录表,candidate_safe,low,字段已有注释，无同名字段冲突，可安全纳入训练候选。
wh_meteorological_day_records,high_temp,double precision,日最高气温（℃）,气象数据日记录表,candidate_safe,low,字段已有注释，无同名字段冲突，可安全纳入训练候选。
wh_meteorological_day_records,low_temp,double precision,日最低气温（℃）,气象数据日记录表,candidate_safe,low,字段已有注释，无同名字段冲突，可安全纳入训练候选。
wh_meteorological_predict_day_records,time,bigint,"预报时次,如08时、20时",气象预报日记录表,candidate_safe,low,字段已有注释，无同名字段冲突，可安全纳入训练候选。
wh_meteorological_predict_hour_records,time,bigint,"预报时次,如08时、20时",气象预报小时记录表,candidate_safe,low,字段已有注释，无同名字段冲突，可安全纳入训练候选。
wh_meteorological_records_1,monitor_value,double precision,监测值,气象数据表,candidate_safe,low,字段已有注释，无同名字段冲突，可安全纳入训练候选。
wm_camera_info,camera_name,character varying,摄像头名称,摄像头基本信息表,candidate_safe,low,字段已有注释，无同名字段冲突，可安全纳入训练候选。
wm_camera_info,device_supplier,character varying,设备厂商,摄像头基本信息表,candidate_safe,low,字段已有注释，无同名字段冲突，可安全纳入训练候选。
wm_camera_info,device_origin,character varying,设备来源,摄像头基本信息表,candidate_safe,low,字段已有注释，无同名字段冲突，可安全纳入训练候选。
wm_camera_info,lon,numeric,经度,摄像头基本信息表,candidate_safe,low,字段已有注释，无同名字段冲突，可安全纳入训练候选。
wm_camera_info,lat,numeric,纬度,摄像头基本信息表,candidate_safe,low,字段已有注释，无同名字段冲突，可安全纳入训练候选。
wm_camera_info,monitor_subject,character varying,监控对象,摄像头基本信息表,candidate_safe,low,字段已有注释，无同名字段冲突，可安全纳入训练候选。
wm_camera_platform,manufacturer,character varying,厂商,视频平台设备信息表,candidate_safe,low,字段已有注释，无同名字段冲突，可安全纳入训练候选。
wm_camera_platform,model,character varying,型号,视频平台设备信息表,candidate_safe,low,字段已有注释，无同名字段冲突，可安全纳入训练候选。
wm_camera_platform,transport,character varying,传输方式: TCP/UDP,视频平台设备信息表,candidate_safe,low,字段已有注释，无同名字段冲突，可安全纳入训练候选。
wm_camera_platform,stream_mode,character varying,流模式: TCP被动模式/UDP,视频平台设备信息表,candidate_safe,low,字段已有注释，无同名字段冲突，可安全纳入训练候选。
wm_camera_platform,ip_address,character varying,设备IP地址,视频平台设备信息表,candidate_safe,low,字段已有注释，无同名字段冲突，可安全纳入训练候选。
wm_camera_platform,port,integer,设备端口,视频平台设备信息表,candidate_safe,low,字段已有注释，无同名字段冲突，可安全纳入训练候选。
wm_camera_platform,online,smallint,"是否在线: 0-离线, 1-在线",视频平台设备信息表,candidate_safe,low,字段已有注释，无同名字段冲突，可安全纳入训练候选。
wm_camera_platform,heart_beat_interval,integer,心跳检测间隔(秒),视频平台设备信息表,candidate_safe,low,字段已有注释，无同名字段冲突，可安全纳入训练候选。
wm_camera_platform,heart_beat_count,integer,健康检查次数,视频平台设备信息表,candidate_safe,low,字段已有注释，无同名字段冲突，可安全纳入训练候选。
wm_camera_platform,charset,character varying,字符集,视频平台设备信息表,candidate_safe,low,字段已有注释，无同名字段冲突，可安全纳入训练候选。
wm_camera_platform,lon,double precision,经度,视频平台设备信息表,candidate_safe,low,字段已有注释，无同名字段冲突，可安全纳入训练候选。
wm_camera_platform,lat,double precision,纬度,视频平台设备信息表,candidate_safe,low,字段已有注释，无同名字段冲突，可安全纳入训练候选。
wm_directory,path,character varying,完整路径,目录树实体,candidate_safe,low,字段已有注释，无同名字段冲突，可安全纳入训练候选。
wm_hydrological_info,iot_connect_type,character varying,通信协议类型：0 tcp、1 http、2 mqtt,水位站基本信息表,candidate_safe,low,字段已有注释，无同名字段冲突，可安全纳入训练候选。
wm_hydrological_info,belong_to_city,character varying,归属地市,水位站基本信息表,candidate_safe,low,字段已有注释，无同名字段冲突，可安全纳入训练候选。
wm_hydrological_info,section_id,bigint,断面id,水位站基本信息表,candidate_safe,low,字段已有注释，无同名字段冲突，可安全纳入训练候选。
wm_hydrological_info,river_in,bigint,一维模型来流入汇口,水位站基本信息表,candidate_safe,low,字段已有注释，无同名字段冲突，可安全纳入训练候选。
wm_hydrological_info,in_outlet,character,污染源类型为污水处理厂时：0 进水口、1 出水口,水位站基本信息表,candidate_safe,low,字段已有注释，无同名字段冲突，可安全纳入训练候选。
wm_hydrological_info,river_out,bigint,一维模型出水口,水位站基本信息表,candidate_safe,low,字段已有注释，无同名字段冲突，可安全纳入训练候选。
wm_hydrological_info,efdc_in,character varying,efdc模型来流入汇口,水位站基本信息表,candidate_safe,low,字段已有注释，无同名字段冲突，可安全纳入训练候选。
wm_hydrological_info,efdc_out,character varying,efdc模型出水口,水位站基本信息表,candidate_safe,low,字段已有注释，无同名字段冲突，可安全纳入训练候选。
wm_hydrological_info,efdc_i,bigint,站点所在二维网格I值,水位站基本信息表,candidate_safe,low,字段已有注释，无同名字段冲突，可安全纳入训练候选。
wm_hydrological_info,efdc_j,bigint,站点所在二维网格J值,水位站基本信息表,candidate_safe,low,字段已有注释，无同名字段冲突，可安全纳入训练候选。
wm_hydrological_info,head_water,bigint,headwater序号,水位站基本信息表,candidate_safe,low,字段已有注释，无同名字段冲突，可安全纳入训练候选。
wm_hydrological_info,lake_in,character,是否为入湖港道：0 否、1 是,水位站基本信息表,candidate_safe,low,字段已有注释，无同名字段冲突，可安全纳入训练候选。
wm_hydrological_info,equipments,character varying,自动站的设备清单,水位站基本信息表,candidate_safe,low,字段已有注释，无同名字段冲突，可安全纳入训练候选。
wm_hydrological_info,build_time,date,建设时间,水位站基本信息表,candidate_safe,low,字段已有注释，无同名字段冲突，可安全纳入训练候选。
wm_hydrological_info,responsible_person,character varying,站点责任人,水位站基本信息表,candidate_safe,low,字段已有注释，无同名字段冲突，可安全纳入训练候选。
wm_hydrological_info,contact_number,character varying,责任人联系电话,水位站基本信息表,candidate_safe,low,字段已有注释，无同名字段冲突，可安全纳入训练候选。
wm_hydrological_info,img_name,character varying,照片名称,水位站基本信息表,candidate_safe,low,字段已有注释，无同名字段冲突，可安全纳入训练候选。
wm_hydrological_info,img_format,character varying,照片格式：img、png等,水位站基本信息表,candidate_safe,low,字段已有注释，无同名字段冲突，可安全纳入训练候选。
wm_image_info,image_url,character varying,图片地址,档案图片信息表：用于保存各种站点、断面、污染源的图片信息,candidate_safe,low,字段已有注释，无同名字段冲突，可安全纳入训练候选。
wm_image_info,image_formats,character varying,图片格式,档案图片信息表：用于保存各种站点、断面、污染源的图片信息,candidate_safe,low,字段已有注释，无同名字段冲突，可安全纳入训练候选。
wm_image_info,image_type,smallint,图片类型：0-未知、1-断面、2-自动站......,档案图片信息表：用于保存各种站点、断面、污染源的图片信息,candidate_safe,low,字段已有注释，无同名字段冲突，可安全纳入训练候选。
wm_image_info,image_name,character varying,文件名称：原始文件名,档案图片信息表：用于保存各种站点、断面、污染源的图片信息,candidate_safe,low,字段已有注释，无同名字段冲突，可安全纳入训练候选。
wm_image_info,image_tag,character varying,图片标签,档案图片信息表：用于保存各种站点、断面、污染源的图片信息,candidate_safe,low,字段已有注释，无同名字段冲突，可安全纳入训练候选。
wm_meteorological_info,iot_connect_type,character varying,通信协议类型：0 tcp、1 http、2 mqtt,气象自动监测站基本信息表,candidate_safe,low,字段已有注释，无同名字段冲突，可安全纳入训练候选。
wm_meteorological_info,belong_to_city,character varying,归属地市,气象自动监测站基本信息表,candidate_safe,low,字段已有注释，无同名字段冲突，可安全纳入训练候选。
wm_meteorological_info,section_id,bigint,断面id,气象自动监测站基本信息表,candidate_safe,low,字段已有注释，无同名字段冲突，可安全纳入训练候选。
wm_meteorological_info,river_in,bigint,一维模型来流入汇口,气象自动监测站基本信息表,candidate_safe,low,字段已有注释，无同名字段冲突，可安全纳入训练候选。
wm_meteorological_info,in_outlet,character,污染源类型为污水处理厂时：0 进水口、1 出水口,气象自动监测站基本信息表,candidate_safe,low,字段已有注释，无同名字段冲突，可安全纳入训练候选。
wm_meteorological_info,river_out,bigint,一维模型出水口,气象自动监测站基本信息表,candidate_safe,low,字段已有注释，无同名字段冲突，可安全纳入训练候选。
wm_meteorological_info,efdc_in,character varying,efdc模型来流入汇口,气象自动监测站基本信息表,candidate_safe,low,字段已有注释，无同名字段冲突，可安全纳入训练候选。
wm_meteorological_info,efdc_out,character varying,efdc模型出水口,气象自动监测站基本信息表,candidate_safe,low,字段已有注释，无同名字段冲突，可安全纳入训练候选。
wm_meteorological_info,efdc_i,bigint,站点所在二维网格I值,气象自动监测站基本信息表,candidate_safe,low,字段已有注释，无同名字段冲突，可安全纳入训练候选。
wm_meteorological_info,efdc_j,bigint,站点所在二维网格J值,气象自动监测站基本信息表,candidate_safe,low,字段已有注释，无同名字段冲突，可安全纳入训练候选。
wm_meteorological_info,head_water,bigint,headwater序号,气象自动监测站基本信息表,candidate_safe,low,字段已有注释，无同名字段冲突，可安全纳入训练候选。
wm_meteorological_info,lake_in,character,是否为入湖港道：0 否、1 是,气象自动监测站基本信息表,candidate_safe,low,字段已有注释，无同名字段冲突，可安全纳入训练候选。
wm_meteorological_info,meteorological_table_name,character varying,气象监测记录表名,气象自动监测站基本信息表,candidate_safe,low,字段已有注释，无同名字段冲突，可安全纳入训练候选。
wm_meteorological_info,equipments,character varying,自动站的设备清单,气象自动监测站基本信息表,candidate_safe,low,字段已有注释，无同名字段冲突，可安全纳入训练候选。
wm_meteorological_info,build_time,date,建设时间,气象自动监测站基本信息表,candidate_safe,low,字段已有注释，无同名字段冲突，可安全纳入训练候选。
wm_meteorological_info,responsible_person,character varying,站点责任人,气象自动监测站基本信息表,candidate_safe,low,字段已有注释，无同名字段冲突，可安全纳入训练候选。
wm_meteorological_info,contact_number,character varying,责任人联系电话,气象自动监测站基本信息表,candidate_safe,low,字段已有注释，无同名字段冲突，可安全纳入训练候选。
wm_meteorological_info,img_name,character varying,照片名称,气象自动监测站基本信息表,candidate_safe,low,字段已有注释，无同名字段冲突，可安全纳入训练候选。
wm_meteorological_info,img_format,character varying,照片格式：img、png等,气象自动监测站基本信息表,candidate_safe,low,字段已有注释，无同名字段冲突，可安全纳入训练候选。
wm_panorama_layer,point_name,character varying,点位名称,全景图层信息表,candidate_safe,low,字段已有注释，无同名字段冲突，可安全纳入训练候选。
wm_panorama_layer,topic,character varying,所属专题,全景图层信息表,candidate_safe,low,字段已有注释，无同名字段冲突，可安全纳入训练候选。
wm_panorama_layer,directory_id,bigint,目录ID,全景图层信息表,candidate_safe,low,字段已有注释，无同名字段冲突，可安全纳入训练候选。
wm_panorama_layer,icon,character varying,图标地址,全景图层信息表,candidate_safe,low,字段已有注释，无同名字段冲突，可安全纳入训练候选。
wm_panorama_layer,coverage_radius,numeric,覆盖半径(km),全景图层信息表,candidate_safe,low,字段已有注释，无同名字段冲突，可安全纳入训练候选。
wm_panorama_layer_relation,panorama_id,bigint,全景ID,全景图层关联关系表,candidate_safe,low,字段已有注释，无同名字段冲突，可安全纳入训练候选。
wm_panorama_layer_relation,feature_id,character varying,要素ID,全景图层关联关系表,candidate_safe,low,字段已有注释，无同名字段冲突，可安全纳入训练候选。
wm_panorama_video,shoot_time,timestamp without time zone,拍摄时间,全景视频信息表,candidate_safe,low,字段已有注释，无同名字段冲突，可安全纳入训练候选。
wm_panorama_video,url,character varying,访问地址,全景视频信息表,candidate_safe,low,字段已有注释，无同名字段冲突，可安全纳入训练候选。
wm_raster_info,scene_id,character varying,遥感监测影像信息实体类,,candidate_safe,low,字段已有注释，无同名字段冲突，可安全纳入训练候选。
wm_raster_info,satellite_info,character varying,拍摄卫星,,candidate_safe,low,字段已有注释，无同名字段冲突，可安全纳入训练候选。
wm_raster_info,sensor_info,character varying,传感器信息,,candidate_safe,low,字段已有注释，无同名字段冲突，可安全纳入训练候选。
wm_raster_info,orbit_name,character varying,轨道名称,,candidate_safe,low,字段已有注释，无同名字段冲突，可安全纳入训练候选。
wm_raster_info,processing_version,character varying,数据级别,,candidate_safe,low,字段已有注释，无同名字段冲突，可安全纳入训练候选。
wm_raster_info,content_type,character varying,文件内容类型,,candidate_safe,low,字段已有注释，无同名字段冲突，可安全纳入训练候选。
wm_raster_info,data_location,character varying,数据位置,,candidate_safe,low,字段已有注释，无同名字段冲突，可安全纳入训练候选。
wm_raster_info,image_datetime,timestamp without time zone,影像获取时间（年_月_日_时_分）,,candidate_safe,low,字段已有注释，无同名字段冲突，可安全纳入训练候选。
wm_raster_info,inversion_flag,character varying,是否反演,,candidate_safe,low,字段已有注释，无同名字段冲突，可安全纳入训练候选。
wm_raster_inversion,record_id,bigint,遥感反演结果记录ID,,candidate_safe,low,字段已有注释，无同名字段冲突，可安全纳入训练候选。
wm_raster_inversion,inversion_type,character varying,反演类型：water_environment-水环境，algalbloom-水生态，landuse-土地利用,,candidate_safe,low,字段已有注释，无同名字段冲突，可安全纳入训练候选。
wm_raster_inversion,l1_area,double precision,I类/浮叶挺水植被/背景面积,,candidate_safe,low,字段已有注释，无同名字段冲突，可安全纳入训练候选。
wm_raster_inversion,l2_area,double precision,II类/沉水植被/耕地面积,,candidate_safe,low,字段已有注释，无同名字段冲突，可安全纳入训练候选。
wm_raster_inversion,l3_area,double precision,III类/水华/园地面积,,candidate_safe,low,字段已有注释，无同名字段冲突，可安全纳入训练候选。
wm_raster_inversion,l4_area,double precision,IV类/水体/林地面积,,candidate_safe,low,字段已有注释，无同名字段冲突，可安全纳入训练候选。
wm_raster_inversion,l5_area,double precision,V类/水体面积,,candidate_safe,low,字段已有注释，无同名字段冲突，可安全纳入训练候选。
wm_raster_inversion,l6_area,double precision,劣V类/建设用地面积,,candidate_safe,low,字段已有注释，无同名字段冲突，可安全纳入训练候选。
wm_raster_inversion,service_url,text,服务地址,,candidate_safe,low,字段已有注释，无同名字段冲突，可安全纳入训练候选。
wm_raster_inversion,data_time,timestamp without time zone,数据日期,,candidate_safe,low,字段已有注释，无同名字段冲突，可安全纳入训练候选。
wm_section_info,region_id,bigint,所属区域id,断面基本信息表,candidate_safe,low,字段已有注释，无同名字段冲突，可安全纳入训练候选。
wm_section_info,section_code,character varying,断面编码,断面基本信息表,candidate_safe,low,字段已有注释，无同名字段冲突，可安全纳入训练候选。
wm_section_info,trans_regional,character varying,跨界类型,断面基本信息表,candidate_safe,low,字段已有注释，无同名字段冲突，可安全纳入训练候选。
wm_section_info,section_nature,character varying,断面属性,断面基本信息表,candidate_safe,low,字段已有注释，无同名字段冲突，可安全纳入训练候选。
wm_section_info,section_level,character varying,断面级别：0-国控、1-省控、2-市控,断面基本信息表,candidate_safe,low,字段已有注释，无同名字段冲突，可安全纳入训练候选。
wm_section_info,manage_type,character varying,管理类型,断面基本信息表,candidate_safe,low,字段已有注释，无同名字段冲突，可安全纳入训练候选。
wm_section_info,manage_level,character varying,管理级别,断面基本信息表,candidate_safe,low,字段已有注释，无同名字段冲突，可安全纳入训练候选。
wm_section_info,is_examine,character,考核断面：0 否、1 是,断面基本信息表,candidate_safe,low,字段已有注释，无同名字段冲突，可安全纳入训练候选。
wm_section_info,examine_level,character varying,考核级别,断面基本信息表,candidate_safe,low,字段已有注释，无同名字段冲突，可安全纳入训练候选。
wm_section_info,examine_city,character varying,考核城市,断面基本信息表,candidate_safe,low,字段已有注释，无同名字段冲突，可安全纳入训练候选。
wm_section_info,tributary_trunk,character,支流/干流：0 干流、1 支流,断面基本信息表,candidate_safe,low,字段已有注释，无同名字段冲突，可安全纳入训练候选。
wm_section_info,upstream_section_id,bigint,上游断面id,断面基本信息表,candidate_safe,low,字段已有注释，无同名字段冲突，可安全纳入训练候选。
wm_section_info,grid_code,character varying,网格号,断面基本信息表,candidate_safe,low,字段已有注释，无同名字段冲突，可安全纳入训练候选。
wm_section_info,grid_i,character varying,网格I值,断面基本信息表,candidate_safe,low,字段已有注释，无同名字段冲突，可安全纳入训练候选。
wm_section_info,grid_j,character varying,网格J值,断面基本信息表,candidate_safe,low,字段已有注释，无同名字段冲突，可安全纳入训练候选。
wm_section_wq_info,section_id,bigint,断面id,断面水质目标信息表,candidate_safe,low,字段已有注释，无同名字段冲突，可安全纳入训练候选。
wm_section_wq_info,year,bigint,年份,断面水质目标信息表,candidate_safe,low,字段已有注释，无同名字段冲突，可安全纳入训练候选。
wm_section_wq_info,water_quality_target_level,character varying,目标水质,断面水质目标信息表,candidate_safe,low,字段已有注释，无同名字段冲突，可安全纳入训练候选。
wm_station_info,iot_connect_type,character varying,通信协议类型：0 tcp、1 http、2 mqtt,水质自动监测站基本信息表,candidate_safe,low,字段已有注释，无同名字段冲突，可安全纳入训练候选。
wm_station_info,belong_to_city,character varying,归属地市,水质自动监测站基本信息表,candidate_safe,low,字段已有注释，无同名字段冲突，可安全纳入训练候选。
wm_station_info,section_id,bigint,断面id,水质自动监测站基本信息表,candidate_safe,low,字段已有注释，无同名字段冲突，可安全纳入训练候选。
wm_station_info,river_in,bigint,一维模型来流入汇口,水质自动监测站基本信息表,candidate_safe,low,字段已有注释，无同名字段冲突，可安全纳入训练候选。
wm_station_info,in_outlet,character,污染源类型为污水处理厂时：0 进水口、1 出水口,水质自动监测站基本信息表,candidate_safe,low,字段已有注释，无同名字段冲突，可安全纳入训练候选。
wm_station_info,river_out,bigint,一维模型出水口,水质自动监测站基本信息表,candidate_safe,low,字段已有注释，无同名字段冲突，可安全纳入训练候选。
wm_station_info,efdc_in,character varying,efdc模型来流入汇口,水质自动监测站基本信息表,candidate_safe,low,字段已有注释，无同名字段冲突，可安全纳入训练候选。
wm_station_info,efdc_out,character varying,efdc模型出水口,水质自动监测站基本信息表,candidate_safe,low,字段已有注释，无同名字段冲突，可安全纳入训练候选。
wm_station_info,efdc_i,bigint,站点所在二维网格I值,水质自动监测站基本信息表,candidate_safe,low,字段已有注释，无同名字段冲突，可安全纳入训练候选。
wm_station_info,efdc_j,bigint,站点所在二维网格J值,水质自动监测站基本信息表,candidate_safe,low,字段已有注释，无同名字段冲突，可安全纳入训练候选。
wm_station_info,head_water,bigint,headwater序号,水质自动监测站基本信息表,candidate_safe,low,字段已有注释，无同名字段冲突，可安全纳入训练候选。
wm_station_info,lake_in,character,是否为入湖港道：0 否、1 是,水质自动监测站基本信息表,candidate_safe,low,字段已有注释，无同名字段冲突，可安全纳入训练候选。
wm_station_info,water_quality_table_name,character varying,水质监测记录表名,水质自动监测站基本信息表,candidate_safe,low,字段已有注释，无同名字段冲突，可安全纳入训练候选。
wm_station_info,meteorological_table_name,character varying,气象监测记录表名,水质自动监测站基本信息表,candidate_safe,low,字段已有注释，无同名字段冲突，可安全纳入训练候选。
wm_station_info,water_quality_indicator_codes,character varying,水质监测指标id集合，逗号连接,水质自动监测站基本信息表,candidate_safe,low,字段已有注释，无同名字段冲突，可安全纳入训练候选。
wm_station_info,intake_lon,double precision,取水口位置,水质自动监测站基本信息表,candidate_safe,low,字段已有注释，无同名字段冲突，可安全纳入训练候选。
wm_station_info,intake_lat,double precision,取水口位置,水质自动监测站基本信息表,candidate_safe,low,字段已有注释，无同名字段冲突，可安全纳入训练候选。
wm_station_info,equipments,character varying,自动站的设备清单,水质自动监测站基本信息表,candidate_safe,low,字段已有注释，无同名字段冲突，可安全纳入训练候选。
wm_station_info,build_time,date,建设时间,水质自动监测站基本信息表,candidate_safe,low,字段已有注释，无同名字段冲突，可安全纳入训练候选。
wm_station_info,responsible_person,character varying,站点责任人,水质自动监测站基本信息表,candidate_safe,low,字段已有注释，无同名字段冲突，可安全纳入训练候选。
wm_station_info,contact_number,character varying,责任人联系电话,水质自动监测站基本信息表,candidate_safe,low,字段已有注释，无同名字段冲突，可安全纳入训练候选。
wm_station_info,img_name,character varying,照片名称,水质自动监测站基本信息表,candidate_safe,low,字段已有注释，无同名字段冲突，可安全纳入训练候选。
wm_station_info,img_format,character varying,照片格式：img、png等,水质自动监测站基本信息表,candidate_safe,low,字段已有注释，无同名字段冲突，可安全纳入训练候选。
wm_station_info_v2,iot_connect_type,character varying,通信协议类型：0 tcp、1 http、2 mqtt,自动站管理,candidate_safe,low,字段已有注释，无同名字段冲突，可安全纳入训练候选。
wm_station_info_v2,build_time,timestamp without time zone,建设时间,自动站管理,candidate_safe,low,字段已有注释，无同名字段冲突，可安全纳入训练候选。
wm_station_info_v2,section_id,bigint,断面id,自动站管理,candidate_safe,low,字段已有注释，无同名字段冲突，可安全纳入训练候选。
wm_station_info_v2,equipment_manufacturer,character varying,设备厂家,自动站管理,candidate_safe,low,字段已有注释，无同名字段冲突，可安全纳入训练候选。
wm_station_info_v2,equipment_model,character varying,设备型号,自动站管理,candidate_safe,low,字段已有注释，无同名字段冲突，可安全纳入训练候选。
wm_station_info_v2,monitor_indicators,character varying,监测指标,自动站管理,candidate_safe,low,字段已有注释，无同名字段冲突，可安全纳入训练候选。
wm_station_info_v2,monitor_frequency,character varying,监测频次,自动站管理,candidate_safe,low,字段已有注释，无同名字段冲突，可安全纳入训练候选。
wm_station_info_v2,eight_direction_photo,character varying,八方图,自动站管理,candidate_safe,low,字段已有注释，无同名字段冲突，可安全纳入训练候选。
wm_station_info_v2,om_unit,character varying,运维单位,自动站管理,candidate_safe,low,字段已有注释，无同名字段冲突，可安全纳入训练候选。
wm_station_info_v2,om_person,character varying,运维人员,自动站管理,candidate_safe,low,字段已有注释，无同名字段冲突，可安全纳入训练候选。
wm_station_info_v2,contact_info,character varying,联系方式,自动站管理,candidate_safe,low,字段已有注释，无同名字段冲突，可安全纳入训练候选。
wm_station_info_v2,water_body_name,character varying,水体名称,自动站管理,candidate_safe,low,字段已有注释，无同名字段冲突，可安全纳入训练候选。
wm_uav_info,gateway_sn,character varying,网关SN编码,大疆无人机基础信息,candidate_safe,low,字段已有注释，无同名字段冲突，可安全纳入训练候选。
wm_uav_info,gateway_callsign,character varying,网关名称,大疆无人机基础信息,candidate_safe,low,字段已有注释，无同名字段冲突，可安全纳入训练候选。
wm_uav_info,gateway_device_model,character varying,型号，json格式,大疆无人机基础信息,candidate_safe,low,字段已有注释，无同名字段冲突，可安全纳入训练候选。
wm_uav_info,gateway_device_online_status,smallint,网关在线状态,大疆无人机基础信息,candidate_safe,low,字段已有注释，无同名字段冲突，可安全纳入训练候选。
wm_uav_info,gateway_mode_code,integer,网关型号编码,大疆无人机基础信息,candidate_safe,low,字段已有注释，无同名字段冲突，可安全纳入训练候选。
wm_uav_info,gateway_camera_list,character varying,网关摄像头列表,大疆无人机基础信息,candidate_safe,low,字段已有注释，无同名字段冲突，可安全纳入训练候选。
wm_uav_info,drone_sn,character varying,无人机SN编码,大疆无人机基础信息,candidate_safe,low,字段已有注释，无同名字段冲突，可安全纳入训练候选。
wm_uav_info,drone_callsign,character varying,无人机名称,大疆无人机基础信息,candidate_safe,low,字段已有注释，无同名字段冲突，可安全纳入训练候选。
wm_uav_info,drone_device_model,character varying,无人机型号,大疆无人机基础信息,candidate_safe,low,字段已有注释，无同名字段冲突，可安全纳入训练候选。
wm_uav_info,drone_device_online_status,character varying,无人机在线状态,大疆无人机基础信息,candidate_safe,low,字段已有注释，无同名字段冲突，可安全纳入训练候选。
wm_uav_info,drone_mode_code,integer,型号编码,大疆无人机基础信息,candidate_safe,low,字段已有注释，无同名字段冲突，可安全纳入训练候选。
wm_uav_info,drone_camera_list,character varying,无人机摄像头列表,大疆无人机基础信息,candidate_safe,low,字段已有注释，无同名字段冲突，可安全纳入训练候选。
wm_uav_info,gateway_lon,double precision,网关经度,大疆无人机基础信息,candidate_safe,low,字段已有注释，无同名字段冲突，可安全纳入训练候选。
wm_uav_info,gateway_lat,double precision,网关纬度,大疆无人机基础信息,candidate_safe,low,字段已有注释，无同名字段冲突，可安全纳入训练候选。
wm_uav_info,activation_time,bigint,机场激活时间(unix 时间戳),大疆无人机基础信息,candidate_safe,low,字段已有注释，无同名字段冲突，可安全纳入训练候选。
wm_uav_info,acc_time,integer,机场累计运行时长,大疆无人机基础信息,candidate_safe,low,字段已有注释，无同名字段冲突，可安全纳入训练候选。
wm_uav_info,humidity,real,舱内湿度,大疆无人机基础信息,candidate_safe,low,字段已有注释，无同名字段冲突，可安全纳入训练候选。
wm_uav_info,job_number,integer,机场累计作业次数,大疆无人机基础信息,candidate_safe,low,字段已有注释，无同名字段冲突，可安全纳入训练候选。
wm_uav_info,storage_total,integer,存储容量 单位：KB,大疆无人机基础信息,candidate_safe,low,字段已有注释，无同名字段冲突，可安全纳入训练候选。
wm_uav_info,storage_used,integer,已使用容量 单位：KB,大疆无人机基础信息,candidate_safe,low,字段已有注释，无同名字段冲突，可安全纳入训练候选。
wm_uav_info,brand,character varying,品牌：大疆/纵横昆仑,大疆无人机基础信息,candidate_safe,low,字段已有注释，无同名字段冲突，可安全纳入训练候选。
wm_uav_info,weight,character varying,整机重量,大疆无人机基础信息,candidate_safe,low,字段已有注释，无同名字段冲突，可安全纳入训练候选。
wm_uav_info,power,character varying,功率,大疆无人机基础信息,candidate_safe,low,字段已有注释，无同名字段冲突，可安全纳入训练候选。
wm_uav_info,temperature,character varying,工作温度,大疆无人机基础信息,candidate_safe,low,字段已有注释，无同名字段冲突，可安全纳入训练候选。
wm_uav_info,max_height,character varying,最大高度,大疆无人机基础信息,candidate_safe,low,字段已有注释，无同名字段冲突，可安全纳入训练候选。
wm_uav_info,max_radius,character varying,最大工作半径,大疆无人机基础信息,candidate_safe,low,字段已有注释，无同名字段冲突，可安全纳入训练候选。
wm_uav_info,charging_time,character varying,充电时间,大疆无人机基础信息,candidate_safe,low,字段已有注释，无同名字段冲突，可安全纳入训练候选。
wm_uav_info,cycle_num,character varying,电池循环次数,大疆无人机基础信息,candidate_safe,low,字段已有注释，无同名字段冲突，可安全纳入训练候选。
wm_uav_info,duration_time,character varying,备用电池续航时间,大疆无人机基础信息,candidate_safe,low,字段已有注释，无同名字段冲突，可安全纳入训练候选。
wm_water_intake,used_mark,character varying,使用状态,水源地-取水口,candidate_safe,low,字段已有注释，无同名字段冲突，可安全纳入训练候选。
wm_water_intake,static_flag,character varying,统计标识：是、否,水源地-取水口,candidate_safe,low,字段已有注释，无同名字段冲突，可安全纳入训练候选。
wm_water_source,alias,character varying,别名,水源地信息：通过code码关联,candidate_safe,low,字段已有注释，无同名字段冲突，可安全纳入训练候选。
wm_water_source,river_system_name,character varying,水系名称,水源地信息：通过code码关联,candidate_safe,low,字段已有注释，无同名字段冲突，可安全纳入训练候选。
wm_water_source,river_system_name_2,character varying,二级水系名称,水源地信息：通过code码关联,candidate_safe,low,字段已有注释，无同名字段冲突，可安全纳入训练候选。
wm_water_source,river_system_name_3,character varying,三级级水系名称,水源地信息：通过code码关联,candidate_safe,low,字段已有注释，无同名字段冲突，可安全纳入训练候选。
wm_water_source,source_state,character varying,水源状态,水源地信息：通过code码关联,candidate_safe,low,字段已有注释，无同名字段冲突，可安全纳入训练候选。
wm_water_source,protect_area_status,character varying,保护区划定情况,水源地信息：通过code码关联,candidate_safe,low,字段已有注释，无同名字段冲突，可安全纳入训练候选。
wm_water_source,protect_area_cert,character varying,保护区划定文号,水源地信息：通过code码关联,candidate_safe,low,字段已有注释，无同名字段冲突，可安全纳入训练候选。
wm_water_source,supply_type,character varying,供水类型,水源地信息：通过code码关联,candidate_safe,low,字段已有注释，无同名字段冲突，可安全纳入训练候选。
wm_water_source,supply_service,character varying,服务对象,水源地信息：通过code码关联,candidate_safe,low,字段已有注释，无同名字段冲突，可安全纳入训练候选。
wm_water_source,supply_water_daily,character varying,日均供水能力（吨/天）,水源地信息：通过code码关联,candidate_safe,low,字段已有注释，无同名字段冲突，可安全纳入训练候选。
wm_water_source,supply_water_year,double precision,年实际取水量(万吨),水源地信息：通过code码关联,candidate_safe,low,字段已有注释，无同名字段冲突，可安全纳入训练候选。
wm_water_source,supply_water_avg,double precision,人均取水量（升/天）,水源地信息：通过code码关联,candidate_safe,low,字段已有注释，无同名字段冲突，可安全纳入训练候选。
wm_water_source,service_people_count,bigint,服务人数,水源地信息：通过code码关联,candidate_safe,low,字段已有注释，无同名字段冲突，可安全纳入训练候选。
wm_water_source,water_word_info,character varying,对应水厂名称,水源地信息：通过code码关联,candidate_safe,low,字段已有注释，无同名字段冲突，可安全纳入训练候选。
wm_water_source,dbsqssw,real,地表水取水水位（m）,水源地信息：通过code码关联,candidate_safe,low,字段已有注释，无同名字段冲突，可安全纳入训练候选。
wm_water_source,dbssjksw,real,地表水设计枯水位（m）,水源地信息：通过code码关联,candidate_safe,low,字段已有注释，无同名字段冲突，可安全纳入训练候选。
wm_water_source,dxsmctj,character varying,地下水埋藏条件,水源地信息：通过code码关联,candidate_safe,low,字段已有注释，无同名字段冲突，可安全纳入训练候选。
wm_water_source,dxshsjzlx,character varying,地下水含水介质类型,水源地信息：通过code码关联,candidate_safe,low,字段已有注释，无同名字段冲突，可安全纳入训练候选。
wm_water_source,dxssjjs,real,地下水设计降深（m）,水源地信息：通过code码关联,candidate_safe,low,字段已有注释，无同名字段冲突，可安全纳入训练候选。
wm_water_source,dxsswms,real,地下水水位埋深（m）,水源地信息：通过code码关联,candidate_safe,low,字段已有注释，无同名字段冲突，可安全纳入训练候选。
wm_water_source,ccsy,character varying,超采水源: 是、否,水源地信息：通过code码关联,candidate_safe,low,字段已有注释，无同名字段冲突，可安全纳入训练候选。
wm_water_source,cjjjdkhzb,character varying,长江经济带考核指标: 是、否,水源地信息：通过code码关联,candidate_safe,low,字段已有注释，无同名字段冲突，可安全纳入训练候选。
wm_water_source,build_year,integer,取水口建成年份,水源地信息：通过code码关联,candidate_safe,low,字段已有注释，无同名字段冲突，可安全纳入训练候选。
wm_water_source,used_year,integer,取水口正式使用年份,水源地信息：通过code码关联,candidate_safe,low,字段已有注释，无同名字段冲突，可安全纳入训练候选。
wm_water_source_bak0421,alias,character varying,别名,水源地信息：通过code码关联,candidate_safe,low,字段已有注释，无同名字段冲突，可安全纳入训练候选。
wm_water_source_bak0421,area_code,character varying,行政区代码,水源地信息：通过code码关联,candidate_safe,low,字段已有注释，无同名字段冲突，可安全纳入训练候选。
wm_water_source_bak0421,river_system_name,character varying,水系名称,水源地信息：通过code码关联,candidate_safe,low,字段已有注释，无同名字段冲突，可安全纳入训练候选。
wm_water_source_bak0421,supply_type,character varying,供水类型,水源地信息：通过code码关联,candidate_safe,low,字段已有注释，无同名字段冲突，可安全纳入训练候选。
wm_water_source_bak0421,supply_service,character varying,服务对象,水源地信息：通过code码关联,candidate_safe,low,字段已有注释，无同名字段冲突，可安全纳入训练候选。
wm_water_source_bak0421,source_state,character varying,水源状态,水源地信息：通过code码关联,candidate_safe,low,字段已有注释，无同名字段冲突，可安全纳入训练候选。
wm_water_source_bak0421,service_people_count,bigint,服务人数,水源地信息：通过code码关联,candidate_safe,low,字段已有注释，无同名字段冲突，可安全纳入训练候选。
wm_water_source_bak0421,supply_water_daily,character varying,日均供水能力（吨/天）,水源地信息：通过code码关联,candidate_safe,low,字段已有注释，无同名字段冲突，可安全纳入训练候选。
wm_water_source_bak0421,supply_water_year,double precision,年实际取水量(万吨),水源地信息：通过code码关联,candidate_safe,low,字段已有注释，无同名字段冲突，可安全纳入训练候选。
wm_water_source_bak0421,supply_water_avg,double precision,人均取水量（升/天）,水源地信息：通过code码关联,candidate_safe,low,字段已有注释，无同名字段冲突，可安全纳入训练候选。
wm_water_source_bak0421,check_result,character varying,考核结果,水源地信息：通过code码关联,candidate_safe,low,字段已有注释，无同名字段冲突，可安全纳入训练候选。
wm_water_source_bak0421,has_monitor,character varying,年是否开展水质监测,水源地信息：通过code码关联,candidate_safe,low,字段已有注释，无同名字段冲突，可安全纳入训练候选。
wm_water_source_bak0421,monitor_count,bigint,监测次数,水源地信息：通过code码关联,candidate_safe,low,字段已有注释，无同名字段冲突，可安全纳入训练候选。
wm_water_source_bak0421,monitor_result,bigint,达标情况,水源地信息：通过code码关联,candidate_safe,low,字段已有注释，无同名字段冲突，可安全纳入训练候选。
wm_water_source_bak0421,traffic_pass_info,character varying,交通穿越情况,水源地信息：通过code码关联,candidate_safe,low,字段已有注释，无同名字段冲突，可安全纳入训练候选。
wm_water_source_bak0421,has_take_cert,character varying,是否有取水许可证文号,水源地信息：通过code码关联,candidate_safe,low,字段已有注释，无同名字段冲突，可安全纳入训练候选。
wm_water_source_bak0421,take_cert_code,character varying,取水许可证文号,水源地信息：通过code码关联,candidate_safe,low,字段已有注释，无同名字段冲突，可安全纳入训练候选。
wm_water_source_bak0421,has_health_cert,character varying,有无水厂卫生合格证号,水源地信息：通过code码关联,candidate_safe,low,字段已有注释，无同名字段冲突，可安全纳入训练候选。
wm_water_source_bak0421,health_cert_code,character varying,卫生合格证号,水源地信息：通过code码关联,candidate_safe,low,字段已有注释，无同名字段冲突，可安全纳入训练候选。
wm_water_source_bak0421,process_technology,character varying,水厂处理工艺,水源地信息：通过code码关联,candidate_safe,low,字段已有注释，无同名字段冲突，可安全纳入训练候选。
wm_water_source_bak0421,protect_area_level1,double precision,一级保护区面积（m2）,水源地信息：通过code码关联,candidate_safe,low,字段已有注释，无同名字段冲突，可安全纳入训练候选。
wm_water_source_bak0421,protect_area_level2,double precision,二级保护区面积（m2）,水源地信息：通过code码关联,candidate_safe,low,字段已有注释，无同名字段冲突，可安全纳入训练候选。
wm_water_source_bak0421,approve_area,double precision,准保护区面积（m2）,水源地信息：通过code码关联,candidate_safe,low,字段已有注释，无同名字段冲突，可安全纳入训练候选。
wm_water_source_bak0421,lon,double precision,经度,水源地信息：通过code码关联,candidate_safe,low,字段已有注释，无同名字段冲突，可安全纳入训练候选。
wm_water_source_bak0421,lat,double precision,纬度,水源地信息：通过code码关联,candidate_safe,low,字段已有注释，无同名字段冲突，可安全纳入训练候选。
wm_water_source_bak0421,protect_area_status,character varying,保护区划定情况,水源地信息：通过code码关联,candidate_safe,low,字段已有注释，无同名字段冲突，可安全纳入训练候选。
wm_water_source_bak0421,protect_area_cert,character varying,保护区划定文号,水源地信息：通过code码关联,candidate_safe,low,字段已有注释，无同名字段冲突，可安全纳入训练候选。
wm_water_source_bak0421,protect_area_define,character varying,水源保护区划分,水源地信息：通过code码关联,candidate_safe,low,字段已有注释，无同名字段冲突，可安全纳入训练候选。
wm_water_source_bak0421,polluter_level1,character varying,一级保护区内污染源,水源地信息：通过code码关联,candidate_safe,low,字段已有注释，无同名字段冲突，可安全纳入训练候选。
wm_water_source_bak0421,polluter_level2,character varying,二级保护区内污染源,水源地信息：通过code码关联,candidate_safe,low,字段已有注释，无同名字段冲突，可安全纳入训练候选。
wm_water_source_bak0421,traffice_pass_enviroment,bigint,交通穿越存在环境问题数量,水源地信息：通过code码关联,candidate_safe,low,字段已有注释，无同名字段冲突，可安全纳入训练候选。
wm_water_source_bak0421,traffice_pass_finish,bigint,交通穿越已完成整治数量,水源地信息：通过code码关联,candidate_safe,low,字段已有注释，无同名字段冲突，可安全纳入训练候选。
wm_water_source_bak0421,traffice_pass_handle,bigint,交通穿越整治中数量,水源地信息：通过code码关联,candidate_safe,low,字段已有注释，无同名字段冲突，可安全纳入训练候选。
wm_water_source_bak0421,protect_flag_define,character varying,保护区标识标志设定情况,水源地信息：通过code码关联,candidate_safe,low,字段已有注释，无同名字段冲突，可安全纳入训练候选。
wm_water_source_bak0421,protect_flag_finish,bigint,标识标志设定存在环境问题数量,水源地信息：通过code码关联,candidate_safe,low,字段已有注释，无同名字段冲突，可安全纳入训练候选。
wm_water_source_bak0421,protect_flag_hanle,bigint,标识标志设定已完成整治数量,水源地信息：通过code码关联,candidate_safe,low,字段已有注释，无同名字段冲突，可安全纳入训练候选。
wm_water_source_bak0421,protect_flag_problem,bigint,标识标志设定存在环境问题数量,水源地信息：通过code码关联,candidate_safe,low,字段已有注释，无同名字段冲突，可安全纳入训练候选。
wm_water_source_bak0421,geom1,text,一级水源地面图形：4490,水源地信息：通过code码关联,candidate_safe,low,字段已有注释，无同名字段冲突，可安全纳入训练候选。
wm_water_source_bak0421,geom2,text,二级水源地面图形：4490,水源地信息：通过code码关联,candidate_safe,low,字段已有注释，无同名字段冲突，可安全纳入训练候选。
wm_water_source_bak0421,river_system_name_3,character varying,三级级水系名称,水源地信息：通过code码关联,candidate_safe,low,字段已有注释，无同名字段冲突，可安全纳入训练候选。
wm_water_source_bak0421,water_word_info,character varying,对应水厂名称,水源地信息：通过code码关联,candidate_safe,low,字段已有注释，无同名字段冲突，可安全纳入训练候选。
wm_water_source_bak0421,dbsqssw,real,地表水取水水位（m）,水源地信息：通过code码关联,candidate_safe,low,字段已有注释，无同名字段冲突，可安全纳入训练候选。
wm_water_source_bak0421,dbssjksw,real,地表水设计枯水位（m）,水源地信息：通过code码关联,candidate_safe,low,字段已有注释，无同名字段冲突，可安全纳入训练候选。
wm_water_source_bak0421,dxsmctj,character varying,地下水埋藏条件,水源地信息：通过code码关联,candidate_safe,low,字段已有注释，无同名字段冲突，可安全纳入训练候选。
wm_water_source_bak0421,dxshsjzlx,character varying,地下水含水介质类型,水源地信息：通过code码关联,candidate_safe,low,字段已有注释，无同名字段冲突，可安全纳入训练候选。
wm_water_source_bak0421,dxssjjs,real,地下水设计降深（m）,水源地信息：通过code码关联,candidate_safe,low,字段已有注释，无同名字段冲突，可安全纳入训练候选。
wm_water_source_bak0421,dxsswms,real,地下水水位埋深（m）,水源地信息：通过code码关联,candidate_safe,low,字段已有注释，无同名字段冲突，可安全纳入训练候选。
wm_water_source_bak0421,ccsy,character varying,超采水源: 是、否,水源地信息：通过code码关联,candidate_safe,low,字段已有注释，无同名字段冲突，可安全纳入训练候选。
wm_water_source_bak0421,cjjjdkhzb,character varying,长江经济带考核指标: 是、否,水源地信息：通过code码关联,candidate_safe,low,字段已有注释，无同名字段冲突，可安全纳入训练候选。
wm_water_source_bak0421,river_system_name_2,character varying,二级水系名称,水源地信息：通过code码关联,candidate_safe,low,字段已有注释，无同名字段冲突，可安全纳入训练候选。
wm_water_source_bak0421,build_year,integer,取水口建成年份,水源地信息：通过code码关联,candidate_safe,low,字段已有注释，无同名字段冲突，可安全纳入训练候选。
wm_water_source_bak0421,used_year,integer,取水口正式使用年份,水源地信息：通过code码关联,candidate_safe,low,字段已有注释，无同名字段冲突，可安全纳入训练候选。
wm_water_source_intake_v2,district,character varying,区县,饮用水水源地管理及监测-取水口,candidate_safe,low,字段已有注释，无同名字段冲突，可安全纳入训练候选。
wm_water_source_intake_v2,source_level,character varying,水源地级别（县级以上；乡镇级；百吨千人）,饮用水水源地管理及监测-取水口,candidate_safe,low,字段已有注释，无同名字段冲突，可安全纳入训练候选。
wm_water_source_intake_v2,source_status,character varying,水源地状态（在用；备用；应急；规划）,饮用水水源地管理及监测-取水口,candidate_safe,low,字段已有注释，无同名字段冲突，可安全纳入训练候选。
wm_water_source_intake_v2,source_code,character varying,水源地编码,饮用水水源地管理及监测-取水口,candidate_safe,low,字段已有注释，无同名字段冲突，可安全纳入训练候选。
wm_water_source_intake_v2,water_quality_class,character varying,水质类别（Ⅰ；Ⅱ；Ⅲ；Ⅳ；Ⅴ）,饮用水水源地管理及监测-取水口,candidate_safe,low,字段已有注释，无同名字段冲突，可安全纳入训练候选。
wm_water_source_intake_v2,supply_population,integer,供水人口（人）,饮用水水源地管理及监测-取水口,candidate_safe,low,字段已有注释，无同名字段冲突，可安全纳入训练候选。
wm_water_source_intake_v2,daily_supply_capacity,numeric,日均供水能力（吨/天）,饮用水水源地管理及监测-取水口,candidate_safe,low,字段已有注释，无同名字段冲突，可安全纳入训练候选。
wm_water_source_intake_v2,annual_actual_withdrawal,numeric,年实际取水量（万吨）,饮用水水源地管理及监测-取水口,candidate_safe,low,字段已有注释，无同名字段冲突，可安全纳入训练候选。
wm_water_source_intake_v2,per_capita_withdrawal,numeric,人均取水量（升/天）,饮用水水源地管理及监测-取水口,candidate_safe,low,字段已有注释，无同名字段冲突，可安全纳入训练候选。
wm_water_source_zone_v2,district,character varying,区县,饮用水水源地管理及监测-保护区,candidate_safe,low,字段已有注释，无同名字段冲突，可安全纳入训练候选。
wm_water_source_zone_v2,source_level,character varying,水源地级别（县级以上；乡镇级；百吨千人）,饮用水水源地管理及监测-保护区,candidate_safe,low,字段已有注释，无同名字段冲突，可安全纳入训练候选。
wm_water_source_zone_v2,source_status,character varying,水源地状态（在用；备用；应急；规划）,饮用水水源地管理及监测-保护区,candidate_safe,low,字段已有注释，无同名字段冲突，可安全纳入训练候选。
wm_water_source_zone_v2,source_code,character varying,水源地编码,饮用水水源地管理及监测-保护区,candidate_safe,low,字段已有注释，无同名字段冲突，可安全纳入训练候选。
wm_waterbody_info,water_body_name,character varying,水体名称,水体信息实体类,candidate_safe,low,字段已有注释，无同名字段冲突，可安全纳入训练候选。
wm_waterbody_info,img_format,character varying,照片格式：img、png等,水体信息实体类,candidate_safe,low,字段已有注释，无同名字段冲突，可安全纳入训练候选。
wm_waterbody_info,img_name,character varying,照片名称,水体信息实体类,candidate_safe,low,字段已有注释，无同名字段冲突，可安全纳入训练候选。
wm_waterbody_info,bend_coefficient,double precision,弯曲系数,水体信息实体类,candidate_safe,low,字段已有注释，无同名字段冲突，可安全纳入训练候选。
wm_waterbody_info,storage,double precision,蓄水量（m3）,水体信息实体类,candidate_safe,low,字段已有注释，无同名字段冲突，可安全纳入训练候选。
wm_waterquality_day_records,m23_count,bigint,记录数23,水质监测日记录表,candidate_safe,low,字段已有注释，无同名字段冲突，可安全纳入训练候选。
wm_waterquality_day_records,m24_count,bigint,记录数24,水质监测日记录表,candidate_safe,low,字段已有注释，无同名字段冲突，可安全纳入训练候选。
wm_waterquality_day_records,m25_count,bigint,记录数25,水质监测日记录表,candidate_safe,low,字段已有注释，无同名字段冲突，可安全纳入训练候选。
wm_waterquality_day_records,m26_count,bigint,记录数26,水质监测日记录表,candidate_safe,low,字段已有注释，无同名字段冲突，可安全纳入训练候选。
wm_waterquality_day_records,m27_count,bigint,记录数27,水质监测日记录表,candidate_safe,low,字段已有注释，无同名字段冲突，可安全纳入训练候选。
wm_waterquality_day_records,m28_count,bigint,记录数28,水质监测日记录表,candidate_safe,low,字段已有注释，无同名字段冲突，可安全纳入训练候选。
wm_waterquality_day_records,m29_count,bigint,记录数29,水质监测日记录表,candidate_safe,low,字段已有注释，无同名字段冲突，可安全纳入训练候选。
wm_waterquality_day_records,m30_count,bigint,记录数30,水质监测日记录表,candidate_safe,low,字段已有注释，无同名字段冲突，可安全纳入训练候选。
wm_waterquality_day_records,m31_count,bigint,记录数31,水质监测日记录表,candidate_safe,low,字段已有注释，无同名字段冲突，可安全纳入训练候选。
wm_waterquality_hour_records,m1_level,character varying,水质级别：I、II、Ⅲ、IV、V、劣V,水质监测小时记录表,candidate_safe,low,字段已有注释，无同名字段冲突，可安全纳入训练候选。
wm_waterquality_hour_records,m2_level,character varying,水质级别：I、II、Ⅲ、IV、V、劣V,水质监测小时记录表,candidate_safe,low,字段已有注释，无同名字段冲突，可安全纳入训练候选。
wm_waterquality_hour_records,m3_level,character varying,水质级别：I、II、Ⅲ、IV、V、劣V,水质监测小时记录表,candidate_safe,low,字段已有注释，无同名字段冲突，可安全纳入训练候选。
wm_waterquality_hour_records,m6_level,character varying,水质级别：I、II、Ⅲ、IV、V、劣V,水质监测小时记录表,candidate_safe,low,字段已有注释，无同名字段冲突，可安全纳入训练候选。
wm_waterquality_hour_records,m7_level,character varying,水质级别：I、II、Ⅲ、IV、V、劣V,水质监测小时记录表,candidate_safe,low,字段已有注释，无同名字段冲突，可安全纳入训练候选。
wm_waterquality_hour_records,m8_level,character varying,水质级别：I、II、Ⅲ、IV、V、劣V,水质监测小时记录表,candidate_safe,low,字段已有注释，无同名字段冲突，可安全纳入训练候选。
wm_waterquality_hour_records,m9_level,character varying,水质级别：I、II、Ⅲ、IV、V、劣V,水质监测小时记录表,candidate_safe,low,字段已有注释，无同名字段冲突，可安全纳入训练候选。
wm_waterquality_hour_records,m12_level,character varying,水质级别：I、II、Ⅲ、IV、V、劣V,水质监测小时记录表,candidate_safe,low,字段已有注释，无同名字段冲突，可安全纳入训练候选。
wm_waterquality_hour_records,m13_level,character varying,水质级别：I、II、Ⅲ、IV、V、劣V,水质监测小时记录表,candidate_safe,low,字段已有注释，无同名字段冲突，可安全纳入训练候选。
wm_waterquality_hour_records,m23_status,character,监测结果：0 正常、1 超标,水质监测小时记录表,candidate_safe,low,字段已有注释，无同名字段冲突，可安全纳入训练候选。
wm_waterquality_hour_records,m24_status,character,监测结果：0 正常、1 超标,水质监测小时记录表,candidate_safe,low,字段已有注释，无同名字段冲突，可安全纳入训练候选。
wm_waterquality_hour_records,m25_status,character,监测结果：0 正常、1 超标,水质监测小时记录表,candidate_safe,low,字段已有注释，无同名字段冲突，可安全纳入训练候选。
wm_waterquality_hour_records,m26_status,character,监测结果：0 正常、1 超标,水质监测小时记录表,candidate_safe,low,字段已有注释，无同名字段冲突，可安全纳入训练候选。
wm_waterquality_hour_records,m27_status,character,监测结果：0 正常、1 超标,水质监测小时记录表,candidate_safe,low,字段已有注释，无同名字段冲突，可安全纳入训练候选。
wm_waterquality_hour_records,m28_status,character,监测结果：0 正常、1 超标,水质监测小时记录表,candidate_safe,low,字段已有注释，无同名字段冲突，可安全纳入训练候选。
wm_waterquality_hour_records,m29_status,character,监测结果：0 正常、1 超标,水质监测小时记录表,candidate_safe,low,字段已有注释，无同名字段冲突，可安全纳入训练候选。
wm_waterquality_hour_records,m30_status,character,监测结果：0 正常、1 超标,水质监测小时记录表,candidate_safe,low,字段已有注释，无同名字段冲突，可安全纳入训练候选。
wm_waterquality_hour_records,m31_status,character,监测结果：0 正常、1 超标,水质监测小时记录表,candidate_safe,low,字段已有注释，无同名字段冲突，可安全纳入训练候选。
wm_waterquality_month_records,section_id,bigint,断面id,水质监测月记录表,candidate_safe,low,字段已有注释，无同名字段冲突，可安全纳入训练候选。
wm_waterquality_month_records,m23_count,bigint,记录数23,水质监测月记录表,candidate_safe,low,字段已有注释，无同名字段冲突，可安全纳入训练候选。
wm_waterquality_month_records,m24_count,bigint,记录数24,水质监测月记录表,candidate_safe,low,字段已有注释，无同名字段冲突，可安全纳入训练候选。
wm_waterquality_month_records,m25_count,bigint,记录数25,水质监测月记录表,candidate_safe,low,字段已有注释，无同名字段冲突，可安全纳入训练候选。
wm_waterquality_month_records,m26_count,bigint,记录数26,水质监测月记录表,candidate_safe,low,字段已有注释，无同名字段冲突，可安全纳入训练候选。
wm_waterquality_month_records,m27_count,bigint,记录数27,水质监测月记录表,candidate_safe,low,字段已有注释，无同名字段冲突，可安全纳入训练候选。
wm_waterquality_month_records,m28_count,bigint,记录数28,水质监测月记录表,candidate_safe,low,字段已有注释，无同名字段冲突，可安全纳入训练候选。
wm_waterquality_month_records,m29_count,bigint,记录数29,水质监测月记录表,candidate_safe,low,字段已有注释，无同名字段冲突，可安全纳入训练候选。
wm_waterquality_month_records,m30_count,bigint,记录数30,水质监测月记录表,candidate_safe,low,字段已有注释，无同名字段冲突，可安全纳入训练候选。
wm_waterquality_month_records,m31_count,bigint,记录数31,水质监测月记录表,candidate_safe,low,字段已有注释，无同名字段冲突，可安全纳入训练候选。
wm_waterquality_month_records,monitor_year,bigint,监测年份,水质监测月记录表,candidate_safe,low,字段已有注释，无同名字段冲突，可安全纳入训练候选。
wm_waterquality_month_records,monitor_month,bigint,监测月份,水质监测月记录表,candidate_safe,low,字段已有注释，无同名字段冲突，可安全纳入训练候选。
wm_waterquality_month_records,main_pollutant,character varying,主要污染物，逗号连接,水质监测月记录表,candidate_safe,low,字段已有注释，无同名字段冲突，可安全纳入训练候选。
wm_waterquality_year_records,section_id,bigint,断面id,水质监测年记录表,candidate_safe,low,字段已有注释，无同名字段冲突，可安全纳入训练候选。
wm_waterquality_year_records,m23_count,bigint,记录数23,水质监测年记录表,candidate_safe,low,字段已有注释，无同名字段冲突，可安全纳入训练候选。
wm_waterquality_year_records,m24_count,bigint,记录数24,水质监测年记录表,candidate_safe,low,字段已有注释，无同名字段冲突，可安全纳入训练候选。
wm_waterquality_year_records,m25_count,bigint,记录数25,水质监测年记录表,candidate_safe,low,字段已有注释，无同名字段冲突，可安全纳入训练候选。
wm_waterquality_year_records,m26_count,bigint,记录数26,水质监测年记录表,candidate_safe,low,字段已有注释，无同名字段冲突，可安全纳入训练候选。
wm_waterquality_year_records,m27_count,bigint,记录数27,水质监测年记录表,candidate_safe,low,字段已有注释，无同名字段冲突，可安全纳入训练候选。
wm_waterquality_year_records,m28_count,bigint,记录数28,水质监测年记录表,candidate_safe,low,字段已有注释，无同名字段冲突，可安全纳入训练候选。
wm_waterquality_year_records,monitor_year,bigint,监测年份,水质监测年记录表,candidate_safe,low,字段已有注释，无同名字段冲突，可安全纳入训练候选。
wm_waterquality_year_records,monitor_month,bigint,监测月份,水质监测年记录表,candidate_safe,low,字段已有注释，无同名字段冲突，可安全纳入训练候选。
wm_waterquality_year_records,main_pollutant,character varying,主要污染物，逗号连接,水质监测年记录表,candidate_safe,low,字段已有注释，无同名字段冲突，可安全纳入训练候选。
wst_asset,asset_code,character varying,资产编码,水安全溯源模块-统一资产表，存储断面、站点、排口、企业、园区、闸坝、管线、摄像头、事故池等可上图、可查询、可关联对象,candidate_safe,low,字段已有注释，无同名字段冲突，可安全纳入训练候选。
wst_asset,asset_name,character varying,资产名称,水安全溯源模块-统一资产表，存储断面、站点、排口、企业、园区、闸坝、管线、摄像头、事故池等可上图、可查询、可关联对象,candidate_safe,low,字段已有注释，无同名字段冲突，可安全纳入训练候选。
wst_asset,asset_subtype,character varying,资产子类型，用于进一步细分资产类型，例如雨水排口、污水排口、永久闸、临时闸、主管、支管,水安全溯源模块-统一资产表，存储断面、站点、排口、企业、园区、闸坝、管线、摄像头、事故池等可上图、可查询、可关联对象,candidate_safe,low,字段已有注释，无同名字段冲突，可安全纳入训练候选。
wst_asset,source_id,character varying,来源系统中的原始ID,水安全溯源模块-统一资产表，存储断面、站点、排口、企业、园区、闸坝、管线、摄像头、事故池等可上图、可查询、可关联对象,candidate_safe,low,字段已有注释，无同名字段冲突，可安全纳入训练候选。
wst_asset,administrative_region_code,character varying,行政区划编码,水安全溯源模块-统一资产表，存储断面、站点、排口、企业、园区、闸坝、管线、摄像头、事故池等可上图、可查询、可关联对象,candidate_safe,low,字段已有注释，无同名字段冲突，可安全纳入训练候选。
wst_asset,administrative_region_name,character varying,行政区划名称,水安全溯源模块-统一资产表，存储断面、站点、排口、企业、园区、闸坝、管线、摄像头、事故池等可上图、可查询、可关联对象,candidate_safe,low,字段已有注释，无同名字段冲突，可安全纳入训练候选。
wst_asset,elevation,numeric,高程，单位米,水安全溯源模块-统一资产表，存储断面、站点、排口、企业、园区、闸坝、管线、摄像头、事故池等可上图、可查询、可关联对象,candidate_safe,low,字段已有注释，无同名字段冲突，可安全纳入训练候选。
wst_asset,created_by,character varying,创建人,水安全溯源模块-统一资产表，存储断面、站点、排口、企业、园区、闸坝、管线、摄像头、事故池等可上图、可查询、可关联对象,candidate_safe,low,字段已有注释，无同名字段冲突，可安全纳入训练候选。
wst_asset,created_at,timestamp without time zone,创建时间,水安全溯源模块-统一资产表，存储断面、站点、排口、企业、园区、闸坝、管线、摄像头、事故池等可上图、可查询、可关联对象,candidate_safe,low,字段已有注释，无同名字段冲突，可安全纳入训练候选。
wst_asset,updated_by,character varying,更新人,水安全溯源模块-统一资产表，存储断面、站点、排口、企业、园区、闸坝、管线、摄像头、事故池等可上图、可查询、可关联对象,candidate_safe,low,字段已有注释，无同名字段冲突，可安全纳入训练候选。
wst_asset,updated_at,timestamp without time zone,更新时间,水安全溯源模块-统一资产表，存储断面、站点、排口、企业、园区、闸坝、管线、摄像头、事故池等可上图、可查询、可关联对象,candidate_safe,low,字段已有注释，无同名字段冲突，可安全纳入训练候选。
wst_asset_relation,target_asset_id,bigint,目标资产ID，对应 wst_asset.id,资产关系实例表，存储资产与资产之间的一度业务关系，不代表水流路径,candidate_safe,low,字段已有注释，无同名字段冲突，可安全纳入训练候选。
wst_asset_relation,relation_type,character varying,关系大类编码，对应 wst_relation_type_dict.type_code,资产关系实例表，存储资产与资产之间的一度业务关系，不代表水流路径,candidate_safe,low,字段已有注释，无同名字段冲突，可安全纳入训练候选。
wst_asset_relation,created_at,timestamp without time zone,创建时间,资产关系实例表，存储资产与资产之间的一度业务关系，不代表水流路径,candidate_safe,low,字段已有注释，无同名字段冲突，可安全纳入训练候选。
wst_asset_relation,updated_at,timestamp without time zone,更新时间,资产关系实例表，存储资产与资产之间的一度业务关系，不代表水流路径,candidate_safe,low,字段已有注释，无同名字段冲突，可安全纳入训练候选。
wst_asset_trace_snap,asset_id,bigint,资产ID，关联 wst_asset.id,水安全溯源模块-资产拓扑挂接表，用于维护业务资产与溯源拓扑节点之间的挂接关系，是资产进入 pgRouting 网络计算的桥梁,candidate_safe,low,字段已有注释，无同名字段冲突，可安全纳入训练候选。
wst_asset_trace_snap,trace_node_id,bigint,挂接后的拓扑节点ID，关联 wst_trace_node.id，pgRouting 查询必须从该节点出发,水安全溯源模块-资产拓扑挂接表，用于维护业务资产与溯源拓扑节点之间的挂接关系，是资产进入 pgRouting 网络计算的桥梁,candidate_safe,low,字段已有注释，无同名字段冲突，可安全纳入训练候选。
wst_asset_trace_snap,trace_edge_id,bigint,原始挂接边ID，关联 wst_trace_edge.id，仅作为来源记录或展示辅助字段，不作为 pgRouting 起点,水安全溯源模块-资产拓扑挂接表，用于维护业务资产与溯源拓扑节点之间的挂接关系，是资产进入 pgRouting 网络计算的桥梁,candidate_safe,low,字段已有注释，无同名字段冲突，可安全纳入训练候选。
wst_asset_trace_snap,snap_point_geom,USER-DEFINED,资产在拓扑网络上的实际挂接点坐标，坐标系SRID=4326,水安全溯源模块-资产拓扑挂接表，用于维护业务资产与溯源拓扑节点之间的挂接关系，是资产进入 pgRouting 网络计算的桥梁,candidate_safe,low,字段已有注释，无同名字段冲突，可安全纳入训练候选。
wst_asset_trace_snap,asset_point_geom,USER-DEFINED,资产原始点坐标，主要用于记录资产原始位置,水安全溯源模块-资产拓扑挂接表，用于维护业务资产与溯源拓扑节点之间的挂接关系，是资产进入 pgRouting 网络计算的桥梁,candidate_safe,low,字段已有注释，无同名字段冲突，可安全纳入训练候选。
wst_asset_trace_snap,distance_m,numeric,资产原始位置到挂接点的距离，单位米,水安全溯源模块-资产拓扑挂接表，用于维护业务资产与溯源拓扑节点之间的挂接关系，是资产进入 pgRouting 网络计算的桥梁,candidate_safe,low,字段已有注释，无同名字段冲突，可安全纳入训练候选。
wst_asset_trace_snap,snap_type,character varying,挂接类型：node=挂接到已有节点，split_edge=挂接到边中间并拆边，manual=人工指定,水安全溯源模块-资产拓扑挂接表，用于维护业务资产与溯源拓扑节点之间的挂接关系，是资产进入 pgRouting 网络计算的桥梁,candidate_safe,low,字段已有注释，无同名字段冲突，可安全纳入训练候选。
wst_asset_trace_snap,snap_role,character varying,挂接角色，例如 discharge_point=排放进入点，monitor_point=监测点，intake_point=取水点，gate_control_point=闸口控制点，pipe_inlet=管网入口，pipe_outlet=管网出口，emergency_point=应急点,水安全溯源模块-资产拓扑挂接表，用于维护业务资产与溯源拓扑节点之间的挂接关系，是资产进入 pgRouting 网络计算的桥梁,candidate_safe,low,字段已有注释，无同名字段冲突，可安全纳入训练候选。
wst_asset_trace_snap,snap_method,character varying,挂接方法：nearest_node=最近节点，nearest_edge=最近边，manual=人工，import=导入,水安全溯源模块-资产拓扑挂接表，用于维护业务资产与溯源拓扑节点之间的挂接关系，是资产进入 pgRouting 网络计算的桥梁,candidate_safe,low,字段已有注释，无同名字段冲突，可安全纳入训练候选。
wst_asset_trace_snap,snap_status,character varying,挂接状态：candidate=候选，confirmed=已确认，invalid=无效,水安全溯源模块-资产拓扑挂接表，用于维护业务资产与溯源拓扑节点之间的挂接关系，是资产进入 pgRouting 网络计算的桥梁,candidate_safe,low,字段已有注释，无同名字段冲突，可安全纳入训练候选。
wst_asset_trace_snap,is_primary,boolean,是否主挂接点，同一个资产存在多个挂接点时用于标记主挂接点,水安全溯源模块-资产拓扑挂接表，用于维护业务资产与溯源拓扑节点之间的挂接关系，是资产进入 pgRouting 网络计算的桥梁,candidate_safe,low,字段已有注释，无同名字段冲突，可安全纳入训练候选。
wst_asset_trace_snap,confirmed_by,character varying,确认人,水安全溯源模块-资产拓扑挂接表，用于维护业务资产与溯源拓扑节点之间的挂接关系，是资产进入 pgRouting 网络计算的桥梁,candidate_safe,low,字段已有注释，无同名字段冲突，可安全纳入训练候选。
wst_asset_trace_snap,confirmed_at,timestamp without time zone,确认时间,水安全溯源模块-资产拓扑挂接表，用于维护业务资产与溯源拓扑节点之间的挂接关系，是资产进入 pgRouting 网络计算的桥梁,candidate_safe,low,字段已有注释，无同名字段冲突，可安全纳入训练候选。
wst_asset_trace_snap,created_by,character varying,创建人,水安全溯源模块-资产拓扑挂接表，用于维护业务资产与溯源拓扑节点之间的挂接关系，是资产进入 pgRouting 网络计算的桥梁,candidate_safe,low,字段已有注释，无同名字段冲突，可安全纳入训练候选。
wst_asset_trace_snap,created_at,timestamp without time zone,创建时间,水安全溯源模块-资产拓扑挂接表，用于维护业务资产与溯源拓扑节点之间的挂接关系，是资产进入 pgRouting 网络计算的桥梁,candidate_safe,low,字段已有注释，无同名字段冲突，可安全纳入训练候选。
wst_asset_trace_snap,updated_by,character varying,更新人,水安全溯源模块-资产拓扑挂接表，用于维护业务资产与溯源拓扑节点之间的挂接关系，是资产进入 pgRouting 网络计算的桥梁,candidate_safe,low,字段已有注释，无同名字段冲突，可安全纳入训练候选。
wst_asset_trace_snap,updated_at,timestamp without time zone,更新时间,水安全溯源模块-资产拓扑挂接表，用于维护业务资产与溯源拓扑节点之间的挂接关系，是资产进入 pgRouting 网络计算的桥梁,candidate_safe,low,字段已有注释，无同名字段冲突，可安全纳入训练候选。
wst_asset_trace_snap,network_type,character varying,网络类型，例如 river=外部河网，park_pipe=园区管网，park_river=园区内部排污河流，mixed=混合衔接网络,水安全溯源模块-资产拓扑挂接表，用于维护业务资产与溯源拓扑节点之间的挂接关系，是资产进入 pgRouting 网络计算的桥梁,candidate_safe,low,字段已有注释，无同名字段冲突，可安全纳入训练候选。
wst_asset_type_dict,asset_type_name,character varying,资产类型名称，例如国控断面、自动站、排污口、涉水企业、化工园区、摄像头,水安全溯源模块-资产类型字典表，用于统一管理资产类型、图层、图标、几何类型和前端展示规则,candidate_safe,low,字段已有注释，无同名字段冲突，可安全纳入训练候选。
wst_asset_type_dict,parent_type,character varying,上级资产类型编码，用于资产类型分组,水安全溯源模块-资产类型字典表，用于统一管理资产类型、图层、图标、几何类型和前端展示规则,candidate_safe,low,字段已有注释，无同名字段冲突，可安全纳入训练候选。
wst_asset_type_dict,icon_name,character varying,前端图标名称,水安全溯源模块-资产类型字典表，用于统一管理资产类型、图层、图标、几何类型和前端展示规则,candidate_safe,low,字段已有注释，无同名字段冲突，可安全纳入训练候选。
wst_asset_type_dict,layer_name,character varying,前端图层名称,水安全溯源模块-资产类型字典表，用于统一管理资产类型、图层、图标、几何类型和前端展示规则,candidate_safe,low,字段已有注释，无同名字段冲突，可安全纳入训练候选。
wst_asset_type_dict,default_visible,boolean,地图上是否默认显示,水安全溯源模块-资产类型字典表，用于统一管理资产类型、图层、图标、几何类型和前端展示规则,candidate_safe,low,字段已有注释，无同名字段冲突，可安全纳入训练候选。
wst_asset_type_dict,sort_no,integer,排序号,水安全溯源模块-资产类型字典表，用于统一管理资产类型、图层、图标、几何类型和前端展示规则,candidate_safe,low,字段已有注释，无同名字段冲突，可安全纳入训练候选。
wst_asset_type_dict,created_by,character varying,创建人,水安全溯源模块-资产类型字典表，用于统一管理资产类型、图层、图标、几何类型和前端展示规则,candidate_safe,low,字段已有注释，无同名字段冲突，可安全纳入训练候选。
wst_asset_type_dict,created_at,timestamp without time zone,创建时间,水安全溯源模块-资产类型字典表，用于统一管理资产类型、图层、图标、几何类型和前端展示规则,candidate_safe,low,字段已有注释，无同名字段冲突，可安全纳入训练候选。
wst_asset_type_dict,updated_by,character varying,更新人,水安全溯源模块-资产类型字典表，用于统一管理资产类型、图层、图标、几何类型和前端展示规则,candidate_safe,low,字段已有注释，无同名字段冲突，可安全纳入训练候选。
wst_asset_type_dict,updated_at,timestamp without time zone,更新时间,水安全溯源模块-资产类型字典表，用于统一管理资产类型、图层、图标、几何类型和前端展示规则,candidate_safe,low,字段已有注释，无同名字段冲突，可安全纳入训练候选。
wst_control_zone,zone_code,character varying,分区编码,水安全溯源模块-三级分区表，用于管理国控断面控制单元、自动站分区、工业园区/分水岭分区,candidate_safe,low,字段已有注释，无同名字段冲突，可安全纳入训练候选。
wst_control_zone,zone_name,character varying,分区名称,水安全溯源模块-三级分区表，用于管理国控断面控制单元、自动站分区、工业园区/分水岭分区,candidate_safe,low,字段已有注释，无同名字段冲突，可安全纳入训练候选。
wst_control_zone,divide_basis,character varying,分区划分依据，例如国控断面、自动站、工业园区、分水岭、排水片区,水安全溯源模块-三级分区表，用于管理国控断面控制单元、自动站分区、工业园区/分水岭分区,candidate_safe,low,字段已有注释，无同名字段冲突，可安全纳入训练候选。
wst_control_zone,zone_type,character varying,分区类型，例如 control_unit=控制单元，station_unit=自动站单元，park_unit=园区单元，watershed_unit=分水岭单元,水安全溯源模块-三级分区表，用于管理国控断面控制单元、自动站分区、工业园区/分水岭分区,candidate_safe,low,字段已有注释，无同名字段冲突，可安全纳入训练候选。
wst_control_zone,sort_no,integer,排序号,水安全溯源模块-三级分区表，用于管理国控断面控制单元、自动站分区、工业园区/分水岭分区,candidate_safe,low,字段已有注释，无同名字段冲突，可安全纳入训练候选。
wst_control_zone,created_by,character varying,创建人,水安全溯源模块-三级分区表，用于管理国控断面控制单元、自动站分区、工业园区/分水岭分区,candidate_safe,low,字段已有注释，无同名字段冲突，可安全纳入训练候选。
wst_control_zone,created_at,timestamp without time zone,创建时间,水安全溯源模块-三级分区表，用于管理国控断面控制单元、自动站分区、工业园区/分水岭分区,candidate_safe,low,字段已有注释，无同名字段冲突，可安全纳入训练候选。
wst_control_zone,updated_by,character varying,更新人,水安全溯源模块-三级分区表，用于管理国控断面控制单元、自动站分区、工业园区/分水岭分区,candidate_safe,low,字段已有注释，无同名字段冲突，可安全纳入训练候选。
wst_control_zone,updated_at,timestamp without time zone,更新时间,水安全溯源模块-三级分区表，用于管理国控断面控制单元、自动站分区、工业园区/分水岭分区,candidate_safe,low,字段已有注释，无同名字段冲突，可安全纳入训练候选。
wst_layer_river,created_at,timestamp without time zone,创建时间,,candidate_safe,low,字段已有注释，无同名字段冲突，可安全纳入训练候选。
wst_layer_river,updated_at,timestamp without time zone,更新时间,,candidate_safe,low,字段已有注释，无同名字段冲突，可安全纳入训练候选。
wst_relation_subtype_dict,relation_type,character varying,关系大类编码，对应 wst_relation_type_dict.type_code,关系子类字典表，维护具体业务关系类型、标准方向和允许资产类型,candidate_safe,low,字段已有注释，无同名字段冲突，可安全纳入训练候选。
wst_relation_subtype_dict,relation_name,character varying,关系子类中文名称，例如 企业关联排污口,关系子类字典表，维护具体业务关系类型、标准方向和允许资产类型,candidate_safe,low,字段已有注释，无同名字段冲突，可安全纳入训练候选。
wst_relation_subtype_dict,source_type_codes,character varying,允许作为源对象的资产类型，多个用英文逗号分隔,关系子类字典表，维护具体业务关系类型、标准方向和允许资产类型,candidate_safe,low,字段已有注释，无同名字段冲突，可安全纳入训练候选。
wst_relation_subtype_dict,target_type_codes,character varying,允许作为目标对象的资产类型，多个用英文逗号分隔,关系子类字典表，维护具体业务关系类型、标准方向和允许资产类型,candidate_safe,low,字段已有注释，无同名字段冲突，可安全纳入训练候选。
wst_relation_subtype_dict,source_label,character varying,源对象中文标签,关系子类字典表，维护具体业务关系类型、标准方向和允许资产类型,candidate_safe,low,字段已有注释，无同名字段冲突，可安全纳入训练候选。
wst_relation_subtype_dict,target_label,character varying,目标对象中文标签,关系子类字典表，维护具体业务关系类型、标准方向和允许资产类型,candidate_safe,low,字段已有注释，无同名字段冲突，可安全纳入训练候选。
wst_relation_subtype_dict,direction_desc,character varying,标准方向说明，例如 企业 → 排污口,关系子类字典表，维护具体业务关系类型、标准方向和允许资产类型,candidate_safe,low,字段已有注释，无同名字段冲突，可安全纳入训练候选。
wst_relation_subtype_dict,allow_manual,boolean,是否允许人工录入,关系子类字典表，维护具体业务关系类型、标准方向和允许资产类型,candidate_safe,low,字段已有注释，无同名字段冲突，可安全纳入训练候选。
wst_relation_subtype_dict,allow_import,boolean,是否允许导入,关系子类字典表，维护具体业务关系类型、标准方向和允许资产类型,candidate_safe,low,字段已有注释，无同名字段冲突，可安全纳入训练候选。
wst_relation_subtype_dict,allow_graph_edit,boolean,是否允许图谱编辑,关系子类字典表，维护具体业务关系类型、标准方向和允许资产类型,candidate_safe,low,字段已有注释，无同名字段冲突，可安全纳入训练候选。
wst_relation_subtype_dict,allow_map_draw,boolean,是否允许地图连线绘制,关系子类字典表，维护具体业务关系类型、标准方向和允许资产类型,candidate_safe,low,字段已有注释，无同名字段冲突，可安全纳入训练候选。
wst_relation_subtype_dict,default_confidence,numeric,默认置信度,关系子类字典表，维护具体业务关系类型、标准方向和允许资产类型,candidate_safe,low,字段已有注释，无同名字段冲突，可安全纳入训练候选。
wst_relation_subtype_dict,created_at,timestamp without time zone,创建时间,关系子类字典表，维护具体业务关系类型、标准方向和允许资产类型,candidate_safe,low,字段已有注释，无同名字段冲突，可安全纳入训练候选。
wst_relation_subtype_dict,updated_at,timestamp without time zone,更新时间,关系子类字典表，维护具体业务关系类型、标准方向和允许资产类型,candidate_safe,low,字段已有注释，无同名字段冲突，可安全纳入训练候选。
wst_relation_type_dict,type_code,character varying,关系大类编码，例如 ownership、discharge、monitoring,关系大类字典表，用于维护资产关系的大类编码,candidate_safe,low,字段已有注释，无同名字段冲突，可安全纳入训练候选。
wst_relation_type_dict,type_name,character varying,关系大类名称,关系大类字典表，用于维护资产关系的大类编码,candidate_safe,low,字段已有注释，无同名字段冲突，可安全纳入训练候选。
wst_relation_type_dict,created_at,timestamp without time zone,创建时间,关系大类字典表，用于维护资产关系的大类编码,candidate_safe,low,字段已有注释，无同名字段冲突，可安全纳入训练候选。
wst_relation_type_dict,updated_at,timestamp without time zone,更新时间,关系大类字典表，用于维护资产关系的大类编码,candidate_safe,low,字段已有注释，无同名字段冲突，可安全纳入训练候选。
wst_trace_edge,edge_code,character varying,边编码,水安全溯源模块-溯源拓扑边表，用于存储河网、管网、排水路径、园区内外衔接路径，是 pgRouting 上下游分析的核心边表,candidate_safe,low,字段已有注释，无同名字段冲突，可安全纳入训练候选。
wst_trace_edge,edge_name,character varying,边名称,水安全溯源模块-溯源拓扑边表，用于存储河网、管网、排水路径、园区内外衔接路径，是 pgRouting 上下游分析的核心边表,candidate_safe,low,字段已有注释，无同名字段冲突，可安全纳入训练候选。
wst_trace_edge,target,bigint,终点拓扑节点ID，关联 wst_trace_node.id，约定为默认水流方向的下游节点,水安全溯源模块-溯源拓扑边表，用于存储河网、管网、排水路径、园区内外衔接路径，是 pgRouting 上下游分析的核心边表,candidate_safe,low,字段已有注释，无同名字段冲突，可安全纳入训练候选。
wst_trace_edge,edge_type,character varying,边类型，例如 river=河道，pipe=管线，park_pipe=园区管网，park_river=园区内部排污河流，discharge=排放连接边，boundary=边界衔接边,水安全溯源模块-溯源拓扑边表，用于存储河网、管网、排水路径、园区内外衔接路径，是 pgRouting 上下游分析的核心边表,candidate_safe,low,字段已有注释，无同名字段冲突，可安全纳入训练候选。
wst_trace_edge,network_type,character varying,网络类型，例如 river=外部河网，park_pipe=园区管网，park_river=园区内部排污河流，mixed=混合衔接网络,水安全溯源模块-溯源拓扑边表，用于存储河网、管网、排水路径、园区内外衔接路径，是 pgRouting 上下游分析的核心边表,candidate_safe,low,字段已有注释，无同名字段冲突，可安全纳入训练候选。
wst_trace_edge,from_network,character varying,起点所属网络类型，用于表达园区管网到园区河流、园区河流到外部河网的衔接,水安全溯源模块-溯源拓扑边表，用于存储河网、管网、排水路径、园区内外衔接路径，是 pgRouting 上下游分析的核心边表,candidate_safe,low,字段已有注释，无同名字段冲突，可安全纳入训练候选。
wst_trace_edge,to_network,character varying,终点所属网络类型，用于表达网络转换关系,水安全溯源模块-溯源拓扑边表，用于存储河网、管网、排水路径、园区内外衔接路径，是 pgRouting 上下游分析的核心边表,candidate_safe,low,字段已有注释，无同名字段冲突，可安全纳入训练候选。
wst_trace_edge,pipe_code,character varying,管线编码,水安全溯源模块-溯源拓扑边表，用于存储河网、管网、排水路径、园区内外衔接路径，是 pgRouting 上下游分析的核心边表,candidate_safe,low,字段已有注释，无同名字段冲突，可安全纳入训练候选。
wst_trace_edge,cost,numeric,正向通行成本，通常为长度米；source->target 可通行时为正数，不可通行时为-1,水安全溯源模块-溯源拓扑边表，用于存储河网、管网、排水路径、园区内外衔接路径，是 pgRouting 上下游分析的核心边表,candidate_safe,low,字段已有注释，无同名字段冲突，可安全纳入训练候选。
wst_trace_edge,reverse_cost,numeric,反向通行成本；普通单向水流通常为-1，库区/回水/双向场景可设置为正数,水安全溯源模块-溯源拓扑边表，用于存储河网、管网、排水路径、园区内外衔接路径，是 pgRouting 上下游分析的核心边表,candidate_safe,low,字段已有注释，无同名字段冲突，可安全纳入训练候选。
wst_trace_edge,length_m,numeric,边长度，单位米,水安全溯源模块-溯源拓扑边表，用于存储河网、管网、排水路径、园区内外衔接路径，是 pgRouting 上下游分析的核心边表,candidate_safe,low,字段已有注释，无同名字段冲突，可安全纳入训练候选。
wst_trace_edge,flow_direction,character varying,流向说明，默认 source_to_target 表示 source 到 target 为水流方向,水安全溯源模块-溯源拓扑边表，用于存储河网、管网、排水路径、园区内外衔接路径，是 pgRouting 上下游分析的核心边表,candidate_safe,low,字段已有注释，无同名字段冲突，可安全纳入训练候选。
wst_trace_edge,flow_mode,character varying,流向模式：normal=正常单向，bidirectional=双向，controlled=受控，reservoir=库区/回水，unknown=未知,水安全溯源模块-溯源拓扑边表，用于存储河网、管网、排水路径、园区内外衔接路径，是 pgRouting 上下游分析的核心边表,candidate_safe,low,字段已有注释，无同名字段冲突，可安全纳入训练候选。
wst_trace_edge,control_mode,character varying,控制方式，例如 gate=闸门，pump=泵站，manual=人工控制，temporary_dam=临时筑坝,水安全溯源模块-溯源拓扑边表，用于存储河网、管网、排水路径、园区内外衔接路径，是 pgRouting 上下游分析的核心边表,candidate_safe,low,字段已有注释，无同名字段冲突，可安全纳入训练候选。
wst_trace_edge,gate_asset_id,bigint,关联闸门/闸坝资产ID，关联 wst_asset.id,水安全溯源模块-溯源拓扑边表，用于存储河网、管网、排水路径、园区内外衔接路径，是 pgRouting 上下游分析的核心边表,candidate_safe,low,字段已有注释，无同名字段冲突，可安全纳入训练候选。
wst_trace_edge,pump_asset_id,bigint,关联泵站资产ID，关联 wst_asset.id,水安全溯源模块-溯源拓扑边表，用于存储河网、管网、排水路径、园区内外衔接路径，是 pgRouting 上下游分析的核心边表,candidate_safe,low,字段已有注释，无同名字段冲突，可安全纳入训练候选。
wst_trace_edge,is_split_edge,boolean,是否由原始边拆分生成,水安全溯源模块-溯源拓扑边表，用于存储河网、管网、排水路径、园区内外衔接路径，是 pgRouting 上下游分析的核心边表,candidate_safe,low,字段已有注释，无同名字段冲突，可安全纳入训练候选。
wst_trace_edge,original_edge_id,bigint,原始边ID，资产挂接到边中间并拆边时记录来源边,水安全溯源模块-溯源拓扑边表，用于存储河网、管网、排水路径、园区内外衔接路径，是 pgRouting 上下游分析的核心边表,candidate_safe,low,字段已有注释，无同名字段冲突，可安全纳入训练候选。
wst_trace_edge,created_by,character varying,创建人,水安全溯源模块-溯源拓扑边表，用于存储河网、管网、排水路径、园区内外衔接路径，是 pgRouting 上下游分析的核心边表,candidate_safe,low,字段已有注释，无同名字段冲突，可安全纳入训练候选。
wst_trace_edge,created_at,timestamp without time zone,创建时间,水安全溯源模块-溯源拓扑边表，用于存储河网、管网、排水路径、园区内外衔接路径，是 pgRouting 上下游分析的核心边表,candidate_safe,low,字段已有注释，无同名字段冲突，可安全纳入训练候选。
wst_trace_edge,updated_by,character varying,更新人,水安全溯源模块-溯源拓扑边表，用于存储河网、管网、排水路径、园区内外衔接路径，是 pgRouting 上下游分析的核心边表,candidate_safe,low,字段已有注释，无同名字段冲突，可安全纳入训练候选。
wst_trace_edge,updated_at,timestamp without time zone,更新时间,水安全溯源模块-溯源拓扑边表，用于存储河网、管网、排水路径、园区内外衔接路径，是 pgRouting 上下游分析的核心边表,candidate_safe,low,字段已有注释，无同名字段冲突，可安全纳入训练候选。
wst_trace_node,node_code,character varying,节点编码,水安全溯源模块-溯源拓扑节点表，用于存储河网、管网、园区排污河流、排口挂接点、断面挂接点、园区出口等 pgRouting 节点,candidate_safe,low,字段已有注释，无同名字段冲突，可安全纳入训练候选。
wst_trace_node,node_name,character varying,节点名称,水安全溯源模块-溯源拓扑节点表，用于存储河网、管网、园区排污河流、排口挂接点、断面挂接点、园区出口等 pgRouting 节点,candidate_safe,low,字段已有注释，无同名字段冲突，可安全纳入训练候选。
wst_trace_node,network_type,character varying,网络类型，例如 river=外部河网，park_pipe=园区管网，park_river=园区内部排污河流，mixed=混合衔接网络,水安全溯源模块-溯源拓扑节点表，用于存储河网、管网、园区排污河流、排口挂接点、断面挂接点、园区出口等 pgRouting 节点,candidate_safe,low,字段已有注释，无同名字段冲突，可安全纳入训练候选。
wst_trace_node,is_boundary_node,boolean,是否边界节点，例如园区出口、管网入河口、内外网络衔接点,水安全溯源模块-溯源拓扑节点表，用于存储河网、管网、园区排污河流、排口挂接点、断面挂接点、园区出口等 pgRouting 节点,candidate_safe,low,字段已有注释，无同名字段冲突，可安全纳入训练候选。
wst_trace_node,boundary_type,character varying,边界节点类型，例如 park_outlet、pipe_to_river、river_inlet、external_river_join,水安全溯源模块-溯源拓扑节点表，用于存储河网、管网、园区排污河流、排口挂接点、断面挂接点、园区出口等 pgRouting 节点,candidate_safe,low,字段已有注释，无同名字段冲突，可安全纳入训练候选。
wst_trace_node,boundary_name,character varying,边界节点名称,水安全溯源模块-溯源拓扑节点表，用于存储河网、管网、园区排污河流、排口挂接点、断面挂接点、园区出口等 pgRouting 节点,candidate_safe,low,字段已有注释，无同名字段冲突，可安全纳入训练候选。
wst_trace_node,source_id,character varying,来源系统中的原始ID,水安全溯源模块-溯源拓扑节点表，用于存储河网、管网、园区排污河流、排口挂接点、断面挂接点、园区出口等 pgRouting 节点,candidate_safe,low,字段已有注释，无同名字段冲突，可安全纳入训练候选。
wst_trace_node,elevation,numeric,高程，单位米,水安全溯源模块-溯源拓扑节点表，用于存储河网、管网、园区排污河流、排口挂接点、断面挂接点、园区出口等 pgRouting 节点,candidate_safe,low,字段已有注释，无同名字段冲突，可安全纳入训练候选。
wst_trace_node,created_by,character varying,创建人,水安全溯源模块-溯源拓扑节点表，用于存储河网、管网、园区排污河流、排口挂接点、断面挂接点、园区出口等 pgRouting 节点,candidate_safe,low,字段已有注释，无同名字段冲突，可安全纳入训练候选。
wst_trace_node,created_at,timestamp without time zone,创建时间,水安全溯源模块-溯源拓扑节点表，用于存储河网、管网、园区排污河流、排口挂接点、断面挂接点、园区出口等 pgRouting 节点,candidate_safe,low,字段已有注释，无同名字段冲突，可安全纳入训练候选。
wst_trace_node,updated_by,character varying,更新人,水安全溯源模块-溯源拓扑节点表，用于存储河网、管网、园区排污河流、排口挂接点、断面挂接点、园区出口等 pgRouting 节点,candidate_safe,low,字段已有注释，无同名字段冲突，可安全纳入训练候选。
wst_trace_node,updated_at,timestamp without time zone,更新时间,水安全溯源模块-溯源拓扑节点表，用于存储河网、管网、园区排污河流、排口挂接点、断面挂接点、园区出口等 pgRouting 节点,candidate_safe,low,字段已有注释，无同名字段冲突，可安全纳入训练候选。
wst_trace_topology_issue,object_code,character varying,监控对象编码,,candidate_safe,low,字段已有注释，无同名字段冲突，可安全纳入训练候选。
wst_trace_topology_issue,created_by,character varying,创建人,,candidate_safe,low,字段已有注释，无同名字段冲突，可安全纳入训练候选。
wst_trace_topology_issue,created_at,timestamp without time zone,创建时间,,candidate_safe,low,字段已有注释，无同名字段冲突，可安全纳入训练候选。
wst_trace_topology_issue,updated_by,character varying,更新人,,candidate_safe,low,字段已有注释，无同名字段冲突，可安全纳入训练候选。
wst_trace_topology_issue,updated_at,timestamp without time zone,更新时间,,candidate_safe,low,字段已有注释，无同名字段冲突，可安全纳入训练候选。
wt_service_directory,id_path,character varying,id路径，逗号连接,主键id,candidate_safe,low,字段已有注释，无同名字段冲突，可安全纳入训练候选。
wt_service_directory,rest_url,character varying,接口服务地址,主键id,candidate_safe,low,字段已有注释，无同名字段冲突，可安全纳入训练候选。
wt_service_directory,service_type,character,服务类型：0 WMS、1 WMTS、2 REST接口 、3 公司出图服务 HGTWMS 4 arcgis服务、5 geoserver服务,主键id,candidate_safe,low,字段已有注释，无同名字段冲突，可安全纳入训练候选。
wt_service_directory,x_min,character varying,x最小值,主键id,candidate_safe,low,字段已有注释，无同名字段冲突，可安全纳入训练候选。
wt_service_directory,x_max,character varying,x最大值,主键id,candidate_safe,low,字段已有注释，无同名字段冲突，可安全纳入训练候选。
wt_service_directory,y_min,character varying,y最小值,主键id,candidate_safe,low,字段已有注释，无同名字段冲突，可安全纳入训练候选。
wt_service_directory,y_max,character varying,y最大值,主键id,candidate_safe,low,字段已有注释，无同名字段冲突，可安全纳入训练候选。
wt_service_directory,srs,character varying,坐标系，WKID表示,主键id,candidate_safe,low,字段已有注释，无同名字段冲突，可安全纳入训练候选。
wt_service_directory,scale,character varying,在一定比例尺下才显示,主键id,candidate_safe,low,字段已有注释，无同名字段冲突，可安全纳入训练候选。
wt_service_directory,method,character,接口服务请求方式：0 GET、1 POST,主键id,candidate_safe,low,字段已有注释，无同名字段冲突，可安全纳入训练候选。
wt_service_directory,weidu,character,维度：0 二维、1 三维,主键id,candidate_safe,low,字段已有注释，无同名字段冲突，可安全纳入训练候选。
wt_service_directory,check_type,character,是否选中：0 未选中、1 已选中,主键id,candidate_safe,low,字段已有注释，无同名字段冲突，可安全纳入训练候选。
wt_warnparm_config,l4_value,double precision,四级,监测预警参数配置表,candidate_safe,low,字段已有注释，无同名字段冲突，可安全纳入训练候选。
wt_warnparm_config,l5_value,double precision,五级,监测预警参数配置表,candidate_safe,low,字段已有注释，无同名字段冲突，可安全纳入训练候选。
wt_warnparm_config,zero,double precision,零点核查,监测预警参数配置表,candidate_safe,low,字段已有注释，无同名字段冲突，可安全纳入训练候选。
wt_warnparm_config,zero_drift,double precision,24小时零点漂移,监测预警参数配置表,candidate_safe,low,字段已有注释，无同名字段冲突，可安全纳入训练候选。
wt_warnparm_config,span,double precision,跨度核查,监测预警参数配置表,candidate_safe,low,字段已有注释，无同名字段冲突，可安全纳入训练候选。
wt_warnparm_config,span_drift,double precision,24小时跨度漂移,监测预警参数配置表,candidate_safe,low,字段已有注释，无同名字段冲突，可安全纳入训练候选。
wt_warnparm_config,compare,character,比较方式：0 无；1 ≤；2 ≥,监测预警参数配置表,candidate_safe,low,字段已有注释，无同名字段冲突，可安全纳入训练候选。
wt_warnparm_config,possible_value,double precision,可能发生污染的告警值,监测预警参数配置表,candidate_safe,low,字段已有注释，无同名字段冲突，可安全纳入训练候选。
wt_warnparm_config,remove_warn_value,double precision,消除预警的参数值,监测预警参数配置表,candidate_safe,low,字段已有注释，无同名字段冲突，可安全纳入训练候选。
