table_name,column_name,exclusion_category,reason,source_file,recommended_next_action
_stg_yichang_river_counts,layer_inserted,unsafe_no_evidence,C档：库内无同名字段注释可参考，无法安全推断,unsafe_unfilled_columns.csv,需业务方逐字段确认含义后手工补注释
_stg_yichang_river_counts,layer_updated,unsafe_no_evidence,C档：库内无同名字段注释可参考，无法安全推断,unsafe_unfilled_columns.csv,需业务方逐字段确认含义后手工补注释
_stg_yichang_river_counts,asset_inserted,unsafe_no_evidence,C档：库内无同名字段注释可参考，无法安全推断,unsafe_unfilled_columns.csv,需业务方逐字段确认含义后手工补注释
_stg_yichang_river_counts,asset_updated,unsafe_no_evidence,C档：库内无同名字段注释可参考，无法安全推断,unsafe_unfilled_columns.csv,需业务方逐字段确认含义后手工补注释
_stg_yichang_river_counts,skipped,unsafe_no_evidence,C档：库内无同名字段注释可参考，无法安全推断,unsafe_unfilled_columns.csv,需业务方逐字段确认含义后手工补注释
_stg_yichang_river_import,gid,unsafe_no_evidence,C档：库内无同名字段注释可参考，无法安全推断,unsafe_unfilled_columns.csv,需业务方逐字段确认含义后手工补注释
_stg_yichang_river_import,OBJECTID,unsafe_no_evidence,C档：库内无同名字段注释可参考，无法安全推断,unsafe_unfilled_columns.csv,需业务方逐字段确认含义后手工补注释
_stg_yichang_river_import,Nextdown,unsafe_no_evidence,C档：库内无同名字段注释可参考，无法安全推断,unsafe_unfilled_columns.csv,需业务方逐字段确认含义后手工补注释
_stg_yichang_river_import,MAINRIVID,unsafe_no_evidence,C档：库内无同名字段注释可参考，无法安全推断,unsafe_unfilled_columns.csv,需业务方逐字段确认含义后手工补注释
_stg_yichang_river_import,Hydrocount,unsafe_no_evidence,C档：库内无同名字段注释可参考，无法安全推断,unsafe_unfilled_columns.csv,需业务方逐字段确认含义后手工补注释
_stg_yichang_river_import,Rclass,unsafe_no_evidence,C档：库内无同名字段注释可参考，无法安全推断,unsafe_unfilled_columns.csv,需业务方逐字段确认含义后手工补注释
_stg_yichang_river_import,Rlenth,unsafe_no_evidence,C档：库内无同名字段注释可参考，无法安全推断,unsafe_unfilled_columns.csv,需业务方逐字段确认含义后手工补注释
_stg_yichang_river_import,Hydrolenth,unsafe_no_evidence,C档：库内无同名字段注释可参考，无法安全推断,unsafe_unfilled_columns.csv,需业务方逐字段确认含义后手工补注释
_stg_yichang_river_import,Rcatch,unsafe_no_evidence,C档：库内无同名字段注释可参考，无法安全推断,unsafe_unfilled_columns.csv,需业务方逐字段确认含义后手工补注释
_stg_yichang_river_import,TCatch,unsafe_no_evidence,C档：库内无同名字段注释可参考，无法安全推断,unsafe_unfilled_columns.csv,需业务方逐字段确认含义后手工补注释
_stg_yichang_river_import,Rname,unsafe_no_evidence,C档：库内无同名字段注释可参考，无法安全推断,unsafe_unfilled_columns.csv,需业务方逐字段确认含义后手工补注释
_stg_yichang_river_import,Shape_Leng,unsafe_no_evidence,C档：库内无同名字段注释可参考，无法安全推断,unsafe_unfilled_columns.csv,需业务方逐字段确认含义后手工补注释
_stg_yichang_river_import,RiverID,unsafe_no_evidence,C档：库内无同名字段注释可参考，无法安全推断,unsafe_unfilled_columns.csv,需业务方逐字段确认含义后手工补注释
_stg_yichang_river_import,RclassDISP,unsafe_no_evidence,C档：库内无同名字段注释可参考，无法安全推断,unsafe_unfilled_columns.csv,需业务方逐字段确认含义后手工补注释
_stg_yichang_river_import,OSMratio,unsafe_no_evidence,C档：库内无同名字段注释可参考，无法安全推断,unsafe_unfilled_columns.csv,需业务方逐字段确认含义后手工补注释
_stg_yichang_river_import,GRITratio,unsafe_no_evidence,C档：库内无同名字段注释可参考，无法安全推断,unsafe_unfilled_columns.csv,需业务方逐字段确认含义后手工补注释
_stg_yichang_river_import,Hydroratio,unsafe_no_evidence,C档：库内无同名字段注释可参考，无法安全推断,unsafe_unfilled_columns.csv,需业务方逐字段确认含义后手工补注释
_stg_yichang_river_import,NameList,unsafe_no_evidence,C档：库内无同名字段注释可参考，无法安全推断,unsafe_unfilled_columns.csv,需业务方逐字段确认含义后手工补注释
_stg_yichang_river_import,OrignCNT,unsafe_no_evidence,C档：库内无同名字段注释可参考，无法安全推断,unsafe_unfilled_columns.csv,需业务方逐字段确认含义后手工补注释
_stg_yichang_river_import,SEG_ID,unsafe_no_evidence,C档：库内无同名字段注释可参考，无法安全推断,unsafe_unfilled_columns.csv,需业务方逐字段确认含义后手工补注释
_stg_yichang_river_import,LEN,unsafe_no_evidence,C档：库内无同名字段注释可参考，无法安全推断,unsafe_unfilled_columns.csv,需业务方逐字段确认含义后手工补注释
_stg_yichang_river_import,FLIPPED,unsafe_no_evidence,C档：库内无同名字段注释可参考，无法安全推断,unsafe_unfilled_columns.csv,需业务方逐字段确认含义后手工补注释
_stg_yichang_river_import,FROM_Z,unsafe_no_evidence,C档：库内无同名字段注释可参考，无法安全推断,unsafe_unfilled_columns.csv,需业务方逐字段确认含义后手工补注释
_stg_yichang_river_import,TO_Z,unsafe_no_evidence,C档：库内无同名字段注释可参考，无法安全推断,unsafe_unfilled_columns.csv,需业务方逐字段确认含义后手工补注释
_stg_yichang_river_import,STR_ORD,unsafe_no_evidence,C档：库内无同名字段注释可参考，无法安全推断,unsafe_unfilled_columns.csv,需业务方逐字段确认含义后手工补注释
_stg_yichang_river_import,SHR_ORD,unsafe_no_evidence,C档：库内无同名字段注释可参考，无法安全推断,unsafe_unfilled_columns.csv,需业务方逐字段确认含义后手工补注释
_stg_yichang_river_import,geom,missing_comment,字段无注释,missing_comments.csv,等待DBA/业务方确认后手工补注释
_stg_yichang_river_std,gid,unsafe_no_evidence,C档：库内无同名字段注释可参考，无法安全推断,unsafe_unfilled_columns.csv,需业务方逐字段确认含义后手工补注释
_stg_yichang_river_std,river_code,missing_comment,字段无注释,missing_comments.csv,等待DBA/业务方确认后手工补注释
_stg_yichang_river_std,river_name,missing_comment,字段无注释,missing_comments.csv,等待DBA/业务方确认后手工补注释
_stg_yichang_river_std,next_down,unsafe_no_evidence,C档：库内无同名字段注释可参考，无法安全推断,unsafe_unfilled_columns.csv,需业务方逐字段确认含义后手工补注释
_stg_yichang_river_std,river_class,unsafe_no_evidence,C档：库内无同名字段注释可参考，无法安全推断,unsafe_unfilled_columns.csv,需业务方逐字段确认含义后手工补注释
_stg_yichang_river_std,length_km,unsafe_no_evidence,C档：库内无同名字段注释可参考，无法安全推断,unsafe_unfilled_columns.csv,需业务方逐字段确认含义后手工补注释
_stg_yichang_river_std,from_z,unsafe_no_evidence,C档：库内无同名字段注释可参考，无法安全推断,unsafe_unfilled_columns.csv,需业务方逐字段确认含义后手工补注释
_stg_yichang_river_std,to_z,unsafe_no_evidence,C档：库内无同名字段注释可参考，无法安全推断,unsafe_unfilled_columns.csv,需业务方逐字段确认含义后手工补注释
_stg_yichang_river_std,geom,missing_comment,字段无注释,missing_comments.csv,等待DBA/业务方确认后手工补注释
_stg_yichang_river_std,metadata_json,missing_comment,字段无注释,missing_comments.csv,等待DBA/业务方确认后手工补注释
ad_dict,create_time,missing_comment,字段无注释,missing_comments.csv,等待DBA/业务方确认后手工补注释
ad_dict,update_time,missing_comment,字段无注释,missing_comments.csv,等待DBA/业务方确认后手工补注释
ad_dict,del_flag,missing_comment,字段无注释,missing_comments.csv,等待DBA/业务方确认后手工补注释
ad_dict,create_by,missing_comment,字段无注释,missing_comments.csv,等待DBA/业务方确认后手工补注释
ad_dict,update_by,missing_comment,字段无注释,missing_comments.csv,等待DBA/业务方确认后手工补注释
day_quality_setting,span_value,unsafe_no_evidence,C档：库内无同名字段注释可参考，无法安全推断,unsafe_unfilled_columns.csv,需业务方逐字段确认含义后手工补注释
day_quality_setting,zero_standard_value,unsafe_no_evidence,C档：库内无同名字段注释可参考，无法安全推断,unsafe_unfilled_columns.csv,需业务方逐字段确认含义后手工补注释
day_quality_setting,span_standard_value,unsafe_no_evidence,C档：库内无同名字段注释可参考，无法安全推断,unsafe_unfilled_columns.csv,需业务方逐字段确认含义后手工补注释
gis_ecologicalregion,id,missing_comment,字段无注释,missing_comments.csv,等待DBA/业务方确认后手工补注释
gis_ecologicalregion,ecological_region_name,unsafe_no_evidence,C档：库内无同名字段注释可参考，无法安全推断,unsafe_unfilled_columns.csv,需业务方逐字段确认含义后手工补注释
gis_ecologicalregion,ecological_region_code,unsafe_no_evidence,C档：库内无同名字段注释可参考，无法安全推断,unsafe_unfilled_columns.csv,需业务方逐字段确认含义后手工补注释
gis_ecologicalregion,address,missing_comment,字段无注释,missing_comments.csv,等待DBA/业务方确认后手工补注释
gis_ecologicalregion,geom,missing_comment,字段无注释,missing_comments.csv,等待DBA/业务方确认后手工补注释
gis_ecologicalregion,population,unsafe_no_evidence,C档：库内无同名字段注释可参考，无法安全推断,unsafe_unfilled_columns.csv,需业务方逐字段确认含义后手工补注释
gis_ecologicalregion,type,missing_comment,字段无注释,missing_comments.csv,等待DBA/业务方确认后手工补注释
gis_ecologicalregion,service_target,unsafe_no_evidence,C档：库内无同名字段注释可参考，无法安全推断,unsafe_unfilled_columns.csv,需业务方逐字段确认含义后手工补注释
gis_ecologicalregion,area,missing_comment,字段无注释,missing_comments.csv,等待DBA/业务方确认后手工补注释
gis_ecologicalregion,ecosystem_vegetation,unsafe_no_evidence,C档：库内无同名字段注释可参考，无法安全推断,unsafe_unfilled_columns.csv,需业务方逐字段确认含义后手工补注释
gis_ecologicalregion,human_activities,unsafe_no_evidence,C档：库内无同名字段注释可参考，无法安全推断,unsafe_unfilled_columns.csv,需业务方逐字段确认含义后手工补注释
gis_ecologicalregion,environment_problems,unsafe_no_evidence,C档：库内无同名字段注释可参考，无法安全推断,unsafe_unfilled_columns.csv,需业务方逐字段确认含义后手工补注释
gis_ecologicalregion,control_measures,unsafe_no_evidence,C档：库内无同名字段注释可参考，无法安全推断,unsafe_unfilled_columns.csv,需业务方逐字段确认含义后手工补注释
gis_ecologicalregion,remark,missing_comment,字段无注释,missing_comments.csv,等待DBA/业务方确认后手工补注释
gis_ecologicalregion,create_by,missing_comment,字段无注释,missing_comments.csv,等待DBA/业务方确认后手工补注释
gis_ecologicalregion,create_time,missing_comment,字段无注释,missing_comments.csv,等待DBA/业务方确认后手工补注释
gis_ecologicalregion,update_by,missing_comment,字段无注释,missing_comments.csv,等待DBA/业务方确认后手工补注释
gis_ecologicalregion,update_time,missing_comment,字段无注释,missing_comments.csv,等待DBA/业务方确认后手工补注释
gis_ecologicalregion,del_flag,missing_comment,字段无注释,missing_comments.csv,等待DBA/业务方确认后手工补注释
gis_headwaters,id,missing_comment,字段无注释,missing_comments.csv,等待DBA/业务方确认后手工补注释
gis_headwaters,headwaters_name,unsafe_no_evidence,C档：库内无同名字段注释可参考，无法安全推断,unsafe_unfilled_columns.csv,需业务方逐字段确认含义后手工补注释
gis_headwaters,headwaters_code,unsafe_no_evidence,C档：库内无同名字段注释可参考，无法安全推断,unsafe_unfilled_columns.csv,需业务方逐字段确认含义后手工补注释
gis_headwaters,address,missing_comment,字段无注释,missing_comments.csv,等待DBA/业务方确认后手工补注释
gis_headwaters,geom,missing_comment,字段无注释,missing_comments.csv,等待DBA/业务方确认后手工补注释
gis_headwaters,level,missing_comment,字段无注释,missing_comments.csv,等待DBA/业务方确认后手工补注释
gis_headwaters,type,missing_comment,字段无注释,missing_comments.csv,等待DBA/业务方确认后手工补注释
gis_headwaters,water_intake_quantity,unsafe_no_evidence,C档：库内无同名字段注释可参考，无法安全推断,unsafe_unfilled_columns.csv,需业务方逐字段确认含义后手工补注释
gis_headwaters,water_supply_population,unsafe_no_evidence,C档：库内无同名字段注释可参考，无法安全推断,unsafe_unfilled_columns.csv,需业务方逐字段确认含义后手工补注释
gis_headwaters,is_protect_region,unsafe_no_evidence,C档：库内无同名字段注释可参考，无法安全推断,unsafe_unfilled_columns.csv,需业务方逐字段确认含义后手工补注释
gis_headwaters,remark,missing_comment,字段无注释,missing_comments.csv,等待DBA/业务方确认后手工补注释
gis_headwaters,create_by,missing_comment,字段无注释,missing_comments.csv,等待DBA/业务方确认后手工补注释
gis_headwaters,create_time,missing_comment,字段无注释,missing_comments.csv,等待DBA/业务方确认后手工补注释
gis_headwaters,update_by,missing_comment,字段无注释,missing_comments.csv,等待DBA/业务方确认后手工补注释
gis_headwaters,update_time,missing_comment,字段无注释,missing_comments.csv,等待DBA/业务方确认后手工补注释
gis_headwaters,del_flag,missing_comment,字段无注释,missing_comments.csv,等待DBA/业务方确认后手工补注释
gis_naturereserve,id,missing_comment,字段无注释,missing_comments.csv,等待DBA/业务方确认后手工补注释
gis_naturereserve,nature_reserve_name,unsafe_no_evidence,C档：库内无同名字段注释可参考，无法安全推断,unsafe_unfilled_columns.csv,需业务方逐字段确认含义后手工补注释
gis_naturereserve,nature_reserve_code,unsafe_no_evidence,C档：库内无同名字段注释可参考，无法安全推断,unsafe_unfilled_columns.csv,需业务方逐字段确认含义后手工补注释
gis_naturereserve,address,missing_comment,字段无注释,missing_comments.csv,等待DBA/业务方确认后手工补注释
gis_naturereserve,geom,missing_comment,字段无注释,missing_comments.csv,等待DBA/业务方确认后手工补注释
gis_naturereserve,department,unsafe_no_evidence,C档：库内无同名字段注释可参考，无法安全推断,unsafe_unfilled_columns.csv,需业务方逐字段确认含义后手工补注释
gis_naturereserve,type,missing_comment,字段无注释,missing_comments.csv,等待DBA/业务方确认后手工补注释
gis_naturereserve,level,missing_comment,字段无注释,missing_comments.csv,等待DBA/业务方确认后手工补注释
gis_naturereserve,protect_target,unsafe_no_evidence,C档：库内无同名字段注释可参考，无法安全推断,unsafe_unfilled_columns.csv,需业务方逐字段确认含义后手工补注释
gis_naturereserve,total_area,unsafe_no_evidence,C档：库内无同名字段注释可参考，无法安全推断,unsafe_unfilled_columns.csv,需业务方逐字段确认含义后手工补注释
gis_naturereserve,core_area,unsafe_no_evidence,C档：库内无同名字段注释可参考，无法安全推断,unsafe_unfilled_columns.csv,需业务方逐字段确认含义后手工补注释
gis_naturereserve,buffer_area,unsafe_no_evidence,C档：库内无同名字段注释可参考，无法安全推断,unsafe_unfilled_columns.csv,需业务方逐字段确认含义后手工补注释
gis_naturereserve,manage_org_name,unsafe_no_evidence,C档：库内无同名字段注释可参考，无法安全推断,unsafe_unfilled_columns.csv,需业务方逐字段确认含义后手工补注释
gis_naturereserve,manage_org_type,unsafe_no_evidence,C档：库内无同名字段注释可参考，无法安全推断,unsafe_unfilled_columns.csv,需业务方逐字段确认含义后手工补注释
gis_naturereserve,manage_org_level,unsafe_no_evidence,C档：库内无同名字段注释可参考，无法安全推断,unsafe_unfilled_columns.csv,需业务方逐字段确认含义后手工补注释
gis_naturereserve,population,unsafe_no_evidence,C档：库内无同名字段注释可参考，无法安全推断,unsafe_unfilled_columns.csv,需业务方逐字段确认含义后手工补注释
gis_naturereserve,first_protect_animals,unsafe_no_evidence,C档：库内无同名字段注释可参考，无法安全推断,unsafe_unfilled_columns.csv,需业务方逐字段确认含义后手工补注释
gis_naturereserve,second_protect_animals,unsafe_no_evidence,C档：库内无同名字段注释可参考，无法安全推断,unsafe_unfilled_columns.csv,需业务方逐字段确认含义后手工补注释
gis_naturereserve,first_protect_plants,unsafe_no_evidence,C档：库内无同名字段注释可参考，无法安全推断,unsafe_unfilled_columns.csv,需业务方逐字段确认含义后手工补注释
gis_naturereserve,second_protect_plants,unsafe_no_evidence,C档：库内无同名字段注释可参考，无法安全推断,unsafe_unfilled_columns.csv,需业务方逐字段确认含义后手工补注释
gis_naturereserve,create_by,missing_comment,字段无注释,missing_comments.csv,等待DBA/业务方确认后手工补注释
gis_naturereserve,create_time,missing_comment,字段无注释,missing_comments.csv,等待DBA/业务方确认后手工补注释
gis_naturereserve,update_by,missing_comment,字段无注释,missing_comments.csv,等待DBA/业务方确认后手工补注释
gis_naturereserve,update_time,missing_comment,字段无注释,missing_comments.csv,等待DBA/业务方确认后手工补注释
gis_naturereserve,del_flag,missing_comment,字段无注释,missing_comments.csv,等待DBA/业务方确认后手工补注释
gis_poi,create_time,missing_comment,字段无注释,missing_comments.csv,等待DBA/业务方确认后手工补注释
gis_poi,update_time,missing_comment,字段无注释,missing_comments.csv,等待DBA/业务方确认后手工补注释
gis_poi,del_flag,missing_comment,字段无注释,missing_comments.csv,等待DBA/业务方确认后手工补注释
gis_poi,create_by,missing_comment,字段无注释,missing_comments.csv,等待DBA/业务方确认后手工补注释
gis_poi,update_by,missing_comment,字段无注释,missing_comments.csv,等待DBA/业务方确认后手工补注释
gis_region,region_code,missing_comment,字段无注释,missing_comments.csv,等待DBA/业务方确认后手工补注释
gis_region,region_name,missing_comment,字段无注释,missing_comments.csv,等待DBA/业务方确认后手工补注释
gis_region,control_unit_id,missing_comment,字段无注释,missing_comments.csv,等待DBA/业务方确认后手工补注释
gis_region,region_level,unsafe_no_evidence,C档：库内无同名字段注释可参考，无法安全推断,unsafe_unfilled_columns.csv,需业务方逐字段确认含义后手工补注释
gis_region,parent_code,unsafe_no_evidence,C档：库内无同名字段注释可参考，无法安全推断,unsafe_unfilled_columns.csv,需业务方逐字段确认含义后手工补注释
gis_region,code,missing_comment,字段无注释,missing_comments.csv,等待DBA/业务方确认后手工补注释
gis_region,address,missing_comment,字段无注释,missing_comments.csv,等待DBA/业务方确认后手工补注释
gis_region,remark,missing_comment,字段无注释,missing_comments.csv,等待DBA/业务方确认后手工补注释
gis_region_city,id,missing_comment,字段无注释,missing_comments.csv,等待DBA/业务方确认后手工补注释
gis_region_city,geom,missing_comment,字段无注释,missing_comments.csv,等待DBA/业务方确认后手工补注释
gis_region_county,id,missing_comment,字段无注释,missing_comments.csv,等待DBA/业务方确认后手工补注释
gis_region_county,geom,missing_comment,字段无注释,missing_comments.csv,等待DBA/业务方确认后手工补注释
gis_region_population,id,missing_comment,字段无注释,missing_comments.csv,等待DBA/业务方确认后手工补注释
gis_region_population,region_id,keep_manual,表为空(sample=none)；无显式外键；仅基于同名字段推断，不满足自动补注释条件,comment_fill_candidates.csv,人工确认字段含义后手工补注释
gis_region_population,city_population,unsafe_no_evidence,C档：库内无同名字段注释可参考，无法安全推断,unsafe_unfilled_columns.csv,需业务方逐字段确认含义后手工补注释
gis_region_population,city_area,unsafe_no_evidence,C档：库内无同名字段注释可参考，无法安全推断,unsafe_unfilled_columns.csv,需业务方逐字段确认含义后手工补注释
gis_region_population,city_quantity,unsafe_no_evidence,C档：库内无同名字段注释可参考，无法安全推断,unsafe_unfilled_columns.csv,需业务方逐字段确认含义后手工补注释
gis_region_population,rural_population,unsafe_no_evidence,C档：库内无同名字段注释可参考，无法安全推断,unsafe_unfilled_columns.csv,需业务方逐字段确认含义后手工补注释
gis_region_population,rural_area,unsafe_no_evidence,C档：库内无同名字段注释可参考，无法安全推断,unsafe_unfilled_columns.csv,需业务方逐字段确认含义后手工补注释
gis_region_population,rural_quantity,unsafe_no_evidence,C档：库内无同名字段注释可参考，无法安全推断,unsafe_unfilled_columns.csv,需业务方逐字段确认含义后手工补注释
gis_region_population,year,keep_manual,表为空(sample=none)；无显式外键；仅基于同名字段推断，不满足自动补注释条件,comment_fill_candidates.csv,人工确认字段含义后手工补注释
gis_region_population,create_by,missing_comment,字段无注释,missing_comments.csv,等待DBA/业务方确认后手工补注释
gis_region_population,create_time,missing_comment,字段无注释,missing_comments.csv,等待DBA/业务方确认后手工补注释
gis_region_population,update_by,missing_comment,字段无注释,missing_comments.csv,等待DBA/业务方确认后手工补注释
gis_region_population,update_time,missing_comment,字段无注释,missing_comments.csv,等待DBA/业务方确认后手工补注释
gis_region_population,del_flag,missing_comment,字段无注释,missing_comments.csv,等待DBA/业务方确认后手工补注释
gis_region_township,id,missing_comment,字段无注释,missing_comments.csv,等待DBA/业务方确认后手工补注释
gis_region_township,geom,missing_comment,字段无注释,missing_comments.csv,等待DBA/业务方确认后手工补注释
gis_watershed_partition,id,missing_comment,字段无注释,missing_comments.csv,等待DBA/业务方确认后手工补注释
gis_watershed_partition_3,id,missing_comment,字段无注释,missing_comments.csv,等待DBA/业务方确认后手工补注释
gis_watershed_partition_3,geom,missing_comment,字段无注释,missing_comments.csv,等待DBA/业务方确认后手工补注释
gis_watershed_partition_4,id,missing_comment,字段无注释,missing_comments.csv,等待DBA/业务方确认后手工补注释
gis_watershed_partition_4,geom,missing_comment,字段无注释,missing_comments.csv,等待DBA/业务方确认后手工补注释
gis_watershed_partition_4,poly_area,unsafe_no_evidence,C档：库内无同名字段注释可参考，无法安全推断,unsafe_unfilled_columns.csv,需业务方逐字段确认含义后手工补注释
gis_watershed_partition_4,2021,unsafe_no_evidence,C档：库内无同名字段注释可参考，无法安全推断,unsafe_unfilled_columns.csv,需业务方逐字段确认含义后手工补注释
gis_watershed_partition_4,2025,unsafe_no_evidence,C档：库内无同名字段注释可参考，无法安全推断,unsafe_unfilled_columns.csv,需业务方逐字段确认含义后手工补注释
gis_watershed_partition_4,2035,unsafe_no_evidence,C档：库内无同名字段注释可参考，无法安全推断,unsafe_unfilled_columns.csv,需业务方逐字段确认含义后手工补注释
layer_boundary_enterprise,id,missing_comment,字段无注释,missing_comments.csv,等待DBA/业务方确认后手工补注释
layer_boundary_enterprise,name,missing_comment,字段无注释,missing_comments.csv,等待DBA/业务方确认后手工补注释
layer_boundary_enterprise,code,missing_comment,字段无注释,missing_comments.csv,等待DBA/业务方确认后手工补注释
layer_boundary_enterprise,geom,missing_comment,字段无注释,missing_comments.csv,等待DBA/业务方确认后手工补注释
layer_boundary_park,id,missing_comment,字段无注释,missing_comments.csv,等待DBA/业务方确认后手工补注释
layer_boundary_park,geom,missing_comment,字段无注释,missing_comments.csv,等待DBA/业务方确认后手工补注释
layer_boundary_park,name,missing_comment,字段无注释,missing_comments.csv,等待DBA/业务方确认后手工补注释
layer_boundary_park,code,missing_comment,字段无注释,missing_comments.csv,等待DBA/业务方确认后手工补注释
layer_industrial_ghysgw,id,missing_comment,字段无注释,missing_comments.csv,等待DBA/业务方确认后手工补注释
layer_industrial_ghysgw,geom,missing_comment,字段无注释,missing_comments.csv,等待DBA/业务方确认后手工补注释
layer_industrial_ghysgw,name,missing_comment,字段无注释,missing_comments.csv,等待DBA/业务方确认后手工补注释
layer_industrial_ghysgw,code,missing_comment,字段无注释,missing_comments.csv,等待DBA/业务方确认后手工补注释
layer_industrial_lsf,id,missing_comment,字段无注释,missing_comments.csv,等待DBA/业务方确认后手工补注释
layer_industrial_lsf,geom,missing_comment,字段无注释,missing_comments.csv,等待DBA/业务方确认后手工补注释
layer_industrial_lsf,name,missing_comment,字段无注释,missing_comments.csv,等待DBA/业务方确认后手工补注释
layer_industrial_lsf,code,missing_comment,字段无注释,missing_comments.csv,等待DBA/业务方确认后手工补注释
layer_industrial_xzysgw,id,missing_comment,字段无注释,missing_comments.csv,等待DBA/业务方确认后手工补注释
layer_industrial_xzysgw,geom,missing_comment,字段无注释,missing_comments.csv,等待DBA/业务方确认后手工补注释
layer_industrial_xzysgw,name,missing_comment,字段无注释,missing_comments.csv,等待DBA/业务方确认后手工补注释
layer_industrial_xzysgw,code,missing_comment,字段无注释,missing_comments.csv,等待DBA/业务方确认后手工补注释
layer_industrial_yjf,id,missing_comment,字段无注释,missing_comments.csv,等待DBA/业务方确认后手工补注释
layer_industrial_yjf,geom,missing_comment,字段无注释,missing_comments.csv,等待DBA/业务方确认后手工补注释
layer_industrial_yjf,name,missing_comment,字段无注释,missing_comments.csv,等待DBA/业务方确认后手工补注释
layer_industrial_yjf,code,missing_comment,字段无注释,missing_comments.csv,等待DBA/业务方确认后手工补注释
layer_industrial_yjsgc,id,missing_comment,字段无注释,missing_comments.csv,等待DBA/业务方确认后手工补注释
layer_industrial_yjsgc,geom,missing_comment,字段无注释,missing_comments.csv,等待DBA/业务方确认后手工补注释
layer_industrial_yjsgc,x,unsafe_no_evidence,C档：库内无同名字段注释可参考，无法安全推断,unsafe_unfilled_columns.csv,需业务方逐字段确认含义后手工补注释
layer_industrial_yjsgc,y,unsafe_no_evidence,C档：库内无同名字段注释可参考，无法安全推断,unsafe_unfilled_columns.csv,需业务方逐字段确认含义后手工补注释
layer_industrial_yjsgc,name,missing_comment,字段无注释,missing_comments.csv,等待DBA/业务方确认后手工补注释
layer_industrial_yjsgc,code,missing_comment,字段无注释,missing_comments.csv,等待DBA/业务方确认后手工补注释
layer_industrial_ysc,id,missing_comment,字段无注释,missing_comments.csv,等待DBA/业务方确认后手工补注释
layer_industrial_ysc,geom,missing_comment,字段无注释,missing_comments.csv,等待DBA/业务方确认后手工补注释
layer_industrial_ysc,x,unsafe_no_evidence,C档：库内无同名字段注释可参考，无法安全推断,unsafe_unfilled_columns.csv,需业务方逐字段确认含义后手工补注释
layer_industrial_ysc,y,unsafe_no_evidence,C档：库内无同名字段注释可参考，无法安全推断,unsafe_unfilled_columns.csv,需业务方逐字段确认含义后手工补注释
layer_industrial_ysc,name,missing_comment,字段无注释,missing_comments.csv,等待DBA/业务方确认后手工补注释
layer_industrial_ysc,code,missing_comment,字段无注释,missing_comments.csv,等待DBA/业务方确认后手工补注释
layer_outlet_sewage,id,missing_comment,字段无注释,missing_comments.csv,等待DBA/业务方确认后手工补注释
layer_outlet_sewage,x,unsafe_no_evidence,C档：库内无同名字段注释可参考，无法安全推断,unsafe_unfilled_columns.csv,需业务方逐字段确认含义后手工补注释
layer_outlet_sewage,y,unsafe_no_evidence,C档：库内无同名字段注释可参考，无法安全推断,unsafe_unfilled_columns.csv,需业务方逐字段确认含义后手工补注释
layer_outlet_sewage,name,missing_comment,字段无注释,missing_comments.csv,等待DBA/业务方确认后手工补注释
layer_outlet_sewage,code,missing_comment,字段无注释,missing_comments.csv,等待DBA/业务方确认后手工补注释
layer_outlet_sewage,geom,missing_comment,字段无注释,missing_comments.csv,等待DBA/业务方确认后手工补注释
layer_partition_2,id,missing_comment,字段无注释,missing_comments.csv,等待DBA/业务方确认后手工补注释
layer_partition_2,geom,missing_comment,字段无注释,missing_comments.csv,等待DBA/业务方确认后手工补注释
layer_partition_3,id,missing_comment,字段无注释,missing_comments.csv,等待DBA/业务方确认后手工补注释
layer_partition_3,geom,missing_comment,字段无注释,missing_comments.csv,等待DBA/业务方确认后手工补注释
layer_reservoir_provincial,id,missing_comment,字段无注释,missing_comments.csv,等待DBA/业务方确认后手工补注释
layer_reservoir_provincial,geom,missing_comment,字段无注释,missing_comments.csv,等待DBA/业务方确认后手工补注释
layer_reservoir_provincial,objectid,unsafe_no_evidence,C档：库内无同名字段注释可参考，无法安全推断,unsafe_unfilled_columns.csv,需业务方逐字段确认含义后手工补注释
layer_reservoir_provincial,cc,unsafe_no_evidence,C档：库内无同名字段注释可参考，无法安全推断,unsafe_unfilled_columns.csv,需业务方逐字段确认含义后手工补注释
layer_reservoir_provincial,gb,unsafe_no_evidence,C档：库内无同名字段注释可参考，无法安全推断,unsafe_unfilled_columns.csv,需业务方逐字段确认含义后手工补注释
layer_reservoir_provincial,bas,unsafe_no_evidence,C档：库内无同名字段注释可参考，无法安全推断,unsafe_unfilled_columns.csv,需业务方逐字段确认含义后手工补注释
layer_reservoir_provincial,name,missing_comment,字段无注释,missing_comments.csv,等待DBA/业务方确认后手工补注释
layer_reservoir_provincial,period,unsafe_no_evidence,C档：库内无同名字段注释可参考，无法安全推断,unsafe_unfilled_columns.csv,需业务方逐字段确认含义后手工补注释
layer_reservoir_provincial,type,missing_comment,字段无注释,missing_comments.csv,等待DBA/业务方确认后手工补注释
layer_reservoir_provincial,wq,unsafe_no_evidence,C档：库内无同名字段注释可参考，无法安全推断,unsafe_unfilled_columns.csv,需业务方逐字段确认含义后手工补注释
layer_reservoir_provincial,aheight,unsafe_no_evidence,C档：库内无同名字段注释可参考，无法安全推断,unsafe_unfilled_columns.csv,需业务方逐字段确认含义后手工补注释
layer_reservoir_provincial,parea,unsafe_no_evidence,C档：库内无同名字段注释可参考，无法安全推断,unsafe_unfilled_columns.csv,需业务方逐字段确认含义后手工补注释
layer_reservoir_provincial,ec,unsafe_no_evidence,C档：库内无同名字段注释可参考，无法安全推断,unsafe_unfilled_columns.csv,需业务方逐字段确认含义后手工补注释
layer_reservoir_provincial,grade,unsafe_no_evidence,C档：库内无同名字段注释可参考，无法安全推断,unsafe_unfilled_columns.csv,需业务方逐字段确认含义后手工补注释
layer_reservoir_provincial,length,missing_comment,字段无注释,missing_comments.csv,等待DBA/业务方确认后手工补注释
layer_reservoir_provincial,mheight,unsafe_no_evidence,C档：库内无同名字段注释可参考，无法安全推断,unsafe_unfilled_columns.csv,需业务方逐字段确认含义后手工补注释
layer_reservoir_provincial,sdtf,unsafe_no_evidence,C档：库内无同名字段注释可参考，无法安全推断,unsafe_unfilled_columns.csv,需业务方逐字段确认含义后手工补注释
layer_reservoir_provincial,shrc,unsafe_no_evidence,C档：库内无同名字段注释可参考，无法安全推断,unsafe_unfilled_columns.csv,需业务方逐字段确认含义后手工补注释
layer_reservoir_provincial,vol,unsafe_no_evidence,C档：库内无同名字段注释可参考，无法安全推断,unsafe_unfilled_columns.csv,需业务方逐字段确认含义后手工补注释
layer_reservoir_provincial,featid,unsafe_no_evidence,C档：库内无同名字段注释可参考，无法安全推断,unsafe_unfilled_columns.csv,需业务方逐字段确认含义后手工补注释
layer_reservoir_provincial,elemstime,unsafe_no_evidence,C档：库内无同名字段注释可参考，无法安全推断,unsafe_unfilled_columns.csv,需业务方逐字段确认含义后手工补注释
layer_reservoir_provincial,elemetime,unsafe_no_evidence,C档：库内无同名字段注释可参考，无法安全推断,unsafe_unfilled_columns.csv,需业务方逐字段确认含义后手工补注释
layer_reservoir_provincial,ecrm,unsafe_no_evidence,C档：库内无同名字段注释可参考，无法安全推断,unsafe_unfilled_columns.csv,需业务方逐字段确认含义后手工补注释
layer_reservoir_provincial,wrid,unsafe_no_evidence,C档：库内无同名字段注释可参考，无法安全推断,unsafe_unfilled_columns.csv,需业务方逐字段确认含义后手工补注释
layer_reservoir_provincial,wrgr,unsafe_no_evidence,C档：库内无同名字段注释可参考，无法安全推断,unsafe_unfilled_columns.csv,需业务方逐字段确认含义后手工补注释
layer_reservoir_provincial,areacode,unsafe_no_evidence,C档：库内无同名字段注释可参考，无法安全推断,unsafe_unfilled_columns.csv,需业务方逐字段确认含义后手工补注释
layer_reservoir_provincial,changetype,unsafe_no_evidence,C档：库内无同名字段注释可参考，无法安全推断,unsafe_unfilled_columns.csv,需业务方逐字段确认含义后手工补注释
layer_reservoir_provincial,changeatt,unsafe_no_evidence,C档：库内无同名字段注释可参考，无法安全推断,unsafe_unfilled_columns.csv,需业务方逐字段确认含义后手工补注释
layer_reservoir_provincial,shape_leng,unsafe_no_evidence,C档：库内无同名字段注释可参考，无法安全推断,unsafe_unfilled_columns.csv,需业务方逐字段确认含义后手工补注释
layer_reservoir_provincial,shape_area,unsafe_no_evidence,C档：库内无同名字段注释可参考，无法安全推断,unsafe_unfilled_columns.csv,需业务方逐字段确认含义后手工补注释
layer_reservoir_provincial_label,geom,missing_comment,字段无注释,missing_comments.csv,等待DBA/业务方确认后手工补注释
layer_reservoir_provincial_label,cc,unsafe_no_evidence,C档：库内无同名字段注释可参考，无法安全推断,unsafe_unfilled_columns.csv,需业务方逐字段确认含义后手工补注释
layer_reservoir_provincial_label,gb,unsafe_no_evidence,C档：库内无同名字段注释可参考，无法安全推断,unsafe_unfilled_columns.csv,需业务方逐字段确认含义后手工补注释
layer_reservoir_provincial_label,bas,unsafe_no_evidence,C档：库内无同名字段注释可参考，无法安全推断,unsafe_unfilled_columns.csv,需业务方逐字段确认含义后手工补注释
layer_reservoir_provincial_label,name,missing_comment,字段无注释,missing_comments.csv,等待DBA/业务方确认后手工补注释
layer_reservoir_provincial_label,period,unsafe_no_evidence,C档：库内无同名字段注释可参考，无法安全推断,unsafe_unfilled_columns.csv,需业务方逐字段确认含义后手工补注释
layer_reservoir_provincial_label,type,missing_comment,字段无注释,missing_comments.csv,等待DBA/业务方确认后手工补注释
layer_reservoir_provincial_label,wq,unsafe_no_evidence,C档：库内无同名字段注释可参考，无法安全推断,unsafe_unfilled_columns.csv,需业务方逐字段确认含义后手工补注释
layer_reservoir_provincial_label,aheight,unsafe_no_evidence,C档：库内无同名字段注释可参考，无法安全推断,unsafe_unfilled_columns.csv,需业务方逐字段确认含义后手工补注释
layer_reservoir_provincial_label,parea,unsafe_no_evidence,C档：库内无同名字段注释可参考，无法安全推断,unsafe_unfilled_columns.csv,需业务方逐字段确认含义后手工补注释
layer_reservoir_provincial_label,ec,unsafe_no_evidence,C档：库内无同名字段注释可参考，无法安全推断,unsafe_unfilled_columns.csv,需业务方逐字段确认含义后手工补注释
layer_reservoir_provincial_label,grade,unsafe_no_evidence,C档：库内无同名字段注释可参考，无法安全推断,unsafe_unfilled_columns.csv,需业务方逐字段确认含义后手工补注释
layer_reservoir_provincial_label,length,missing_comment,字段无注释,missing_comments.csv,等待DBA/业务方确认后手工补注释
layer_reservoir_provincial_label,mheight,unsafe_no_evidence,C档：库内无同名字段注释可参考，无法安全推断,unsafe_unfilled_columns.csv,需业务方逐字段确认含义后手工补注释
layer_reservoir_provincial_label,sdtf,unsafe_no_evidence,C档：库内无同名字段注释可参考，无法安全推断,unsafe_unfilled_columns.csv,需业务方逐字段确认含义后手工补注释
layer_reservoir_provincial_label,shrc,unsafe_no_evidence,C档：库内无同名字段注释可参考，无法安全推断,unsafe_unfilled_columns.csv,需业务方逐字段确认含义后手工补注释
layer_reservoir_provincial_label,vol,unsafe_no_evidence,C档：库内无同名字段注释可参考，无法安全推断,unsafe_unfilled_columns.csv,需业务方逐字段确认含义后手工补注释
layer_reservoir_provincial_label,featid,unsafe_no_evidence,C档：库内无同名字段注释可参考，无法安全推断,unsafe_unfilled_columns.csv,需业务方逐字段确认含义后手工补注释
layer_reservoir_provincial_label,elemstime,unsafe_no_evidence,C档：库内无同名字段注释可参考，无法安全推断,unsafe_unfilled_columns.csv,需业务方逐字段确认含义后手工补注释
layer_reservoir_provincial_label,elemetime,unsafe_no_evidence,C档：库内无同名字段注释可参考，无法安全推断,unsafe_unfilled_columns.csv,需业务方逐字段确认含义后手工补注释
layer_reservoir_provincial_label,ecrm,unsafe_no_evidence,C档：库内无同名字段注释可参考，无法安全推断,unsafe_unfilled_columns.csv,需业务方逐字段确认含义后手工补注释
layer_reservoir_provincial_label,wrid,unsafe_no_evidence,C档：库内无同名字段注释可参考，无法安全推断,unsafe_unfilled_columns.csv,需业务方逐字段确认含义后手工补注释
layer_reservoir_provincial_label,wrgr,unsafe_no_evidence,C档：库内无同名字段注释可参考，无法安全推断,unsafe_unfilled_columns.csv,需业务方逐字段确认含义后手工补注释
layer_reservoir_provincial_label,areacode,unsafe_no_evidence,C档：库内无同名字段注释可参考，无法安全推断,unsafe_unfilled_columns.csv,需业务方逐字段确认含义后手工补注释
layer_reservoir_provincial_label,changetype,unsafe_no_evidence,C档：库内无同名字段注释可参考，无法安全推断,unsafe_unfilled_columns.csv,需业务方逐字段确认含义后手工补注释
layer_reservoir_provincial_label,changeatt,unsafe_no_evidence,C档：库内无同名字段注释可参考，无法安全推断,unsafe_unfilled_columns.csv,需业务方逐字段确认含义后手工补注释
layer_reservoir_provincial_label,id,missing_comment,字段无注释,missing_comments.csv,等待DBA/业务方确认后手工补注释
layer_reservoir_provincial_合并,geom,missing_comment,字段无注释,missing_comments.csv,等待DBA/业务方确认后手工补注释
layer_reservoir_provincial_合并,cc,unsafe_no_evidence,C档：库内无同名字段注释可参考，无法安全推断,unsafe_unfilled_columns.csv,需业务方逐字段确认含义后手工补注释
layer_reservoir_provincial_合并,gb,unsafe_no_evidence,C档：库内无同名字段注释可参考，无法安全推断,unsafe_unfilled_columns.csv,需业务方逐字段确认含义后手工补注释
layer_reservoir_provincial_合并,bas,unsafe_no_evidence,C档：库内无同名字段注释可参考，无法安全推断,unsafe_unfilled_columns.csv,需业务方逐字段确认含义后手工补注释
layer_reservoir_provincial_合并,name,missing_comment,字段无注释,missing_comments.csv,等待DBA/业务方确认后手工补注释
layer_reservoir_provincial_合并,period,unsafe_no_evidence,C档：库内无同名字段注释可参考，无法安全推断,unsafe_unfilled_columns.csv,需业务方逐字段确认含义后手工补注释
layer_reservoir_provincial_合并,type,missing_comment,字段无注释,missing_comments.csv,等待DBA/业务方确认后手工补注释
layer_reservoir_provincial_合并,wq,unsafe_no_evidence,C档：库内无同名字段注释可参考，无法安全推断,unsafe_unfilled_columns.csv,需业务方逐字段确认含义后手工补注释
layer_reservoir_provincial_合并,aheight,unsafe_no_evidence,C档：库内无同名字段注释可参考，无法安全推断,unsafe_unfilled_columns.csv,需业务方逐字段确认含义后手工补注释
layer_reservoir_provincial_合并,parea,unsafe_no_evidence,C档：库内无同名字段注释可参考，无法安全推断,unsafe_unfilled_columns.csv,需业务方逐字段确认含义后手工补注释
layer_reservoir_provincial_合并,ec,unsafe_no_evidence,C档：库内无同名字段注释可参考，无法安全推断,unsafe_unfilled_columns.csv,需业务方逐字段确认含义后手工补注释
layer_reservoir_provincial_合并,grade,unsafe_no_evidence,C档：库内无同名字段注释可参考，无法安全推断,unsafe_unfilled_columns.csv,需业务方逐字段确认含义后手工补注释
layer_reservoir_provincial_合并,length,missing_comment,字段无注释,missing_comments.csv,等待DBA/业务方确认后手工补注释
layer_reservoir_provincial_合并,mheight,unsafe_no_evidence,C档：库内无同名字段注释可参考，无法安全推断,unsafe_unfilled_columns.csv,需业务方逐字段确认含义后手工补注释
layer_reservoir_provincial_合并,sdtf,unsafe_no_evidence,C档：库内无同名字段注释可参考，无法安全推断,unsafe_unfilled_columns.csv,需业务方逐字段确认含义后手工补注释
layer_reservoir_provincial_合并,shrc,unsafe_no_evidence,C档：库内无同名字段注释可参考，无法安全推断,unsafe_unfilled_columns.csv,需业务方逐字段确认含义后手工补注释
layer_reservoir_provincial_合并,vol,unsafe_no_evidence,C档：库内无同名字段注释可参考，无法安全推断,unsafe_unfilled_columns.csv,需业务方逐字段确认含义后手工补注释
layer_reservoir_provincial_合并,featid,unsafe_no_evidence,C档：库内无同名字段注释可参考，无法安全推断,unsafe_unfilled_columns.csv,需业务方逐字段确认含义后手工补注释
layer_reservoir_provincial_合并,elemstime,unsafe_no_evidence,C档：库内无同名字段注释可参考，无法安全推断,unsafe_unfilled_columns.csv,需业务方逐字段确认含义后手工补注释
layer_reservoir_provincial_合并,elemetime,unsafe_no_evidence,C档：库内无同名字段注释可参考，无法安全推断,unsafe_unfilled_columns.csv,需业务方逐字段确认含义后手工补注释
layer_reservoir_provincial_合并,ecrm,unsafe_no_evidence,C档：库内无同名字段注释可参考，无法安全推断,unsafe_unfilled_columns.csv,需业务方逐字段确认含义后手工补注释
layer_reservoir_provincial_合并,wrid,unsafe_no_evidence,C档：库内无同名字段注释可参考，无法安全推断,unsafe_unfilled_columns.csv,需业务方逐字段确认含义后手工补注释
layer_reservoir_provincial_合并,wrgr,unsafe_no_evidence,C档：库内无同名字段注释可参考，无法安全推断,unsafe_unfilled_columns.csv,需业务方逐字段确认含义后手工补注释
layer_reservoir_provincial_合并,areacode,unsafe_no_evidence,C档：库内无同名字段注释可参考，无法安全推断,unsafe_unfilled_columns.csv,需业务方逐字段确认含义后手工补注释
layer_reservoir_provincial_合并,changetype,unsafe_no_evidence,C档：库内无同名字段注释可参考，无法安全推断,unsafe_unfilled_columns.csv,需业务方逐字段确认含义后手工补注释
layer_reservoir_provincial_合并,changeatt,unsafe_no_evidence,C档：库内无同名字段注释可参考，无法安全推断,unsafe_unfilled_columns.csv,需业务方逐字段确认含义后手工补注释
layer_reservoir_provincial_合并,id,missing_comment,字段无注释,missing_comments.csv,等待DBA/业务方确认后手工补注释
layer_river_provincial,geom,missing_comment,字段无注释,missing_comments.csv,等待DBA/业务方确认后手工补注释
layer_river_provincial,cc,unsafe_no_evidence,C档：库内无同名字段注释可参考，无法安全推断,unsafe_unfilled_columns.csv,需业务方逐字段确认含义后手工补注释
layer_river_provincial,gb,unsafe_no_evidence,C档：库内无同名字段注释可参考，无法安全推断,unsafe_unfilled_columns.csv,需业务方逐字段确认含义后手工补注释
layer_river_provincial,bas,unsafe_no_evidence,C档：库内无同名字段注释可参考，无法安全推断,unsafe_unfilled_columns.csv,需业务方逐字段确认含义后手工补注释
layer_river_provincial,type,missing_comment,字段无注释,missing_comments.csv,等待DBA/业务方确认后手工补注释
layer_river_provincial,ec,unsafe_no_evidence,C档：库内无同名字段注释可参考，无法安全推断,unsafe_unfilled_columns.csv,需业务方逐字段确认含义后手工补注释
layer_river_provincial,grade,unsafe_no_evidence,C档：库内无同名字段注释可参考，无法安全推断,unsafe_unfilled_columns.csv,需业务方逐字段确认含义后手工补注释
layer_river_provincial,length,missing_comment,字段无注释,missing_comments.csv,等待DBA/业务方确认后手工补注释
layer_river_provincial,period,unsafe_no_evidence,C档：库内无同名字段注释可参考，无法安全推断,unsafe_unfilled_columns.csv,需业务方逐字段确认含义后手工补注释
layer_river_provincial,shrc,unsafe_no_evidence,C档：库内无同名字段注释可参考，无法安全推断,unsafe_unfilled_columns.csv,需业务方逐字段确认含义后手工补注释
layer_river_provincial,sdtf,unsafe_no_evidence,C档：库内无同名字段注释可参考，无法安全推断,unsafe_unfilled_columns.csv,需业务方逐字段确认含义后手工补注释
layer_river_provincial,width,missing_comment,字段无注释,missing_comments.csv,等待DBA/业务方确认后手工补注释
layer_river_provincial,featid,unsafe_no_evidence,C档：库内无同名字段注释可参考，无法安全推断,unsafe_unfilled_columns.csv,需业务方逐字段确认含义后手工补注释
layer_river_provincial,elemstime,unsafe_no_evidence,C档：库内无同名字段注释可参考，无法安全推断,unsafe_unfilled_columns.csv,需业务方逐字段确认含义后手工补注释
layer_river_provincial,elemetime,unsafe_no_evidence,C档：库内无同名字段注释可参考，无法安全推断,unsafe_unfilled_columns.csv,需业务方逐字段确认含义后手工补注释
layer_river_provincial,ecrm,unsafe_no_evidence,C档：库内无同名字段注释可参考，无法安全推断,unsafe_unfilled_columns.csv,需业务方逐字段确认含义后手工补注释
layer_river_provincial,wrid,unsafe_no_evidence,C档：库内无同名字段注释可参考，无法安全推断,unsafe_unfilled_columns.csv,需业务方逐字段确认含义后手工补注释
layer_river_provincial,wrgr,unsafe_no_evidence,C档：库内无同名字段注释可参考，无法安全推断,unsafe_unfilled_columns.csv,需业务方逐字段确认含义后手工补注释
layer_river_provincial,areacode,unsafe_no_evidence,C档：库内无同名字段注释可参考，无法安全推断,unsafe_unfilled_columns.csv,需业务方逐字段确认含义后手工补注释
layer_river_provincial,name,missing_comment,字段无注释,missing_comments.csv,等待DBA/业务方确认后手工补注释
layer_river_provincial,changetype,unsafe_no_evidence,C档：库内无同名字段注释可参考，无法安全推断,unsafe_unfilled_columns.csv,需业务方逐字段确认含义后手工补注释
layer_river_provincial,changeatt,unsafe_no_evidence,C档：库内无同名字段注释可参考，无法安全推断,unsafe_unfilled_columns.csv,需业务方逐字段确认含义后手工补注释
layer_river_provincial,id,missing_comment,字段无注释,missing_comments.csv,等待DBA/业务方确认后手工补注释
layer_river_provincial_bak0617,id,missing_comment,字段无注释,missing_comments.csv,等待DBA/业务方确认后手工补注释
layer_river_provincial_bak0617,geom,missing_comment,字段无注释,missing_comments.csv,等待DBA/业务方确认后手工补注释
layer_river_provincial_bak0617,cc,unsafe_no_evidence,C档：库内无同名字段注释可参考，无法安全推断,unsafe_unfilled_columns.csv,需业务方逐字段确认含义后手工补注释
layer_river_provincial_bak0617,gb,unsafe_no_evidence,C档：库内无同名字段注释可参考，无法安全推断,unsafe_unfilled_columns.csv,需业务方逐字段确认含义后手工补注释
layer_river_provincial_bak0617,bas,unsafe_no_evidence,C档：库内无同名字段注释可参考，无法安全推断,unsafe_unfilled_columns.csv,需业务方逐字段确认含义后手工补注释
layer_river_provincial_bak0617,type,missing_comment,字段无注释,missing_comments.csv,等待DBA/业务方确认后手工补注释
layer_river_provincial_bak0617,ec,unsafe_no_evidence,C档：库内无同名字段注释可参考，无法安全推断,unsafe_unfilled_columns.csv,需业务方逐字段确认含义后手工补注释
layer_river_provincial_bak0617,grade,unsafe_no_evidence,C档：库内无同名字段注释可参考，无法安全推断,unsafe_unfilled_columns.csv,需业务方逐字段确认含义后手工补注释
layer_river_provincial_bak0617,length,missing_comment,字段无注释,missing_comments.csv,等待DBA/业务方确认后手工补注释
layer_river_provincial_bak0617,period,unsafe_no_evidence,C档：库内无同名字段注释可参考，无法安全推断,unsafe_unfilled_columns.csv,需业务方逐字段确认含义后手工补注释
layer_river_provincial_bak0617,shrc,unsafe_no_evidence,C档：库内无同名字段注释可参考，无法安全推断,unsafe_unfilled_columns.csv,需业务方逐字段确认含义后手工补注释
layer_river_provincial_bak0617,sdtf,unsafe_no_evidence,C档：库内无同名字段注释可参考，无法安全推断,unsafe_unfilled_columns.csv,需业务方逐字段确认含义后手工补注释
layer_river_provincial_bak0617,width,missing_comment,字段无注释,missing_comments.csv,等待DBA/业务方确认后手工补注释
layer_river_provincial_bak0617,featid,unsafe_no_evidence,C档：库内无同名字段注释可参考，无法安全推断,unsafe_unfilled_columns.csv,需业务方逐字段确认含义后手工补注释
layer_river_provincial_bak0617,elemstime,unsafe_no_evidence,C档：库内无同名字段注释可参考，无法安全推断,unsafe_unfilled_columns.csv,需业务方逐字段确认含义后手工补注释
layer_river_provincial_bak0617,elemetime,unsafe_no_evidence,C档：库内无同名字段注释可参考，无法安全推断,unsafe_unfilled_columns.csv,需业务方逐字段确认含义后手工补注释
layer_river_provincial_bak0617,ecrm,unsafe_no_evidence,C档：库内无同名字段注释可参考，无法安全推断,unsafe_unfilled_columns.csv,需业务方逐字段确认含义后手工补注释
layer_river_provincial_bak0617,wrid,unsafe_no_evidence,C档：库内无同名字段注释可参考，无法安全推断,unsafe_unfilled_columns.csv,需业务方逐字段确认含义后手工补注释
layer_river_provincial_bak0617,wrgr,unsafe_no_evidence,C档：库内无同名字段注释可参考，无法安全推断,unsafe_unfilled_columns.csv,需业务方逐字段确认含义后手工补注释
layer_river_provincial_bak0617,areacode,unsafe_no_evidence,C档：库内无同名字段注释可参考，无法安全推断,unsafe_unfilled_columns.csv,需业务方逐字段确认含义后手工补注释
layer_river_provincial_bak0617,name,missing_comment,字段无注释,missing_comments.csv,等待DBA/业务方确认后手工补注释
layer_river_provincial_bak0617,changetype,unsafe_no_evidence,C档：库内无同名字段注释可参考，无法安全推断,unsafe_unfilled_columns.csv,需业务方逐字段确认含义后手工补注释
layer_river_provincial_bak0617,changeatt,unsafe_no_evidence,C档：库内无同名字段注释可参考，无法安全推断,unsafe_unfilled_columns.csv,需业务方逐字段确认含义后手工补注释
layer_section,id,missing_comment,字段无注释,missing_comments.csv,等待DBA/业务方确认后手工补注释
layer_section,x,unsafe_no_evidence,C档：库内无同名字段注释可参考，无法安全推断,unsafe_unfilled_columns.csv,需业务方逐字段确认含义后手工补注释
layer_section,y,unsafe_no_evidence,C档：库内无同名字段注释可参考，无法安全推断,unsafe_unfilled_columns.csv,需业务方逐字段确认含义后手工补注释
layer_section,name,missing_comment,字段无注释,missing_comments.csv,等待DBA/业务方确认后手工补注释
layer_section,code,missing_comment,字段无注释,missing_comments.csv,等待DBA/业务方确认后手工补注释
layer_section,geom,missing_comment,字段无注释,missing_comments.csv,等待DBA/业务方确认后手工补注释
layer_watershed,id,missing_comment,字段无注释,missing_comments.csv,等待DBA/业务方确认后手工补注释
layer_watershed,name,missing_comment,字段无注释,missing_comments.csv,等待DBA/业务方确认后手工补注释
layer_watershed,code,missing_comment,字段无注释,missing_comments.csv,等待DBA/业务方确认后手工补注释
layer_watershed,geom,missing_comment,字段无注释,missing_comments.csv,等待DBA/业务方确认后手工补注释
metadata_view,code,missing_comment,字段无注释,missing_comments.csv,等待DBA/业务方确认后手工补注释
metadata_view,parent_id,missing_comment,字段无注释,missing_comments.csv,等待DBA/业务方确认后手工补注释
metadata_view,aliasname,unsafe_no_evidence,C档：库内无同名字段注释可参考，无法安全推断,unsafe_unfilled_columns.csv,需业务方逐字段确认含义后手工补注释
metadata_view,type,missing_comment,字段无注释,missing_comments.csv,等待DBA/业务方确认后手工补注释
metadata_view,LayerName,unsafe_no_evidence,C档：库内无同名字段注释可参考，无法安全推断,unsafe_unfilled_columns.csv,需业务方逐字段确认含义后手工补注释
metadata_view,LayerType,unsafe_no_evidence,C档：库内无同名字段注释可参考，无法安全推断,unsafe_unfilled_columns.csv,需业务方逐字段确认含义后手工补注释
rs_industrial_info_yc,create_by,missing_comment,字段无注释,missing_comments.csv,等待DBA/业务方确认后手工补注释
rs_industrial_info_yc,create_time,missing_comment,字段无注释,missing_comments.csv,等待DBA/业务方确认后手工补注释
rs_industrial_info_yc,update_by,missing_comment,字段无注释,missing_comments.csv,等待DBA/业务方确认后手工补注释
rs_industrial_info_yc,update_time,missing_comment,字段无注释,missing_comments.csv,等待DBA/业务方确认后手工补注释
rs_industrial_info_yc,del_flag,missing_comment,字段无注释,missing_comments.csv,等待DBA/业务方确认后手工补注释
rs_industrial_info_yc_bak0305,id,missing_comment,字段无注释,missing_comments.csv,等待DBA/业务方确认后手工补注释
rs_industrial_info_yc_bak0305,create_by,missing_comment,字段无注释,missing_comments.csv,等待DBA/业务方确认后手工补注释
rs_industrial_info_yc_bak0305,create_time,missing_comment,字段无注释,missing_comments.csv,等待DBA/业务方确认后手工补注释
rs_industrial_info_yc_bak0305,update_by,missing_comment,字段无注释,missing_comments.csv,等待DBA/业务方确认后手工补注释
rs_industrial_info_yc_bak0305,update_time,missing_comment,字段无注释,missing_comments.csv,等待DBA/业务方确认后手工补注释
rs_industrial_info_yc_bak0305,del_flag,missing_comment,字段无注释,missing_comments.csv,等待DBA/业务方确认后手工补注释
rs_outlet,quick_detect_desc,unsafe_no_evidence,C档：库内无同名字段注释可参考，无法安全推断,unsafe_unfilled_columns.csv,需业务方逐字段确认含义后手工补注释
rs_outlet_info_v2,id,missing_comment,字段无注释,missing_comments.csv,等待DBA/业务方确认后手工补注释
rs_outlet_info_v2,create_by,missing_comment,字段无注释,missing_comments.csv,等待DBA/业务方确认后手工补注释
rs_outlet_info_v2,create_time,missing_comment,字段无注释,missing_comments.csv,等待DBA/业务方确认后手工补注释
rs_outlet_info_v2,update_by,missing_comment,字段无注释,missing_comments.csv,等待DBA/业务方确认后手工补注释
rs_outlet_info_v2,update_time,missing_comment,字段无注释,missing_comments.csv,等待DBA/业务方确认后手工补注释
rs_outlet_info_v2,del_flag,missing_comment,字段无注释,missing_comments.csv,等待DBA/业务方确认后手工补注释
rs_outlet_live_v2,id,missing_comment,字段无注释,missing_comments.csv,等待DBA/业务方确认后手工补注释
rs_outlet_live_v2,create_by,missing_comment,字段无注释,missing_comments.csv,等待DBA/业务方确认后手工补注释
rs_outlet_live_v2,create_time,missing_comment,字段无注释,missing_comments.csv,等待DBA/业务方确认后手工补注释
rs_outlet_live_v2,update_by,missing_comment,字段无注释,missing_comments.csv,等待DBA/业务方确认后手工补注释
rs_outlet_live_v2,update_time,missing_comment,字段无注释,missing_comments.csv,等待DBA/业务方确认后手工补注释
rs_outlet_live_v2,del_flag,missing_comment,字段无注释,missing_comments.csv,等待DBA/业务方确认后手工补注释
rs_outlet_monitor_v2,id,missing_comment,字段无注释,missing_comments.csv,等待DBA/业务方确认后手工补注释
rs_outlet_monitor_v2,create_by,missing_comment,字段无注释,missing_comments.csv,等待DBA/业务方确认后手工补注释
rs_outlet_monitor_v2,create_time,missing_comment,字段无注释,missing_comments.csv,等待DBA/业务方确认后手工补注释
rs_outlet_monitor_v2,update_by,missing_comment,字段无注释,missing_comments.csv,等待DBA/业务方确认后手工补注释
rs_outlet_monitor_v2,update_time,missing_comment,字段无注释,missing_comments.csv,等待DBA/业务方确认后手工补注释
rs_outlet_monitor_v2,del_flag,missing_comment,字段无注释,missing_comments.csv,等待DBA/业务方确认后手工补注释
rs_outlet_remediation_v2,id,missing_comment,字段无注释,missing_comments.csv,等待DBA/业务方确认后手工补注释
rs_outlet_remediation_v2,create_by,missing_comment,字段无注释,missing_comments.csv,等待DBA/业务方确认后手工补注释
rs_outlet_remediation_v2,create_time,missing_comment,字段无注释,missing_comments.csv,等待DBA/业务方确认后手工补注释
rs_outlet_remediation_v2,update_by,missing_comment,字段无注释,missing_comments.csv,等待DBA/业务方确认后手工补注释
rs_outlet_remediation_v2,update_time,missing_comment,字段无注释,missing_comments.csv,等待DBA/业务方确认后手工补注释
rs_outlet_remediation_v2,del_flag,missing_comment,字段无注释,missing_comments.csv,等待DBA/业务方确认后手工补注释
rs_outlet_trace_v2,id,missing_comment,字段无注释,missing_comments.csv,等待DBA/业务方确认后手工补注释
rs_outlet_trace_v2,create_by,missing_comment,字段无注释,missing_comments.csv,等待DBA/业务方确认后手工补注释
rs_outlet_trace_v2,create_time,missing_comment,字段无注释,missing_comments.csv,等待DBA/业务方确认后手工补注释
rs_outlet_trace_v2,update_by,missing_comment,字段无注释,missing_comments.csv,等待DBA/业务方确认后手工补注释
rs_outlet_trace_v2,update_time,missing_comment,字段无注释,missing_comments.csv,等待DBA/业务方确认后手工补注释
rs_outlet_trace_v2,del_flag,missing_comment,字段无注释,missing_comments.csv,等待DBA/业务方确认后手工补注释
rs_sewage_info_v2,id,missing_comment,字段无注释,missing_comments.csv,等待DBA/业务方确认后手工补注释
rs_sewage_info_v2,create_by,missing_comment,字段无注释,missing_comments.csv,等待DBA/业务方确认后手工补注释
rs_sewage_info_v2,create_time,missing_comment,字段无注释,missing_comments.csv,等待DBA/业务方确认后手工补注释
rs_sewage_info_v2,update_by,missing_comment,字段无注释,missing_comments.csv,等待DBA/业务方确认后手工补注释
rs_sewage_info_v2,update_time,missing_comment,字段无注释,missing_comments.csv,等待DBA/业务方确认后手工补注释
rs_sewage_info_v2,del_flag,missing_comment,字段无注释,missing_comments.csv,等待DBA/业务方确认后手工补注释
rs_sewage_park_info,create_by,missing_comment,字段无注释,missing_comments.csv,等待DBA/业务方确认后手工补注释
rs_sewage_park_info,create_time,missing_comment,字段无注释,missing_comments.csv,等待DBA/业务方确认后手工补注释
rs_sewage_park_info,update_by,missing_comment,字段无注释,missing_comments.csv,等待DBA/业务方确认后手工补注释
rs_sewage_park_info,update_time,missing_comment,字段无注释,missing_comments.csv,等待DBA/业务方确认后手工补注释
rs_sewage_park_info,del_flag,missing_comment,字段无注释,missing_comments.csv,等待DBA/业务方确认后手工补注释
se_watershed,id,missing_comment,字段无注释,missing_comments.csv,等待DBA/业务方确认后手工补注释
spatial_ref_sys,srid,unsafe_no_evidence,C档：库内无同名字段注释可参考，无法安全推断,unsafe_unfilled_columns.csv,需业务方逐字段确认含义后手工补注释
spatial_ref_sys,auth_name,unsafe_no_evidence,C档：库内无同名字段注释可参考，无法安全推断,unsafe_unfilled_columns.csv,需业务方逐字段确认含义后手工补注释
spatial_ref_sys,auth_srid,unsafe_no_evidence,C档：库内无同名字段注释可参考，无法安全推断,unsafe_unfilled_columns.csv,需业务方逐字段确认含义后手工补注释
spatial_ref_sys,srtext,unsafe_no_evidence,C档：库内无同名字段注释可参考，无法安全推断,unsafe_unfilled_columns.csv,需业务方逐字段确认含义后手工补注释
spatial_ref_sys,proj4text,unsafe_no_evidence,C档：库内无同名字段注释可参考，无法安全推断,unsafe_unfilled_columns.csv,需业务方逐字段确认含义后手工补注释
stg_sjtysj_cbwrwxtzlxxxt_b_anchorage_info_df,create_by,missing_comment,字段无注释,missing_comments.csv,等待DBA/业务方确认后手工补注释
stg_sjtysj_cbwrwxtzlxxxt_b_anchorage_info_df,create_date,missing_comment,字段无注释,missing_comments.csv,等待DBA/业务方确认后手工补注释
stg_sjtysj_cbwrwxtzlxxxt_b_anchorage_info_df,update_by,missing_comment,字段无注释,missing_comments.csv,等待DBA/业务方确认后手工补注释
stg_sjtysj_cbwrwxtzlxxxt_b_anchorage_info_df,update_date,missing_comment,字段无注释,missing_comments.csv,等待DBA/业务方确认后手工补注释
stg_sjtysj_cbwrwxtzlxxxt_b_receive_ship_assessment_df,id,missing_comment,字段无注释,missing_comments.csv,等待DBA/业务方确认后手工补注释
stg_sjtysj_cbwrwxtzlxxxt_b_wharf_info_df,id,missing_comment,字段无注释,missing_comments.csv,等待DBA/业务方确认后手工补注释
stg_sjtysj_cbwrwxtzlxxxt_b_wharf_info_df,geom,missing_comment,字段无注释,missing_comments.csv,等待DBA/业务方确认后手工补注释
stg_sjtysj_cbwrwxtzlxxxt_p_ashore_apply_df,shlj_text,unsafe_no_evidence,C档：库内无同名字段注释可参考，无法安全推断,unsafe_unfilled_columns.csv,需业务方逐字段确认含义后手工补注释
stg_sjtysj_cbwrwxtzlxxxt_p_ashore_apply_df,fy_time,unsafe_no_evidence,C档：库内无同名字段注释可参考，无法安全推断,unsafe_unfilled_columns.csv,需业务方逐字段确认含义后手工补注释
stg_sjtysj_cbwrwxtzlxxxt_p_ashore_apply_df,hyws_time,unsafe_no_evidence,C档：库内无同名字段注释可参考，无法安全推断,unsafe_unfilled_columns.csv,需业务方逐字段确认含义后手工补注释
stg_sjtysj_cbwrwxtzlxxxt_p_ashore_apply_df,shws_time,unsafe_no_evidence,C档：库内无同名字段注释可参考，无法安全推断,unsafe_unfilled_columns.csv,需业务方逐字段确认含义后手工补注释
stg_sjtysj_cbwrwxtzlxxxt_p_ashore_apply_df,from_port_province,unsafe_no_evidence,C档：库内无同名字段注释可参考，无法安全推断,unsafe_unfilled_columns.csv,需业务方逐字段确认含义后手工补注释
stg_sjtysj_cbwrwxtzlxxxt_p_ashore_apply_df,from_port_city,unsafe_no_evidence,C档：库内无同名字段注释可参考，无法安全推断,unsafe_unfilled_columns.csv,需业务方逐字段确认含义后手工补注释
stg_sjtysj_cbwrwxtzlxxxt_p_ashore_apply_df,to_port_province,unsafe_no_evidence,C档：库内无同名字段注释可参考，无法安全推断,unsafe_unfilled_columns.csv,需业务方逐字段确认含义后手工补注释
stg_sjtysj_cbwrwxtzlxxxt_p_ashore_apply_df,to_port_city,unsafe_no_evidence,C档：库内无同名字段注释可参考，无法安全推断,unsafe_unfilled_columns.csv,需业务方逐字段确认含义后手工补注释
stg_sjtysj_cbwrwxtzlxxxt_p_handover_trans_detail_df,trans_no,missing_comment,字段无注释,missing_comments.csv,等待DBA/业务方确认后手工补注释
stg_sjtysj_cbwrwxtzlxxxt_p_handover_trans_detail_df,js_apply_no,unsafe_no_evidence,C档：库内无同名字段注释可参考，无法安全推断,unsafe_unfilled_columns.csv,需业务方逐字段确认含义后手工补注释
stg_sjtysj_cbwrwxtzlxxxt_p_handover_trans_detail_df,js_detail_id,unsafe_no_evidence,C档：库内无同名字段注释可参考，无法安全推断,unsafe_unfilled_columns.csv,需业务方逐字段确认含义后手工补注释
stg_sjtysj_cbwrwxtzlxxxt_p_handover_trans_detail_df,create_time,missing_comment,字段无注释,missing_comments.csv,等待DBA/业务方确认后手工补注释
stg_ycsjtysj_sxhyzssj_base_ship_df,mmsi,missing_comment,字段无注释,missing_comments.csv,等待DBA/业务方确认后手工补注释
stg_ycsjtysj_sxhyzssj_base_ship_df,create_time,missing_comment,字段无注释,missing_comments.csv,等待DBA/业务方确认后手工补注释
stg_ycsjtysj_sxhyzssj_base_ship_df,update_time,missing_comment,字段无注释,missing_comments.csv,等待DBA/业务方确认后手工补注释
wh_meteorological_predict_day_records,winddirect_10m_24h,unsafe_no_evidence,C档：库内无同名字段注释可参考，无法安全推断,unsafe_unfilled_columns.csv,需业务方逐字段确认含义后手工补注释
wh_meteorological_predict_day_records,winddirect8_10m_24h,unsafe_no_evidence,C档：库内无同名字段注释可参考，无法安全推断,unsafe_unfilled_columns.csv,需业务方逐字段确认含义后手工补注释
wh_meteorological_predict_day_records,winddirect16_10m_24h,unsafe_no_evidence,C档：库内无同名字段注释可参考，无法安全推断,unsafe_unfilled_columns.csv,需业务方逐字段确认含义后手工补注释
wh_meteorological_predict_day_records,hum_2m_24h,unsafe_no_evidence,C档：库内无同名字段注释可参考，无法安全推断,unsafe_unfilled_columns.csv,需业务方逐字段确认含义后手工补注释
wh_meteorological_predict_day_records,hum_2m_24h_min,unsafe_no_evidence,C档：库内无同名字段注释可参考，无法安全推断,unsafe_unfilled_columns.csv,需业务方逐字段确认含义后手工补注释
wh_meteorological_predict_day_records,hum_2m_24h_max,unsafe_no_evidence,C档：库内无同名字段注释可参考，无法安全推断,unsafe_unfilled_columns.csv,需业务方逐字段确认含义后手工补注释
wh_meteorological_predict_day_records,stapress_24h,unsafe_no_evidence,C档：库内无同名字段注释可参考，无法安全推断,unsafe_unfilled_columns.csv,需业务方逐字段确认含义后手工补注释
wh_meteorological_predict_day_records,pressure_24h,unsafe_no_evidence,C档：库内无同名字段注释可参考，无法安全推断,unsafe_unfilled_columns.csv,需业务方逐字段确认含义后手工补注释
wh_meteorological_predict_day_records,p850inver_24h,unsafe_no_evidence,C档：库内无同名字段注释可参考，无法安全推断,unsafe_unfilled_columns.csv,需业务方逐字段确认含义后手工补注释
wh_meteorological_predict_day_records,p925inver_24h,unsafe_no_evidence,C档：库内无同名字段注释可参考，无法安全推断,unsafe_unfilled_columns.csv,需业务方逐字段确认含义后手工补注释
wh_meteorological_predict_day_records,swdown_24h,unsafe_no_evidence,C档：库内无同名字段注释可参考，无法安全推断,unsafe_unfilled_columns.csv,需业务方逐字段确认含义后手工补注释
wh_meteorological_predict_day_records,glw_24h,unsafe_no_evidence,C档：库内无同名字段注释可参考，无法安全推断,unsafe_unfilled_columns.csv,需业务方逐字段确认含义后手工补注释
wh_meteorological_predict_day_records,height_24h,unsafe_no_evidence,C档：库内无同名字段注释可参考，无法安全推断,unsafe_unfilled_columns.csv,需业务方逐字段确认含义后手工补注释
wh_meteorological_predict_day_records,rain_24h_total,unsafe_no_evidence,C档：库内无同名字段注释可参考，无法安全推断,unsafe_unfilled_columns.csv,需业务方逐字段确认含义后手工补注释
wh_meteorological_predict_day_records,dewpoint_24h,unsafe_no_evidence,C档：库内无同名字段注释可参考，无法安全推断,unsafe_unfilled_columns.csv,需业务方逐字段确认含义后手工补注释
wh_meteorological_predict_day_records,lowcloud_24h,unsafe_no_evidence,C档：库内无同名字段注释可参考，无法安全推断,unsafe_unfilled_columns.csv,需业务方逐字段确认含义后手工补注释
wh_meteorological_predict_day_records,midcloud_24h,unsafe_no_evidence,C档：库内无同名字段注释可参考，无法安全推断,unsafe_unfilled_columns.csv,需业务方逐字段确认含义后手工补注释
wh_meteorological_predict_day_records,highcloud_24h,unsafe_no_evidence,C档：库内无同名字段注释可参考，无法安全推断,unsafe_unfilled_columns.csv,需业务方逐字段确认含义后手工补注释
wh_meteorological_predict_day_records,totalcloud_24h,unsafe_no_evidence,C档：库内无同名字段注释可参考，无法安全推断,unsafe_unfilled_columns.csv,需业务方逐字段确认含义后手工补注释
wh_meteorological_predict_day_records,tem_2m_24h,unsafe_no_evidence,C档：库内无同名字段注释可参考，无法安全推断,unsafe_unfilled_columns.csv,需业务方逐字段确认含义后手工补注释
wh_meteorological_predict_day_records,tem_2m_24h_min,unsafe_no_evidence,C档：库内无同名字段注释可参考，无法安全推断,unsafe_unfilled_columns.csv,需业务方逐字段确认含义后手工补注释
wh_meteorological_predict_day_records,tem_2m_24h_max,unsafe_no_evidence,C档：库内无同名字段注释可参考，无法安全推断,unsafe_unfilled_columns.csv,需业务方逐字段确认含义后手工补注释
wh_meteorological_predict_day_records,visib_24h,unsafe_no_evidence,C档：库内无同名字段注释可参考，无法安全推断,unsafe_unfilled_columns.csv,需业务方逐字段确认含义后手工补注释
wh_meteorological_predict_day_records,pbl_24h,unsafe_no_evidence,C档：库内无同名字段注释可参考，无法安全推断,unsafe_unfilled_columns.csv,需业务方逐字段确认含义后手工补注释
wh_meteorological_predict_day_records,pbl_24h_min,unsafe_no_evidence,C档：库内无同名字段注释可参考，无法安全推断,unsafe_unfilled_columns.csv,需业务方逐字段确认含义后手工补注释
wh_meteorological_predict_day_records,pbl_24h_max,unsafe_no_evidence,C档：库内无同名字段注释可参考，无法安全推断,unsafe_unfilled_columns.csv,需业务方逐字段确认含义后手工补注释
wh_meteorological_predict_day_records,windspeed_10m_24h,unsafe_no_evidence,C档：库内无同名字段注释可参考，无法安全推断,unsafe_unfilled_columns.csv,需业务方逐字段确认含义后手工补注释
wh_meteorological_predict_day_records,windspeed_10m_24h_min,unsafe_no_evidence,C档：库内无同名字段注释可参考，无法安全推断,unsafe_unfilled_columns.csv,需业务方逐字段确认含义后手工补注释
wh_meteorological_predict_day_records,windspeed_10m_24h_max,unsafe_no_evidence,C档：库内无同名字段注释可参考，无法安全推断,unsafe_unfilled_columns.csv,需业务方逐字段确认含义后手工补注释
wh_meteorological_predict_day_records,predictiontime,unsafe_no_evidence,C档：库内无同名字段注释可参考，无法安全推断,unsafe_unfilled_columns.csv,需业务方逐字段确认含义后手工补注释
wh_meteorological_predict_day_records,predictioninterval,unsafe_no_evidence,C档：库内无同名字段注释可参考，无法安全推断,unsafe_unfilled_columns.csv,需业务方逐字段确认含义后手工补注释
wh_meteorological_predict_day_records,datadate,unsafe_no_evidence,C档：库内无同名字段注释可参考，无法安全推断,unsafe_unfilled_columns.csv,需业务方逐字段确认含义后手工补注释
wh_meteorological_predict_hour_records,winddirect_10m_1h,unsafe_no_evidence,C档：库内无同名字段注释可参考，无法安全推断,unsafe_unfilled_columns.csv,需业务方逐字段确认含义后手工补注释
wh_meteorological_predict_hour_records,winddirect8_10m_1h,unsafe_no_evidence,C档：库内无同名字段注释可参考，无法安全推断,unsafe_unfilled_columns.csv,需业务方逐字段确认含义后手工补注释
wh_meteorological_predict_hour_records,winddirect16_10m_1h,unsafe_no_evidence,C档：库内无同名字段注释可参考，无法安全推断,unsafe_unfilled_columns.csv,需业务方逐字段确认含义后手工补注释
wh_meteorological_predict_hour_records,windspeed_10m_1h,unsafe_no_evidence,C档：库内无同名字段注释可参考，无法安全推断,unsafe_unfilled_columns.csv,需业务方逐字段确认含义后手工补注释
wh_meteorological_predict_hour_records,tem_2m_1h,unsafe_no_evidence,C档：库内无同名字段注释可参考，无法安全推断,unsafe_unfilled_columns.csv,需业务方逐字段确认含义后手工补注释
wh_meteorological_predict_hour_records,hum_2m_1h,unsafe_no_evidence,C档：库内无同名字段注释可参考，无法安全推断,unsafe_unfilled_columns.csv,需业务方逐字段确认含义后手工补注释
wh_meteorological_predict_hour_records,dewpoint_1h,unsafe_no_evidence,C档：库内无同名字段注释可参考，无法安全推断,unsafe_unfilled_columns.csv,需业务方逐字段确认含义后手工补注释
wh_meteorological_predict_hour_records,dtem_2m_1h,unsafe_no_evidence,C档：库内无同名字段注释可参考，无法安全推断,unsafe_unfilled_columns.csv,需业务方逐字段确认含义后手工补注释
wh_meteorological_predict_hour_records,dtem_2m_3h,unsafe_no_evidence,C档：库内无同名字段注释可参考，无法安全推断,unsafe_unfilled_columns.csv,需业务方逐字段确认含义后手工补注释
wh_meteorological_predict_hour_records,dtem_2m_6h,unsafe_no_evidence,C档：库内无同名字段注释可参考，无法安全推断,unsafe_unfilled_columns.csv,需业务方逐字段确认含义后手工补注释
wh_meteorological_predict_hour_records,dtem_2m_12h,unsafe_no_evidence,C档：库内无同名字段注释可参考，无法安全推断,unsafe_unfilled_columns.csv,需业务方逐字段确认含义后手工补注释
wh_meteorological_predict_hour_records,dtem_2m_24h,unsafe_no_evidence,C档：库内无同名字段注释可参考，无法安全推断,unsafe_unfilled_columns.csv,需业务方逐字段确认含义后手工补注释
wh_meteorological_predict_hour_records,rain_1h,unsafe_no_evidence,C档：库内无同名字段注释可参考，无法安全推断,unsafe_unfilled_columns.csv,需业务方逐字段确认含义后手工补注释
wh_meteorological_predict_hour_records,rain_3h,unsafe_no_evidence,C档：库内无同名字段注释可参考，无法安全推断,unsafe_unfilled_columns.csv,需业务方逐字段确认含义后手工补注释
wh_meteorological_predict_hour_records,rain_6h,unsafe_no_evidence,C档：库内无同名字段注释可参考，无法安全推断,unsafe_unfilled_columns.csv,需业务方逐字段确认含义后手工补注释
wh_meteorological_predict_hour_records,rain_12h,unsafe_no_evidence,C档：库内无同名字段注释可参考，无法安全推断,unsafe_unfilled_columns.csv,需业务方逐字段确认含义后手工补注释
wh_meteorological_predict_hour_records,rain_24h,unsafe_no_evidence,C档：库内无同名字段注释可参考，无法安全推断,unsafe_unfilled_columns.csv,需业务方逐字段确认含义后手工补注释
wh_meteorological_predict_hour_records,lowcloud_1h,unsafe_no_evidence,C档：库内无同名字段注释可参考，无法安全推断,unsafe_unfilled_columns.csv,需业务方逐字段确认含义后手工补注释
wh_meteorological_predict_hour_records,midcloud_1h,unsafe_no_evidence,C档：库内无同名字段注释可参考，无法安全推断,unsafe_unfilled_columns.csv,需业务方逐字段确认含义后手工补注释
wh_meteorological_predict_hour_records,highcloud_1h,unsafe_no_evidence,C档：库内无同名字段注释可参考，无法安全推断,unsafe_unfilled_columns.csv,需业务方逐字段确认含义后手工补注释
wh_meteorological_predict_hour_records,totalcloud_1h,unsafe_no_evidence,C档：库内无同名字段注释可参考，无法安全推断,unsafe_unfilled_columns.csv,需业务方逐字段确认含义后手工补注释
wh_meteorological_predict_hour_records,pbl_1h,unsafe_no_evidence,C档：库内无同名字段注释可参考，无法安全推断,unsafe_unfilled_columns.csv,需业务方逐字段确认含义后手工补注释
wh_meteorological_predict_hour_records,height_1h,unsafe_no_evidence,C档：库内无同名字段注释可参考，无法安全推断,unsafe_unfilled_columns.csv,需业务方逐字段确认含义后手工补注释
wh_meteorological_predict_hour_records,pressure_1h,unsafe_no_evidence,C档：库内无同名字段注释可参考，无法安全推断,unsafe_unfilled_columns.csv,需业务方逐字段确认含义后手工补注释
wh_meteorological_predict_hour_records,stapress_1h,unsafe_no_evidence,C档：库内无同名字段注释可参考，无法安全推断,unsafe_unfilled_columns.csv,需业务方逐字段确认含义后手工补注释
wh_meteorological_predict_hour_records,glw_1h,unsafe_no_evidence,C档：库内无同名字段注释可参考，无法安全推断,unsafe_unfilled_columns.csv,需业务方逐字段确认含义后手工补注释
wh_meteorological_predict_hour_records,swdown_1h,unsafe_no_evidence,C档：库内无同名字段注释可参考，无法安全推断,unsafe_unfilled_columns.csv,需业务方逐字段确认含义后手工补注释
wh_meteorological_predict_hour_records,p850inver_1h,unsafe_no_evidence,C档：库内无同名字段注释可参考，无法安全推断,unsafe_unfilled_columns.csv,需业务方逐字段确认含义后手工补注释
wh_meteorological_predict_hour_records,p925inver_1h,unsafe_no_evidence,C档：库内无同名字段注释可参考，无法安全推断,unsafe_unfilled_columns.csv,需业务方逐字段确认含义后手工补注释
wh_meteorological_predict_hour_records,visib_1h,unsafe_no_evidence,C档：库内无同名字段注释可参考，无法安全推断,unsafe_unfilled_columns.csv,需业务方逐字段确认含义后手工补注释
wh_meteorological_predict_hour_records,predictiontime,unsafe_no_evidence,C档：库内无同名字段注释可参考，无法安全推断,unsafe_unfilled_columns.csv,需业务方逐字段确认含义后手工补注释
wh_meteorological_predict_hour_records,predictioninterval,unsafe_no_evidence,C档：库内无同名字段注释可参考，无法安全推断,unsafe_unfilled_columns.csv,需业务方逐字段确认含义后手工补注释
wh_meteorological_predict_hour_records,datadate,unsafe_no_evidence,C档：库内无同名字段注释可参考，无法安全推断,unsafe_unfilled_columns.csv,需业务方逐字段确认含义后手工补注释
wm_camera_platform,id,missing_comment,字段无注释,missing_comments.csv,等待DBA/业务方确认后手工补注释
wm_hydrological_info,region_code,missing_comment,字段无注释,missing_comments.csv,等待DBA/业务方确认后手工补注释
wm_hydrological_info,geom,missing_comment,字段无注释,missing_comments.csv,等待DBA/业务方确认后手工补注释
wm_hydrological_info,last_maintenance_time,unsafe_no_evidence,C档：库内无同名字段注释可参考，无法安全推断,unsafe_unfilled_columns.csv,需业务方逐字段确认含义后手工补注释
wm_image_info,id,missing_comment,字段无注释,missing_comments.csv,等待DBA/业务方确认后手工补注释
wm_meteorological_info,region_code,missing_comment,字段无注释,missing_comments.csv,等待DBA/业务方确认后手工补注释
wm_meteorological_info,geom,missing_comment,字段无注释,missing_comments.csv,等待DBA/业务方确认后手工补注释
wm_meteorological_info,last_maintenance_time,unsafe_no_evidence,C档：库内无同名字段注释可参考，无法安全推断,unsafe_unfilled_columns.csv,需业务方逐字段确认含义后手工补注释
wm_raster_info,id,missing_comment,字段无注释,missing_comments.csv,等待DBA/业务方确认后手工补注释
wm_raster_inversion,id,missing_comment,字段无注释,missing_comments.csv,等待DBA/业务方确认后手工补注释
wm_raster_inversion_config,id,missing_comment,字段无注释,missing_comments.csv,等待DBA/业务方确认后手工补注释
wm_raster_inversion_config,type_code,rejected_candidate,类型不匹配(bigint vs varchar证据)；业务域不相关；证据注释含文本示例值无法存入bigint,comment_fill_candidates.csv,该字段需DBA确认实际含义后手工补注释
wm_raster_inversion_config,name,missing_comment,字段无注释,missing_comments.csv,等待DBA/业务方确认后手工补注释
wm_raster_inversion_config,boundaries_json,unsafe_no_evidence,C档：库内无同名字段注释可参考，无法安全推断,unsafe_unfilled_columns.csv,需业务方逐字段确认含义后手工补注释
wm_raster_inversion_config,labels_json,unsafe_no_evidence,C档：库内无同名字段注释可参考，无法安全推断,unsafe_unfilled_columns.csv,需业务方逐字段确认含义后手工补注释
wm_raster_inversion_config,colors_json,unsafe_no_evidence,C档：库内无同名字段注释可参考，无法安全推断,unsafe_unfilled_columns.csv,需业务方逐字段确认含义后手工补注释
wm_raster_inversion_config,create_time,missing_comment,字段无注释,missing_comments.csv,等待DBA/业务方确认后手工补注释
wm_raster_inversion_config,update_time,missing_comment,字段无注释,missing_comments.csv,等待DBA/业务方确认后手工补注释
wm_raster_inversion_config,del_flag,missing_comment,字段无注释,missing_comments.csv,等待DBA/业务方确认后手工补注释
wm_station_info,region_code,missing_comment,字段无注释,missing_comments.csv,等待DBA/业务方确认后手工补注释
wm_station_info,geom,missing_comment,字段无注释,missing_comments.csv,等待DBA/业务方确认后手工补注释
wm_station_info,last_maintenance_time,unsafe_no_evidence,C档：库内无同名字段注释可参考，无法安全推断,unsafe_unfilled_columns.csv,需业务方逐字段确认含义后手工补注释
wm_station_info_v2,create_by,missing_comment,字段无注释,missing_comments.csv,等待DBA/业务方确认后手工补注释
wm_station_info_v2,create_time,missing_comment,字段无注释,missing_comments.csv,等待DBA/业务方确认后手工补注释
wm_station_info_v2,update_by,missing_comment,字段无注释,missing_comments.csv,等待DBA/业务方确认后手工补注释
wm_station_info_v2,update_time,missing_comment,字段无注释,missing_comments.csv,等待DBA/业务方确认后手工补注释
wm_uav_info,id,missing_comment,字段无注释,missing_comments.csv,等待DBA/业务方确认后手工补注释
wm_water_intake,id,missing_comment,字段无注释,missing_comments.csv,等待DBA/业务方确认后手工补注释
wm_water_intake,geom,missing_comment,字段无注释,missing_comments.csv,等待DBA/业务方确认后手工补注释
wm_water_source,id,missing_comment,字段无注释,missing_comments.csv,等待DBA/业务方确认后手工补注释
wm_water_source,geom,missing_comment,字段无注释,missing_comments.csv,等待DBA/业务方确认后手工补注释
wm_water_source_bak0421,id,missing_comment,字段无注释,missing_comments.csv,等待DBA/业务方确认后手工补注释
wm_water_source_intake_v2,id,missing_comment,字段无注释,missing_comments.csv,等待DBA/业务方确认后手工补注释
wm_water_source_intake_v2,create_by,missing_comment,字段无注释,missing_comments.csv,等待DBA/业务方确认后手工补注释
wm_water_source_intake_v2,create_time,missing_comment,字段无注释,missing_comments.csv,等待DBA/业务方确认后手工补注释
wm_water_source_intake_v2,update_by,missing_comment,字段无注释,missing_comments.csv,等待DBA/业务方确认后手工补注释
wm_water_source_intake_v2,update_time,missing_comment,字段无注释,missing_comments.csv,等待DBA/业务方确认后手工补注释
wm_water_source_intake_v2,del_flag,missing_comment,字段无注释,missing_comments.csv,等待DBA/业务方确认后手工补注释
wm_water_source_zone_v2,id,missing_comment,字段无注释,missing_comments.csv,等待DBA/业务方确认后手工补注释
wm_water_source_zone_v2,create_by,missing_comment,字段无注释,missing_comments.csv,等待DBA/业务方确认后手工补注释
wm_water_source_zone_v2,create_time,missing_comment,字段无注释,missing_comments.csv,等待DBA/业务方确认后手工补注释
wm_water_source_zone_v2,update_by,missing_comment,字段无注释,missing_comments.csv,等待DBA/业务方确认后手工补注释
wm_water_source_zone_v2,update_time,missing_comment,字段无注释,missing_comments.csv,等待DBA/业务方确认后手工补注释
wm_water_source_zone_v2,del_flag,missing_comment,字段无注释,missing_comments.csv,等待DBA/业务方确认后手工补注释
wm_water_source_zone_v2,geom,missing_comment,字段无注释,missing_comments.csv,等待DBA/业务方确认后手工补注释
wm_waterbody_info,water_body_code,unsafe_no_evidence,C档：库内无同名字段注释可参考，无法安全推断,unsafe_unfilled_columns.csv,需业务方逐字段确认含义后手工补注释
wm_waterbody_info,water_body_function,unsafe_no_evidence,C档：库内无同名字段注释可参考，无法安全推断,unsafe_unfilled_columns.csv,需业务方逐字段确认含义后手工补注释
wm_waterbody_info,basin,missing_comment,字段无注释,missing_comments.csv,等待DBA/业务方确认后手工补注释
wm_waterbody_info,country,unsafe_no_evidence,C档：库内无同名字段注释可参考，无法安全推断,unsafe_unfilled_columns.csv,需业务方逐字段确认含义后手工补注释
wm_waterbody_info,start_village,unsafe_no_evidence,C档：库内无同名字段注释可参考，无法安全推断,unsafe_unfilled_columns.csv,需业务方逐字段确认含义后手工补注释
wm_waterbody_info,end_village,unsafe_no_evidence,C档：库内无同名字段注释可参考，无法安全推断,unsafe_unfilled_columns.csv,需业务方逐字段确认含义后手工补注释
wm_waterbody_info,up_stream,unsafe_no_evidence,C档：库内无同名字段注释可参考，无法安全推断,unsafe_unfilled_columns.csv,需业务方逐字段确认含义后手工补注释
wm_waterbody_info,down_stream,unsafe_no_evidence,C档：库内无同名字段注释可参考，无法安全推断,unsafe_unfilled_columns.csv,需业务方逐字段确认含义后手工补注释
wm_waterbody_info,remark,missing_comment,字段无注释,missing_comments.csv,等待DBA/业务方确认后手工补注释
wm_waterquality_day_records,status,missing_comment,字段无注释,missing_comments.csv,等待DBA/业务方确认后手工补注释
wm_waterquality_day_records,record_type,missing_comment,字段无注释,missing_comments.csv,等待DBA/业务方确认后手工补注释
wst_asset_trace_snap,snap_node_id,unsafe_no_evidence,C档：库内无同名字段注释可参考，无法安全推断,unsafe_unfilled_columns.csv,需业务方逐字段确认含义后手工补注释
wst_asset_trace_snap,snap_edge_id,unsafe_no_evidence,C档：库内无同名字段注释可参考，无法安全推断,unsafe_unfilled_columns.csv,需业务方逐字段确认含义后手工补注释
wst_asset_trace_snap,snap_distance_m,unsafe_no_evidence,C档：库内无同名字段注释可参考，无法安全推断,unsafe_unfilled_columns.csv,需业务方逐字段确认含义后手工补注释
wst_asset_trace_snap,status,missing_comment,字段无注释,missing_comments.csv,等待DBA/业务方确认后手工补注释
wst_asset_type_dict,asset_group,unsafe_no_evidence,C档：库内无同名字段注释可参考，无法安全推断,unsafe_unfilled_columns.csv,需业务方逐字段确认含义后手工补注释
wst_asset_type_dict,asset_group_name,unsafe_no_evidence,C档：库内无同名字段注释可参考，无法安全推断,unsafe_unfilled_columns.csv,需业务方逐字段确认含义后手工补注释
wst_asset_type_dict,group_sort,unsafe_no_evidence,C档：库内无同名字段注释可参考，无法安全推断,unsafe_unfilled_columns.csv,需业务方逐字段确认含义后手工补注释
wst_asset_type_dict,group_description,unsafe_no_evidence,C档：库内无同名字段注释可参考，无法安全推断,unsafe_unfilled_columns.csv,需业务方逐字段确认含义后手工补注释
wst_layer_river,id,missing_comment,字段无注释,missing_comments.csv,等待DBA/业务方确认后手工补注释
wst_layer_river,river_code,missing_comment,字段无注释,missing_comments.csv,等待DBA/业务方确认后手工补注释
wst_layer_river,river_name,missing_comment,字段无注释,missing_comments.csv,等待DBA/业务方确认后手工补注释
wst_layer_river,next_down,unsafe_no_evidence,C档：库内无同名字段注释可参考，无法安全推断,unsafe_unfilled_columns.csv,需业务方逐字段确认含义后手工补注释
wst_layer_river,river_class,unsafe_no_evidence,C档：库内无同名字段注释可参考，无法安全推断,unsafe_unfilled_columns.csv,需业务方逐字段确认含义后手工补注释
wst_layer_river,length_km,unsafe_no_evidence,C档：库内无同名字段注释可参考，无法安全推断,unsafe_unfilled_columns.csv,需业务方逐字段确认含义后手工补注释
wst_layer_river,from_z,unsafe_no_evidence,C档：库内无同名字段注释可参考，无法安全推断,unsafe_unfilled_columns.csv,需业务方逐字段确认含义后手工补注释
wst_layer_river,to_z,unsafe_no_evidence,C档：库内无同名字段注释可参考，无法安全推断,unsafe_unfilled_columns.csv,需业务方逐字段确认含义后手工补注释
wst_layer_river,geom,missing_comment,字段无注释,missing_comments.csv,等待DBA/业务方确认后手工补注释
wst_layer_river,metadata_json,missing_comment,字段无注释,missing_comments.csv,等待DBA/业务方确认后手工补注释
wst_trace_edge,source_asset_id,missing_comment,字段无注释,missing_comments.csv,等待DBA/业务方确认后手工补注释
wst_trace_edge,from_node_id,unsafe_no_evidence,C档：库内无同名字段注释可参考，无法安全推断,unsafe_unfilled_columns.csv,需业务方逐字段确认含义后手工补注释
wst_trace_edge,to_node_id,unsafe_no_evidence,C档：库内无同名字段注释可参考，无法安全推断,unsafe_unfilled_columns.csv,需业务方逐字段确认含义后手工补注释
wst_trace_edge,direction_status,unsafe_no_evidence,C档：库内无同名字段注释可参考，无法安全推断,unsafe_unfilled_columns.csv,需业务方逐字段确认含义后手工补注释
wst_trace_node,asset_id,keep_manual,表为空(sample=none)；无显式外键；仅基于同名字段推断，不满足自动补注释条件,comment_fill_candidates.csv,人工确认字段含义后手工补注释
wst_trace_topology_issue,id,missing_comment,字段无注释,missing_comments.csv,等待DBA/业务方确认后手工补注释
wst_trace_topology_issue,issue_type,unsafe_no_evidence,C档：库内无同名字段注释可参考，无法安全推断,unsafe_unfilled_columns.csv,需业务方逐字段确认含义后手工补注释
wst_trace_topology_issue,issue_name,unsafe_no_evidence,C档：库内无同名字段注释可参考，无法安全推断,unsafe_unfilled_columns.csv,需业务方逐字段确认含义后手工补注释
wst_trace_topology_issue,issue_level,unsafe_no_evidence,C档：库内无同名字段注释可参考，无法安全推断,unsafe_unfilled_columns.csv,需业务方逐字段确认含义后手工补注释
wst_trace_topology_issue,object_type,unsafe_no_evidence,C档：库内无同名字段注释可参考，无法安全推断,unsafe_unfilled_columns.csv,需业务方逐字段确认含义后手工补注释
wst_trace_topology_issue,object_id,unsafe_no_evidence,C档：库内无同名字段注释可参考，无法安全推断,unsafe_unfilled_columns.csv,需业务方逐字段确认含义后手工补注释
wst_trace_topology_issue,object_name,unsafe_no_evidence,C档：库内无同名字段注释可参考，无法安全推断,unsafe_unfilled_columns.csv,需业务方逐字段确认含义后手工补注释
wst_trace_topology_issue,status,missing_comment,字段无注释,missing_comments.csv,等待DBA/业务方确认后手工补注释
wst_trace_topology_issue,geom,missing_comment,字段无注释,missing_comments.csv,等待DBA/业务方确认后手工补注释
wst_trace_topology_issue,issue_desc,unsafe_no_evidence,C档：库内无同名字段注释可参考，无法安全推断,unsafe_unfilled_columns.csv,需业务方逐字段确认含义后手工补注释
wst_trace_topology_issue,metadata_json,missing_comment,字段无注释,missing_comments.csv,等待DBA/业务方确认后手工补注释
wst_trace_topology_issue,remark,missing_comment,字段无注释,missing_comments.csv,等待DBA/业务方确认后手工补注释
wst_trace_topology_issue,del_flag,missing_comment,字段无注释,missing_comments.csv,等待DBA/业务方确认后手工补注释
*,adcd,conflict_same_name_different_meaning,同名字段 adcd 在库内不同表中存在 2 种不同原始注释，不能作为无上下文通用训练样本,comment_conflicts.csv,exclude_from_generic_training; review_with_table_context — 训练时必须带 table_name/table_comment/schema context
*,address,conflict_same_name_different_meaning,同名字段 address 在库内不同表中存在 5 种不同原始注释，不能作为无上下文通用训练样本,comment_conflicts.csv,exclude_from_generic_training; review_with_table_context — 训练时必须带 table_name/table_comment/schema context
*,anchorage_id,conflict_same_name_different_meaning,同名字段 anchorage_id 在库内不同表中存在 2 种不同原始注释，不能作为无上下文通用训练样本,comment_conflicts.csv,exclude_from_generic_training; review_with_table_context — 训练时必须带 table_name/table_comment/schema context
*,anchorage_name,conflict_same_name_different_meaning,同名字段 anchorage_name 在库内不同表中存在 2 种不同原始注释，不能作为无上下文通用训练样本,comment_conflicts.csv,exclude_from_generic_training; review_with_table_context — 训练时必须带 table_name/table_comment/schema context
*,apply_no,conflict_same_name_different_meaning,同名字段 apply_no 在库内不同表中存在 3 种不同原始注释，不能作为无上下文通用训练样本,comment_conflicts.csv,exclude_from_generic_training; review_with_table_context — 训练时必须带 table_name/table_comment/schema context
*,apply_szy_status,conflict_same_name_different_meaning,同名字段 apply_szy_status 在库内不同表中存在 2 种不同原始注释，不能作为无上下文通用训练样本,comment_conflicts.csv,exclude_from_generic_training; review_with_table_context — 训练时必须带 table_name/table_comment/schema context
*,area,conflict_same_name_different_meaning,同名字段 area 在库内不同表中存在 9 种不同原始注释，不能作为无上下文通用训练样本,comment_conflicts.csv,exclude_from_generic_training; review_with_table_context — 训练时必须带 table_name/table_comment/schema context
*,asset_type,conflict_same_name_different_meaning,同名字段 asset_type 在库内不同表中存在 2 种不同原始注释，不能作为无上下文通用训练样本,comment_conflicts.csv,exclude_from_generic_training; review_with_table_context — 训练时必须带 table_name/table_comment/schema context
*,basin,conflict_same_name_different_meaning,同名字段 basin 在库内不同表中存在 2 种不同原始注释，不能作为无上下文通用训练样本,comment_conflicts.csv,exclude_from_generic_training; review_with_table_context — 训练时必须带 table_name/table_comment/schema context
*,basin_code,conflict_same_name_different_meaning,同名字段 basin_code 在库内不同表中存在 2 种不同原始注释，不能作为无上下文通用训练样本,comment_conflicts.csv,exclude_from_generic_training; review_with_table_context — 训练时必须带 table_name/table_comment/schema context
*,build_state,conflict_same_name_different_meaning,同名字段 build_state 在库内不同表中存在 2 种不同原始注释，不能作为无上下文通用训练样本,comment_conflicts.csv,exclude_from_generic_training; review_with_table_context — 训练时必须带 table_name/table_comment/schema context
*,business_scope,conflict_same_name_different_meaning,同名字段 business_scope 在库内不同表中存在 2 种不同原始注释，不能作为无上下文通用训练样本,comment_conflicts.csv,exclude_from_generic_training; review_with_table_context — 训练时必须带 table_name/table_comment/schema context
*,cache_id,conflict_same_name_different_meaning,同名字段 cache_id 在库内不同表中存在 3 种不同原始注释，不能作为无上下文通用训练样本,comment_conflicts.csv,exclude_from_generic_training; review_with_table_context — 训练时必须带 table_name/table_comment/schema context
*,captain_phone,conflict_same_name_different_meaning,同名字段 captain_phone 在库内不同表中存在 2 种不同原始注释，不能作为无上下文通用训练样本,comment_conflicts.csv,exclude_from_generic_training; review_with_table_context — 训练时必须带 table_name/table_comment/schema context
*,car_num,conflict_same_name_different_meaning,同名字段 car_num 在库内不同表中存在 2 种不同原始注释，不能作为无上下文通用训练样本,comment_conflicts.csv,exclude_from_generic_training; review_with_table_context — 训练时必须带 table_name/table_comment/schema context
*,category,conflict_same_name_different_meaning,同名字段 category 在库内不同表中存在 2 种不同原始注释，不能作为无上下文通用训练样本,comment_conflicts.csv,exclude_from_generic_training; review_with_table_context — 训练时必须带 table_name/table_comment/schema context
*,cc_store_no,conflict_same_name_different_meaning,同名字段 cc_store_no 在库内不同表中存在 2 种不同原始注释，不能作为无上下文通用训练样本,comment_conflicts.csv,exclude_from_generic_training; review_with_table_context — 训练时必须带 table_name/table_comment/schema context
*,channel_name,conflict_same_name_different_meaning,同名字段 channel_name 在库内不同表中存在 2 种不同原始注释，不能作为无上下文通用训练样本,comment_conflicts.csv,exclude_from_generic_training; review_with_table_context — 训练时必须带 table_name/table_comment/schema context
*,city,conflict_same_name_different_meaning,同名字段 city 在库内不同表中存在 4 种不同原始注释，不能作为无上下文通用训练样本,comment_conflicts.csv,exclude_from_generic_training; review_with_table_context — 训练时必须带 table_name/table_comment/schema context
*,code,conflict_same_name_different_meaning,同名字段 code 在库内不同表中存在 5 种不同原始注释，不能作为无上下文通用训练样本,comment_conflicts.csv,exclude_from_generic_training; review_with_table_context — 训练时必须带 table_name/table_comment/schema context
*,company_id,conflict_same_name_different_meaning,同名字段 company_id 在库内不同表中存在 2 种不同原始注释，不能作为无上下文通用训练样本,comment_conflicts.csv,exclude_from_generic_training; review_with_table_context — 训练时必须带 table_name/table_comment/schema context
*,company_name,conflict_same_name_different_meaning,同名字段 company_name 在库内不同表中存在 2 种不同原始注释，不能作为无上下文通用训练样本,comment_conflicts.csv,exclude_from_generic_training; review_with_table_context — 训练时必须带 table_name/table_comment/schema context
*,companyname,conflict_same_name_different_meaning,同名字段 companyname 在库内不同表中存在 2 种不同原始注释，不能作为无上下文通用训练样本,comment_conflicts.csv,exclude_from_generic_training; review_with_table_context — 训练时必须带 table_name/table_comment/schema context
*,confidence,conflict_same_name_different_meaning,同名字段 confidence 在库内不同表中存在 2 种不同原始注释，不能作为无上下文通用训练样本,comment_conflicts.csv,exclude_from_generic_training; review_with_table_context — 训练时必须带 table_name/table_comment/schema context
*,confirm_by,conflict_same_name_different_meaning,同名字段 confirm_by 在库内不同表中存在 2 种不同原始注释，不能作为无上下文通用训练样本,comment_conflicts.csv,exclude_from_generic_training; review_with_table_context — 训练时必须带 table_name/table_comment/schema context
*,control_unit_id,conflict_same_name_different_meaning,同名字段 control_unit_id 在库内不同表中存在 2 种不同原始注释，不能作为无上下文通用训练样本,comment_conflicts.csv,exclude_from_generic_training; review_with_table_context — 训练时必须带 table_name/table_comment/schema context
*,county,conflict_same_name_different_meaning,同名字段 county 在库内不同表中存在 3 种不同原始注释，不能作为无上下文通用训练样本,comment_conflicts.csv,exclude_from_generic_training; review_with_table_context — 训练时必须带 table_name/table_comment/schema context
*,create_by,conflict_same_name_different_meaning,同名字段 create_by 在库内不同表中存在 4 种不同原始注释，不能作为无上下文通用训练样本,comment_conflicts.csv,exclude_from_generic_training; review_with_table_context — 训练时必须带 table_name/table_comment/schema context
*,create_date,conflict_same_name_different_meaning,同名字段 create_date 在库内不同表中存在 2 种不同原始注释，不能作为无上下文通用训练样本,comment_conflicts.csv,exclude_from_generic_training; review_with_table_context — 训练时必须带 table_name/table_comment/schema context
*,create_time,conflict_same_name_different_meaning,同名字段 create_time 在库内不同表中存在 2 种不同原始注释，不能作为无上下文通用训练样本,comment_conflicts.csv,exclude_from_generic_training; review_with_table_context — 训练时必须带 table_name/table_comment/schema context
*,createtime,conflict_same_name_different_meaning,同名字段 createtime 在库内不同表中存在 2 种不同原始注释，不能作为无上下文通用训练样本,comment_conflicts.csv,exclude_from_generic_training; review_with_table_context — 训练时必须带 table_name/table_comment/schema context
*,credit_code,conflict_same_name_different_meaning,同名字段 credit_code 在库内不同表中存在 2 种不同原始注释，不能作为无上下文通用训练样本,comment_conflicts.csv,exclude_from_generic_training; review_with_table_context — 训练时必须带 table_name/table_comment/schema context
*,del_flag,conflict_same_name_different_meaning,同名字段 del_flag 在库内不同表中存在 12 种不同原始注释，不能作为无上下文通用训练样本,comment_conflicts.csv,exclude_from_generic_training; review_with_table_context — 训练时必须带 table_name/table_comment/schema context
*,description,conflict_same_name_different_meaning,同名字段 description 在库内不同表中存在 6 种不同原始注释，不能作为无上下文通用训练样本,comment_conflicts.csv,exclude_from_generic_training; review_with_table_context — 训练时必须带 table_name/table_comment/schema context
*,device_code,conflict_same_name_different_meaning,同名字段 device_code 在库内不同表中存在 2 种不同原始注释，不能作为无上下文通用训练样本,comment_conflicts.csv,exclude_from_generic_training; review_with_table_context — 训练时必须带 table_name/table_comment/schema context
*,device_type,conflict_same_name_different_meaning,同名字段 device_type 在库内不同表中存在 2 种不同原始注释，不能作为无上下文通用训练样本,comment_conflicts.csv,exclude_from_generic_training; review_with_table_context — 训练时必须带 table_name/table_comment/schema context
*,distance,conflict_same_name_different_meaning,同名字段 distance 在库内不同表中存在 2 种不同原始注释，不能作为无上下文通用训练样本,comment_conflicts.csv,exclude_from_generic_training; review_with_table_context — 训练时必须带 table_name/table_comment/schema context
*,duration,conflict_same_name_different_meaning,同名字段 duration 在库内不同表中存在 2 种不同原始注释，不能作为无上下文通用训练样本,comment_conflicts.csv,exclude_from_generic_training; review_with_table_context — 训练时必须带 table_name/table_comment/schema context
*,emission_standard,conflict_same_name_different_meaning,同名字段 emission_standard 在库内不同表中存在 2 种不同原始注释，不能作为无上下文通用训练样本,comment_conflicts.csv,exclude_from_generic_training; review_with_table_context — 训练时必须带 table_name/table_comment/schema context
*,evaluation,conflict_same_name_different_meaning,同名字段 evaluation 在库内不同表中存在 2 种不同原始注释，不能作为无上下文通用训练样本,comment_conflicts.csv,exclude_from_generic_training; review_with_table_context — 训练时必须带 table_name/table_comment/schema context
*,file_md5,conflict_same_name_different_meaning,同名字段 file_md5 在库内不同表中存在 2 种不同原始注释，不能作为无上下文通用训练样本,comment_conflicts.csv,exclude_from_generic_training; review_with_table_context — 训练时必须带 table_name/table_comment/schema context
*,file_path,conflict_same_name_different_meaning,同名字段 file_path 在库内不同表中存在 2 种不同原始注释，不能作为无上下文通用训练样本,comment_conflicts.csv,exclude_from_generic_training; review_with_table_context — 训练时必须带 table_name/table_comment/schema context
*,file_size,conflict_same_name_different_meaning,同名字段 file_size 在库内不同表中存在 2 种不同原始注释，不能作为无上下文通用训练样本,comment_conflicts.csv,exclude_from_generic_training; review_with_table_context — 训练时必须带 table_name/table_comment/schema context
*,frequency,conflict_same_name_different_meaning,同名字段 frequency 在库内不同表中存在 2 种不同原始注释，不能作为无上下文通用训练样本,comment_conflicts.csv,exclude_from_generic_training; review_with_table_context — 训练时必须带 table_name/table_comment/schema context
*,geom,conflict_same_name_different_meaning,同名字段 geom 在库内不同表中存在 9 种不同原始注释，不能作为无上下文通用训练样本,comment_conflicts.csv,exclude_from_generic_training; review_with_table_context — 训练时必须带 table_name/table_comment/schema context
*,geometry_type,conflict_same_name_different_meaning,同名字段 geometry_type 在库内不同表中存在 2 种不同原始注释，不能作为无上下文通用训练样本,comment_conflicts.csv,exclude_from_generic_training; review_with_table_context — 训练时必须带 table_name/table_comment/schema context
*,hydrological_indicator_codes,conflict_same_name_different_meaning,同名字段 hydrological_indicator_codes 在库内不同表中存在 2 种不同原始注释，不能作为无上下文通用训练样本,comment_conflicts.csv,exclude_from_generic_training; review_with_table_context — 训练时必须带 table_name/table_comment/schema context
*,hydrological_table_name,conflict_same_name_different_meaning,同名字段 hydrological_table_name 在库内不同表中存在 2 种不同原始注释，不能作为无上下文通用训练样本,comment_conflicts.csv,exclude_from_generic_training; review_with_table_context — 训练时必须带 table_name/table_comment/schema context
*,id,conflict_same_name_different_meaning,同名字段 id 在库内不同表中存在 10 种不同原始注释，不能作为无上下文通用训练样本,comment_conflicts.csv,exclude_from_generic_training; review_with_table_context — 训练时必须带 table_name/table_comment/schema context
*,image_path,conflict_same_name_different_meaning,同名字段 image_path 在库内不同表中存在 3 种不同原始注释，不能作为无上下文通用训练样本,comment_conflicts.csv,exclude_from_generic_training; review_with_table_context — 训练时必须带 table_name/table_comment/schema context
*,img_url,conflict_same_name_different_meaning,同名字段 img_url 在库内不同表中存在 2 种不同原始注释，不能作为无上下文通用训练样本,comment_conflicts.csv,exclude_from_generic_training; review_with_table_context — 训练时必须带 table_name/table_comment/schema context
*,indicator_code,conflict_same_name_different_meaning,同名字段 indicator_code 在库内不同表中存在 3 种不同原始注释，不能作为无上下文通用训练样本,comment_conflicts.csv,exclude_from_generic_training; review_with_table_context — 训练时必须带 table_name/table_comment/schema context
*,indicator_name,conflict_same_name_different_meaning,同名字段 indicator_name 在库内不同表中存在 2 种不同原始注释，不能作为无上下文通用训练样本,comment_conflicts.csv,exclude_from_generic_training; review_with_table_context — 训练时必须带 table_name/table_comment/schema context
*,is_deleted,conflict_same_name_different_meaning,同名字段 is_deleted 在库内不同表中存在 2 种不同原始注释，不能作为无上下文通用训练样本,comment_conflicts.csv,exclude_from_generic_training; review_with_table_context — 训练时必须带 table_name/table_comment/schema context
*,jgjb,conflict_same_name_different_meaning,同名字段 jgjb 在库内不同表中存在 2 种不同原始注释，不能作为无上下文通用训练样本,comment_conflicts.csv,exclude_from_generic_training; review_with_table_context — 训练时必须带 table_name/table_comment/schema context
*,key_river_name,conflict_same_name_different_meaning,同名字段 key_river_name 在库内不同表中存在 2 种不同原始注释，不能作为无上下文通用训练样本,comment_conflicts.csv,exclude_from_generic_training; review_with_table_context — 训练时必须带 table_name/table_comment/schema context
*,l1_value,conflict_same_name_different_meaning,同名字段 l1_value 在库内不同表中存在 2 种不同原始注释，不能作为无上下文通用训练样本,comment_conflicts.csv,exclude_from_generic_training; review_with_table_context — 训练时必须带 table_name/table_comment/schema context
*,l2_value,conflict_same_name_different_meaning,同名字段 l2_value 在库内不同表中存在 2 种不同原始注释，不能作为无上下文通用训练样本,comment_conflicts.csv,exclude_from_generic_training; review_with_table_context — 训练时必须带 table_name/table_comment/schema context
*,l3_value,conflict_same_name_different_meaning,同名字段 l3_value 在库内不同表中存在 2 种不同原始注释，不能作为无上下文通用训练样本,comment_conflicts.csv,exclude_from_generic_training; review_with_table_context — 训练时必须带 table_name/table_comment/schema context
*,latitude,conflict_same_name_different_meaning,同名字段 latitude 在库内不同表中存在 2 种不同原始注释，不能作为无上下文通用训练样本,comment_conflicts.csv,exclude_from_generic_training; review_with_table_context — 训练时必须带 table_name/table_comment/schema context
*,layer_id,conflict_same_name_different_meaning,同名字段 layer_id 在库内不同表中存在 2 种不同原始注释，不能作为无上下文通用训练样本,comment_conflicts.csv,exclude_from_generic_training; review_with_table_context — 训练时必须带 table_name/table_comment/schema context
*,legal_person,conflict_same_name_different_meaning,同名字段 legal_person 在库内不同表中存在 2 种不同原始注释，不能作为无上下文通用训练样本,comment_conflicts.csv,exclude_from_generic_training; review_with_table_context — 训练时必须带 table_name/table_comment/schema context
*,length,conflict_same_name_different_meaning,同名字段 length 在库内不同表中存在 2 种不同原始注释，不能作为无上下文通用训练样本,comment_conflicts.csv,exclude_from_generic_training; review_with_table_context — 训练时必须带 table_name/table_comment/schema context
*,level,conflict_same_name_different_meaning,同名字段 level 在库内不同表中存在 3 种不同原始注释，不能作为无上下文通用训练样本,comment_conflicts.csv,exclude_from_generic_training; review_with_table_context — 训练时必须带 table_name/table_comment/schema context
*,liaison,conflict_same_name_different_meaning,同名字段 liaison 在库内不同表中存在 2 种不同原始注释，不能作为无上下文通用训练样本,comment_conflicts.csv,exclude_from_generic_training; review_with_table_context — 训练时必须带 table_name/table_comment/schema context
*,liaison_tel,conflict_same_name_different_meaning,同名字段 liaison_tel 在库内不同表中存在 2 种不同原始注释，不能作为无上下文通用训练样本,comment_conflicts.csv,exclude_from_generic_training; review_with_table_context — 训练时必须带 table_name/table_comment/schema context
*,ll,conflict_same_name_different_meaning,同名字段 ll 在库内不同表中存在 3 种不同原始注释，不能作为无上下文通用训练样本,comment_conflicts.csv,exclude_from_generic_training; review_with_table_context — 训练时必须带 table_name/table_comment/schema context
*,ll_count,conflict_same_name_different_meaning,同名字段 ll_count 在库内不同表中存在 2 种不同原始注释，不能作为无上下文通用训练样本,comment_conflicts.csv,exclude_from_generic_training; review_with_table_context — 训练时必须带 table_name/table_comment/schema context
*,longitude,conflict_same_name_different_meaning,同名字段 longitude 在库内不同表中存在 2 种不同原始注释，不能作为无上下文通用训练样本,comment_conflicts.csv,exclude_from_generic_training; review_with_table_context — 训练时必须带 table_name/table_comment/schema context
*,m10_count,conflict_same_name_different_meaning,同名字段 m10_count 在库内不同表中存在 3 种不同原始注释，不能作为无上下文通用训练样本,comment_conflicts.csv,exclude_from_generic_training; review_with_table_context — 训练时必须带 table_name/table_comment/schema context
*,m10_status,conflict_same_name_different_meaning,同名字段 m10_status 在库内不同表中存在 2 种不同原始注释，不能作为无上下文通用训练样本,comment_conflicts.csv,exclude_from_generic_training; review_with_table_context — 训练时必须带 table_name/table_comment/schema context
*,m10_value,conflict_same_name_different_meaning,同名字段 m10_value 在库内不同表中存在 8 种不同原始注释，不能作为无上下文通用训练样本,comment_conflicts.csv,exclude_from_generic_training; review_with_table_context — 训练时必须带 table_name/table_comment/schema context
*,m11_count,conflict_same_name_different_meaning,同名字段 m11_count 在库内不同表中存在 3 种不同原始注释，不能作为无上下文通用训练样本,comment_conflicts.csv,exclude_from_generic_training; review_with_table_context — 训练时必须带 table_name/table_comment/schema context
*,m11_status,conflict_same_name_different_meaning,同名字段 m11_status 在库内不同表中存在 2 种不同原始注释，不能作为无上下文通用训练样本,comment_conflicts.csv,exclude_from_generic_training; review_with_table_context — 训练时必须带 table_name/table_comment/schema context
*,m11_value,conflict_same_name_different_meaning,同名字段 m11_value 在库内不同表中存在 7 种不同原始注释，不能作为无上下文通用训练样本,comment_conflicts.csv,exclude_from_generic_training; review_with_table_context — 训练时必须带 table_name/table_comment/schema context
*,m12_count,conflict_same_name_different_meaning,同名字段 m12_count 在库内不同表中存在 3 种不同原始注释，不能作为无上下文通用训练样本,comment_conflicts.csv,exclude_from_generic_training; review_with_table_context — 训练时必须带 table_name/table_comment/schema context
*,m12_status,conflict_same_name_different_meaning,同名字段 m12_status 在库内不同表中存在 2 种不同原始注释，不能作为无上下文通用训练样本,comment_conflicts.csv,exclude_from_generic_training; review_with_table_context — 训练时必须带 table_name/table_comment/schema context
*,m12_value,conflict_same_name_different_meaning,同名字段 m12_value 在库内不同表中存在 7 种不同原始注释，不能作为无上下文通用训练样本,comment_conflicts.csv,exclude_from_generic_training; review_with_table_context — 训练时必须带 table_name/table_comment/schema context
*,m13_count,conflict_same_name_different_meaning,同名字段 m13_count 在库内不同表中存在 3 种不同原始注释，不能作为无上下文通用训练样本,comment_conflicts.csv,exclude_from_generic_training; review_with_table_context — 训练时必须带 table_name/table_comment/schema context
*,m13_status,conflict_same_name_different_meaning,同名字段 m13_status 在库内不同表中存在 2 种不同原始注释，不能作为无上下文通用训练样本,comment_conflicts.csv,exclude_from_generic_training; review_with_table_context — 训练时必须带 table_name/table_comment/schema context
*,m13_value,conflict_same_name_different_meaning,同名字段 m13_value 在库内不同表中存在 7 种不同原始注释，不能作为无上下文通用训练样本,comment_conflicts.csv,exclude_from_generic_training; review_with_table_context — 训练时必须带 table_name/table_comment/schema context
*,m14_count,conflict_same_name_different_meaning,同名字段 m14_count 在库内不同表中存在 3 种不同原始注释，不能作为无上下文通用训练样本,comment_conflicts.csv,exclude_from_generic_training; review_with_table_context — 训练时必须带 table_name/table_comment/schema context
*,m14_status,conflict_same_name_different_meaning,同名字段 m14_status 在库内不同表中存在 2 种不同原始注释，不能作为无上下文通用训练样本,comment_conflicts.csv,exclude_from_generic_training; review_with_table_context — 训练时必须带 table_name/table_comment/schema context
*,m14_value,conflict_same_name_different_meaning,同名字段 m14_value 在库内不同表中存在 6 种不同原始注释，不能作为无上下文通用训练样本,comment_conflicts.csv,exclude_from_generic_training; review_with_table_context — 训练时必须带 table_name/table_comment/schema context
*,m15_count,conflict_same_name_different_meaning,同名字段 m15_count 在库内不同表中存在 3 种不同原始注释，不能作为无上下文通用训练样本,comment_conflicts.csv,exclude_from_generic_training; review_with_table_context — 训练时必须带 table_name/table_comment/schema context
*,m15_status,conflict_same_name_different_meaning,同名字段 m15_status 在库内不同表中存在 2 种不同原始注释，不能作为无上下文通用训练样本,comment_conflicts.csv,exclude_from_generic_training; review_with_table_context — 训练时必须带 table_name/table_comment/schema context
*,m15_value,conflict_same_name_different_meaning,同名字段 m15_value 在库内不同表中存在 6 种不同原始注释，不能作为无上下文通用训练样本,comment_conflicts.csv,exclude_from_generic_training; review_with_table_context — 训练时必须带 table_name/table_comment/schema context
*,m16_count,conflict_same_name_different_meaning,同名字段 m16_count 在库内不同表中存在 3 种不同原始注释，不能作为无上下文通用训练样本,comment_conflicts.csv,exclude_from_generic_training; review_with_table_context — 训练时必须带 table_name/table_comment/schema context
*,m16_status,conflict_same_name_different_meaning,同名字段 m16_status 在库内不同表中存在 2 种不同原始注释，不能作为无上下文通用训练样本,comment_conflicts.csv,exclude_from_generic_training; review_with_table_context — 训练时必须带 table_name/table_comment/schema context
*,m16_value,conflict_same_name_different_meaning,同名字段 m16_value 在库内不同表中存在 6 种不同原始注释，不能作为无上下文通用训练样本,comment_conflicts.csv,exclude_from_generic_training; review_with_table_context — 训练时必须带 table_name/table_comment/schema context
*,m17_count,conflict_same_name_different_meaning,同名字段 m17_count 在库内不同表中存在 3 种不同原始注释，不能作为无上下文通用训练样本,comment_conflicts.csv,exclude_from_generic_training; review_with_table_context — 训练时必须带 table_name/table_comment/schema context
*,m17_status,conflict_same_name_different_meaning,同名字段 m17_status 在库内不同表中存在 2 种不同原始注释，不能作为无上下文通用训练样本,comment_conflicts.csv,exclude_from_generic_training; review_with_table_context — 训练时必须带 table_name/table_comment/schema context
*,m17_value,conflict_same_name_different_meaning,同名字段 m17_value 在库内不同表中存在 6 种不同原始注释，不能作为无上下文通用训练样本,comment_conflicts.csv,exclude_from_generic_training; review_with_table_context — 训练时必须带 table_name/table_comment/schema context
*,m18_count,conflict_same_name_different_meaning,同名字段 m18_count 在库内不同表中存在 3 种不同原始注释，不能作为无上下文通用训练样本,comment_conflicts.csv,exclude_from_generic_training; review_with_table_context — 训练时必须带 table_name/table_comment/schema context
*,m18_status,conflict_same_name_different_meaning,同名字段 m18_status 在库内不同表中存在 2 种不同原始注释，不能作为无上下文通用训练样本,comment_conflicts.csv,exclude_from_generic_training; review_with_table_context — 训练时必须带 table_name/table_comment/schema context
*,m18_value,conflict_same_name_different_meaning,同名字段 m18_value 在库内不同表中存在 6 种不同原始注释，不能作为无上下文通用训练样本,comment_conflicts.csv,exclude_from_generic_training; review_with_table_context — 训练时必须带 table_name/table_comment/schema context
*,m19_count,conflict_same_name_different_meaning,同名字段 m19_count 在库内不同表中存在 3 种不同原始注释，不能作为无上下文通用训练样本,comment_conflicts.csv,exclude_from_generic_training; review_with_table_context — 训练时必须带 table_name/table_comment/schema context
*,m19_status,conflict_same_name_different_meaning,同名字段 m19_status 在库内不同表中存在 2 种不同原始注释，不能作为无上下文通用训练样本,comment_conflicts.csv,exclude_from_generic_training; review_with_table_context — 训练时必须带 table_name/table_comment/schema context
*,m19_value,conflict_same_name_different_meaning,同名字段 m19_value 在库内不同表中存在 6 种不同原始注释，不能作为无上下文通用训练样本,comment_conflicts.csv,exclude_from_generic_training; review_with_table_context — 训练时必须带 table_name/table_comment/schema context
*,m1_count,conflict_same_name_different_meaning,同名字段 m1_count 在库内不同表中存在 3 种不同原始注释，不能作为无上下文通用训练样本,comment_conflicts.csv,exclude_from_generic_training; review_with_table_context — 训练时必须带 table_name/table_comment/schema context
*,m1_status,conflict_same_name_different_meaning,同名字段 m1_status 在库内不同表中存在 2 种不同原始注释，不能作为无上下文通用训练样本,comment_conflicts.csv,exclude_from_generic_training; review_with_table_context — 训练时必须带 table_name/table_comment/schema context
*,m1_value,conflict_same_name_different_meaning,同名字段 m1_value 在库内不同表中存在 8 种不同原始注释，不能作为无上下文通用训练样本,comment_conflicts.csv,exclude_from_generic_training; review_with_table_context — 训练时必须带 table_name/table_comment/schema context
*,m20_count,conflict_same_name_different_meaning,同名字段 m20_count 在库内不同表中存在 3 种不同原始注释，不能作为无上下文通用训练样本,comment_conflicts.csv,exclude_from_generic_training; review_with_table_context — 训练时必须带 table_name/table_comment/schema context
*,m20_status,conflict_same_name_different_meaning,同名字段 m20_status 在库内不同表中存在 2 种不同原始注释，不能作为无上下文通用训练样本,comment_conflicts.csv,exclude_from_generic_training; review_with_table_context — 训练时必须带 table_name/table_comment/schema context
*,m20_value,conflict_same_name_different_meaning,同名字段 m20_value 在库内不同表中存在 6 种不同原始注释，不能作为无上下文通用训练样本,comment_conflicts.csv,exclude_from_generic_training; review_with_table_context — 训练时必须带 table_name/table_comment/schema context
*,m21_count,conflict_same_name_different_meaning,同名字段 m21_count 在库内不同表中存在 3 种不同原始注释，不能作为无上下文通用训练样本,comment_conflicts.csv,exclude_from_generic_training; review_with_table_context — 训练时必须带 table_name/table_comment/schema context
*,m21_status,conflict_same_name_different_meaning,同名字段 m21_status 在库内不同表中存在 2 种不同原始注释，不能作为无上下文通用训练样本,comment_conflicts.csv,exclude_from_generic_training; review_with_table_context — 训练时必须带 table_name/table_comment/schema context
*,m21_value,conflict_same_name_different_meaning,同名字段 m21_value 在库内不同表中存在 6 种不同原始注释，不能作为无上下文通用训练样本,comment_conflicts.csv,exclude_from_generic_training; review_with_table_context — 训练时必须带 table_name/table_comment/schema context
*,m22_count,conflict_same_name_different_meaning,同名字段 m22_count 在库内不同表中存在 3 种不同原始注释，不能作为无上下文通用训练样本,comment_conflicts.csv,exclude_from_generic_training; review_with_table_context — 训练时必须带 table_name/table_comment/schema context
*,m22_status,conflict_same_name_different_meaning,同名字段 m22_status 在库内不同表中存在 2 种不同原始注释，不能作为无上下文通用训练样本,comment_conflicts.csv,exclude_from_generic_training; review_with_table_context — 训练时必须带 table_name/table_comment/schema context
*,m22_value,conflict_same_name_different_meaning,同名字段 m22_value 在库内不同表中存在 6 种不同原始注释，不能作为无上下文通用训练样本,comment_conflicts.csv,exclude_from_generic_training; review_with_table_context — 训练时必须带 table_name/table_comment/schema context
*,m23_value,conflict_same_name_different_meaning,同名字段 m23_value 在库内不同表中存在 3 种不同原始注释，不能作为无上下文通用训练样本,comment_conflicts.csv,exclude_from_generic_training; review_with_table_context — 训练时必须带 table_name/table_comment/schema context
*,m24_value,conflict_same_name_different_meaning,同名字段 m24_value 在库内不同表中存在 3 种不同原始注释，不能作为无上下文通用训练样本,comment_conflicts.csv,exclude_from_generic_training; review_with_table_context — 训练时必须带 table_name/table_comment/schema context
*,m25_value,conflict_same_name_different_meaning,同名字段 m25_value 在库内不同表中存在 3 种不同原始注释，不能作为无上下文通用训练样本,comment_conflicts.csv,exclude_from_generic_training; review_with_table_context — 训练时必须带 table_name/table_comment/schema context
*,m26_value,conflict_same_name_different_meaning,同名字段 m26_value 在库内不同表中存在 3 种不同原始注释，不能作为无上下文通用训练样本,comment_conflicts.csv,exclude_from_generic_training; review_with_table_context — 训练时必须带 table_name/table_comment/schema context
*,m27_value,conflict_same_name_different_meaning,同名字段 m27_value 在库内不同表中存在 3 种不同原始注释，不能作为无上下文通用训练样本,comment_conflicts.csv,exclude_from_generic_training; review_with_table_context — 训练时必须带 table_name/table_comment/schema context
*,m28_value,conflict_same_name_different_meaning,同名字段 m28_value 在库内不同表中存在 3 种不同原始注释，不能作为无上下文通用训练样本,comment_conflicts.csv,exclude_from_generic_training; review_with_table_context — 训练时必须带 table_name/table_comment/schema context
*,m29_value,conflict_same_name_different_meaning,同名字段 m29_value 在库内不同表中存在 4 种不同原始注释，不能作为无上下文通用训练样本,comment_conflicts.csv,exclude_from_generic_training; review_with_table_context — 训练时必须带 table_name/table_comment/schema context
*,m2_count,conflict_same_name_different_meaning,同名字段 m2_count 在库内不同表中存在 3 种不同原始注释，不能作为无上下文通用训练样本,comment_conflicts.csv,exclude_from_generic_training; review_with_table_context — 训练时必须带 table_name/table_comment/schema context
*,m2_status,conflict_same_name_different_meaning,同名字段 m2_status 在库内不同表中存在 2 种不同原始注释，不能作为无上下文通用训练样本,comment_conflicts.csv,exclude_from_generic_training; review_with_table_context — 训练时必须带 table_name/table_comment/schema context
*,m2_value,conflict_same_name_different_meaning,同名字段 m2_value 在库内不同表中存在 7 种不同原始注释，不能作为无上下文通用训练样本,comment_conflicts.csv,exclude_from_generic_training; review_with_table_context — 训练时必须带 table_name/table_comment/schema context
*,m30_value,conflict_same_name_different_meaning,同名字段 m30_value 在库内不同表中存在 4 种不同原始注释，不能作为无上下文通用训练样本,comment_conflicts.csv,exclude_from_generic_training; review_with_table_context — 训练时必须带 table_name/table_comment/schema context
*,m31_value,conflict_same_name_different_meaning,同名字段 m31_value 在库内不同表中存在 4 种不同原始注释，不能作为无上下文通用训练样本,comment_conflicts.csv,exclude_from_generic_training; review_with_table_context — 训练时必须带 table_name/table_comment/schema context
*,m3_count,conflict_same_name_different_meaning,同名字段 m3_count 在库内不同表中存在 3 种不同原始注释，不能作为无上下文通用训练样本,comment_conflicts.csv,exclude_from_generic_training; review_with_table_context — 训练时必须带 table_name/table_comment/schema context
*,m3_status,conflict_same_name_different_meaning,同名字段 m3_status 在库内不同表中存在 2 种不同原始注释，不能作为无上下文通用训练样本,comment_conflicts.csv,exclude_from_generic_training; review_with_table_context — 训练时必须带 table_name/table_comment/schema context
*,m3_value,conflict_same_name_different_meaning,同名字段 m3_value 在库内不同表中存在 8 种不同原始注释，不能作为无上下文通用训练样本,comment_conflicts.csv,exclude_from_generic_training; review_with_table_context — 训练时必须带 table_name/table_comment/schema context
*,m4_count,conflict_same_name_different_meaning,同名字段 m4_count 在库内不同表中存在 3 种不同原始注释，不能作为无上下文通用训练样本,comment_conflicts.csv,exclude_from_generic_training; review_with_table_context — 训练时必须带 table_name/table_comment/schema context
*,m4_status,conflict_same_name_different_meaning,同名字段 m4_status 在库内不同表中存在 2 种不同原始注释，不能作为无上下文通用训练样本,comment_conflicts.csv,exclude_from_generic_training; review_with_table_context — 训练时必须带 table_name/table_comment/schema context
*,m4_value,conflict_same_name_different_meaning,同名字段 m4_value 在库内不同表中存在 7 种不同原始注释，不能作为无上下文通用训练样本,comment_conflicts.csv,exclude_from_generic_training; review_with_table_context — 训练时必须带 table_name/table_comment/schema context
*,m5_count,conflict_same_name_different_meaning,同名字段 m5_count 在库内不同表中存在 3 种不同原始注释，不能作为无上下文通用训练样本,comment_conflicts.csv,exclude_from_generic_training; review_with_table_context — 训练时必须带 table_name/table_comment/schema context
*,m5_status,conflict_same_name_different_meaning,同名字段 m5_status 在库内不同表中存在 2 种不同原始注释，不能作为无上下文通用训练样本,comment_conflicts.csv,exclude_from_generic_training; review_with_table_context — 训练时必须带 table_name/table_comment/schema context
*,m5_value,conflict_same_name_different_meaning,同名字段 m5_value 在库内不同表中存在 7 种不同原始注释，不能作为无上下文通用训练样本,comment_conflicts.csv,exclude_from_generic_training; review_with_table_context — 训练时必须带 table_name/table_comment/schema context
*,m6_count,conflict_same_name_different_meaning,同名字段 m6_count 在库内不同表中存在 3 种不同原始注释，不能作为无上下文通用训练样本,comment_conflicts.csv,exclude_from_generic_training; review_with_table_context — 训练时必须带 table_name/table_comment/schema context
*,m6_status,conflict_same_name_different_meaning,同名字段 m6_status 在库内不同表中存在 2 种不同原始注释，不能作为无上下文通用训练样本,comment_conflicts.csv,exclude_from_generic_training; review_with_table_context — 训练时必须带 table_name/table_comment/schema context
*,m6_value,conflict_same_name_different_meaning,同名字段 m6_value 在库内不同表中存在 7 种不同原始注释，不能作为无上下文通用训练样本,comment_conflicts.csv,exclude_from_generic_training; review_with_table_context — 训练时必须带 table_name/table_comment/schema context
*,m7_count,conflict_same_name_different_meaning,同名字段 m7_count 在库内不同表中存在 3 种不同原始注释，不能作为无上下文通用训练样本,comment_conflicts.csv,exclude_from_generic_training; review_with_table_context — 训练时必须带 table_name/table_comment/schema context
*,m7_status,conflict_same_name_different_meaning,同名字段 m7_status 在库内不同表中存在 2 种不同原始注释，不能作为无上下文通用训练样本,comment_conflicts.csv,exclude_from_generic_training; review_with_table_context — 训练时必须带 table_name/table_comment/schema context
*,m7_value,conflict_same_name_different_meaning,同名字段 m7_value 在库内不同表中存在 6 种不同原始注释，不能作为无上下文通用训练样本,comment_conflicts.csv,exclude_from_generic_training; review_with_table_context — 训练时必须带 table_name/table_comment/schema context
*,m8_count,conflict_same_name_different_meaning,同名字段 m8_count 在库内不同表中存在 3 种不同原始注释，不能作为无上下文通用训练样本,comment_conflicts.csv,exclude_from_generic_training; review_with_table_context — 训练时必须带 table_name/table_comment/schema context
*,m8_status,conflict_same_name_different_meaning,同名字段 m8_status 在库内不同表中存在 2 种不同原始注释，不能作为无上下文通用训练样本,comment_conflicts.csv,exclude_from_generic_training; review_with_table_context — 训练时必须带 table_name/table_comment/schema context
*,m8_value,conflict_same_name_different_meaning,同名字段 m8_value 在库内不同表中存在 6 种不同原始注释，不能作为无上下文通用训练样本,comment_conflicts.csv,exclude_from_generic_training; review_with_table_context — 训练时必须带 table_name/table_comment/schema context
*,m9_count,conflict_same_name_different_meaning,同名字段 m9_count 在库内不同表中存在 3 种不同原始注释，不能作为无上下文通用训练样本,comment_conflicts.csv,exclude_from_generic_training; review_with_table_context — 训练时必须带 table_name/table_comment/schema context
*,m9_status,conflict_same_name_different_meaning,同名字段 m9_status 在库内不同表中存在 2 种不同原始注释，不能作为无上下文通用训练样本,comment_conflicts.csv,exclude_from_generic_training; review_with_table_context — 训练时必须带 table_name/table_comment/schema context
*,m9_value,conflict_same_name_different_meaning,同名字段 m9_value 在库内不同表中存在 6 种不同原始注释，不能作为无上下文通用训练样本,comment_conflicts.csv,exclude_from_generic_training; review_with_table_context — 训练时必须带 table_name/table_comment/schema context
*,metadata_json,conflict_same_name_different_meaning,同名字段 metadata_json 在库内不同表中存在 6 种不同原始注释，不能作为无上下文通用训练样本,comment_conflicts.csv,exclude_from_generic_training; review_with_table_context — 训练时必须带 table_name/table_comment/schema context
*,meteorological_indicator_codes,conflict_same_name_different_meaning,同名字段 meteorological_indicator_codes 在库内不同表中存在 2 种不同原始注释，不能作为无上下文通用训练样本,comment_conflicts.csv,exclude_from_generic_training; review_with_table_context — 训练时必须带 table_name/table_comment/schema context
*,mmsi,conflict_same_name_different_meaning,同名字段 mmsi 在库内不同表中存在 2 种不同原始注释，不能作为无上下文通用训练样本,comment_conflicts.csv,exclude_from_generic_training; review_with_table_context — 训练时必须带 table_name/table_comment/schema context
*,monitor_time,conflict_same_name_different_meaning,同名字段 monitor_time 在库内不同表中存在 2 种不同原始注释，不能作为无上下文通用训练样本,comment_conflicts.csv,exclude_from_generic_training; review_with_table_context — 训练时必须带 table_name/table_comment/schema context
*,month,conflict_same_name_different_meaning,同名字段 month 在库内不同表中存在 2 种不同原始注释，不能作为无上下文通用训练样本,comment_conflicts.csv,exclude_from_generic_training; review_with_table_context — 训练时必须带 table_name/table_comment/schema context
*,name,conflict_same_name_different_meaning,同名字段 name 在库内不同表中存在 14 种不同原始注释，不能作为无上下文通用训练样本,comment_conflicts.csv,exclude_from_generic_training; review_with_table_context — 训练时必须带 table_name/table_comment/schema context
*,node_type,conflict_same_name_different_meaning,同名字段 node_type 在库内不同表中存在 2 种不同原始注释，不能作为无上下文通用训练样本,comment_conflicts.csv,exclude_from_generic_training; review_with_table_context — 训练时必须带 table_name/table_comment/schema context
*,note,conflict_same_name_different_meaning,同名字段 note 在库内不同表中存在 3 种不同原始注释，不能作为无上下文通用训练样本,comment_conflicts.csv,exclude_from_generic_training; review_with_table_context — 训练时必须带 table_name/table_comment/schema context
*,num,conflict_same_name_different_meaning,同名字段 num 在库内不同表中存在 2 种不同原始注释，不能作为无上下文通用训练样本,comment_conflicts.csv,exclude_from_generic_training; review_with_table_context — 训练时必须带 table_name/table_comment/schema context
*,optype,conflict_same_name_different_meaning,同名字段 optype 在库内不同表中存在 2 种不同原始注释，不能作为无上下文通用训练样本,comment_conflicts.csv,exclude_from_generic_training; review_with_table_context — 训练时必须带 table_name/table_comment/schema context
*,orgid,conflict_same_name_different_meaning,同名字段 orgid 在库内不同表中存在 2 种不同原始注释，不能作为无上下文通用训练样本,comment_conflicts.csv,exclude_from_generic_training; review_with_table_context — 训练时必须带 table_name/table_comment/schema context
*,outlet_id,conflict_same_name_different_meaning,同名字段 outlet_id 在库内不同表中存在 2 种不同原始注释，不能作为无上下文通用训练样本,comment_conflicts.csv,exclude_from_generic_training; review_with_table_context — 训练时必须带 table_name/table_comment/schema context
*,parent_id,conflict_same_name_different_meaning,同名字段 parent_id 在库内不同表中存在 2 种不同原始注释，不能作为无上下文通用训练样本,comment_conflicts.csv,exclude_from_generic_training; review_with_table_context — 训练时必须带 table_name/table_comment/schema context
*,pdf_img_url,conflict_same_name_different_meaning,同名字段 pdf_img_url 在库内不同表中存在 3 种不同原始注释，不能作为无上下文通用训练样本,comment_conflicts.csv,exclude_from_generic_training; review_with_table_context — 训练时必须带 table_name/table_comment/schema context
*,pfl,conflict_same_name_different_meaning,同名字段 pfl 在库内不同表中存在 3 种不同原始注释，不能作为无上下文通用训练样本,comment_conflicts.csv,exclude_from_generic_training; review_with_table_context — 训练时必须带 table_name/table_comment/schema context
*,pfl_count,conflict_same_name_different_meaning,同名字段 pfl_count 在库内不同表中存在 2 种不同原始注释，不能作为无上下文通用训练样本,comment_conflicts.csv,exclude_from_generic_training; review_with_table_context — 训练时必须带 table_name/table_comment/schema context
*,pid,conflict_same_name_different_meaning,同名字段 pid 在库内不同表中存在 2 种不同原始注释，不能作为无上下文通用训练样本,comment_conflicts.csv,exclude_from_generic_training; review_with_table_context — 训练时必须带 table_name/table_comment/schema context
*,pipe_network,conflict_same_name_different_meaning,同名字段 pipe_network 在库内不同表中存在 2 种不同原始注释，不能作为无上下文通用训练样本,comment_conflicts.csv,exclude_from_generic_training; review_with_table_context — 训练时必须带 table_name/table_comment/schema context
*,poll_num,conflict_same_name_different_meaning,同名字段 poll_num 在库内不同表中存在 2 种不同原始注释，不能作为无上下文通用训练样本,comment_conflicts.csv,exclude_from_generic_training; review_with_table_context — 训练时必须带 table_name/table_comment/schema context
*,poll_type,conflict_same_name_different_meaning,同名字段 poll_type 在库内不同表中存在 3 种不同原始注释，不能作为无上下文通用训练样本,comment_conflicts.csv,exclude_from_generic_training; review_with_table_context — 训练时必须带 table_name/table_comment/schema context
*,poll_unit,conflict_same_name_different_meaning,同名字段 poll_unit 在库内不同表中存在 2 种不同原始注释，不能作为无上下文通用训练样本,comment_conflicts.csv,exclude_from_generic_training; review_with_table_context — 训练时必须带 table_name/table_comment/schema context
*,pollutant_id,conflict_same_name_different_meaning,同名字段 pollutant_id 在库内不同表中存在 3 种不同原始注释，不能作为无上下文通用训练样本,comment_conflicts.csv,exclude_from_generic_training; review_with_table_context — 训练时必须带 table_name/table_comment/schema context
*,process_unit_id,conflict_same_name_different_meaning,同名字段 process_unit_id 在库内不同表中存在 2 种不同原始注释，不能作为无上下文通用训练样本,comment_conflicts.csv,exclude_from_generic_training; review_with_table_context — 训练时必须带 table_name/table_comment/schema context
*,protect_level,conflict_same_name_different_meaning,同名字段 protect_level 在库内不同表中存在 2 种不同原始注释，不能作为无上下文通用训练样本,comment_conflicts.csv,exclude_from_generic_training; review_with_table_context — 训练时必须带 table_name/table_comment/schema context
*,receive_num,conflict_same_name_different_meaning,同名字段 receive_num 在库内不同表中存在 3 种不同原始注释，不能作为无上下文通用训练样本,comment_conflicts.csv,exclude_from_generic_training; review_with_table_context — 训练时必须带 table_name/table_comment/schema context
*,receive_ship_name,conflict_same_name_different_meaning,同名字段 receive_ship_name 在库内不同表中存在 3 种不同原始注释，不能作为无上下文通用训练样本,comment_conflicts.csv,exclude_from_generic_training; review_with_table_context — 训练时必须带 table_name/table_comment/schema context
*,record_type,conflict_same_name_different_meaning,同名字段 record_type 在库内不同表中存在 4 种不同原始注释，不能作为无上下文通用训练样本,comment_conflicts.csv,exclude_from_generic_training; review_with_table_context — 训练时必须带 table_name/table_comment/schema context
*,region_code,conflict_same_name_different_meaning,同名字段 region_code 在库内不同表中存在 4 种不同原始注释，不能作为无上下文通用训练样本,comment_conflicts.csv,exclude_from_generic_training; review_with_table_context — 训练时必须带 table_name/table_comment/schema context
*,region_name,conflict_same_name_different_meaning,同名字段 region_name 在库内不同表中存在 2 种不同原始注释，不能作为无上下文通用训练样本,comment_conflicts.csv,exclude_from_generic_training; review_with_table_context — 训练时必须带 table_name/table_comment/schema context
*,relation_subtype,conflict_same_name_different_meaning,同名字段 relation_subtype 在库内不同表中存在 2 种不同原始注释，不能作为无上下文通用训练样本,comment_conflicts.csv,exclude_from_generic_training; review_with_table_context — 训练时必须带 table_name/table_comment/schema context
*,remark,conflict_same_name_different_meaning,同名字段 remark 在库内不同表中存在 2 种不同原始注释，不能作为无上下文通用训练样本,comment_conflicts.csv,exclude_from_generic_training; review_with_table_context — 训练时必须带 table_name/table_comment/schema context
*,river_code,conflict_same_name_different_meaning,同名字段 river_code 在库内不同表中存在 2 种不同原始注释，不能作为无上下文通用训练样本,comment_conflicts.csv,exclude_from_generic_training; review_with_table_context — 训练时必须带 table_name/table_comment/schema context
*,river_name,conflict_same_name_different_meaning,同名字段 river_name 在库内不同表中存在 3 种不同原始注释，不能作为无上下文通用训练样本,comment_conflicts.csv,exclude_from_generic_training; review_with_table_context — 训练时必须带 table_name/table_comment/schema context
*,river_system_code,conflict_same_name_different_meaning,同名字段 river_system_code 在库内不同表中存在 2 种不同原始注释，不能作为无上下文通用训练样本,comment_conflicts.csv,exclude_from_generic_training; review_with_table_context — 训练时必须带 table_name/table_comment/schema context
*,seal_img_url,conflict_same_name_different_meaning,同名字段 seal_img_url 在库内不同表中存在 2 种不同原始注释，不能作为无上下文通用训练样本,comment_conflicts.csv,exclude_from_generic_training; review_with_table_context — 训练时必须带 table_name/table_comment/schema context
*,section_name,conflict_same_name_different_meaning,同名字段 section_name 在库内不同表中存在 2 种不同原始注释，不能作为无上下文通用训练样本,comment_conflicts.csv,exclude_from_generic_training; review_with_table_context — 训练时必须带 table_name/table_comment/schema context
*,sewage_type,conflict_same_name_different_meaning,同名字段 sewage_type 在库内不同表中存在 2 种不同原始注释，不能作为无上下文通用训练样本,comment_conflicts.csv,exclude_from_generic_training; review_with_table_context — 训练时必须带 table_name/table_comment/schema context
*,short_name,conflict_same_name_different_meaning,同名字段 short_name 在库内不同表中存在 2 种不同原始注释，不能作为无上下文通用训练样本,comment_conflicts.csv,exclude_from_generic_training; review_with_table_context — 训练时必须带 table_name/table_comment/schema context
*,sjly,conflict_same_name_different_meaning,同名字段 sjly 在库内不同表中存在 2 种不同原始注释，不能作为无上下文通用训练样本,comment_conflicts.csv,exclude_from_generic_training; review_with_table_context — 训练时必须带 table_name/table_comment/schema context
*,sort,conflict_same_name_different_meaning,同名字段 sort 在库内不同表中存在 3 种不同原始注释，不能作为无上下文通用训练样本,comment_conflicts.csv,exclude_from_generic_training; review_with_table_context — 训练时必须带 table_name/table_comment/schema context
*,sort_order,conflict_same_name_different_meaning,同名字段 sort_order 在库内不同表中存在 2 种不同原始注释，不能作为无上下文通用训练样本,comment_conflicts.csv,exclude_from_generic_training; review_with_table_context — 训练时必须带 table_name/table_comment/schema context
*,source,conflict_same_name_different_meaning,同名字段 source 在库内不同表中存在 4 种不同原始注释，不能作为无上下文通用训练样本,comment_conflicts.csv,exclude_from_generic_training; review_with_table_context — 训练时必须带 table_name/table_comment/schema context
*,source_asset_id,conflict_same_name_different_meaning,同名字段 source_asset_id 在库内不同表中存在 2 种不同原始注释，不能作为无上下文通用训练样本,comment_conflicts.csv,exclude_from_generic_training; review_with_table_context — 训练时必须带 table_name/table_comment/schema context
*,source_system,conflict_same_name_different_meaning,同名字段 source_system 在库内不同表中存在 2 种不同原始注释，不能作为无上下文通用训练样本,comment_conflicts.csv,exclude_from_generic_training; review_with_table_context — 训练时必须带 table_name/table_comment/schema context
*,source_type,conflict_same_name_different_meaning,同名字段 source_type 在库内不同表中存在 3 种不同原始注释，不能作为无上下文通用训练样本,comment_conflicts.csv,exclude_from_generic_training; review_with_table_context — 训练时必须带 table_name/table_comment/schema context
*,ssqx,conflict_same_name_different_meaning,同名字段 ssqx 在库内不同表中存在 2 种不同原始注释，不能作为无上下文通用训练样本,comment_conflicts.csv,exclude_from_generic_training; review_with_table_context — 训练时必须带 table_name/table_comment/schema context
*,station_code,conflict_same_name_different_meaning,同名字段 station_code 在库内不同表中存在 3 种不同原始注释，不能作为无上下文通用训练样本,comment_conflicts.csv,exclude_from_generic_training; review_with_table_context — 训练时必须带 table_name/table_comment/schema context
*,station_id,conflict_same_name_different_meaning,同名字段 station_id 在库内不同表中存在 4 种不同原始注释，不能作为无上下文通用训练样本,comment_conflicts.csv,exclude_from_generic_training; review_with_table_context — 训练时必须带 table_name/table_comment/schema context
*,station_level,conflict_same_name_different_meaning,同名字段 station_level 在库内不同表中存在 2 种不同原始注释，不能作为无上下文通用训练样本,comment_conflicts.csv,exclude_from_generic_training; review_with_table_context — 训练时必须带 table_name/table_comment/schema context
*,station_name,conflict_same_name_different_meaning,同名字段 station_name 在库内不同表中存在 2 种不同原始注释，不能作为无上下文通用训练样本,comment_conflicts.csv,exclude_from_generic_training; review_with_table_context — 训练时必须带 table_name/table_comment/schema context
*,station_type,conflict_same_name_different_meaning,同名字段 station_type 在库内不同表中存在 2 种不同原始注释，不能作为无上下文通用训练样本,comment_conflicts.csv,exclude_from_generic_training; review_with_table_context — 训练时必须带 table_name/table_comment/schema context
*,status,conflict_same_name_different_meaning,同名字段 status 在库内不同表中存在 16 种不同原始注释，不能作为无上下文通用训练样本,comment_conflicts.csv,exclude_from_generic_training; review_with_table_context — 训练时必须带 table_name/table_comment/schema context
*,storage_no,conflict_same_name_different_meaning,同名字段 storage_no 在库内不同表中存在 2 种不同原始注释，不能作为无上下文通用训练样本,comment_conflicts.csv,exclude_from_generic_training; review_with_table_context — 训练时必须带 table_name/table_comment/schema context
*,task_id,conflict_same_name_different_meaning,同名字段 task_id 在库内不同表中存在 4 种不同原始注释，不能作为无上下文通用训练样本,comment_conflicts.csv,exclude_from_generic_training; review_with_table_context — 训练时必须带 table_name/table_comment/schema context
*,task_instance_id,conflict_same_name_different_meaning,同名字段 task_instance_id 在库内不同表中存在 2 种不同原始注释，不能作为无上下文通用训练样本,comment_conflicts.csv,exclude_from_generic_training; review_with_table_context — 训练时必须带 table_name/table_comment/schema context
*,telephone,conflict_same_name_different_meaning,同名字段 telephone 在库内不同表中存在 2 种不同原始注释，不能作为无上下文通用训练样本,comment_conflicts.csv,exclude_from_generic_training; review_with_table_context — 训练时必须带 table_name/table_comment/schema context
*,timestamp,conflict_same_name_different_meaning,同名字段 timestamp 在库内不同表中存在 3 种不同原始注释，不能作为无上下文通用训练样本,comment_conflicts.csv,exclude_from_generic_training; review_with_table_context — 训练时必须带 table_name/table_comment/schema context
*,title,conflict_same_name_different_meaning,同名字段 title 在库内不同表中存在 2 种不同原始注释，不能作为无上下文通用训练样本,comment_conflicts.csv,exclude_from_generic_training; review_with_table_context — 训练时必须带 table_name/table_comment/schema context
*,township,conflict_same_name_different_meaning,同名字段 township 在库内不同表中存在 2 种不同原始注释，不能作为无上下文通用训练样本,comment_conflicts.csv,exclude_from_generic_training; review_with_table_context — 训练时必须带 table_name/table_comment/schema context
*,trans_no,conflict_same_name_different_meaning,同名字段 trans_no 在库内不同表中存在 3 种不同原始注释，不能作为无上下文通用训练样本,comment_conflicts.csv,exclude_from_generic_training; review_with_table_context — 训练时必须带 table_name/table_comment/schema context
*,type,conflict_same_name_different_meaning,同名字段 type 在库内不同表中存在 10 种不同原始注释，不能作为无上下文通用训练样本,comment_conflicts.csv,exclude_from_generic_training; review_with_table_context — 训练时必须带 table_name/table_comment/schema context
*,unit,conflict_same_name_different_meaning,同名字段 unit 在库内不同表中存在 3 种不同原始注释，不能作为无上下文通用训练样本,comment_conflicts.csv,exclude_from_generic_training; review_with_table_context — 训练时必须带 table_name/table_comment/schema context
*,update_by,conflict_same_name_different_meaning,同名字段 update_by 在库内不同表中存在 5 种不同原始注释，不能作为无上下文通用训练样本,comment_conflicts.csv,exclude_from_generic_training; review_with_table_context — 训练时必须带 table_name/table_comment/schema context
*,update_date,conflict_same_name_different_meaning,同名字段 update_date 在库内不同表中存在 2 种不同原始注释，不能作为无上下文通用训练样本,comment_conflicts.csv,exclude_from_generic_training; review_with_table_context — 训练时必须带 table_name/table_comment/schema context
*,update_time,conflict_same_name_different_meaning,同名字段 update_time 在库内不同表中存在 2 种不同原始注释，不能作为无上下文通用训练样本,comment_conflicts.csv,exclude_from_generic_training; review_with_table_context — 训练时必须带 table_name/table_comment/schema context
*,water_body_id,conflict_same_name_different_meaning,同名字段 water_body_id 在库内不同表中存在 2 种不同原始注释，不能作为无上下文通用训练样本,comment_conflicts.csv,exclude_from_generic_training; review_with_table_context — 训练时必须带 table_name/table_comment/schema context
*,water_body_type,conflict_same_name_different_meaning,同名字段 water_body_type 在库内不同表中存在 2 种不同原始注释，不能作为无上下文通用训练样本,comment_conflicts.csv,exclude_from_generic_training; review_with_table_context — 训练时必须带 table_name/table_comment/schema context
*,water_quality_level,conflict_same_name_different_meaning,同名字段 water_quality_level 在库内不同表中存在 3 种不同原始注释，不能作为无上下文通用训练样本,comment_conflicts.csv,exclude_from_generic_training; review_with_table_context — 训练时必须带 table_name/table_comment/schema context
*,water_type,conflict_same_name_different_meaning,同名字段 water_type 在库内不同表中存在 2 种不同原始注释，不能作为无上下文通用训练样本,comment_conflicts.csv,exclude_from_generic_training; review_with_table_context — 训练时必须带 table_name/table_comment/schema context
*,wharf_id,conflict_same_name_different_meaning,同名字段 wharf_id 在库内不同表中存在 2 种不同原始注释，不能作为无上下文通用训练样本,comment_conflicts.csv,exclude_from_generic_training; review_with_table_context — 训练时必须带 table_name/table_comment/schema context
*,wharf_name,conflict_same_name_different_meaning,同名字段 wharf_name 在库内不同表中存在 3 种不同原始注释，不能作为无上下文通用训练样本,comment_conflicts.csv,exclude_from_generic_training; review_with_table_context — 训练时必须带 table_name/table_comment/schema context
*,width,conflict_same_name_different_meaning,同名字段 width 在库内不同表中存在 2 种不同原始注释，不能作为无上下文通用训练样本,comment_conflicts.csv,exclude_from_generic_training; review_with_table_context — 训练时必须带 table_name/table_comment/schema context
*,xh,conflict_same_name_different_meaning,同名字段 xh 在库内不同表中存在 3 种不同原始注释，不能作为无上下文通用训练样本,comment_conflicts.csv,exclude_from_generic_training; review_with_table_context — 训练时必须带 table_name/table_comment/schema context
*,zone_id,conflict_same_name_different_meaning,同名字段 zone_id 在库内不同表中存在 2 种不同原始注释，不能作为无上下文通用训练样本,comment_conflicts.csv,exclude_from_generic_training; review_with_table_context — 训练时必须带 table_name/table_comment/schema context
*,zone_level,conflict_same_name_different_meaning,同名字段 zone_level 在库内不同表中存在 2 种不同原始注释，不能作为无上下文通用训练样本,comment_conflicts.csv,exclude_from_generic_training; review_with_table_context — 训练时必须带 table_name/table_comment/schema context
