table_schema,table_name,column_name,data_type,column_comment,table_comment,source,training_status,risk_level,reason
public,ad_dict,row_id,bigint,ROW_ID,数据字典,existing_comment,candidate_safe,low,字段已有注释，无同名字段冲突，可安全纳入训练候选。
public,ad_dict,list_type,character varying,列表类型,数据字典,existing_comment,candidate_safe,low,字段已有注释，无同名字段冲突，可安全纳入训练候选。
public,ad_dict,list_type_desc,character varying,列表描述,数据字典,existing_comment,candidate_safe,low,字段已有注释，无同名字段冲突，可安全纳入训练候选。
public,ad_dict,item_code,character varying,列表项代码,数据字典,existing_comment,candidate_safe,low,字段已有注释，无同名字段冲突，可安全纳入训练候选。
public,ad_dict,item_name,character varying,列表项名称,数据字典,existing_comment,candidate_safe,low,字段已有注释，无同名字段冲突，可安全纳入训练候选。
public,ad_dict,taxis_no,integer,排序码,数据字典,existing_comment,candidate_safe,low,字段已有注释，无同名字段冲突，可安全纳入训练候选。
public,ad_dict,origin_flag,character,数据来源的标志：[]或[I]-(Input)系统录入;[O]-(Out)外部接口导入;[S]-(System)系统保留。本标志不能挪为它用。,数据字典,existing_comment,candidate_safe,low,字段已有注释，无同名字段冲突，可安全纳入训练候选。
public,ad_dict,origin_app,character varying,数据来源应用的代码,数据字典,existing_comment,candidate_safe,low,字段已有注释，无同名字段冲突，可安全纳入训练候选。
public,ad_dict,modification_num,integer,记录修改次数,数据字典,existing_comment,candidate_safe,low,字段已有注释，无同名字段冲突，可安全纳入训练候选。
public,cf_auto_build_flag,id,bigint,主键id,主键id,existing_comment,candidate_with_conflict_warning,medium,字段名 id 在库内其他表中存在不同注释（10种）。保留原始注释，训练时需带表上下文。
public,cf_auto_build_flag,manual_auto,character,0 手动处理、1 自动处理,主键id,existing_comment,candidate_safe,low,字段已有注释，无同名字段冲突，可安全纳入训练候选。
public,cf_auto_build_flag,create_by,bigint,创建人,主键id,existing_comment,candidate_with_conflict_warning,medium,字段名 create_by 在库内其他表中存在不同注释（4种）。保留原始注释，训练时需带表上下文。
public,cf_auto_build_flag,create_time,timestamp without time zone,创建时间,主键id,existing_comment,candidate_with_conflict_warning,medium,字段名 create_time 在库内其他表中存在不同注释（2种）。保留原始注释，训练时需带表上下文。
public,cf_auto_build_flag,update_by,bigint,更新人,主键id,existing_comment,candidate_with_conflict_warning,medium,字段名 update_by 在库内其他表中存在不同注释（5种）。保留原始注释，训练时需带表上下文。
public,cf_auto_build_flag,update_time,timestamp without time zone,更新时间,主键id,existing_comment,candidate_with_conflict_warning,medium,字段名 update_time 在库内其他表中存在不同注释（2种）。保留原始注释，训练时需带表上下文。
public,cf_auto_build_flag,del_flag,character,删除标记：0 未删除、1 已删除,主键id,existing_comment,candidate_with_conflict_warning,medium,字段名 del_flag 在库内其他表中存在不同注释（12种）。保留原始注释，训练时需带表上下文。
public,day_quality_records,id,bigint,主键id,日质控数据,existing_comment,candidate_with_conflict_warning,medium,字段名 id 在库内其他表中存在不同注释（10种）。保留原始注释，训练时需带表上下文。
public,day_quality_records,station_id,bigint,站点id,日质控数据,existing_comment,candidate_with_conflict_warning,medium,字段名 station_id 在库内其他表中存在不同注释（4种）。保留原始注释，训练时需带表上下文。
public,day_quality_records,type,character,类型：0 零点核查数据、1 跨度核查数据,日质控数据,existing_comment,candidate_with_conflict_warning,medium,字段名 type 在库内其他表中存在不同注释（10种）。保留原始注释，训练时需带表上下文。
public,day_quality_records,span_value5,double precision,氨氮仪器跨度值,日质控数据,existing_comment,candidate_safe,low,字段已有注释，无同名字段冲突，可安全纳入训练候选。
public,day_quality_records,check_value5,double precision,氨氮零点/跨度核查数据,日质控数据,existing_comment,candidate_safe,low,字段已有注释，无同名字段冲突，可安全纳入训练候选。
public,day_quality_records,standard_value5,double precision,氨氮标准样浓度,日质控数据,existing_comment,candidate_safe,low,字段已有注释，无同名字段冲突，可安全纳入训练候选。
public,day_quality_records,monitor_time5,timestamp without time zone,氨氮监测时间,日质控数据,existing_comment,candidate_safe,low,字段已有注释，无同名字段冲突，可安全纳入训练候选。
public,day_quality_records,span_value6,double precision,高锰酸盐指数仪器跨度值,日质控数据,existing_comment,candidate_safe,low,字段已有注释，无同名字段冲突，可安全纳入训练候选。
public,day_quality_records,check_value6,double precision,高锰酸盐指数零点/跨度核查数据,日质控数据,existing_comment,candidate_safe,low,字段已有注释，无同名字段冲突，可安全纳入训练候选。
public,day_quality_records,standard_value6,double precision,高锰酸盐指数标准样浓度,日质控数据,existing_comment,candidate_safe,low,字段已有注释，无同名字段冲突，可安全纳入训练候选。
public,day_quality_records,monitor_time6,timestamp without time zone,高锰酸盐指数监测时间,日质控数据,existing_comment,candidate_safe,low,字段已有注释，无同名字段冲突，可安全纳入训练候选。
public,day_quality_records,span_value7,double precision,总磷仪器跨度值,日质控数据,existing_comment,candidate_safe,low,字段已有注释，无同名字段冲突，可安全纳入训练候选。
public,day_quality_records,check_value7,double precision,总磷零点/跨度核查数据,日质控数据,existing_comment,candidate_safe,low,字段已有注释，无同名字段冲突，可安全纳入训练候选。
public,day_quality_records,standard_value7,double precision,总磷标准样浓度,日质控数据,existing_comment,candidate_safe,low,字段已有注释，无同名字段冲突，可安全纳入训练候选。
public,day_quality_records,monitor_time7,timestamp without time zone,总磷监测时间,日质控数据,existing_comment,candidate_safe,low,字段已有注释，无同名字段冲突，可安全纳入训练候选。
public,day_quality_records,span_value8,double precision,总氮仪器跨度值,日质控数据,existing_comment,candidate_safe,low,字段已有注释，无同名字段冲突，可安全纳入训练候选。
public,day_quality_records,check_value8,double precision,总氮零点/跨度核查数据,日质控数据,existing_comment,candidate_safe,low,字段已有注释，无同名字段冲突，可安全纳入训练候选。
public,day_quality_records,standard_value8,double precision,总氮标准样浓度,日质控数据,existing_comment,candidate_safe,low,字段已有注释，无同名字段冲突，可安全纳入训练候选。
public,day_quality_records,monitor_time8,timestamp without time zone,总氮监测时间,日质控数据,existing_comment,candidate_safe,low,字段已有注释，无同名字段冲突，可安全纳入训练候选。
public,day_quality_records,monitor_time,timestamp without time zone,最新时间,日质控数据,existing_comment,candidate_with_conflict_warning,medium,字段名 monitor_time 在库内其他表中存在不同注释（2种）。保留原始注释，训练时需带表上下文。
public,day_quality_records,create_by,bigint,创建人,日质控数据,existing_comment,candidate_with_conflict_warning,medium,字段名 create_by 在库内其他表中存在不同注释（4种）。保留原始注释，训练时需带表上下文。
public,day_quality_records,create_time,timestamp without time zone,创建时间,日质控数据,existing_comment,candidate_with_conflict_warning,medium,字段名 create_time 在库内其他表中存在不同注释（2种）。保留原始注释，训练时需带表上下文。
public,day_quality_records,update_by,bigint,更新人,日质控数据,existing_comment,candidate_with_conflict_warning,medium,字段名 update_by 在库内其他表中存在不同注释（5种）。保留原始注释，训练时需带表上下文。
public,day_quality_records,update_time,timestamp without time zone,更新时间,日质控数据,existing_comment,candidate_with_conflict_warning,medium,字段名 update_time 在库内其他表中存在不同注释（2种）。保留原始注释，训练时需带表上下文。
public,day_quality_records,del_flag,character,删除标记：0 未删除、1 已删除,日质控数据,existing_comment,candidate_with_conflict_warning,medium,字段名 del_flag 在库内其他表中存在不同注释（12种）。保留原始注释，训练时需带表上下文。
public,day_quality_setting,id,bigint,主键id,日质控设置,existing_comment,candidate_with_conflict_warning,medium,字段名 id 在库内其他表中存在不同注释（10种）。保留原始注释，训练时需带表上下文。
public,day_quality_setting,station_id,bigint,站点id,日质控设置,existing_comment,candidate_with_conflict_warning,medium,字段名 station_id 在库内其他表中存在不同注释（4种）。保留原始注释，训练时需带表上下文。
public,day_quality_setting,indicator_code,character varying,监测指标编号,日质控设置,existing_comment,candidate_with_conflict_warning,medium,字段名 indicator_code 在库内其他表中存在不同注释（3种）。保留原始注释，训练时需带表上下文。
public,day_quality_setting,audit_by,bigint,审核人,日质控设置,existing_comment,candidate_safe,low,字段已有注释，无同名字段冲突，可安全纳入训练候选。
public,day_quality_setting,audit_time,timestamp without time zone,审核时间,日质控设置,existing_comment,candidate_safe,low,字段已有注释，无同名字段冲突，可安全纳入训练候选。
public,day_quality_setting,create_by,bigint,创建人,日质控设置,existing_comment,candidate_with_conflict_warning,medium,字段名 create_by 在库内其他表中存在不同注释（4种）。保留原始注释，训练时需带表上下文。
public,day_quality_setting,create_time,timestamp without time zone,创建时间,日质控设置,existing_comment,candidate_with_conflict_warning,medium,字段名 create_time 在库内其他表中存在不同注释（2种）。保留原始注释，训练时需带表上下文。
public,day_quality_setting,update_by,bigint,更新人,日质控设置,existing_comment,candidate_with_conflict_warning,medium,字段名 update_by 在库内其他表中存在不同注释（5种）。保留原始注释，训练时需带表上下文。
public,day_quality_setting,update_time,timestamp without time zone,更新时间,日质控设置,existing_comment,candidate_with_conflict_warning,medium,字段名 update_time 在库内其他表中存在不同注释（2种）。保留原始注释，训练时需带表上下文。
public,day_quality_setting,del_flag,character,删除标记：0 未删除、1 已删除,日质控设置,existing_comment,candidate_with_conflict_warning,medium,字段名 del_flag 在库内其他表中存在不同注释（12种）。保留原始注释，训练时需带表上下文。
public,dc_survey_app,id,bigint,主键ID,APP安装包版本管理表,existing_comment,candidate_with_conflict_warning,medium,字段名 id 在库内其他表中存在不同注释（10种）。保留原始注释，训练时需带表上下文。
public,dc_survey_app,version_code,character varying,APP版本号：V1.0.0、1.0.0、100,APP安装包版本管理表,existing_comment,candidate_safe,low,字段已有注释，无同名字段冲突，可安全纳入训练候选。
public,dc_survey_app,version_name,character varying,APP版本名称: 如果有多个APP保证每一类名称一致,APP安装包版本管理表,existing_comment,candidate_safe,low,字段已有注释，无同名字段冲突，可安全纳入训练候选。
public,dc_survey_app,update_type,smallint,更新类型：1-强制更新，2-可选更新,APP安装包版本管理表,existing_comment,candidate_safe,low,字段已有注释，无同名字段冲突，可安全纳入训练候选。
public,dc_survey_app,download_url,character varying,安装包下载地址,APP安装包版本管理表,existing_comment,candidate_safe,low,字段已有注释，无同名字段冲突，可安全纳入训练候选。
public,dc_survey_app,file_size,bigint,安装包文件大小（字节）,APP安装包版本管理表,existing_comment,candidate_with_conflict_warning,medium,字段名 file_size 在库内其他表中存在不同注释（2种）。保留原始注释，训练时需带表上下文。
public,dc_survey_app,file_md5,character varying,安装包MD5值，用于校验文件完整性,APP安装包版本管理表,existing_comment,candidate_with_conflict_warning,medium,字段名 file_md5 在库内其他表中存在不同注释（2种）。保留原始注释，训练时需带表上下文。
public,dc_survey_app,update_log,text,更新日志,APP安装包版本管理表,existing_comment,candidate_safe,low,字段已有注释，无同名字段冲突，可安全纳入训练候选。
public,dc_survey_app,platform_type,smallint,平台类型：1-Android，2-iOS,APP安装包版本管理表,existing_comment,candidate_safe,low,字段已有注释，无同名字段冲突，可安全纳入训练候选。
public,dc_survey_app,create_by,bigint,创建人,APP安装包版本管理表,existing_comment,candidate_with_conflict_warning,medium,字段名 create_by 在库内其他表中存在不同注释（4种）。保留原始注释，训练时需带表上下文。
public,dc_survey_app,create_time,timestamp without time zone,创建时间,APP安装包版本管理表,existing_comment,candidate_with_conflict_warning,medium,字段名 create_time 在库内其他表中存在不同注释（2种）。保留原始注释，训练时需带表上下文。
public,dc_survey_info,id,bigint,主键ID,巡回调查-调查后的核查信息,existing_comment,candidate_with_conflict_warning,medium,字段名 id 在库内其他表中存在不同注释（10种）。保留原始注释，训练时需带表上下文。
public,dc_survey_info,watershed_partition_id,bigint,流域分区ID,巡回调查-调查后的核查信息,existing_comment,candidate_safe,low,字段已有注释，无同名字段冲突，可安全纳入训练候选。
public,dc_survey_info,title,character varying,标题：对应调研的名称,巡回调查-调查后的核查信息,existing_comment,candidate_with_conflict_warning,medium,字段名 title 在库内其他表中存在不同注释（2种）。保留原始注释，训练时需带表上下文。
public,dc_survey_info,upload_time,character varying,上传时间：每次上传都记录时间  20251128,巡回调查-调查后的核查信息,existing_comment,candidate_safe,low,字段已有注释，无同名字段冲突，可安全纳入训练候选。
public,dc_survey_info,name,character varying,名称,巡回调查-调查后的核查信息,existing_comment,candidate_with_conflict_warning,medium,字段名 name 在库内其他表中存在不同注释（14种）。保留原始注释，训练时需带表上下文。
public,dc_survey_info,type,character varying,类型（工业、规上畜禽、规下畜禽、水产养殖、排污口、污水处理厂、厕污垃、河道情况、其他）,巡回调查-调查后的核查信息,existing_comment,candidate_with_conflict_warning,medium,字段名 type 在库内其他表中存在不同注释（10种）。保留原始注释，训练时需带表上下文。
public,dc_survey_info,lon,double precision,经度,巡回调查-调查后的核查信息,existing_comment,candidate_safe,low,字段已有注释，无同名字段冲突，可安全纳入训练候选。
public,dc_survey_info,lat,double precision,纬度,巡回调查-调查后的核查信息,existing_comment,candidate_safe,low,字段已有注释，无同名字段冲突，可安全纳入训练候选。
public,dc_survey_info,description,character varying,现场核查情况信息（是否有污水产生、污水流向）,巡回调查-调查后的核查信息,existing_comment,candidate_with_conflict_warning,medium,字段名 description 在库内其他表中存在不同注释（6种）。保留原始注释，训练时需带表上下文。
public,dc_survey_info,image_path,character varying,图片地址：图片在minIO存储,巡回调查-调查后的核查信息,existing_comment,candidate_with_conflict_warning,medium,字段名 image_path 在库内其他表中存在不同注释（3种）。保留原始注释，训练时需带表上下文。
public,dc_survey_info,monitor_info,character varying,监测信息（是否监测，结果如何）,巡回调查-调查后的核查信息,existing_comment,candidate_safe,low,字段已有注释，无同名字段冲突，可安全纳入训练候选。
public,dc_survey_info,monitor_level,character varying,管控级别：一级（常年有水，肯定对水体有影响），二级（下雨时肯定对水体影响），三级（可能有影响），四级（无影响）,巡回调查-调查后的核查信息,existing_comment,candidate_safe,low,字段已有注释，无同名字段冲突，可安全纳入训练候选。
public,dc_survey_info,remark,character varying,备注,巡回调查-调查后的核查信息,existing_comment,candidate_with_conflict_warning,medium,字段名 remark 在库内其他表中存在不同注释（2种）。保留原始注释，训练时需带表上下文。
public,dc_survey_info,create_by,bigint,创建人,巡回调查-调查后的核查信息,existing_comment,candidate_with_conflict_warning,medium,字段名 create_by 在库内其他表中存在不同注释（4种）。保留原始注释，训练时需带表上下文。
public,dc_survey_info,create_time,timestamp without time zone,创建时间,巡回调查-调查后的核查信息,existing_comment,candidate_with_conflict_warning,medium,字段名 create_time 在库内其他表中存在不同注释（2种）。保留原始注释，训练时需带表上下文。
public,dc_survey_info,update_by,bigint,更新人,巡回调查-调查后的核查信息,existing_comment,candidate_with_conflict_warning,medium,字段名 update_by 在库内其他表中存在不同注释（5种）。保留原始注释，训练时需带表上下文。
public,dc_survey_info,update_time,timestamp without time zone,更新时间,巡回调查-调查后的核查信息,existing_comment,candidate_with_conflict_warning,medium,字段名 update_time 在库内其他表中存在不同注释（2种）。保留原始注释，训练时需带表上下文。
public,dc_survey_info,del_flag,character,删除标记：0 未删除、1 已删除,巡回调查-调查后的核查信息,existing_comment,candidate_with_conflict_warning,medium,字段名 del_flag 在库内其他表中存在不同注释（12种）。保留原始注释，训练时需带表上下文。
public,dc_survey_info,survey_type,smallint,调查类型：0-excel调查信息、1-word小结,巡回调查-调查后的核查信息,existing_comment,candidate_safe,low,字段已有注释，无同名字段冲突，可安全纳入训练候选。
public,dc_survey_info,image_path_2,character varying,图片2,巡回调查-调查后的核查信息,existing_comment,candidate_safe,low,字段已有注释，无同名字段冲突，可安全纳入训练候选。
public,dc_survey_info,image_path_3,character varying,图片3,巡回调查-调查后的核查信息,existing_comment,candidate_safe,low,字段已有注释，无同名字段冲突，可安全纳入训练候选。
public,dc_survey_info,task_id,bigint,APP巡查：任务id,巡回调查-调查后的核查信息,existing_comment,candidate_with_conflict_warning,medium,字段名 task_id 在库内其他表中存在不同注释（4种）。保留原始注释，训练时需带表上下文。
public,dc_survey_info,task_instance_id,bigint,APP巡查：巡查任务实例id,巡回调查-调查后的核查信息,existing_comment,candidate_with_conflict_warning,medium,字段名 task_instance_id 在库内其他表中存在不同注释（2种）。保留原始注释，训练时需带表上下文。
public,dc_survey_offline_sync,id,bigint,主键,离线同步任务表,existing_comment,candidate_with_conflict_warning,medium,字段名 id 在库内其他表中存在不同注释（10种）。保留原始注释，训练时需带表上下文。
public,dc_survey_offline_sync,cache_id,character varying,缓存ID：APP端维护，用于关联提交数据,离线同步任务表,existing_comment,candidate_with_conflict_warning,medium,字段名 cache_id 在库内其他表中存在不同注释（3种）。保留原始注释，训练时需带表上下文。
public,dc_survey_offline_sync,sync_status,integer,同步状态：0-待同步，1-同步中，2-同步成功，3-同步失败,离线同步任务表,existing_comment,candidate_safe,low,字段已有注释，无同名字段冲突，可安全纳入训练候选。
public,dc_survey_offline_sync,sync_progress,integer,同步进度：0-100,离线同步任务表,existing_comment,candidate_safe,low,字段已有注释，无同名字段冲突，可安全纳入训练候选。
public,dc_survey_offline_sync,total_steps,integer,总步骤数,离线同步任务表,existing_comment,candidate_safe,low,字段已有注释，无同名字段冲突，可安全纳入训练候选。
public,dc_survey_offline_sync,current_step,integer,当前步骤,离线同步任务表,existing_comment,candidate_safe,low,字段已有注释，无同名字段冲突，可安全纳入训练候选。
public,dc_survey_offline_sync,sync_start_time,timestamp without time zone,同步开始时间,离线同步任务表,existing_comment,candidate_safe,low,字段已有注释，无同名字段冲突，可安全纳入训练候选。
public,dc_survey_offline_sync,sync_end_time,timestamp without time zone,同步结束时间,离线同步任务表,existing_comment,candidate_safe,low,字段已有注释，无同名字段冲突，可安全纳入训练候选。
public,dc_survey_offline_sync,task_id,bigint,任务ID：关联的巡查任务ID,离线同步任务表,existing_comment,candidate_with_conflict_warning,medium,字段名 task_id 在库内其他表中存在不同注释（4种）。保留原始注释，训练时需带表上下文。
public,dc_survey_offline_sync,sync_result,character varying,同步结果信息,离线同步任务表,existing_comment,candidate_safe,low,字段已有注释，无同名字段冲突，可安全纳入训练候选。
public,dc_survey_offline_sync,error_message,text,错误信息,离线同步任务表,existing_comment,candidate_safe,low,字段已有注释，无同名字段冲突，可安全纳入训练候选。
public,dc_survey_offline_sync,create_by,bigint,创建人,离线同步任务表,existing_comment,candidate_with_conflict_warning,medium,字段名 create_by 在库内其他表中存在不同注释（4种）。保留原始注释，训练时需带表上下文。
public,dc_survey_offline_sync,create_time,timestamp without time zone,创建时间,离线同步任务表,existing_comment,candidate_with_conflict_warning,medium,字段名 create_time 在库内其他表中存在不同注释（2种）。保留原始注释，训练时需带表上下文。
public,dc_survey_offline_sync,del_flag,character varying,删除标记：0 未删除、1 已删除,离线同步任务表,existing_comment,candidate_with_conflict_warning,medium,字段名 del_flag 在库内其他表中存在不同注释（12种）。保留原始注释，训练时需带表上下文。
public,dc_survey_offline_upload,id,bigint,主键ID,文件上传缓存表 - 支持断点续传和本地文件缓存,existing_comment,candidate_with_conflict_warning,medium,字段名 id 在库内其他表中存在不同注释（10种）。保留原始注释，训练时需带表上下文。
public,dc_survey_offline_upload,cache_id,character varying,缓存ID：与离线同步任务的cacheId对应，用于批量文件管理,文件上传缓存表 - 支持断点续传和本地文件缓存,existing_comment,candidate_with_conflict_warning,medium,字段名 cache_id 在库内其他表中存在不同注释（3种）。保留原始注释，训练时需带表上下文。
public,dc_survey_offline_upload,file_md5,character varying,文件标识：MD5值，用于唯一标识文件和完整性校验,文件上传缓存表 - 支持断点续传和本地文件缓存,existing_comment,candidate_with_conflict_warning,medium,字段名 file_md5 在库内其他表中存在不同注释（2种）。保留原始注释，训练时需带表上下文。
public,dc_survey_offline_upload,file_type,character varying,文件类型：json-JSON数据文件，image-图片文件,文件上传缓存表 - 支持断点续传和本地文件缓存,existing_comment,candidate_safe,low,字段已有注释，无同名字段冲突，可安全纳入训练候选。
public,dc_survey_offline_upload,file_name,character varying,文件名,文件上传缓存表 - 支持断点续传和本地文件缓存,existing_comment,candidate_safe,low,字段已有注释，无同名字段冲突，可安全纳入训练候选。
public,dc_survey_offline_upload,file_size,bigint,文件总大小：字节,文件上传缓存表 - 支持断点续传和本地文件缓存,existing_comment,candidate_with_conflict_warning,medium,字段名 file_size 在库内其他表中存在不同注释（2种）。保留原始注释，训练时需带表上下文。
public,dc_survey_offline_upload,uploaded_size,bigint,已上传大小：字节,文件上传缓存表 - 支持断点续传和本地文件缓存,existing_comment,candidate_safe,low,字段已有注释，无同名字段冲突，可安全纳入训练候选。
public,dc_survey_offline_upload,total_chunks,integer,总分块数,文件上传缓存表 - 支持断点续传和本地文件缓存,existing_comment,candidate_safe,low,字段已有注释，无同名字段冲突，可安全纳入训练候选。
public,dc_survey_offline_upload,uploaded_chunks,text,已上传分块列表：JSON数组，记录已完成的分块序号,文件上传缓存表 - 支持断点续传和本地文件缓存,existing_comment,candidate_safe,low,字段已有注释，无同名字段冲突，可安全纳入训练候选。
public,dc_survey_offline_upload,file_path,character varying,文件存储路径：上传完成后的完整路径,文件上传缓存表 - 支持断点续传和本地文件缓存,existing_comment,candidate_with_conflict_warning,medium,字段名 file_path 在库内其他表中存在不同注释（2种）。保留原始注释，训练时需带表上下文。
public,dc_survey_offline_upload,upload_status,smallint,上传状态：0-待上传，1-上传中，2-上传完成，3-合并失败,文件上传缓存表 - 支持断点续传和本地文件缓存,existing_comment,candidate_safe,low,字段已有注释，无同名字段冲突，可安全纳入训练候选。
public,dc_survey_offline_upload,message,text,执行信息：错误日志,文件上传缓存表 - 支持断点续传和本地文件缓存,existing_comment,candidate_safe,low,字段已有注释，无同名字段冲突，可安全纳入训练候选。
public,dc_survey_offline_upload,create_by,bigint,创建人,文件上传缓存表 - 支持断点续传和本地文件缓存,existing_comment,candidate_with_conflict_warning,medium,字段名 create_by 在库内其他表中存在不同注释（4种）。保留原始注释，训练时需带表上下文。
public,dc_survey_offline_upload,create_time,timestamp without time zone,创建时间,文件上传缓存表 - 支持断点续传和本地文件缓存,existing_comment,candidate_with_conflict_warning,medium,字段名 create_time 在库内其他表中存在不同注释（2种）。保留原始注释，训练时需带表上下文。
public,dc_survey_offline_upload,update_time,timestamp without time zone,更新时间,文件上传缓存表 - 支持断点续传和本地文件缓存,existing_comment,candidate_with_conflict_warning,medium,字段名 update_time 在库内其他表中存在不同注释（2种）。保留原始注释，训练时需带表上下文。
public,dc_survey_offline_upload,clean_flag,character,本地文件清理标记：0 未删除、1 已删除,文件上传缓存表 - 支持断点续传和本地文件缓存,existing_comment,candidate_safe,low,字段已有注释，无同名字段冲突，可安全纳入训练候选。
public,dc_survey_task,id,bigint,主键,巡查任务表,existing_comment,candidate_with_conflict_warning,medium,字段名 id 在库内其他表中存在不同注释（10种）。保留原始注释，训练时需带表上下文。
public,dc_survey_task,title,character varying,巡查标题,巡查任务表,existing_comment,candidate_with_conflict_warning,medium,字段名 title 在库内其他表中存在不同注释（2种）。保留原始注释，训练时需带表上下文。
public,dc_survey_task,survey_time,character varying,巡查时间: yyyyMMdd,巡查任务表,existing_comment,candidate_safe,low,字段已有注释，无同名字段冲突，可安全纳入训练候选。
public,dc_survey_task,watershed_partition_id,bigint,流域分区ID,巡查任务表,existing_comment,candidate_safe,low,字段已有注释，无同名字段冲突，可安全纳入训练候选。
public,dc_survey_task,status,integer,"任务状态: 0-进行中, 1-已暂停, 2-已结束",巡查任务表,existing_comment,candidate_with_conflict_warning,medium,字段名 status 在库内其他表中存在不同注释（16种）。保留原始注释，训练时需带表上下文。
public,dc_survey_task,point_count,integer,点位数量,巡查任务表,existing_comment,candidate_safe,low,字段已有注释，无同名字段冲突，可安全纳入训练候选。
public,dc_survey_task,remark,character varying,备注,巡查任务表,existing_comment,candidate_with_conflict_warning,medium,字段名 remark 在库内其他表中存在不同注释（2种）。保留原始注释，训练时需带表上下文。
public,dc_survey_task,create_by,bigint,创建人,巡查任务表,existing_comment,candidate_with_conflict_warning,medium,字段名 create_by 在库内其他表中存在不同注释（4种）。保留原始注释，训练时需带表上下文。
public,dc_survey_task,create_time,timestamp without time zone,创建时间,巡查任务表,existing_comment,candidate_with_conflict_warning,medium,字段名 create_time 在库内其他表中存在不同注释（2种）。保留原始注释，训练时需带表上下文。
public,dc_survey_task,update_by,bigint,更新人,巡查任务表,existing_comment,candidate_with_conflict_warning,medium,字段名 update_by 在库内其他表中存在不同注释（5种）。保留原始注释，训练时需带表上下文。
public,dc_survey_task,update_time,timestamp without time zone,更新时间,巡查任务表,existing_comment,candidate_with_conflict_warning,medium,字段名 update_time 在库内其他表中存在不同注释（2种）。保留原始注释，训练时需带表上下文。
public,dc_survey_task,del_flag,character varying,删除标记：0 未删除、1 已删除,巡查任务表,existing_comment,candidate_with_conflict_warning,medium,字段名 del_flag 在库内其他表中存在不同注释（12种）。保留原始注释，训练时需带表上下文。
public,dc_survey_task,image_count,integer,照片数量,巡查任务表,existing_comment,candidate_safe,low,字段已有注释，无同名字段冲突，可安全纳入训练候选。
public,dc_survey_task,duration,bigint,巡查时长: 单位秒,巡查任务表,existing_comment,candidate_with_conflict_warning,medium,字段名 duration 在库内其他表中存在不同注释（2种）。保留原始注释，训练时需带表上下文。
public,dc_survey_task,distance,numeric,巡查距离: 单位km,巡查任务表,existing_comment,candidate_with_conflict_warning,medium,字段名 distance 在库内其他表中存在不同注释（2种）。保留原始注释，训练时需带表上下文。
public,dc_survey_task,current_point_count,integer,本次巡查点位数量: 重新开启后自动清零,巡查任务表,existing_comment,candidate_safe,low,字段已有注释，无同名字段冲突，可安全纳入训练候选。
public,dc_survey_task,update_name,character varying,更新人名称：当前巡查人员,巡查任务表,existing_comment,candidate_safe,low,字段已有注释，无同名字段冲突，可安全纳入训练候选。
public,dc_survey_task,cache_id,character varying,本地缓存ID：APP端维护,巡查任务表,existing_comment,candidate_with_conflict_warning,medium,字段名 cache_id 在库内其他表中存在不同注释（3种）。保留原始注释，训练时需带表上下文。
public,dc_survey_task_instance,id,bigint,主键,任务实例：记录轨迹、点位的添加,existing_comment,candidate_with_conflict_warning,medium,字段名 id 在库内其他表中存在不同注释（10种）。保留原始注释，训练时需带表上下文。
public,dc_survey_task_instance,task_id,bigint,任务ID,任务实例：记录轨迹、点位的添加,existing_comment,candidate_with_conflict_warning,medium,字段名 task_id 在库内其他表中存在不同注释（4种）。保留原始注释，训练时需带表上下文。
public,dc_survey_task_instance,start_time,timestamp without time zone,执行开始时间,任务实例：记录轨迹、点位的添加,existing_comment,candidate_safe,low,字段已有注释，无同名字段冲突，可安全纳入训练候选。
public,dc_survey_task_instance,end_time,timestamp without time zone,执行结束时间,任务实例：记录轨迹、点位的添加,existing_comment,candidate_safe,low,字段已有注释，无同名字段冲突，可安全纳入训练候选。
public,dc_survey_task_instance,duration,bigint,执行时长（秒）,任务实例：记录轨迹、点位的添加,existing_comment,candidate_with_conflict_warning,medium,字段名 duration 在库内其他表中存在不同注释（2种）。保留原始注释，训练时需带表上下文。
public,dc_survey_task_instance,create_time,timestamp without time zone,创建时间,任务实例：记录轨迹、点位的添加,existing_comment,candidate_with_conflict_warning,medium,字段名 create_time 在库内其他表中存在不同注释（2种）。保留原始注释，训练时需带表上下文。
public,dc_survey_track,id,bigint,主键,巡查轨迹记录表,existing_comment,candidate_with_conflict_warning,medium,字段名 id 在库内其他表中存在不同注释（10种）。保留原始注释，训练时需带表上下文。
public,dc_survey_track,task_id,bigint,巡查任务ID,巡查轨迹记录表,existing_comment,candidate_with_conflict_warning,medium,字段名 task_id 在库内其他表中存在不同注释（4种）。保留原始注释，训练时需带表上下文。
public,dc_survey_track,lat,double precision,纬度,巡查轨迹记录表,existing_comment,candidate_safe,low,字段已有注释，无同名字段冲突，可安全纳入训练候选。
public,dc_survey_track,lon,double precision,经度,巡查轨迹记录表,existing_comment,candidate_safe,low,字段已有注释，无同名字段冲突，可安全纳入训练候选。
public,dc_survey_track,distance,numeric,距离上一个点的距离（米）,巡查轨迹记录表,existing_comment,candidate_with_conflict_warning,medium,字段名 distance 在库内其他表中存在不同注释（2种）。保留原始注释，训练时需带表上下文。
public,dc_survey_track,create_by,bigint,创建人,巡查轨迹记录表,existing_comment,candidate_with_conflict_warning,medium,字段名 create_by 在库内其他表中存在不同注释（4种）。保留原始注释，训练时需带表上下文。
public,dc_survey_track,create_time,timestamp without time zone,创建时间,巡查轨迹记录表,existing_comment,candidate_with_conflict_warning,medium,字段名 create_time 在库内其他表中存在不同注释（2种）。保留原始注释，训练时需带表上下文。
public,dc_survey_track,num,integer,点位编号,巡查轨迹记录表,existing_comment,candidate_with_conflict_warning,medium,字段名 num 在库内其他表中存在不同注释（2种）。保留原始注释，训练时需带表上下文。
public,dc_survey_track,task_instance_id,bigint,实例ID,巡查轨迹记录表,existing_comment,candidate_with_conflict_warning,medium,字段名 task_instance_id 在库内其他表中存在不同注释（2种）。保留原始注释，训练时需带表上下文。
public,gis_control_unit,id,bigint,主键,,existing_comment,candidate_with_conflict_warning,medium,字段名 id 在库内其他表中存在不同注释（10种）。保留原始注释，训练时需带表上下文。
public,gis_control_unit,geom,USER-DEFINED,几何信息,,existing_comment,candidate_with_conflict_warning,medium,字段名 geom 在库内其他表中存在不同注释（9种）。保留原始注释，训练时需带表上下文。
public,gis_control_unit,control_unit_name,character varying,控制单元名称,,existing_comment,candidate_safe,low,字段已有注释，无同名字段冲突，可安全纳入训练候选。
public,gis_control_unit,area,double precision,面积（km2）,,existing_comment,candidate_with_conflict_warning,medium,字段名 area 在库内其他表中存在不同注释（9种）。保留原始注释，训练时需带表上下文。
public,gis_control_unit,control_unit_code,character varying,控制单元编码,,existing_comment,candidate_safe,low,字段已有注释，无同名字段冲突，可安全纳入训练候选。
public,gis_control_unit,basin,character varying,所属流域,,existing_comment,candidate_with_conflict_warning,medium,字段名 basin 在库内其他表中存在不同注释（2种）。保留原始注释，训练时需带表上下文。
public,gis_control_unit,remark,character varying,备注,,existing_comment,candidate_with_conflict_warning,medium,字段名 remark 在库内其他表中存在不同注释（2种）。保留原始注释，训练时需带表上下文。
public,gis_control_unit,create_time,timestamp without time zone,创建时间,,existing_comment,candidate_with_conflict_warning,medium,字段名 create_time 在库内其他表中存在不同注释（2种）。保留原始注释，训练时需带表上下文。
public,gis_control_unit,update_time,timestamp without time zone,更新时间,,existing_comment,candidate_with_conflict_warning,medium,字段名 update_time 在库内其他表中存在不同注释（2种）。保留原始注释，训练时需带表上下文。
public,gis_control_unit,del_flag,character,删除标志：0-正常、1-删除,,existing_comment,candidate_with_conflict_warning,medium,字段名 del_flag 在库内其他表中存在不同注释（12种）。保留原始注释，训练时需带表上下文。
public,gis_control_unit,create_by,bigint,创建人,,existing_comment,candidate_with_conflict_warning,medium,字段名 create_by 在库内其他表中存在不同注释（4种）。保留原始注释，训练时需带表上下文。
public,gis_control_unit,update_by,bigint,修改人,,existing_comment,candidate_with_conflict_warning,medium,字段名 update_by 在库内其他表中存在不同注释（5种）。保留原始注释，训练时需带表上下文。
public,gis_poi,id,bigint,主键id,主键id,existing_comment,candidate_with_conflict_warning,medium,字段名 id 在库内其他表中存在不同注释（10种）。保留原始注释，训练时需带表上下文。
public,gis_poi,code,bigint,poi标识码,主键id,existing_comment,candidate_with_conflict_warning,medium,字段名 code 在库内其他表中存在不同注释（5种）。保留原始注释，训练时需带表上下文。
public,gis_poi,name,character varying,名称,主键id,existing_comment,candidate_with_conflict_warning,medium,字段名 name 在库内其他表中存在不同注释（14种）。保留原始注释，训练时需带表上下文。
public,gis_poi,address,character varying,地址,主键id,existing_comment,candidate_with_conflict_warning,medium,字段名 address 在库内其他表中存在不同注释（5种）。保留原始注释，训练时需带表上下文。
public,gis_poi,category,character varying,分类,主键id,existing_comment,candidate_with_conflict_warning,medium,字段名 category 在库内其他表中存在不同注释（2种）。保留原始注释，训练时需带表上下文。
public,gis_poi,region_code,character varying,行政区编码,主键id,existing_comment,candidate_with_conflict_warning,medium,字段名 region_code 在库内其他表中存在不同注释（4种）。保留原始注释，训练时需带表上下文。
public,gis_poi,region_province,character varying,行政区省,主键id,existing_comment,candidate_safe,low,字段已有注释，无同名字段冲突，可安全纳入训练候选。
public,gis_poi,region_city,character varying,行政区城市,主键id,existing_comment,candidate_safe,low,字段已有注释，无同名字段冲突，可安全纳入训练候选。
public,gis_poi,lon,double precision,经度,主键id,existing_comment,candidate_safe,low,字段已有注释，无同名字段冲突，可安全纳入训练候选。
public,gis_poi,lat,double precision,纬度,主键id,existing_comment,candidate_safe,low,字段已有注释，无同名字段冲突，可安全纳入训练候选。
public,gis_poi,telephone,character varying,电话,主键id,existing_comment,candidate_with_conflict_warning,medium,字段名 telephone 在库内其他表中存在不同注释（2种）。保留原始注释，训练时需带表上下文。
public,gis_poi,remark,character varying,备注,主键id,existing_comment,candidate_with_conflict_warning,medium,字段名 remark 在库内其他表中存在不同注释（2种）。保留原始注释，训练时需带表上下文。
public,gis_region,id,bigint,主键id,区县数据表,existing_comment,candidate_with_conflict_warning,medium,字段名 id 在库内其他表中存在不同注释（10种）。保留原始注释，训练时需带表上下文。
public,gis_region,create_by,bigint,创建人,区县数据表,existing_comment,candidate_with_conflict_warning,medium,字段名 create_by 在库内其他表中存在不同注释（4种）。保留原始注释，训练时需带表上下文。
public,gis_region,create_time,timestamp without time zone,创建时间,区县数据表,existing_comment,candidate_with_conflict_warning,medium,字段名 create_time 在库内其他表中存在不同注释（2种）。保留原始注释，训练时需带表上下文。
public,gis_region,update_by,bigint,更新人,区县数据表,existing_comment,candidate_with_conflict_warning,medium,字段名 update_by 在库内其他表中存在不同注释（5种）。保留原始注释，训练时需带表上下文。
public,gis_region,update_time,timestamp without time zone,更新时间,区县数据表,existing_comment,candidate_with_conflict_warning,medium,字段名 update_time 在库内其他表中存在不同注释（2种）。保留原始注释，训练时需带表上下文。
public,gis_region,del_flag,character,删除标记：0 未删除、1 已删除,区县数据表,existing_comment,candidate_with_conflict_warning,medium,字段名 del_flag 在库内其他表中存在不同注释（12种）。保留原始注释，训练时需带表上下文。
public,gis_region_city,region_name,character varying,行政区划名称,,existing_comment,candidate_with_conflict_warning,medium,字段名 region_name 在库内其他表中存在不同注释（2种）。保留原始注释，训练时需带表上下文。
public,gis_region_city,region_code,character varying,行政区划编码,,existing_comment,candidate_with_conflict_warning,medium,字段名 region_code 在库内其他表中存在不同注释（4种）。保留原始注释，训练时需带表上下文。
public,gis_region_county,region_name,character varying,行政区名称,行政区-区县,existing_comment,candidate_with_conflict_warning,medium,字段名 region_name 在库内其他表中存在不同注释（2种）。保留原始注释，训练时需带表上下文。
public,gis_region_county,city,character varying,市级名称,行政区-区县,existing_comment,candidate_with_conflict_warning,medium,字段名 city 在库内其他表中存在不同注释（4种）。保留原始注释，训练时需带表上下文。
public,gis_region_county,region_code,character varying,行政区编码,行政区-区县,existing_comment,candidate_with_conflict_warning,medium,字段名 region_code 在库内其他表中存在不同注释（4种）。保留原始注释，训练时需带表上下文。
public,gis_region_township,region_code,character varying,行政区划编码,行政区划-乡镇,existing_comment,candidate_with_conflict_warning,medium,字段名 region_code 在库内其他表中存在不同注释（4种）。保留原始注释，训练时需带表上下文。
public,gis_region_township,county,character varying,区县名称,行政区划-乡镇,existing_comment,candidate_with_conflict_warning,medium,字段名 county 在库内其他表中存在不同注释（3种）。保留原始注释，训练时需带表上下文。
public,gis_region_township,region_name,character varying,行政区划名称,行政区划-乡镇,existing_comment,candidate_with_conflict_warning,medium,字段名 region_name 在库内其他表中存在不同注释（2种）。保留原始注释，训练时需带表上下文。
public,gis_region_township,city,character varying,市级名称,行政区划-乡镇,existing_comment,candidate_with_conflict_warning,medium,字段名 city 在库内其他表中存在不同注释（4种）。保留原始注释，训练时需带表上下文。
public,gis_watershed_partition,name,character varying,名称,空间-流域分区数据,existing_comment,candidate_with_conflict_warning,medium,字段名 name 在库内其他表中存在不同注释（14种）。保留原始注释，训练时需带表上下文。
public,gis_watershed_partition,name_alias,character varying,别名,空间-流域分区数据,existing_comment,candidate_safe,low,字段已有注释，无同名字段冲突，可安全纳入训练候选。
public,gis_watershed_partition,area,double precision,面积：平方千米,空间-流域分区数据,existing_comment,candidate_with_conflict_warning,medium,字段名 area 在库内其他表中存在不同注释（9种）。保留原始注释，训练时需带表上下文。
public,gis_watershed_partition,remark,character varying,备注,空间-流域分区数据,existing_comment,candidate_with_conflict_warning,medium,字段名 remark 在库内其他表中存在不同注释（2种）。保留原始注释，训练时需带表上下文。
public,gis_watershed_partition,code,character varying,编码,空间-流域分区数据,existing_comment,candidate_with_conflict_warning,medium,字段名 code 在库内其他表中存在不同注释（5种）。保留原始注释，训练时需带表上下文。
public,gis_watershed_partition,create_by,bigint,创建人,空间-流域分区数据,existing_comment,candidate_with_conflict_warning,medium,字段名 create_by 在库内其他表中存在不同注释（4种）。保留原始注释，训练时需带表上下文。
public,gis_watershed_partition,create_time,timestamp without time zone,创建时间,空间-流域分区数据,existing_comment,candidate_with_conflict_warning,medium,字段名 create_time 在库内其他表中存在不同注释（2种）。保留原始注释，训练时需带表上下文。
public,gis_watershed_partition,update_by,bigint,更新人,空间-流域分区数据,existing_comment,candidate_with_conflict_warning,medium,字段名 update_by 在库内其他表中存在不同注释（5种）。保留原始注释，训练时需带表上下文。
public,gis_watershed_partition,update_time,timestamp without time zone,更新时间,空间-流域分区数据,existing_comment,candidate_with_conflict_warning,medium,字段名 update_time 在库内其他表中存在不同注释（2种）。保留原始注释，训练时需带表上下文。
public,gis_watershed_partition,del_flag,character,删除标记: 0-未删除、1-已删除,空间-流域分区数据,existing_comment,candidate_with_conflict_warning,medium,字段名 del_flag 在库内其他表中存在不同注释（12种）。保留原始注释，训练时需带表上下文。
public,gis_watershed_partition,geom,USER-DEFINED,图形,空间-流域分区数据,existing_comment,candidate_with_conflict_warning,medium,字段名 geom 在库内其他表中存在不同注释（9种）。保留原始注释，训练时需带表上下文。
public,gis_watershed_partition,version,smallint,当前版本：从0开始递增,空间-流域分区数据,existing_comment,candidate_safe,low,字段已有注释，无同名字段冲突，可安全纳入训练候选。
public,gis_watershed_partition_3,basin,character varying,流域,,existing_comment,candidate_with_conflict_warning,medium,字段名 basin 在库内其他表中存在不同注释（2种）。保留原始注释，训练时需带表上下文。
public,gis_watershed_partition_3,name,character varying,名称,,existing_comment,candidate_with_conflict_warning,medium,字段名 name 在库内其他表中存在不同注释（14种）。保留原始注释，训练时需带表上下文。
public,gis_watershed_partition_3,area,double precision,面积：平方米,,existing_comment,candidate_with_conflict_warning,medium,字段名 area 在库内其他表中存在不同注释（9种）。保留原始注释，训练时需带表上下文。
public,gis_watershed_partition_4,basin,character varying,流域,,existing_comment,candidate_with_conflict_warning,medium,字段名 basin 在库内其他表中存在不同注释（2种）。保留原始注释，训练时需带表上下文。
public,gis_watershed_partition_4,last_name,character varying,上一级流域名称,,existing_comment,candidate_safe,low,字段已有注释，无同名字段冲突，可安全纳入训练候选。
public,gis_watershed_partition_4,name,character varying,名称,,existing_comment,candidate_with_conflict_warning,medium,字段名 name 在库内其他表中存在不同注释（14种）。保留原始注释，训练时需带表上下文。
public,gis_watershed_partition_4,area,double precision,面积：平方米,,existing_comment,candidate_with_conflict_warning,medium,字段名 area 在库内其他表中存在不同注释（9种）。保留原始注释，训练时需带表上下文。
public,gis_watershed_partition_4,section_name,character varying,对应断面名称,,existing_comment,candidate_with_conflict_warning,medium,字段名 section_name 在库内其他表中存在不同注释（2种）。保留原始注释，训练时需带表上下文。
public,layer_boundary_park,name_part,character varying,分园名称,工业园区-园区边界,existing_comment,candidate_safe,low,字段已有注释，无同名字段冲突，可安全纳入训练候选。
public,layer_boundary_park,region_name,character varying,行政区名称,工业园区-园区边界,existing_comment,candidate_with_conflict_warning,medium,字段名 region_name 在库内其他表中存在不同注释（2种）。保留原始注释，训练时需带表上下文。
public,layer_boundary_park,park_level,integer,园区级别：0-未知、1-国家级、2-省级、3-市级,工业园区-园区边界,existing_comment,candidate_safe,low,字段已有注释，无同名字段冲突，可安全纳入训练候选。
public,layer_entity_process,id,bigint,主键,溯源关系查询流程：使用到的图层信息,existing_comment,candidate_with_conflict_warning,medium,字段名 id 在库内其他表中存在不同注释（10种）。保留原始注释，训练时需带表上下文。
public,layer_entity_process,process_type,character varying,溯源查询类型：industrial-工业园区,溯源关系查询流程：使用到的图层信息,existing_comment,candidate_safe,low,字段已有注释，无同名字段冲突，可安全纳入训练候选。
public,layer_entity_process,layer_type,smallint,溯源查询类型：0-查询图层、1-静态图层...,溯源关系查询流程：使用到的图层信息,existing_comment,candidate_safe,low,字段已有注释，无同名字段冲突，可安全纳入训练候选。
public,layer_entity_process,layer_name_en,character varying,图层英文名称,溯源关系查询流程：使用到的图层信息,existing_comment,candidate_safe,low,字段已有注释，无同名字段冲突，可安全纳入训练候选。
public,layer_entity_process,layer_name_cn,character varying,图层中文名称,溯源关系查询流程：使用到的图层信息,existing_comment,candidate_safe,low,字段已有注释，无同名字段冲突，可安全纳入训练候选。
public,layer_entity_process,geom_type,character varying,图形类型：点、线、面,溯源关系查询流程：使用到的图层信息,existing_comment,candidate_safe,low,字段已有注释，无同名字段冲突，可安全纳入训练候选。
public,layer_entity_process,layer_level,smallint,图层层级：查询过程的级别,溯源关系查询流程：使用到的图层信息,existing_comment,candidate_safe,low,字段已有注释，无同名字段冲突，可安全纳入训练候选。
public,layer_entity_process,query_expand_mark,smallint,扩展查询标记：关联查询相关属性,溯源关系查询流程：使用到的图层信息,existing_comment,candidate_safe,low,字段已有注释，无同名字段冲突，可安全纳入训练候选。
public,layer_entity_process,remark,character varying,备注,溯源关系查询流程：使用到的图层信息,existing_comment,candidate_with_conflict_warning,medium,字段名 remark 在库内其他表中存在不同注释（2种）。保留原始注释，训练时需带表上下文。
public,layer_entity_relation,id,bigint,主键,图层-要素关联关系表,existing_comment,candidate_with_conflict_warning,medium,字段名 id 在库内其他表中存在不同注释（10种）。保留原始注释，训练时需带表上下文。
public,layer_entity_relation,entity_code_1,character varying,要素编码1,图层-要素关联关系表,existing_comment,candidate_safe,low,字段已有注释，无同名字段冲突，可安全纳入训练候选。
public,layer_entity_relation,layer_name_1,character varying,图层名称1,图层-要素关联关系表,existing_comment,candidate_safe,low,字段已有注释，无同名字段冲突，可安全纳入训练候选。
public,layer_entity_relation,relation,character varying,关系名称,图层-要素关联关系表,existing_comment,candidate_safe,low,字段已有注释，无同名字段冲突，可安全纳入训练候选。
public,layer_entity_relation,entity_code_2,character varying,要素编码2,图层-要素关联关系表,existing_comment,candidate_safe,low,字段已有注释，无同名字段冲突，可安全纳入训练候选。
public,layer_entity_relation,layer_name_2,character varying,图层名称2,图层-要素关联关系表,existing_comment,candidate_safe,low,字段已有注释，无同名字段冲突，可安全纳入训练候选。
public,layer_entity_relation,create_date,timestamp without time zone,创建时间,图层-要素关联关系表,existing_comment,candidate_with_conflict_warning,medium,字段名 create_date 在库内其他表中存在不同注释（2种）。保留原始注释，训练时需带表上下文。
public,layer_entity_relation,delete_mark,smallint,删除标志：0-正常、1-删除,图层-要素关联关系表,existing_comment,candidate_safe,low,字段已有注释，无同名字段冲突，可安全纳入训练候选。
public,layer_outlet_sewage,jcdbh,character varying,监测点编号,工业园区-污水排放口,existing_comment,candidate_safe,low,字段已有注释，无同名字段冲突，可安全纳入训练候选。
public,layer_partition_2,name,character varying,分区名称,二级分区,existing_comment,candidate_with_conflict_warning,medium,字段名 name 在库内其他表中存在不同注释（14种）。保留原始注释，训练时需带表上下文。
public,layer_partition_2,name_1,character varying,一级分区名称,二级分区,existing_comment,candidate_safe,low,字段已有注释，无同名字段冲突，可安全纳入训练候选。
public,layer_partition_2,area,double precision,面积,二级分区,existing_comment,candidate_with_conflict_warning,medium,字段名 area 在库内其他表中存在不同注释（9种）。保留原始注释，训练时需带表上下文。
public,layer_partition_3,name,character varying,分区名称,三级分区,existing_comment,candidate_with_conflict_warning,medium,字段名 name 在库内其他表中存在不同注释（14种）。保留原始注释，训练时需带表上下文。
public,layer_partition_3,name_2,character varying,二级分区名称,三级分区,existing_comment,candidate_safe,low,字段已有注释，无同名字段冲突，可安全纳入训练候选。
public,layer_partition_3,name_1,character varying,一级分区名称,三级分区,existing_comment,candidate_safe,low,字段已有注释，无同名字段冲突，可安全纳入训练候选。
public,layer_partition_3,area,double precision,面积,三级分区,existing_comment,candidate_with_conflict_warning,medium,字段名 area 在库内其他表中存在不同注释（9种）。保留原始注释，训练时需带表上下文。
public,metadata_view,name,character varying,关键字或文件名(不含后缀),元数据-视图,existing_comment,candidate_with_conflict_warning,medium,字段名 name 在库内其他表中存在不同注释（14种）。保留原始注释，训练时需带表上下文。
public,metadata_view,create_date,timestamp without time zone,创建时间,元数据-视图,existing_comment,candidate_with_conflict_warning,medium,字段名 create_date 在库内其他表中存在不同注释（2种）。保留原始注释，训练时需带表上下文。
public,metadata_view,table_name,character varying,表名,元数据-视图,existing_comment,candidate_safe,low,字段已有注释，无同名字段冲突，可安全纳入训练候选。
public,min_value_setting,id,bigint,主键id,最低检出限,existing_comment,candidate_with_conflict_warning,medium,字段名 id 在库内其他表中存在不同注释（10种）。保留原始注释，训练时需带表上下文。
public,min_value_setting,indicator_code,character varying,监测指标编号,最低检出限,existing_comment,candidate_with_conflict_warning,medium,字段名 indicator_code 在库内其他表中存在不同注释（3种）。保留原始注释，训练时需带表上下文。
public,min_value_setting,value,double precision,最低检出限（mg/L）,最低检出限,existing_comment,candidate_safe,low,字段已有注释，无同名字段冲突，可安全纳入训练候选。
public,min_value_setting,create_by,bigint,创建人,最低检出限,existing_comment,candidate_with_conflict_warning,medium,字段名 create_by 在库内其他表中存在不同注释（4种）。保留原始注释，训练时需带表上下文。
public,min_value_setting,create_time,timestamp without time zone,创建时间,最低检出限,existing_comment,candidate_with_conflict_warning,medium,字段名 create_time 在库内其他表中存在不同注释（2种）。保留原始注释，训练时需带表上下文。
public,min_value_setting,update_by,bigint,更新人,最低检出限,existing_comment,candidate_with_conflict_warning,medium,字段名 update_by 在库内其他表中存在不同注释（5种）。保留原始注释，训练时需带表上下文。
public,min_value_setting,update_time,timestamp without time zone,更新时间,最低检出限,existing_comment,candidate_with_conflict_warning,medium,字段名 update_time 在库内其他表中存在不同注释（2种）。保留原始注释，训练时需带表上下文。
public,min_value_setting,del_flag,character,删除标记：0 未删除、1 已删除,最低检出限,existing_comment,candidate_with_conflict_warning,medium,字段名 del_flag 在库内其他表中存在不同注释（12种）。保留原始注释，训练时需带表上下文。
public,rs_enterprise_info_lsg,id,bigint,主键id,湖北省磷石膏尾矿库企业信息表：宜昌水环境,existing_comment,candidate_with_conflict_warning,medium,字段名 id 在库内其他表中存在不同注释（10种）。保留原始注释，训练时需带表上下文。
public,rs_enterprise_info_lsg,name,character varying,磷石膏库名称,湖北省磷石膏尾矿库企业信息表：宜昌水环境,existing_comment,candidate_with_conflict_warning,medium,字段名 name 在库内其他表中存在不同注释（14种）。保留原始注释，训练时需带表上下文。
public,rs_enterprise_info_lsg,mine_name,character varying,矿山名称,湖北省磷石膏尾矿库企业信息表：宜昌水环境,existing_comment,candidate_safe,low,字段已有注释，无同名字段冲突，可安全纳入训练候选。
public,rs_enterprise_info_lsg,enterprise,character varying,所属企业,湖北省磷石膏尾矿库企业信息表：宜昌水环境,existing_comment,candidate_safe,low,字段已有注释，无同名字段冲突，可安全纳入训练候选。
public,rs_enterprise_info_lsg,city,character varying,市,湖北省磷石膏尾矿库企业信息表：宜昌水环境,existing_comment,candidate_with_conflict_warning,medium,字段名 city 在库内其他表中存在不同注释（4种）。保留原始注释，训练时需带表上下文。
public,rs_enterprise_info_lsg,county,character varying,县,湖北省磷石膏尾矿库企业信息表：宜昌水环境,existing_comment,candidate_with_conflict_warning,medium,字段名 county 在库内其他表中存在不同注释（3种）。保留原始注释，训练时需带表上下文。
public,rs_enterprise_info_lsg,address,character varying,污染源地址,湖北省磷石膏尾矿库企业信息表：宜昌水环境,existing_comment,candidate_with_conflict_warning,medium,字段名 address 在库内其他表中存在不同注释（5种）。保留原始注释，训练时需带表上下文。
public,rs_enterprise_info_lsg,region_code,character varying,行政区编码,湖北省磷石膏尾矿库企业信息表：宜昌水环境,existing_comment,candidate_with_conflict_warning,medium,字段名 region_code 在库内其他表中存在不同注释（4种）。保留原始注释，训练时需带表上下文。
public,rs_enterprise_info_lsg,region_name,character varying,行政区名称,湖北省磷石膏尾矿库企业信息表：宜昌水环境,existing_comment,candidate_with_conflict_warning,medium,字段名 region_name 在库内其他表中存在不同注释（2种）。保留原始注释，训练时需带表上下文。
public,rs_enterprise_info_lsg,out_type,character varying,排渣方式,湖北省磷石膏尾矿库企业信息表：宜昌水环境,existing_comment,candidate_safe,low,字段已有注释，无同名字段冲突，可安全纳入训练候选。
public,rs_enterprise_info_lsg,design_storage,double precision,设计库容（单位：万立方米）,湖北省磷石膏尾矿库企业信息表：宜昌水环境,existing_comment,candidate_safe,low,字段已有注释，无同名字段冲突，可安全纳入训练候选。
public,rs_enterprise_info_lsg,existed_storage,double precision,现有堆量（单位：万立方米）,湖北省磷石膏尾矿库企业信息表：宜昌水环境,existing_comment,candidate_safe,low,字段已有注释，无同名字段冲突，可安全纳入训练候选。
public,rs_enterprise_info_lsg,floor_area,double precision,占地面积（单位平方公里）,湖北省磷石膏尾矿库企业信息表：宜昌水环境,existing_comment,candidate_safe,low,字段已有注释，无同名字段冲突，可安全纳入训练候选。
public,rs_enterprise_info_lsg,product_status,character varying,目前生产情况,湖北省磷石膏尾矿库企业信息表：宜昌水环境,existing_comment,candidate_safe,low,字段已有注释，无同名字段冲突，可安全纳入训练候选。
public,rs_enterprise_info_lsg,lon,double precision,经度,湖北省磷石膏尾矿库企业信息表：宜昌水环境,existing_comment,candidate_safe,low,字段已有注释，无同名字段冲突，可安全纳入训练候选。
public,rs_enterprise_info_lsg,lat,double precision,纬度,湖北省磷石膏尾矿库企业信息表：宜昌水环境,existing_comment,candidate_safe,low,字段已有注释，无同名字段冲突，可安全纳入训练候选。
public,rs_enterprise_info_lsg,create_by,bigint,创建人,湖北省磷石膏尾矿库企业信息表：宜昌水环境,existing_comment,candidate_with_conflict_warning,medium,字段名 create_by 在库内其他表中存在不同注释（4种）。保留原始注释，训练时需带表上下文。
public,rs_enterprise_info_lsg,create_time,timestamp without time zone,创建时间,湖北省磷石膏尾矿库企业信息表：宜昌水环境,existing_comment,candidate_with_conflict_warning,medium,字段名 create_time 在库内其他表中存在不同注释（2种）。保留原始注释，训练时需带表上下文。
public,rs_enterprise_info_lsg,update_by,bigint,更新人,湖北省磷石膏尾矿库企业信息表：宜昌水环境,existing_comment,candidate_with_conflict_warning,medium,字段名 update_by 在库内其他表中存在不同注释（5种）。保留原始注释，训练时需带表上下文。
public,rs_enterprise_info_lsg,update_time,timestamp without time zone,更新时间,湖北省磷石膏尾矿库企业信息表：宜昌水环境,existing_comment,candidate_with_conflict_warning,medium,字段名 update_time 在库内其他表中存在不同注释（2种）。保留原始注释，训练时需带表上下文。
public,rs_enterprise_info_lsg,del_flag,character,删除标记,湖北省磷石膏尾矿库企业信息表：宜昌水环境,existing_comment,candidate_with_conflict_warning,medium,字段名 del_flag 在库内其他表中存在不同注释（12种）。保留原始注释，训练时需带表上下文。
public,rs_enterprise_info_lsg,product_capacity,double precision,磷酸产能（万吨/年）,湖北省磷石膏尾矿库企业信息表：宜昌水环境,existing_comment,candidate_safe,low,字段已有注释，无同名字段冲突，可安全纳入训练候选。
public,rs_enterprise_info_wade,id,bigint,主键id,污染源自动监管涉水企业：宜昌水环境,existing_comment,candidate_with_conflict_warning,medium,字段名 id 在库内其他表中存在不同注释（10种）。保留原始注释，训练时需带表上下文。
public,rs_enterprise_info_wade,name,character varying,污染源名称,污染源自动监管涉水企业：宜昌水环境,existing_comment,candidate_with_conflict_warning,medium,字段名 name 在库内其他表中存在不同注释（14种）。保留原始注释，训练时需带表上下文。
public,rs_enterprise_info_wade,address,character varying,污染源地址,污染源自动监管涉水企业：宜昌水环境,existing_comment,candidate_with_conflict_warning,medium,字段名 address 在库内其他表中存在不同注释（5种）。保留原始注释，训练时需带表上下文。
public,rs_enterprise_info_wade,region_code,character varying,行政区编码,污染源自动监管涉水企业：宜昌水环境,existing_comment,candidate_with_conflict_warning,medium,字段名 region_code 在库内其他表中存在不同注释（4种）。保留原始注释，训练时需带表上下文。
public,rs_enterprise_info_wade,region_name,character varying,行政区名称,污染源自动监管涉水企业：宜昌水环境,existing_comment,candidate_with_conflict_warning,medium,字段名 region_name 在库内其他表中存在不同注释（2种）。保留原始注释，训练时需带表上下文。
public,rs_enterprise_info_wade,liaison,character varying,环保联系人,污染源自动监管涉水企业：宜昌水环境,existing_comment,candidate_with_conflict_warning,medium,字段名 liaison 在库内其他表中存在不同注释（2种）。保留原始注释，训练时需带表上下文。
public,rs_enterprise_info_wade,liaison_tel,character varying,环保联系人电话,污染源自动监管涉水企业：宜昌水环境,existing_comment,candidate_with_conflict_warning,medium,字段名 liaison_tel 在库内其他表中存在不同注释（2种）。保留原始注释，训练时需带表上下文。
public,rs_enterprise_info_wade,supervision_level,smallint,监管级别：0-一般、1-重点,污染源自动监管涉水企业：宜昌水环境,existing_comment,candidate_safe,low,字段已有注释，无同名字段冲突，可安全纳入训练候选。
public,rs_enterprise_info_wade,industry_type,character varying,行业类型,污染源自动监管涉水企业：宜昌水环境,existing_comment,candidate_safe,low,字段已有注释，无同名字段冲突，可安全纳入训练候选。
public,rs_enterprise_info_wade,lon,double precision,经度,污染源自动监管涉水企业：宜昌水环境,existing_comment,candidate_safe,low,字段已有注释，无同名字段冲突，可安全纳入训练候选。
public,rs_enterprise_info_wade,lat,double precision,纬度,污染源自动监管涉水企业：宜昌水环境,existing_comment,candidate_safe,low,字段已有注释，无同名字段冲突，可安全纳入训练候选。
public,rs_enterprise_info_wade,create_by,bigint,创建人,污染源自动监管涉水企业：宜昌水环境,existing_comment,candidate_with_conflict_warning,medium,字段名 create_by 在库内其他表中存在不同注释（4种）。保留原始注释，训练时需带表上下文。
public,rs_enterprise_info_wade,create_time,timestamp without time zone,创建时间,污染源自动监管涉水企业：宜昌水环境,existing_comment,candidate_with_conflict_warning,medium,字段名 create_time 在库内其他表中存在不同注释（2种）。保留原始注释，训练时需带表上下文。
public,rs_enterprise_info_wade,update_by,bigint,更新人,污染源自动监管涉水企业：宜昌水环境,existing_comment,candidate_with_conflict_warning,medium,字段名 update_by 在库内其他表中存在不同注释（5种）。保留原始注释，训练时需带表上下文。
public,rs_enterprise_info_wade,update_time,timestamp without time zone,更新时间,污染源自动监管涉水企业：宜昌水环境,existing_comment,candidate_with_conflict_warning,medium,字段名 update_time 在库内其他表中存在不同注释（2种）。保留原始注释，训练时需带表上下文。
public,rs_enterprise_info_wade,del_flag,character,删除标记,污染源自动监管涉水企业：宜昌水环境,existing_comment,candidate_with_conflict_warning,medium,字段名 del_flag 在库内其他表中存在不同注释（12种）。保留原始注释，训练时需带表上下文。
public,rs_industrial_info_yc,id,bigint,主键,工业园区环境监测数据表,existing_comment,candidate_with_conflict_warning,medium,字段名 id 在库内其他表中存在不同注释（10种）。保留原始注释，训练时需带表上下文。
public,rs_industrial_info_yc,name,character varying,名称,工业园区环境监测数据表,existing_comment,candidate_with_conflict_warning,medium,字段名 name 在库内其他表中存在不同注释（14种）。保留原始注释，训练时需带表上下文。
public,rs_industrial_info_yc,name_part,character varying,分园名称,工业园区环境监测数据表,existing_comment,candidate_safe,low,字段已有注释，无同名字段冲突，可安全纳入训练候选。
public,rs_industrial_info_yc,region_code,character varying,行政区划编码,工业园区环境监测数据表,existing_comment,candidate_with_conflict_warning,medium,字段名 region_code 在库内其他表中存在不同注释（4种）。保留原始注释，训练时需带表上下文。
public,rs_industrial_info_yc,region_name,character varying,行政区名称,工业园区环境监测数据表,existing_comment,candidate_with_conflict_warning,medium,字段名 region_name 在库内其他表中存在不同注释（2种）。保留原始注释，训练时需带表上下文。
public,rs_industrial_info_yc,park_level,integer,园区级别：0-未知、1-国家级、2-省级、3-市级,工业园区环境监测数据表,existing_comment,candidate_safe,low,字段已有注释，无同名字段冲突，可安全纳入训练候选。
public,rs_industrial_info_yc,lon,double precision,经度,工业园区环境监测数据表,existing_comment,candidate_safe,low,字段已有注释，无同名字段冲突，可安全纳入训练候选。
public,rs_industrial_info_yc,lat,double precision,纬度,工业园区环境监测数据表,existing_comment,candidate_safe,low,字段已有注释，无同名字段冲突，可安全纳入训练候选。
public,rs_industrial_info_yc,belong_watershed,character varying,所属流域,工业园区环境监测数据表,existing_comment,candidate_safe,low,字段已有注释，无同名字段冲突，可安全纳入训练候选。
public,rs_industrial_info_yc,is_within_1km_yangtze_mainstream,character varying,是否在长江干流岸线一公里范围内,工业园区环境监测数据表,existing_comment,candidate_safe,low,字段已有注释，无同名字段冲突，可安全纳入训练候选。
public,rs_industrial_info_yc,is_within_1km_yangtze_tributary,character varying,是否在长江重要支流岸线一公里范围内,工业园区环境监测数据表,existing_comment,candidate_safe,low,字段已有注释，无同名字段冲突，可安全纳入训练候选。
public,rs_industrial_info_yc,important_tributary,character varying,所属重要支流,工业园区环境监测数据表,existing_comment,candidate_safe,low,字段已有注释，无同名字段冲突，可安全纳入训练候选。
public,rs_industrial_info_yc,is_chemical_park,character varying,是否为化工园区,工业园区环境监测数据表,existing_comment,candidate_safe,low,字段已有注释，无同名字段冲突，可安全纳入训练候选。
public,rs_industrial_info_yc,park_development_status,character varying,园区发展现状,工业园区环境监测数据表,existing_comment,candidate_safe,low,字段已有注释，无同名字段冲突，可安全纳入训练候选。
public,rs_industrial_info_yc,leading_industry,text,主导产业,工业园区环境监测数据表,existing_comment,candidate_safe,low,字段已有注释，无同名字段冲突，可安全纳入训练候选。
public,rs_industrial_info_yc,total_industrial_output_value_10k_yuan,character varying,调度期内工业总产值（万元）,工业园区环境监测数据表,existing_comment,candidate_safe,low,字段已有注释，无同名字段冲突，可安全纳入训练候选。
public,rs_industrial_info_yc,industrial_value_added_10k_yuan,character varying,调度期内工业增加值（万元）,工业园区环境监测数据表,existing_comment,candidate_safe,low,字段已有注释，无同名字段冲突，可安全纳入训练候选。
public,rs_industrial_info_yc,industrial_land_area_sqkm,character varying,工业用地面积（平方千米）,工业园区环境监测数据表,existing_comment,candidate_safe,low,字段已有注释，无同名字段冲突，可安全纳入训练候选。
public,rs_industrial_info_yc,enterprises_above_designated_count,character varying,规上企业数量（个）,工业园区环境监测数据表,existing_comment,candidate_safe,low,字段已有注释，无同名字段冲突，可安全纳入训练候选。
public,rs_industrial_info_yc,cumulative_investment_wastewater_treatment_10k_yuan,character varying,工业园区对污水集中处理设施累计投资（万元）,工业园区环境监测数据表,existing_comment,candidate_safe,low,字段已有注释，无同名字段冲突，可安全纳入训练候选。
public,rs_industrial_info_yc,cumulative_investment_sewer_network_10k_yuan,character varying,工业园区对污水管网累计投资（万元）,工业园区环境监测数据表,existing_comment,candidate_safe,low,字段已有注释，无同名字段冲突，可安全纳入训练候选。
public,rs_industrial_info_yc,sewer_network_length_km,character varying,污水管网长度（千米）,工业园区环境监测数据表,existing_comment,candidate_safe,low,字段已有注释，无同名字段冲突，可安全纳入训练候选。
public,rs_industrial_info_yc,new_sewer_network_length_km,character varying,新增管网长度（千米）,工业园区环境监测数据表,existing_comment,candidate_safe,low,字段已有注释，无同名字段冲突，可安全纳入训练候选。
public,rs_industrial_info_yc,park_drainage_status,character varying,工业园区排水现状,工业园区环境监测数据表,existing_comment,candidate_safe,low,字段已有注释，无同名字段冲突，可安全纳入训练候选。
public,rs_industrial_info_yc,sewer_inspection_rectification_since_2020,text,2020年以来污水管网排查整治情况管网排查情况,工业园区环境监测数据表,existing_comment,candidate_safe,low,字段已有注释，无同名字段冲突，可安全纳入训练候选。
public,rs_industrial_info_yc,sewer_inspection_length_km,character varying,管网排查长度（千米）,工业园区环境监测数据表,existing_comment,candidate_safe,low,字段已有注释，无同名字段冲突，可安全纳入训练候选。
public,rs_industrial_info_yc,treatment_facility_name,character varying,污水处理设施名称,工业园区环境监测数据表,existing_comment,candidate_safe,low,字段已有注释，无同名字段冲突，可安全纳入训练候选。
public,rs_industrial_info_yc,pollution_discharge_permit_code,character varying,排污许可证编码,工业园区环境监测数据表,existing_comment,candidate_safe,low,字段已有注释，无同名字段冲突，可安全纳入训练候选。
public,rs_industrial_info_yc,treatment_facility_type,character varying,污水处理设施类型,工业园区环境监测数据表,existing_comment,candidate_safe,low,字段已有注释，无同名字段冲突，可安全纳入训练候选。
public,rs_industrial_info_yc,treatment_cost_yuan_per_ton,character varying,吨水处理费用（元/吨）,工业园区环境监测数据表,existing_comment,candidate_safe,low,字段已有注释，无同名字段冲突，可安全纳入训练候选。
public,rs_industrial_info_yc,is_industrial_wastewater_pipe_access_assessment,character varying,（排入城镇污水集中处理设施）是否开展园区工业废水纳管评估,工业园区环境监测数据表,existing_comment,candidate_safe,low,字段已有注释，无同名字段冲突，可安全纳入训练候选。
public,rs_industrial_info_yc,designed_treatment_capacity_10k_tons_per_day,character varying,设计处理能力（万吨/日）,工业园区环境监测数据表,existing_comment,candidate_safe,low,字段已有注释，无同名字段冲突，可安全纳入训练候选。
public,rs_industrial_info_yc,actual_treatment_volume_10k_tons,character varying,实际处理水量（万吨）,工业园区环境监测数据表,existing_comment,candidate_safe,low,字段已有注释，无同名字段冲突，可安全纳入训练候选。
public,rs_industrial_info_yc,treatment_process_name,character varying,污水处理工艺名称,工业园区环境监测数据表,existing_comment,candidate_safe,low,字段已有注释，无同名字段冲突，可安全纳入训练候选。
public,rs_industrial_info_yc,emission_standard,character varying,执行排放标准,工业园区环境监测数据表,existing_comment,candidate_with_conflict_warning,medium,字段名 emission_standard 在库内其他表中存在不同注释（2种）。保留原始注释，训练时需带表上下文。
public,rs_industrial_info_yc,designed_influent_cod_mg_l,character varying,设计进水浓度（COD）,工业园区环境监测数据表,existing_comment,candidate_safe,low,字段已有注释，无同名字段冲突，可安全纳入训练候选。
public,rs_industrial_info_yc,designed_influent_ammonia_nitrogen_mg_l,character varying,设计进水浓度（氨氮）,工业园区环境监测数据表,existing_comment,candidate_safe,low,字段已有注释，无同名字段冲突，可安全纳入训练候选。
public,rs_industrial_info_yc,influent_cod_daily_avg_mg_l,character varying,进水COD日均值（mg/L）,工业园区环境监测数据表,existing_comment,candidate_safe,low,字段已有注释，无同名字段冲突，可安全纳入训练候选。
public,rs_industrial_info_yc,influent_ammonia_nitrogen_daily_avg_mg_l,character varying,进水氨氮日均值（mg/L）,工业园区环境监测数据表,existing_comment,candidate_safe,low,字段已有注释，无同名字段冲突，可安全纳入训练候选。
public,rs_industrial_info_yc,influent_total_nitrogen_daily_avg_mg_l,character varying,进水总氮日均值（mg/L）,工业园区环境监测数据表,existing_comment,candidate_safe,low,字段已有注释，无同名字段冲突，可安全纳入训练候选。
public,rs_industrial_info_yc,influent_total_phosphorus_daily_avg_mg_l,character varying,进水总磷日均值（mg/L）,工业园区环境监测数据表,existing_comment,candidate_safe,low,字段已有注释，无同名字段冲突，可安全纳入训练候选。
public,rs_industrial_info_yc,effluent_cod_daily_avg_mg_l,character varying,出水COD日均值（mg/L）,工业园区环境监测数据表,existing_comment,candidate_safe,low,字段已有注释，无同名字段冲突，可安全纳入训练候选。
public,rs_industrial_info_yc,effluent_ammonia_nitrogen_daily_avg_mg_l,character varying,出水氨氮日均值（mg/L）,工业园区环境监测数据表,existing_comment,candidate_safe,low,字段已有注释，无同名字段冲突，可安全纳入训练候选。
public,rs_industrial_info_yc,effluent_total_nitrogen_daily_avg_mg_l,character varying,出水总氮日均值（mg/L）,工业园区环境监测数据表,existing_comment,candidate_safe,low,字段已有注释，无同名字段冲突，可安全纳入训练候选。
public,rs_industrial_info_yc,effluent_total_phosphorus_daily_avg_mg_l,character varying,出水总磷日均值（mg/L）,工业园区环境监测数据表,existing_comment,candidate_safe,low,字段已有注释，无同名字段冲突，可安全纳入训练候选。
public,rs_industrial_info_yc,is_key_pollution_source,character varying,是否重点排污单位,工业园区环境监测数据表,existing_comment,candidate_safe,low,字段已有注释，无同名字段冲突，可安全纳入训练候选。
public,rs_industrial_info_yc,ecology_dept_networking_influent_effluent,character varying,与生态环境部门联网情况（进出水）,工业园区环境监测数据表,existing_comment,candidate_safe,low,字段已有注释，无同名字段冲突，可安全纳入训练候选。
public,rs_industrial_info_yc,auto_monitoring_system_level,character varying,重点污染源自动监控系统（部、省、市、县）,工业园区环境监测数据表,existing_comment,candidate_safe,low,字段已有注释，无同名字段冲突，可安全纳入训练候选。
public,rs_industrial_info_yc,auto_monitoring_compliance_rate_pct,character varying,自动在线监控达标率（%）,工业园区环境监测数据表,existing_comment,candidate_safe,low,字段已有注释，无同名字段冲突，可安全纳入训练候选。
public,rs_industrial_info_yc,manual_monitoring_compliance_rate_pct,character varying,手工监测达标率（%）,工业园区环境监测数据表,existing_comment,candidate_safe,low,字段已有注释，无同名字段冲突，可安全纳入训练候选。
public,rs_industrial_info_yc,exceedance_factor_and_multiplier,character varying,超标因子及超标倍数,工业园区环境监测数据表,existing_comment,candidate_safe,low,字段已有注释，无同名字段冲突，可安全纳入训练候选。
public,rs_industrial_info_yc,exceedance_days,character varying,超标天数,工业园区环境监测数据表,existing_comment,candidate_safe,low,字段已有注释，无同名字段冲突，可安全纳入训练候选。
public,rs_industrial_info_yc,exceedance_reason,text,超标原因,工业园区环境监测数据表,existing_comment,candidate_safe,low,字段已有注释，无同名字段冲突，可安全纳入训练候选。
public,rs_industrial_info_yc,treatment_plant_power_consumption_kwh,character varying,污水厂耗电量,工业园区环境监测数据表,existing_comment,candidate_safe,low,字段已有注释，无同名字段冲突，可安全纳入训练候选。
public,rs_industrial_info_yc,is_photovoltaic_station_built,character varying,是否建设光伏电站,工业园区环境监测数据表,existing_comment,candidate_safe,low,字段已有注释，无同名字段冲突，可安全纳入训练候选。
public,rs_industrial_info_yc,chemical_addition_type,character varying,药剂添加类型,工业园区环境监测数据表,existing_comment,candidate_safe,low,字段已有注释，无同名字段冲突，可安全纳入训练候选。
public,rs_industrial_info_yc,chemical_addition_quantity_tons,character varying,药剂添加数量（吨）,工业园区环境监测数据表,existing_comment,candidate_safe,low,字段已有注释，无同名字段冲突，可安全纳入训练候选。
public,rs_industrial_info_yc,is_precision_aeration,character varying,是否精准曝气,工业园区环境监测数据表,existing_comment,candidate_safe,low,字段已有注释，无同名字段冲突，可安全纳入训练候选。
public,rs_industrial_info_yc,is_negotiated_pipe_access_standard,character varying,园区企业与污水处理厂是否协商制定纳管标准,工业园区环境监测数据表,existing_comment,candidate_safe,low,字段已有注释，无同名字段冲突，可安全纳入训练候选。
public,rs_industrial_info_yc,system_issues,text,系统上存在的问题,工业园区环境监测数据表,existing_comment,candidate_safe,low,字段已有注释，无同名字段冲突，可安全纳入训练候选。
public,rs_industrial_info_yc,rectification_status,text,整改情况,工业园区环境监测数据表,existing_comment,candidate_safe,low,字段已有注释，无同名字段冲突，可安全纳入训练候选。
public,rs_industrial_info_yc_bak0305,name,character varying,名称,,existing_comment,candidate_with_conflict_warning,medium,字段名 name 在库内其他表中存在不同注释（14种）。保留原始注释，训练时需带表上下文。
public,rs_industrial_info_yc_bak0305,name_part,character varying,分园名称,,existing_comment,candidate_safe,low,字段已有注释，无同名字段冲突，可安全纳入训练候选。
public,rs_industrial_info_yc_bak0305,region_code,character varying,行政区划编码,,existing_comment,candidate_with_conflict_warning,medium,字段名 region_code 在库内其他表中存在不同注释（4种）。保留原始注释，训练时需带表上下文。
public,rs_industrial_info_yc_bak0305,region_name,character varying,行政区名称,,existing_comment,candidate_with_conflict_warning,medium,字段名 region_name 在库内其他表中存在不同注释（2种）。保留原始注释，训练时需带表上下文。
public,rs_industrial_info_yc_bak0305,park_level,character,园区级别：0-未知、1-国家级、2-省级、3-市级,,existing_comment,candidate_safe,low,字段已有注释，无同名字段冲突，可安全纳入训练候选。
public,rs_industrial_info_yc_bak0305,lon,double precision,经度,,existing_comment,candidate_safe,low,字段已有注释，无同名字段冲突，可安全纳入训练候选。
public,rs_industrial_info_yc_bak0305,lat,double precision,纬度,,existing_comment,candidate_safe,low,字段已有注释，无同名字段冲突，可安全纳入训练候选。
public,rs_livestock_info_yc,id,bigint,主键id,规模化畜禽养殖场-宜昌水环境,existing_comment,candidate_with_conflict_warning,medium,字段名 id 在库内其他表中存在不同注释（10种）。保留原始注释，训练时需带表上下文。
public,rs_livestock_info_yc,name,character varying,养殖场名称,规模化畜禽养殖场-宜昌水环境,existing_comment,candidate_with_conflict_warning,medium,字段名 name 在库内其他表中存在不同注释（14种）。保留原始注释，训练时需带表上下文。
public,rs_livestock_info_yc,name_old,character varying,曾用名,规模化畜禽养殖场-宜昌水环境,existing_comment,candidate_safe,low,字段已有注释，无同名字段冲突，可安全纳入训练候选。
public,rs_livestock_info_yc,representative,character varying,法定代表人,规模化畜禽养殖场-宜昌水环境,existing_comment,candidate_safe,low,字段已有注释，无同名字段冲突，可安全纳入训练候选。
public,rs_livestock_info_yc,community_code,character varying,普查小区代码,规模化畜禽养殖场-宜昌水环境,existing_comment,candidate_safe,low,字段已有注释，无同名字段冲突，可安全纳入训练候选。
public,rs_livestock_info_yc,year,character varying,年份,规模化畜禽养殖场-宜昌水环境,existing_comment,candidate_safe,low,字段已有注释，无同名字段冲突，可安全纳入训练候选。
public,rs_livestock_info_yc,credit_code,character varying,统一社会信用代码,规模化畜禽养殖场-宜昌水环境,existing_comment,candidate_with_conflict_warning,medium,字段名 credit_code 在库内其他表中存在不同注释（2种）。保留原始注释，训练时需带表上下文。
public,rs_livestock_info_yc,organize_code,character varying,组织机构代码,规模化畜禽养殖场-宜昌水环境,existing_comment,candidate_safe,low,字段已有注释，无同名字段冲突，可安全纳入训练候选。
public,rs_livestock_info_yc,city,character varying,市,规模化畜禽养殖场-宜昌水环境,existing_comment,candidate_with_conflict_warning,medium,字段名 city 在库内其他表中存在不同注释（4种）。保留原始注释，训练时需带表上下文。
public,rs_livestock_info_yc,county,character varying,县,规模化畜禽养殖场-宜昌水环境,existing_comment,candidate_with_conflict_warning,medium,字段名 county 在库内其他表中存在不同注释（3种）。保留原始注释，训练时需带表上下文。
public,rs_livestock_info_yc,town,character varying,乡镇,规模化畜禽养殖场-宜昌水环境,existing_comment,candidate_safe,low,字段已有注释，无同名字段冲突，可安全纳入训练候选。
public,rs_livestock_info_yc,village,character varying,村、街、门牌号,规模化畜禽养殖场-宜昌水环境,existing_comment,candidate_safe,low,字段已有注释，无同名字段冲突，可安全纳入训练候选。
public,rs_livestock_info_yc,region_code,character varying,行政区编码,规模化畜禽养殖场-宜昌水环境,existing_comment,candidate_with_conflict_warning,medium,字段名 region_code 在库内其他表中存在不同注释（4种）。保留原始注释，训练时需带表上下文。
public,rs_livestock_info_yc,region_name,character varying,行政区名称,规模化畜禽养殖场-宜昌水环境,existing_comment,candidate_with_conflict_warning,medium,字段名 region_name 在库内其他表中存在不同注释（2种）。保留原始注释，训练时需带表上下文。
public,rs_livestock_info_yc,liaison,character varying,联系人,规模化畜禽养殖场-宜昌水环境,existing_comment,candidate_with_conflict_warning,medium,字段名 liaison 在库内其他表中存在不同注释（2种）。保留原始注释，训练时需带表上下文。
public,rs_livestock_info_yc,liaison_tel,character varying,联系人电话,规模化畜禽养殖场-宜昌水环境,existing_comment,candidate_with_conflict_warning,medium,字段名 liaison_tel 在库内其他表中存在不同注释（2种）。保留原始注释，训练时需带表上下文。
public,rs_livestock_info_yc,livestock_type,character varying,养殖类型,规模化畜禽养殖场-宜昌水环境,existing_comment,candidate_safe,low,字段已有注释，无同名字段冲突，可安全纳入训练候选。
public,rs_livestock_info_yc,clean_type,character varying,圈舍清理方式,规模化畜禽养殖场-宜昌水环境,existing_comment,candidate_safe,low,字段已有注释，无同名字段冲突，可安全纳入训练候选。
public,rs_livestock_info_yc,intake_type,character varying,圈舍通风方式,规模化畜禽养殖场-宜昌水环境,existing_comment,candidate_safe,low,字段已有注释，无同名字段冲突，可安全纳入训练候选。
public,rs_livestock_info_yc,water_store_type,character varying,原水存储设施类型,规模化畜禽养殖场-宜昌水环境,existing_comment,candidate_safe,low,字段已有注释，无同名字段冲突，可安全纳入训练候选。
public,rs_livestock_info_yc,water_store_outlet,character varying,原水存储设施池口方式,规模化畜禽养殖场-宜昌水环境,existing_comment,candidate_safe,low,字段已有注释，无同名字段冲突，可安全纳入训练候选。
public,rs_livestock_info_yc,water_store_area,double precision,原水存储设施池口面积（平方米）,规模化畜禽养殖场-宜昌水环境,existing_comment,candidate_safe,low,字段已有注释，无同名字段冲突，可安全纳入训练候选。
public,rs_livestock_info_yc,water_store_volume,double precision,原水存储设施池口体积（立方米）,规模化畜禽养殖场-宜昌水环境,existing_comment,candidate_safe,low,字段已有注释，无同名字段冲突，可安全纳入训练候选。
public,rs_livestock_info_yc,n_technique_1,character varying,尿液废水处理工艺,规模化畜禽养殖场-宜昌水环境,existing_comment,candidate_safe,low,字段已有注释，无同名字段冲突，可安全纳入训练候选。
public,rs_livestock_info_yc,n_technique_2,character varying,尿液废水处理工艺其他,规模化畜禽养殖场-宜昌水环境,existing_comment,candidate_safe,low,字段已有注释，无同名字段冲突，可安全纳入训练候选。
public,rs_livestock_info_yc,n_facility_1,character varying,尿液废水处理设施,规模化畜禽养殖场-宜昌水环境,existing_comment,candidate_safe,low,字段已有注释，无同名字段冲突，可安全纳入训练候选。
public,rs_livestock_info_yc,n_facility_2,character varying,尿液废水处理设施其他,规模化畜禽养殖场-宜昌水环境,existing_comment,candidate_safe,low,字段已有注释，无同名字段冲突，可安全纳入训练候选。
public,rs_livestock_info_yc,n_deal_use_scale,character varying,尿液废水处理利用方式及比例,规模化畜禽养殖场-宜昌水环境,existing_comment,candidate_safe,low,字段已有注释，无同名字段冲突，可安全纳入训练候选。
public,rs_livestock_info_yc,n_scale_1,double precision,尿液废水处理_肥水利用比例,规模化畜禽养殖场-宜昌水环境,existing_comment,candidate_safe,low,字段已有注释，无同名字段冲突，可安全纳入训练候选。
public,rs_livestock_info_yc,n_scale_2,double precision,尿液废水处理_沼液还田比例,规模化畜禽养殖场-宜昌水环境,existing_comment,candidate_safe,low,字段已有注释，无同名字段冲突，可安全纳入训练候选。
public,rs_livestock_info_yc,n_scale_3,double precision,尿液废水处理_场内生产液体有机肥比例,规模化畜禽养殖场-宜昌水环境,existing_comment,candidate_safe,low,字段已有注释，无同名字段冲突，可安全纳入训练候选。
public,rs_livestock_info_yc,n_scale_4,double precision,尿液废水处理_异位发酵床比例,规模化畜禽养殖场-宜昌水环境,existing_comment,candidate_safe,low,字段已有注释，无同名字段冲突，可安全纳入训练候选。
public,rs_livestock_info_yc,n_scale_5,double precision,尿液废水处理_鱼塘养殖比例,规模化畜禽养殖场-宜昌水环境,existing_comment,candidate_safe,low,字段已有注释，无同名字段冲突，可安全纳入训练候选。
public,rs_livestock_info_yc,n_scale_6,double precision,尿液废水处理_场区循环利用比例,规模化畜禽养殖场-宜昌水环境,existing_comment,candidate_safe,low,字段已有注释，无同名字段冲突，可安全纳入训练候选。
public,rs_livestock_info_yc,n_scale_7,double precision,尿液废水处理_委托处理比例,规模化畜禽养殖场-宜昌水环境,existing_comment,candidate_safe,low,字段已有注释，无同名字段冲突，可安全纳入训练候选。
public,rs_livestock_info_yc,n_scale_8,double precision,尿液废水处理_达标排放比例,规模化畜禽养殖场-宜昌水环境,existing_comment,candidate_safe,low,字段已有注释，无同名字段冲突，可安全纳入训练候选。
public,rs_livestock_info_yc,n_scale_9,double precision,尿液废水处理_直接排放比例,规模化畜禽养殖场-宜昌水环境,existing_comment,candidate_safe,low,字段已有注释，无同名字段冲突，可安全纳入训练候选。
public,rs_livestock_info_yc,n_scale_10,double precision,尿液废水处理_其他,规模化畜禽养殖场-宜昌水环境,existing_comment,candidate_safe,low,字段已有注释，无同名字段冲突，可安全纳入训练候选。
public,rs_livestock_info_yc,f_store_flag1,smallint,粪便存储设施是否防水,规模化畜禽养殖场-宜昌水环境,existing_comment,candidate_safe,low,字段已有注释，无同名字段冲突，可安全纳入训练候选。
public,rs_livestock_info_yc,f_store_flag2,smallint,粪便存储设施是否防渗,规模化畜禽养殖场-宜昌水环境,existing_comment,candidate_safe,low,字段已有注释，无同名字段冲突，可安全纳入训练候选。
public,rs_livestock_info_yc,f_store_volume,double precision,粪便存储设施容积_立方米,规模化畜禽养殖场-宜昌水环境,existing_comment,candidate_safe,low,字段已有注释，无同名字段冲突，可安全纳入训练候选。
public,rs_livestock_info_yc,f_technique_1,character varying,粪便处理工艺,规模化畜禽养殖场-宜昌水环境,existing_comment,candidate_safe,low,字段已有注释，无同名字段冲突，可安全纳入训练候选。
public,rs_livestock_info_yc,f_technique_2,character varying,粪便处理工艺其他,规模化畜禽养殖场-宜昌水环境,existing_comment,candidate_safe,low,字段已有注释，无同名字段冲突，可安全纳入训练候选。
public,rs_livestock_info_yc,f_deal_use_scale,character varying,粪便处理利用方式及比例,规模化畜禽养殖场-宜昌水环境,existing_comment,candidate_safe,low,字段已有注释，无同名字段冲突，可安全纳入训练候选。
public,rs_livestock_info_yc,f_scale_1,double precision,粪便处理利用_农家肥比例,规模化畜禽养殖场-宜昌水环境,existing_comment,candidate_safe,low,字段已有注释，无同名字段冲突，可安全纳入训练候选。
public,rs_livestock_info_yc,f_scale_2,double precision,粪便处理利用_场内生产有机肥比例,规模化畜禽养殖场-宜昌水环境,existing_comment,candidate_safe,low,字段已有注释，无同名字段冲突，可安全纳入训练候选。
public,rs_livestock_info_yc,f_scale_3,double precision,粪便处理利用_沼泽还田比例,规模化畜禽养殖场-宜昌水环境,existing_comment,candidate_safe,low,字段已有注释，无同名字段冲突，可安全纳入训练候选。
public,rs_livestock_info_yc,f_scale_4,double precision,粪便处理利用_生产牛床垫料比例,规模化畜禽养殖场-宜昌水环境,existing_comment,candidate_safe,low,字段已有注释，无同名字段冲突，可安全纳入训练候选。
public,rs_livestock_info_yc,f_scale_5,double precision,粪便处理利用_作为栽培基质比例,规模化畜禽养殖场-宜昌水环境,existing_comment,candidate_safe,low,字段已有注释，无同名字段冲突，可安全纳入训练候选。
public,rs_livestock_info_yc,f_scale_6,double precision,粪便处理利用_作为燃料比例,规模化畜禽养殖场-宜昌水环境,existing_comment,candidate_safe,low,字段已有注释，无同名字段冲突，可安全纳入训练候选。
public,rs_livestock_info_yc,f_scale_7,double precision,粪便处理利用_鱼塘养殖比例,规模化畜禽养殖场-宜昌水环境,existing_comment,candidate_safe,low,字段已有注释，无同名字段冲突，可安全纳入训练候选。
public,rs_livestock_info_yc,f_scale_8,double precision,粪便处理利用_委托处理比例,规模化畜禽养殖场-宜昌水环境,existing_comment,candidate_safe,low,字段已有注释，无同名字段冲突，可安全纳入训练候选。
public,rs_livestock_info_yc,f_scale_9,double precision,粪便处理利用_场外丢弃比例,规模化畜禽养殖场-宜昌水环境,existing_comment,candidate_safe,low,字段已有注释，无同名字段冲突，可安全纳入训练候选。
public,rs_livestock_info_yc,f_scale_10,double precision,粪便处理利用_其他方式,规模化畜禽养殖场-宜昌水环境,existing_comment,candidate_safe,low,字段已有注释，无同名字段冲突，可安全纳入训练候选。
public,rs_livestock_info_yc,water_name,character varying,受纳水体名称,规模化畜禽养殖场-宜昌水环境,existing_comment,candidate_safe,low,字段已有注释，无同名字段冲突，可安全纳入训练候选。
public,rs_livestock_info_yc,water_code,character varying,受纳水体代码,规模化畜禽养殖场-宜昌水环境,existing_comment,candidate_safe,low,字段已有注释，无同名字段冲突，可安全纳入训练候选。
public,rs_livestock_info_yc,glbh_flag,smallint,养殖场是否有锅炉,规模化畜禽养殖场-宜昌水环境,existing_comment,candidate_safe,low,字段已有注释，无同名字段冲突，可安全纳入训练候选。
public,rs_livestock_info_yc,fzr,character varying,单位负责人,规模化畜禽养殖场-宜昌水环境,existing_comment,candidate_safe,low,字段已有注释，无同名字段冲突，可安全纳入训练候选。
public,rs_livestock_info_yc,tjr,character varying,统计负责人,规模化畜禽养殖场-宜昌水环境,existing_comment,candidate_safe,low,字段已有注释，无同名字段冲突，可安全纳入训练候选。
public,rs_livestock_info_yc,shr,character varying,审核人,规模化畜禽养殖场-宜昌水环境,existing_comment,candidate_safe,low,字段已有注释，无同名字段冲突，可安全纳入训练候选。
public,rs_livestock_info_yc,bcrq,timestamp without time zone,报出日期,规模化畜禽养殖场-宜昌水环境,existing_comment,candidate_safe,low,字段已有注释，无同名字段冲突，可安全纳入训练候选。
public,rs_livestock_info_yc,lon,double precision,经度,规模化畜禽养殖场-宜昌水环境,existing_comment,candidate_safe,low,字段已有注释，无同名字段冲突，可安全纳入训练候选。
public,rs_livestock_info_yc,lat,double precision,纬度,规模化畜禽养殖场-宜昌水环境,existing_comment,candidate_safe,low,字段已有注释，无同名字段冲突，可安全纳入训练候选。
public,rs_livestock_info_yc,create_by,bigint,创建人,规模化畜禽养殖场-宜昌水环境,existing_comment,candidate_with_conflict_warning,medium,字段名 create_by 在库内其他表中存在不同注释（4种）。保留原始注释，训练时需带表上下文。
public,rs_livestock_info_yc,create_time,timestamp without time zone,创建时间,规模化畜禽养殖场-宜昌水环境,existing_comment,candidate_with_conflict_warning,medium,字段名 create_time 在库内其他表中存在不同注释（2种）。保留原始注释，训练时需带表上下文。
public,rs_livestock_info_yc,update_by,bigint,更新人,规模化畜禽养殖场-宜昌水环境,existing_comment,candidate_with_conflict_warning,medium,字段名 update_by 在库内其他表中存在不同注释（5种）。保留原始注释，训练时需带表上下文。
public,rs_livestock_info_yc,update_time,timestamp without time zone,更新时间,规模化畜禽养殖场-宜昌水环境,existing_comment,candidate_with_conflict_warning,medium,字段名 update_time 在库内其他表中存在不同注释（2种）。保留原始注释，训练时需带表上下文。
public,rs_livestock_info_yc,del_flag,character,删除标记,规模化畜禽养殖场-宜昌水环境,existing_comment,candidate_with_conflict_warning,medium,字段名 del_flag 在库内其他表中存在不同注释（12种）。保留原始注释，训练时需带表上下文。
public,rs_outlet,id,bigint,主键id,排污口信息表,existing_comment,candidate_with_conflict_warning,medium,字段名 id 在库内其他表中存在不同注释（10种）。保留原始注释，训练时需带表上下文。
public,rs_outlet,area_code,character varying,行政区代码,排污口信息表,existing_comment,candidate_safe,low,字段已有注释，无同名字段冲突，可安全纳入训练候选。
public,rs_outlet,area_name,character varying,行政区名称：乡镇（街道）,排污口信息表,existing_comment,candidate_safe,low,字段已有注释，无同名字段冲突，可安全纳入训练候选。
public,rs_outlet,county_name,character varying,县(区)名称,排污口信息表,existing_comment,candidate_safe,low,字段已有注释，无同名字段冲突，可安全纳入训练候选。
public,rs_outlet,outlet_code,character varying,排污口编码：国家级,排污口信息表,existing_comment,candidate_safe,low,字段已有注释，无同名字段冲突，可安全纳入训练候选。
public,rs_outlet,outlet_name,character varying,排污口名称,排污口信息表,existing_comment,candidate_safe,low,字段已有注释，无同名字段冲突，可安全纳入训练候选。
public,rs_outlet,river_basin,character varying,流域名称,排污口信息表,existing_comment,candidate_safe,low,字段已有注释，无同名字段冲突，可安全纳入训练候选。
public,rs_outlet,outlet_address,character varying,排污口地址,排污口信息表,existing_comment,candidate_safe,low,字段已有注释，无同名字段冲突，可安全纳入训练候选。
public,rs_outlet,outlet_lon,double precision,排污口经度,排污口信息表,existing_comment,candidate_safe,low,字段已有注释，无同名字段冲突，可安全纳入训练候选。
public,rs_outlet,outlet_lat,double precision,排污口纬度,排污口信息表,existing_comment,candidate_safe,low,字段已有注释，无同名字段冲突，可安全纳入训练候选。
public,rs_outlet,catalog_level_1,character varying,排污口分类-一级分类,排污口信息表,existing_comment,candidate_safe,low,字段已有注释，无同名字段冲突，可安全纳入训练候选。
public,rs_outlet,catalog_level_2,character varying,排污口分类-二级分类,排污口信息表,existing_comment,candidate_safe,low,字段已有注释，无同名字段冲突，可安全纳入训练候选。
public,rs_outlet,catalog_level_3,character varying,排污口分类-三级分类,排污口信息表,existing_comment,candidate_safe,low,字段已有注释，无同名字段冲突，可安全纳入训练候选。
public,rs_outlet,river_system,character varying,所属水系,排污口信息表,existing_comment,candidate_safe,low,字段已有注释，无同名字段冲突，可安全纳入训练候选。
public,rs_outlet,outlet_owner_river,character varying,排出口归属水系,排污口信息表,existing_comment,candidate_safe,low,字段已有注释，无同名字段冲突，可安全纳入训练候选。
public,rs_outlet,is_flow_lake,character,是否入湖河流,排污口信息表,existing_comment,candidate_safe,low,字段已有注释，无同名字段冲突，可安全纳入训练候选。
public,rs_outlet,lake_name,character varying,湖泊名称,排污口信息表,existing_comment,candidate_safe,low,字段已有注释，无同名字段冲突，可安全纳入训练候选。
public,rs_outlet,is_key_river,character,是否为重点河湖,排污口信息表,existing_comment,candidate_safe,low,字段已有注释，无同名字段冲突，可安全纳入训练候选。
public,rs_outlet,key_river_name,character varying,重点河名称,排污口信息表,existing_comment,candidate_with_conflict_warning,medium,字段名 key_river_name 在库内其他表中存在不同注释（2种）。保留原始注释，训练时需带表上下文。
public,rs_outlet,is_water_function,character,是否位于水功能区,排污口信息表,existing_comment,candidate_safe,low,字段已有注释，无同名字段冲突，可安全纳入训练候选。
public,rs_outlet,water_function_level1,character varying,一级水功能区名称,排污口信息表,existing_comment,candidate_safe,low,字段已有注释，无同名字段冲突，可安全纳入训练候选。
public,rs_outlet,water_quality_target1,character varying,水功能区水质目标,排污口信息表,existing_comment,candidate_safe,low,字段已有注释，无同名字段冲突，可安全纳入训练候选。
public,rs_outlet,water_function_level2,character varying,二级水功能区名称,排污口信息表,existing_comment,candidate_safe,low,字段已有注释，无同名字段冲突，可安全纳入训练候选。
public,rs_outlet,water_quality_target2,character varying,二级水功能区水质目标,排污口信息表,existing_comment,candidate_safe,low,字段已有注释，无同名字段冲突，可安全纳入训练候选。
public,rs_outlet,is_water_environment,character,是否位于水环境功能区,排污口信息表,existing_comment,candidate_safe,low,字段已有注释，无同名字段冲突，可安全纳入训练候选。
public,rs_outlet,water_enviroment_function,character varying,水环境功能区名称,排污口信息表,existing_comment,candidate_safe,low,字段已有注释，无同名字段冲突，可安全纳入训练候选。
public,rs_outlet,water_enviroment_target,character varying,水环境功能区目标,排污口信息表,existing_comment,candidate_safe,low,字段已有注释，无同名字段冲突，可安全纳入训练候选。
public,rs_outlet,country_section_name,character varying,国控断面名称,排污口信息表,existing_comment,candidate_safe,low,字段已有注释，无同名字段冲突，可安全纳入训练候选。
public,rs_outlet,province_section_name,character varying,省控断面名称,排污口信息表,existing_comment,candidate_safe,low,字段已有注释，无同名字段冲突，可安全纳入训练候选。
public,rs_outlet,city_section_name,character varying,市控断面名称,排污口信息表,existing_comment,candidate_safe,low,字段已有注释，无同名字段冲突，可安全纳入训练候选。
public,rs_outlet,river_info,character varying,河长信息,排污口信息表,existing_comment,candidate_safe,low,字段已有注释，无同名字段冲突，可安全纳入训练候选。
public,rs_outlet,outlet_shape,character varying,口门形态（明渠、管道、泵站、涵闸、闸泵联用、箱涵、潜没、其他，单选）,排污口信息表,existing_comment,candidate_safe,low,字段已有注释，无同名字段冲突，可安全纳入训练候选。
public,rs_outlet,drain_feature,character varying,排水特征（排水、无水、有死水、闸断、不确定，单选）,排污口信息表,existing_comment,candidate_safe,low,字段已有注释，无同名字段冲突，可安全纳入训练候选。
public,rs_outlet,is_drain_abnormal,character,有无异常状况（有、无）,排污口信息表,existing_comment,candidate_safe,low,字段已有注释，无同名字段冲突，可安全纳入训练候选。
public,rs_outlet,drain_abnormal_desc,character varying,异常状况说明,排污口信息表,existing_comment,candidate_safe,low,字段已有注释，无同名字段冲突，可安全纳入训练候选。
public,rs_outlet,is_monitor_sample,character,是否监测采样,排污口信息表,existing_comment,candidate_safe,low,字段已有注释，无同名字段冲突，可安全纳入训练候选。
public,rs_outlet,primary_obligor,character varying,主要责任主体名称,排污口信息表,existing_comment,candidate_safe,low,字段已有注释，无同名字段冲突，可安全纳入训练候选。
public,rs_outlet,primary_obligor_address,character varying,主要责任体详细地址,排污口信息表,existing_comment,candidate_safe,low,字段已有注释，无同名字段冲突，可安全纳入训练候选。
public,rs_outlet,other_obligor,character varying,其他责任主体名称（多个用英文逗号拼接）,排污口信息表,existing_comment,candidate_safe,low,字段已有注释，无同名字段冲突，可安全纳入训练候选。
public,rs_outlet,primary_obligor_lon,double precision,主要责任体经度,排污口信息表,existing_comment,candidate_safe,low,字段已有注释，无同名字段冲突，可安全纳入训练候选。
public,rs_outlet,primary_obligor_lat,double precision,主要责任体纬度,排污口信息表,existing_comment,candidate_safe,low,字段已有注释，无同名字段冲突，可安全纳入训练候选。
public,rs_outlet,primary_obligor_contact,character varying,主要责任主体联系人,排污口信息表,existing_comment,candidate_safe,low,字段已有注释，无同名字段冲突，可安全纳入训练候选。
public,rs_outlet,primary_obligor_phone,character varying,主要责任主体联系方式,排污口信息表,existing_comment,candidate_safe,low,字段已有注释，无同名字段冲突，可安全纳入训练候选。
public,rs_outlet,is_drain_toxic,character,是否排放有毒有害污染物,排污口信息表,existing_comment,candidate_safe,low,字段已有注释，无同名字段冲突，可安全纳入训练候选。
public,rs_outlet,sewage_type,character varying,污水类型,排污口信息表,existing_comment,candidate_with_conflict_warning,medium,字段名 sewage_type 在库内其他表中存在不同注释（2种）。保留原始注释，训练时需带表上下文。
public,rs_outlet,is_large,character varying,是否为规模以上排口,排污口信息表,existing_comment,candidate_safe,low,字段已有注释，无同名字段冲突，可安全纳入训练候选。
public,rs_outlet,handle_type,character varying,整治类型（依法取缔、清理合并、规范整治、无需整治，单选）,排污口信息表,existing_comment,candidate_safe,low,字段已有注释，无同名字段冲突，可安全纳入训练候选。
public,rs_outlet,is_finish_standard,character,是否完成规范化建设：是、否,排污口信息表,existing_comment,candidate_safe,low,字段已有注释，无同名字段冲突，可安全纳入训练候选。
public,rs_outlet,standard_content,character varying,规范化建设内容,排污口信息表,existing_comment,candidate_safe,low,字段已有注释，无同名字段冲突，可安全纳入训练候选。
public,rs_outlet,repair_judge_criteria,character varying,完成整治判定条件,排污口信息表,existing_comment,candidate_safe,low,字段已有注释，无同名字段冲突，可安全纳入训练候选。
public,rs_outlet,exist_problem,character varying,排污口存在的问题,排污口信息表,existing_comment,candidate_safe,low,字段已有注释，无同名字段冲突，可安全纳入训练候选。
public,rs_outlet,other_problem,character varying,其他问题描述,排污口信息表,existing_comment,candidate_safe,low,字段已有注释，无同名字段冲突，可安全纳入训练候选。
public,rs_outlet,specific_requirement,character varying,具体情形和技术要求,排污口信息表,existing_comment,candidate_safe,low,字段已有注释，无同名字段冲突，可安全纳入训练候选。
public,rs_outlet,handle_method,character varying,整治措施（多选用英文逗号分隔）,排污口信息表,existing_comment,candidate_safe,low,字段已有注释，无同名字段冲突，可安全纳入训练候选。
public,rs_outlet,finish_date,timestamp without time zone,完成时限,排污口信息表,existing_comment,candidate_safe,low,字段已有注释，无同名字段冲突，可安全纳入训练候选。
public,rs_outlet,handle_stage,character varying,整治阶段（选项为：未整治、整治中、完成整治）,排污口信息表,existing_comment,candidate_safe,low,字段已有注释，无同名字段冲突，可安全纳入训练候选。
public,rs_outlet,handle_result,character varying,整治成效,排污口信息表,existing_comment,candidate_safe,low,字段已有注释，无同名字段冲突，可安全纳入训练候选。
public,rs_outlet,approve_advice,character varying,审批意见,排污口信息表,existing_comment,candidate_safe,low,字段已有注释，无同名字段冲突，可安全纳入训练候选。
public,rs_outlet,approve_node,character varying,审批标记,排污口信息表,existing_comment,candidate_safe,low,字段已有注释，无同名字段冲突，可安全纳入训练候选。
public,rs_outlet,create_by,character varying,创建人,排污口信息表,existing_comment,candidate_with_conflict_warning,medium,字段名 create_by 在库内其他表中存在不同注释（4种）。保留原始注释，训练时需带表上下文。
public,rs_outlet,create_time,timestamp without time zone,创建时间,排污口信息表,existing_comment,candidate_with_conflict_warning,medium,字段名 create_time 在库内其他表中存在不同注释（2种）。保留原始注释，训练时需带表上下文。
public,rs_outlet,update_by,character varying,更新人,排污口信息表,existing_comment,candidate_with_conflict_warning,medium,字段名 update_by 在库内其他表中存在不同注释（5种）。保留原始注释，训练时需带表上下文。
public,rs_outlet,update_time,timestamp without time zone,更新时间,排污口信息表,existing_comment,candidate_with_conflict_warning,medium,字段名 update_time 在库内其他表中存在不同注释（2种）。保留原始注释，训练时需带表上下文。
public,rs_outlet,del_flag,character,删除标记（0-正常，1-删除）,排污口信息表,existing_comment,candidate_with_conflict_warning,medium,字段名 del_flag 在库内其他表中存在不同注释（12种）。保留原始注释，训练时需带表上下文。
public,rs_outlet,is_quick_detect,character varying,水质快速检测-是否具备采样条件,排污口信息表,existing_comment,candidate_safe,low,字段已有注释，无同名字段冲突，可安全纳入训练候选。
public,rs_outlet,other_sewage_type,character varying,其他污水类型,排污口信息表,existing_comment,candidate_safe,low,字段已有注释，无同名字段冲突，可安全纳入训练候选。
public,rs_outlet,drain_standard,character varying,排放标准（国家或地方发布的行业标准）,排污口信息表,existing_comment,candidate_safe,low,字段已有注释，无同名字段冲突，可安全纳入训练候选。
public,rs_outlet,approve_status,character varying,审批登记情况（已审批、已登记、未审批、未登记）,排污口信息表,existing_comment,candidate_safe,low,字段已有注释，无同名字段冲突，可安全纳入训练候选。
public,rs_outlet,quick_detect_ph,character varying,水质快速检测-pH值,排污口信息表,existing_comment,candidate_safe,low,字段已有注释，无同名字段冲突，可安全纳入训练候选。
public,rs_outlet,quick_detect_cod,character varying,水质快速检测-COD（mg/L）,排污口信息表,existing_comment,candidate_safe,low,字段已有注释，无同名字段冲突，可安全纳入训练候选。
public,rs_outlet,quick_detect_ad,character varying,水质快速检测-氨氮（mg/L）,排污口信息表,existing_comment,candidate_safe,low,字段已有注释，无同名字段冲突，可安全纳入训练候选。
public,rs_outlet,quick_detect_zl,character varying,水质快速检测-总磷（mg/L）,排污口信息表,existing_comment,candidate_safe,low,字段已有注释，无同名字段冲突，可安全纳入训练候选。
public,rs_outlet,quick_detect_sl,character varying,水质快速检测-流量(m^3/D),排污口信息表,existing_comment,candidate_safe,low,字段已有注释，无同名字段冲突，可安全纳入训练候选。
public,rs_outlet,monitor_sample_date,character varying,采样时间（yyyy-MM-dd）,排污口信息表,existing_comment,candidate_safe,low,字段已有注释，无同名字段冲突，可安全纳入训练候选。
public,rs_outlet,monitor_sample_sl,character varying,实验室监测-流量(m^3/D),排污口信息表,existing_comment,candidate_safe,low,字段已有注释，无同名字段冲突，可安全纳入训练候选。
public,rs_outlet,monitor_sample_sw,character varying,实验室监测-水温（℃）,排污口信息表,existing_comment,candidate_safe,low,字段已有注释，无同名字段冲突，可安全纳入训练候选。
public,rs_outlet,monitor_sample_bod,character varying,实验室监测-BOD,排污口信息表,existing_comment,candidate_safe,low,字段已有注释，无同名字段冲突，可安全纳入训练候选。
public,rs_outlet,monitor_sample_hff,character varying,实验室监测-挥发酚,排污口信息表,existing_comment,candidate_safe,low,字段已有注释，无同名字段冲突，可安全纳入训练候选。
public,rs_outlet,monitor_sample_ph,character varying,实验室监测-pH值,排污口信息表,existing_comment,candidate_safe,low,字段已有注释，无同名字段冲突，可安全纳入训练候选。
public,rs_outlet,monitor_sample_cod,character varying,实验室监测-COD值,排污口信息表,existing_comment,candidate_safe,low,字段已有注释，无同名字段冲突，可安全纳入训练候选。
public,rs_outlet,monitor_sample_ad,character varying,实验室监测-氨氮（mg/L）,排污口信息表,existing_comment,candidate_safe,low,字段已有注释，无同名字段冲突，可安全纳入训练候选。
public,rs_outlet,monitor_sample_zl,character varying,实验室监测-总磷（mg/L）,排污口信息表,existing_comment,candidate_safe,low,字段已有注释，无同名字段冲突，可安全纳入训练候选。
public,rs_outlet,monitor_sample_zd,character varying,实验室监测-总氮(mg/L),排污口信息表,existing_comment,candidate_safe,low,字段已有注释，无同名字段冲突，可安全纳入训练候选。
public,rs_outlet,photo_close_path,character varying,排污口近景照片,排污口信息表,existing_comment,candidate_safe,low,字段已有注释，无同名字段冲突，可安全纳入训练候选。
public,rs_outlet,photo_distant_path,character varying,排污口远景照片,排污口信息表,existing_comment,candidate_safe,low,字段已有注释，无同名字段冲突，可安全纳入训练候选。
public,rs_outlet,photo_main_path,character varying,责任主体照片,排污口信息表,existing_comment,candidate_safe,low,字段已有注释，无同名字段冲突，可安全纳入训练候选。
public,rs_outlet,photo_handle_finish_path,character varying,整治完成后的照片,排污口信息表,existing_comment,candidate_safe,low,字段已有注释，无同名字段冲突，可安全纳入训练候选。
public,rs_outlet,outlet_code_province,character varying,排污口编码：省级,排污口信息表,existing_comment,candidate_safe,low,字段已有注释，无同名字段冲突，可安全纳入训练候选。
public,rs_outlet,waterbody_manager_level,character varying,水体管理级别,排污口信息表,existing_comment,candidate_safe,low,字段已有注释，无同名字段冲突，可安全纳入训练候选。
public,rs_outlet,waterbody_name_in,character varying,受纳水体名称,排污口信息表,existing_comment,candidate_safe,low,字段已有注释，无同名字段冲突，可安全纳入训练候选。
public,rs_outlet,key_river_name_province,character varying,省级重点河湖名称,排污口信息表,existing_comment,candidate_safe,low,字段已有注释，无同名字段冲突，可安全纳入训练候选。
public,rs_outlet,drain_abnormal_other,character varying,其他状况,排污口信息表,existing_comment,candidate_safe,low,字段已有注释，无同名字段冲突，可安全纳入训练候选。
public,rs_outlet,primary_obligor_code,character varying,主要责任主体排污许可证号或排污登记号,排污口信息表,existing_comment,candidate_safe,low,字段已有注释，无同名字段冲突，可安全纳入训练候选。
public,rs_outlet,unified_credit_code,character varying,统一信用代码,排污口信息表,existing_comment,candidate_safe,low,字段已有注释，无同名字段冲突，可安全纳入训练候选。
public,rs_outlet,pollutant_name,character varying,污染物（多个用英文逗号拼接）,排污口信息表,existing_comment,candidate_safe,low,字段已有注释，无同名字段冲突，可安全纳入训练候选。
public,rs_outlet,pollutant_density,character varying,污染物浓度（污染物对应浓度，多个用英文逗号拼接）,排污口信息表,existing_comment,candidate_safe,low,字段已有注释，无同名字段冲突，可安全纳入训练候选。
public,rs_outlet,sewage_emission,character varying,年污水排放量(t)（污染物对应排放量，多个用英文逗号拼接）,排污口信息表,existing_comment,candidate_safe,low,字段已有注释，无同名字段冲突，可安全纳入训练候选。
public,rs_outlet,pollutant_emission,character varying,年污染物排放总量(t)（污染物对应排放量，多个用英文逗号拼接）,排污口信息表,existing_comment,candidate_safe,low,字段已有注释，无同名字段冲突，可安全纳入训练候选。
public,rs_outlet,handle_result_condition,character,是否已满足整治总则中完成整治的判定条件,排污口信息表,existing_comment,candidate_safe,low,字段已有注释，无同名字段冲突，可安全纳入训练候选。
public,rs_outlet,monitor_sample_type,character varying,采样类型,排污口信息表,existing_comment,candidate_safe,low,字段已有注释，无同名字段冲突，可安全纳入训练候选。
public,rs_outlet,monitor_sample_mark,character varying,采样备注,排污口信息表,existing_comment,candidate_safe,low,字段已有注释，无同名字段冲突，可安全纳入训练候选。
public,rs_outlet,has_sample_condition,character,是否具备采样条件（默认无）,排污口信息表,existing_comment,candidate_safe,low,字段已有注释，无同名字段冲突，可安全纳入训练候选。
public,rs_outlet,primary_table_id,character varying,主表ID,排污口信息表,existing_comment,candidate_safe,low,字段已有注释，无同名字段冲突，可安全纳入训练候选。
public,rs_outlet,sfzdjg,character varying,是否重点监管排污口,排污口信息表,existing_comment,candidate_safe,low,字段已有注释，无同名字段冲突，可安全纳入训练候选。
public,rs_outlet,geom,USER-DEFINED,几何信息,排污口信息表,existing_comment,candidate_with_conflict_warning,medium,字段名 geom 在库内其他表中存在不同注释（9种）。保留原始注释，训练时需带表上下文。
public,rs_outlet_info_v2,outlet_code_national,character varying,排污口编码(国家统一赋码),排污口管理,existing_comment,candidate_safe,low,字段已有注释，无同名字段冲突，可安全纳入训练候选。
public,rs_outlet_info_v2,outlet_code_local,character varying,排污口编码(省市系统自有编码),排污口管理,existing_comment,candidate_safe,low,字段已有注释，无同名字段冲突，可安全纳入训练候选。
public,rs_outlet_info_v2,is_key_river_outlet,character varying,是否为重点河湖排污口,排污口管理,existing_comment,candidate_safe,low,字段已有注释，无同名字段冲突，可安全纳入训练候选。
public,rs_outlet_info_v2,key_river_name,character varying,重点河湖名称,排污口管理,existing_comment,candidate_with_conflict_warning,medium,字段名 key_river_name 在库内其他表中存在不同注释（2种）。保留原始注释，训练时需带表上下文。
public,rs_outlet_info_v2,river_system,character varying,所属水系,排污口管理,existing_comment,candidate_safe,low,字段已有注释，无同名字段冲突，可安全纳入训练候选。
public,rs_outlet_info_v2,province_city_district,character varying,省市区县,排污口管理,existing_comment,candidate_safe,low,字段已有注释，无同名字段冲突，可安全纳入训练候选。
public,rs_outlet_info_v2,township,character varying,乡镇(街道),排污口管理,existing_comment,candidate_with_conflict_warning,medium,字段名 township 在库内其他表中存在不同注释（2种）。保留原始注释，训练时需带表上下文。
public,rs_outlet_info_v2,outlet_name,character varying,排污口名称,排污口管理,existing_comment,candidate_safe,low,字段已有注释，无同名字段冲突，可安全纳入训练候选。
public,rs_outlet_info_v2,watershed_name,character varying,流域名称,排污口管理,existing_comment,candidate_safe,low,字段已有注释，无同名字段冲突，可安全纳入训练候选。
public,rs_outlet_info_v2,outlet_category,character varying,排污口分类,排污口管理,existing_comment,candidate_safe,low,字段已有注释，无同名字段冲突，可安全纳入训练候选。
public,rs_outlet_info_v2,is_lake_inflow,character varying,是否为入湖河流,排污口管理,existing_comment,candidate_safe,low,字段已有注释，无同名字段冲突，可安全纳入训练候选。
public,rs_outlet_info_v2,is_water_func_zone,character varying,是否位于水功能区,排污口管理,existing_comment,candidate_safe,low,字段已有注释，无同名字段冲突，可安全纳入训练候选。
public,rs_outlet_info_v2,level1_water_func_zone,character varying,一级水功能区名称,排污口管理,existing_comment,candidate_safe,low,字段已有注释，无同名字段冲突，可安全纳入训练候选。
public,rs_outlet_info_v2,level1_water_quality_target,character varying,一级水功能区水质目标,排污口管理,existing_comment,candidate_safe,low,字段已有注释，无同名字段冲突，可安全纳入训练候选。
public,rs_outlet_info_v2,level2_water_func_zone,character varying,二级水功能区名称,排污口管理,existing_comment,candidate_safe,low,字段已有注释，无同名字段冲突，可安全纳入训练候选。
public,rs_outlet_info_v2,level2_water_quality_target,character varying,二级水功能区水质目标,排污口管理,existing_comment,candidate_safe,low,字段已有注释，无同名字段冲突，可安全纳入训练候选。
public,rs_outlet_info_v2,is_water_env_func_zone,character varying,是否位于水环境功能区,排污口管理,existing_comment,candidate_safe,low,字段已有注释，无同名字段冲突，可安全纳入训练候选。
public,rs_outlet_info_v2,water_env_func_zone_name,character varying,水环境功能区名称,排污口管理,existing_comment,candidate_safe,low,字段已有注释，无同名字段冲突，可安全纳入训练候选。
public,rs_outlet_info_v2,water_env_func_zone_target,character varying,水环境功能区目标,排污口管理,existing_comment,candidate_safe,low,字段已有注释，无同名字段冲突，可安全纳入训练候选。
public,rs_outlet_info_v2,national_section_name,character varying,国控断面名称,排污口管理,existing_comment,candidate_safe,low,字段已有注释，无同名字段冲突，可安全纳入训练候选。
public,rs_outlet_info_v2,provincial_section_name,character varying,省控断面名称,排污口管理,existing_comment,candidate_safe,low,字段已有注释，无同名字段冲突，可安全纳入训练候选。
public,rs_outlet_info_v2,municipal_section_name,character varying,市控断面名称,排污口管理,existing_comment,candidate_safe,low,字段已有注释，无同名字段冲突，可安全纳入训练候选。
public,rs_outlet_info_v2,river_chief_info,character varying,河长信息,排污口管理,existing_comment,candidate_safe,low,字段已有注释，无同名字段冲突，可安全纳入训练候选。
public,rs_outlet_info_v2,geom,USER-DEFINED,图形信息,排污口管理,existing_comment,candidate_with_conflict_warning,medium,字段名 geom 在库内其他表中存在不同注释（9种）。保留原始注释，训练时需带表上下文。
public,rs_outlet_live_v2,outlet_id,bigint,关联排污口ID,排污口实况,existing_comment,candidate_with_conflict_warning,medium,字段名 outlet_id 在库内其他表中存在不同注释（2种）。保留原始注释，训练时需带表上下文。
public,rs_outlet_live_v2,geom,USER-DEFINED,排污口所在位置,排污口实况,existing_comment,candidate_with_conflict_warning,medium,字段名 geom 在库内其他表中存在不同注释（9种）。保留原始注释，训练时需带表上下文。
public,rs_outlet_live_v2,gate_morphology,character varying,口门形态,排污口实况,existing_comment,candidate_safe,low,字段已有注释，无同名字段冲突，可安全纳入训练候选。
public,rs_outlet_live_v2,drainage_feature,character varying,排水特征,排污口实况,existing_comment,candidate_safe,low,字段已有注释，无同名字段冲突，可安全纳入训练候选。
public,rs_outlet_live_v2,has_abnormal,character varying,有无异常状况,排污口实况,existing_comment,candidate_safe,low,字段已有注释，无同名字段冲突，可安全纳入训练候选。
public,rs_outlet_live_v2,has_online_monitor,character varying,是否实现在线监测,排污口实况,existing_comment,candidate_safe,low,字段已有注释，无同名字段冲突，可安全纳入训练候选。
public,rs_outlet_live_v2,has_sampling_condition,character varying,是否具备采样条件,排污口实况,existing_comment,candidate_safe,low,字段已有注释，无同名字段冲突，可安全纳入训练候选。
public,rs_outlet_live_v2,outlet_name,character varying,排污口名称,排污口实况,existing_comment,candidate_safe,low,字段已有注释，无同名字段冲突，可安全纳入训练候选。
public,rs_outlet_monitor_v2,outlet_id,bigint,关联排污口ID,排污口监测,existing_comment,candidate_with_conflict_warning,medium,字段名 outlet_id 在库内其他表中存在不同注释（2种）。保留原始注释，训练时需带表上下文。
public,rs_outlet_monitor_v2,sampling_time,timestamp without time zone,采样时间,排污口监测,existing_comment,candidate_safe,low,字段已有注释，无同名字段冲突，可安全纳入训练候选。
public,rs_outlet_monitor_v2,monitor_type,character varying,监测类型,排污口监测,existing_comment,candidate_safe,low,字段已有注释，无同名字段冲突，可安全纳入训练候选。
public,rs_outlet_monitor_v2,flow,numeric,流量(立方米/天),排污口监测,existing_comment,candidate_safe,low,字段已有注释，无同名字段冲突，可安全纳入训练候选。
public,rs_outlet_monitor_v2,water_temp,numeric,水温(℃),排污口监测,existing_comment,candidate_safe,low,字段已有注释，无同名字段冲突，可安全纳入训练候选。
public,rs_outlet_monitor_v2,bod,numeric,BOD(mg/L),排污口监测,existing_comment,candidate_safe,low,字段已有注释，无同名字段冲突，可安全纳入训练候选。
public,rs_outlet_monitor_v2,cod,numeric,COD(mg/L),排污口监测,existing_comment,candidate_safe,low,字段已有注释，无同名字段冲突，可安全纳入训练候选。
public,rs_outlet_monitor_v2,ph,numeric,pH,排污口监测,existing_comment,candidate_safe,low,字段已有注释，无同名字段冲突，可安全纳入训练候选。
public,rs_outlet_monitor_v2,ammonia_nitrogen,numeric,氨氮(mg/L),排污口监测,existing_comment,candidate_safe,low,字段已有注释，无同名字段冲突，可安全纳入训练候选。
public,rs_outlet_monitor_v2,total_phosphorus,numeric,总磷(mg/L),排污口监测,existing_comment,candidate_safe,low,字段已有注释，无同名字段冲突，可安全纳入训练候选。
public,rs_outlet_monitor_v2,total_nitrogen,numeric,总氮(mg/L),排污口监测,existing_comment,candidate_safe,low,字段已有注释，无同名字段冲突，可安全纳入训练候选。
public,rs_outlet_monitor_v2,remark,character varying,备注,排污口监测,existing_comment,candidate_with_conflict_warning,medium,字段名 remark 在库内其他表中存在不同注释（2种）。保留原始注释，训练时需带表上下文。
public,rs_outlet_monitor_v2,outlet_name,character varying,排污口名称,排污口监测,existing_comment,candidate_safe,low,字段已有注释，无同名字段冲突，可安全纳入训练候选。
public,rs_outlet_remediation_v2,outlet_id,bigint,关联排污口ID,排污口整治,existing_comment,candidate_with_conflict_warning,medium,字段名 outlet_id 在库内其他表中存在不同注释（2种）。保留原始注释，训练时需带表上下文。
public,rs_outlet_remediation_v2,is_remediated,character varying,是否完成整治,排污口整治,existing_comment,candidate_safe,low,字段已有注释，无同名字段冲突，可安全纳入训练候选。
public,rs_outlet_remediation_v2,remediation_type,character varying,整治类型,排污口整治,existing_comment,candidate_safe,low,字段已有注释，无同名字段冲突，可安全纳入训练候选。
public,rs_outlet_remediation_v2,remediation_video,character varying,整治视频,排污口整治,existing_comment,candidate_safe,low,字段已有注释，无同名字段冲突，可安全纳入训练候选。
public,rs_outlet_remediation_v2,supporting_docs,character varying,证明材料,排污口整治,existing_comment,candidate_safe,low,字段已有注释，无同名字段冲突，可安全纳入训练候选。
public,rs_outlet_remediation_v2,is_standardized,character varying,是否完成规范化建设,排污口整治,existing_comment,candidate_safe,low,字段已有注释，无同名字段冲突，可安全纳入训练候选。
public,rs_outlet_remediation_v2,standardization_content,character varying,规范化建设内容,排污口整治,existing_comment,candidate_safe,low,字段已有注释，无同名字段冲突，可安全纳入训练候选。
public,rs_outlet_remediation_v2,outlet_name,character varying,排污口名称,排污口整治,existing_comment,candidate_safe,low,字段已有注释，无同名字段冲突，可安全纳入训练候选。
public,rs_outlet_trace_v2,outlet_id,bigint,关联排污口ID,排污口溯源,existing_comment,candidate_with_conflict_warning,medium,字段名 outlet_id 在库内其他表中存在不同注释（2种）。保留原始注释，训练时需带表上下文。
public,rs_outlet_trace_v2,primary_entity_name,character varying,主要责任主体名称,排污口溯源,existing_comment,candidate_safe,low,字段已有注释，无同名字段冲突，可安全纳入训练候选。
public,rs_outlet_trace_v2,other_entity_name,character varying,其他责任主体名称,排污口溯源,existing_comment,candidate_safe,low,字段已有注释，无同名字段冲突，可安全纳入训练候选。
public,rs_outlet_trace_v2,address,character varying,详细地址,排污口溯源,existing_comment,candidate_with_conflict_warning,medium,字段名 address 在库内其他表中存在不同注释（5种）。保留原始注释，训练时需带表上下文。
public,rs_outlet_trace_v2,primary_contact,character varying,主要责任主体联系人,排污口溯源,existing_comment,candidate_safe,low,字段已有注释，无同名字段冲突，可安全纳入训练候选。
public,rs_outlet_trace_v2,primary_phone,character varying,主要责任主体联系电话,排污口溯源,existing_comment,candidate_safe,low,字段已有注释，无同名字段冲突，可安全纳入训练候选。
public,rs_outlet_trace_v2,discharge_permit_no,character varying,排污许可证号或排污登记号,排污口溯源,existing_comment,candidate_safe,low,字段已有注释，无同名字段冲突，可安全纳入训练候选。
public,rs_outlet_trace_v2,credit_code,character varying,统一信用代码,排污口溯源,existing_comment,candidate_with_conflict_warning,medium,字段名 credit_code 在库内其他表中存在不同注释（2种）。保留原始注释，训练时需带表上下文。
public,rs_outlet_trace_v2,emission_standard,character varying,排放标准,排污口溯源,existing_comment,candidate_with_conflict_warning,medium,字段名 emission_standard 在库内其他表中存在不同注释（2种）。保留原始注释，训练时需带表上下文。
public,rs_outlet_trace_v2,has_toxic_pollutant,character varying,是否排放有毒有害污染物,排污口溯源,existing_comment,candidate_safe,low,字段已有注释，无同名字段冲突，可安全纳入训练候选。
public,rs_outlet_trace_v2,wastewater_type,character varying,污水类型,排污口溯源,existing_comment,candidate_safe,low,字段已有注释，无同名字段冲突，可安全纳入训练候选。
public,rs_outlet_trace_v2,other_wastewater_type,character varying,其他污水类型,排污口溯源,existing_comment,candidate_safe,low,字段已有注释，无同名字段冲突，可安全纳入训练候选。
public,rs_outlet_trace_v2,is_above_scale,character varying,是否为规模以上排污口,排污口溯源,existing_comment,candidate_safe,low,字段已有注释，无同名字段冲突，可安全纳入训练候选。
public,rs_outlet_trace_v2,approval_status,character varying,审批登记情况,排污口溯源,existing_comment,candidate_safe,low,字段已有注释，无同名字段冲突，可安全纳入训练候选。
public,rs_outlet_trace_v2,pollutant_info,text,污染物及排放量(JSON),排污口溯源,existing_comment,candidate_safe,low,字段已有注释，无同名字段冲突，可安全纳入训练候选。
public,rs_outlet_trace_v2,geom,USER-DEFINED,排污口所在位置,排污口溯源,existing_comment,candidate_with_conflict_warning,medium,字段名 geom 在库内其他表中存在不同注释（9种）。保留原始注释，训练时需带表上下文。
public,rs_outlet_trace_v2,outlet_name,character varying,排污口名称,排污口溯源,existing_comment,candidate_safe,low,字段已有注释，无同名字段冲突，可安全纳入训练候选。
public,rs_pollutant_enterprise,id,bigint,主键,污染源企业信息表：宜昌污染源在线平台企业信息,existing_comment,candidate_with_conflict_warning,medium,字段名 id 在库内其他表中存在不同注释（10种）。保留原始注释，训练时需带表上下文。
public,rs_pollutant_enterprise,wrybh,character varying,污染源编号,污染源企业信息表：宜昌污染源在线平台企业信息,existing_comment,candidate_safe,low,字段已有注释，无同名字段冲突，可安全纳入训练候选。
public,rs_pollutant_enterprise,wrymc,character varying,污染源名称,污染源企业信息表：宜昌污染源在线平台企业信息,existing_comment,candidate_safe,low,字段已有注释，无同名字段冲突，可安全纳入训练候选。
public,rs_pollutant_enterprise,tyshxydm,character varying,统一社会信用代码,污染源企业信息表：宜昌污染源在线平台企业信息,existing_comment,candidate_safe,low,字段已有注释，无同名字段冲突，可安全纳入训练候选。
public,rs_pollutant_enterprise,zzjgdm,character varying,组织机构代码,污染源企业信息表：宜昌污染源在线平台企业信息,existing_comment,candidate_safe,low,字段已有注释，无同名字段冲突，可安全纳入训练候选。
public,rs_pollutant_enterprise,pwxkzbh,character varying,排污许可证编号,污染源企业信息表：宜昌污染源在线平台企业信息,existing_comment,candidate_safe,low,字段已有注释，无同名字段冲突，可安全纳入训练候选。
public,rs_pollutant_enterprise,frmc,character varying,法人名称,污染源企业信息表：宜昌污染源在线平台企业信息,existing_comment,candidate_safe,low,字段已有注释，无同名字段冲突，可安全纳入训练候选。
public,rs_pollutant_enterprise,lxdh,character varying,联系电话,污染源企业信息表：宜昌污染源在线平台企业信息,existing_comment,candidate_safe,low,字段已有注释，无同名字段冲突，可安全纳入训练候选。
public,rs_pollutant_enterprise,zcdz,character varying,注册地址,污染源企业信息表：宜昌污染源在线平台企业信息,existing_comment,candidate_safe,low,字段已有注释，无同名字段冲突，可安全纳入训练候选。
public,rs_pollutant_enterprise,jycsdz,character varying,经营场所地址,污染源企业信息表：宜昌污染源在线平台企业信息,existing_comment,candidate_safe,low,字段已有注释，无同名字段冲突，可安全纳入训练候选。
public,rs_pollutant_enterprise,jd,double precision,经度,污染源企业信息表：宜昌污染源在线平台企业信息,existing_comment,candidate_safe,low,字段已有注释，无同名字段冲突，可安全纳入训练候选。
public,rs_pollutant_enterprise,wd,double precision,纬度,污染源企业信息表：宜昌污染源在线平台企业信息,existing_comment,candidate_safe,low,字段已有注释，无同名字段冲突，可安全纳入训练候选。
public,rs_pollutant_enterprise,hblxr,character varying,环保联系人,污染源企业信息表：宜昌污染源在线平台企业信息,existing_comment,candidate_safe,low,字段已有注释，无同名字段冲突，可安全纳入训练候选。
public,rs_pollutant_enterprise,hbrlxdh,character varying,环保联系人电话,污染源企业信息表：宜昌污染源在线平台企业信息,existing_comment,candidate_safe,low,字段已有注释，无同名字段冲突，可安全纳入训练候选。
public,rs_pollutant_enterprise,ssqx,character varying,所属区县,污染源企业信息表：宜昌污染源在线平台企业信息,existing_comment,candidate_with_conflict_warning,medium,字段名 ssqx 在库内其他表中存在不同注释（2种）。保留原始注释，训练时需带表上下文。
public,rs_pollutant_enterprise,hymc,character varying,行业名称,污染源企业信息表：宜昌污染源在线平台企业信息,existing_comment,candidate_safe,low,字段已有注释，无同名字段冲突，可安全纳入训练候选。
public,rs_pollutant_enterprise,zdlxmc,character varying,重点污染源类型名称,污染源企业信息表：宜昌污染源在线平台企业信息,existing_comment,candidate_safe,low,字段已有注释，无同名字段冲突，可安全纳入训练候选。
public,rs_pollutant_enterprise,jgjb,character varying,监管级别（代码集：ZXJC_WRYJGJB）：ZDWRY、YBWRY,污染源企业信息表：宜昌污染源在线平台企业信息,existing_comment,candidate_with_conflict_warning,medium,字段名 jgjb 在库内其他表中存在不同注释（2种）。保留原始注释，训练时需带表上下文。
public,rs_pollutant_enterprise,ywgs,character varying,运维公司,污染源企业信息表：宜昌污染源在线平台企业信息,existing_comment,candidate_safe,low,字段已有注释，无同名字段冲突，可安全纳入训练候选。
public,rs_pollutant_enterprise,geom,USER-DEFINED,图形,污染源企业信息表：宜昌污染源在线平台企业信息,existing_comment,candidate_with_conflict_warning,medium,字段名 geom 在库内其他表中存在不同注释（9种）。保留原始注释，训练时需带表上下文。
public,rs_pollutant_enterprise,create_by,bigint,创建人,污染源企业信息表：宜昌污染源在线平台企业信息,existing_comment,candidate_with_conflict_warning,medium,字段名 create_by 在库内其他表中存在不同注释（4种）。保留原始注释，训练时需带表上下文。
public,rs_pollutant_enterprise,create_time,timestamp without time zone,创建时间,污染源企业信息表：宜昌污染源在线平台企业信息,existing_comment,candidate_with_conflict_warning,medium,字段名 create_time 在库内其他表中存在不同注释（2种）。保留原始注释，训练时需带表上下文。
public,rs_pollutant_enterprise,update_by,bigint,更新人,污染源企业信息表：宜昌污染源在线平台企业信息,existing_comment,candidate_with_conflict_warning,medium,字段名 update_by 在库内其他表中存在不同注释（5种）。保留原始注释，训练时需带表上下文。
public,rs_pollutant_enterprise,update_time,timestamp without time zone,更新时间,污染源企业信息表：宜昌污染源在线平台企业信息,existing_comment,candidate_with_conflict_warning,medium,字段名 update_time 在库内其他表中存在不同注释（2种）。保留原始注释，训练时需带表上下文。
public,rs_pollutant_enterprise,del_flag,character,删除标记: 0-未删除、1-已删除,污染源企业信息表：宜昌污染源在线平台企业信息,existing_comment,candidate_with_conflict_warning,medium,字段名 del_flag 在库内其他表中存在不同注释（12种）。保留原始注释，训练时需带表上下文。
public,rs_pollutant_enterprise,record_type,smallint,记录类型：0-自动、1-手动,污染源企业信息表：宜昌污染源在线平台企业信息,existing_comment,candidate_with_conflict_warning,medium,字段名 record_type 在库内其他表中存在不同注释（4种）。保留原始注释，训练时需带表上下文。
public,rs_pollutant_enterprise,ssqxmc,character varying,区县名称,污染源企业信息表：宜昌污染源在线平台企业信息,existing_comment,candidate_safe,low,字段已有注释，无同名字段冲突，可安全纳入训练候选。
public,rs_pollutant_info,id,bigint,主键,企业污染源排口信息表：宜昌污染源在线平台,existing_comment,candidate_with_conflict_warning,medium,字段名 id 在库内其他表中存在不同注释（10种）。保留原始注释，训练时需带表上下文。
public,rs_pollutant_info,xh,character varying,序号：用于查询数据=driveId,企业污染源排口信息表：宜昌污染源在线平台,existing_comment,candidate_with_conflict_warning,medium,字段名 xh 在库内其他表中存在不同注释（3种）。保留原始注释，训练时需带表上下文。
public,rs_pollutant_info,jcdbh,character varying,监测点编号,企业污染源排口信息表：宜昌污染源在线平台,existing_comment,candidate_safe,low,字段已有注释，无同名字段冲突，可安全纳入训练候选。
public,rs_pollutant_info,jcdmc,character varying,监测点名称,企业污染源排口信息表：宜昌污染源在线平台,existing_comment,candidate_safe,low,字段已有注释，无同名字段冲突，可安全纳入训练候选。
public,rs_pollutant_info,wrybh,character varying,污染源编号,企业污染源排口信息表：宜昌污染源在线平台,existing_comment,candidate_safe,low,字段已有注释，无同名字段冲突，可安全纳入训练候选。
public,rs_pollutant_info,pwkwz,character varying,排放口位置,企业污染源排口信息表：宜昌污染源在线平台,existing_comment,candidate_safe,low,字段已有注释，无同名字段冲突，可安全纳入训练候选。
public,rs_pollutant_info,jgjb,character varying,监管级别：ZD-重点、YB-一般,企业污染源排口信息表：宜昌污染源在线平台,existing_comment,candidate_with_conflict_warning,medium,字段名 jgjb 在库内其他表中存在不同注释（2种）。保留原始注释，训练时需带表上下文。
public,rs_pollutant_info,sfjsk,character varying,是否进水口（0：否；1：是）,企业污染源排口信息表：宜昌污染源在线平台,existing_comment,candidate_safe,low,字段已有注释，无同名字段冲突，可安全纳入训练候选。
public,rs_pollutant_info,sfzs,character,是否烧结等无需折算（0：否；1：是）,企业污染源排口信息表：宜昌污染源在线平台,existing_comment,candidate_safe,low,字段已有注释，无同名字段冲突，可安全纳入训练候选。
public,rs_pollutant_info,zsxs,character varying,折算系数,企业污染源排口信息表：宜昌污染源在线平台,existing_comment,candidate_safe,low,字段已有注释，无同名字段冲突，可安全纳入训练候选。
public,rs_pollutant_info,jd,double precision,经度,企业污染源排口信息表：宜昌污染源在线平台,existing_comment,candidate_safe,low,字段已有注释，无同名字段冲突，可安全纳入训练候选。
public,rs_pollutant_info,wd,double precision,纬度,企业污染源排口信息表：宜昌污染源在线平台,existing_comment,candidate_safe,low,字段已有注释，无同名字段冲突，可安全纳入训练候选。
public,rs_pollutant_info,geom,USER-DEFINED,图形,企业污染源排口信息表：宜昌污染源在线平台,existing_comment,candidate_with_conflict_warning,medium,字段名 geom 在库内其他表中存在不同注释（9种）。保留原始注释，训练时需带表上下文。
public,rs_pollutant_info,create_by,bigint,创建人,企业污染源排口信息表：宜昌污染源在线平台,existing_comment,candidate_with_conflict_warning,medium,字段名 create_by 在库内其他表中存在不同注释（4种）。保留原始注释，训练时需带表上下文。
public,rs_pollutant_info,create_time,timestamp without time zone,创建时间,企业污染源排口信息表：宜昌污染源在线平台,existing_comment,candidate_with_conflict_warning,medium,字段名 create_time 在库内其他表中存在不同注释（2种）。保留原始注释，训练时需带表上下文。
public,rs_pollutant_info,update_by,bigint,更新人,企业污染源排口信息表：宜昌污染源在线平台,existing_comment,candidate_with_conflict_warning,medium,字段名 update_by 在库内其他表中存在不同注释（5种）。保留原始注释，训练时需带表上下文。
public,rs_pollutant_info,update_time,timestamp without time zone,更新时间,企业污染源排口信息表：宜昌污染源在线平台,existing_comment,candidate_with_conflict_warning,medium,字段名 update_time 在库内其他表中存在不同注释（2种）。保留原始注释，训练时需带表上下文。
public,rs_pollutant_info,del_flag,character,删除标记: 0-未删除、1-已删除,企业污染源排口信息表：宜昌污染源在线平台,existing_comment,candidate_with_conflict_warning,medium,字段名 del_flag 在库内其他表中存在不同注释（12种）。保留原始注释，训练时需带表上下文。
public,rs_pollutant_info,record_type,smallint,记录类型：0-自动、1-手动,企业污染源排口信息表：宜昌污染源在线平台,existing_comment,candidate_with_conflict_warning,medium,字段名 record_type 在库内其他表中存在不同注释（4种）。保留原始注释，训练时需带表上下文。
public,rs_pollutant_info,wrlx,character varying,污染类型：FS-废水、FQ-废气,企业污染源排口信息表：宜昌污染源在线平台,existing_comment,candidate_safe,low,字段已有注释，无同名字段冲突，可安全纳入训练候选。
public,rs_pollutant_info,outlet_id,bigint,污染源id,企业污染源排口信息表：宜昌污染源在线平台,existing_comment,candidate_with_conflict_warning,medium,字段名 outlet_id 在库内其他表中存在不同注释（2种）。保留原始注释，训练时需带表上下文。
public,rs_sewage_info_v2,admin_division,character varying,行政区划,污水处理厂档案管理及监测,existing_comment,candidate_safe,low,字段已有注释，无同名字段冲突，可安全纳入训练候选。
public,rs_sewage_info_v2,project_name,character varying,项目名称,污水处理厂档案管理及监测,existing_comment,candidate_safe,low,字段已有注释，无同名字段冲突，可安全纳入训练候选。
public,rs_sewage_info_v2,run_status,character varying,运行状态,污水处理厂档案管理及监测,existing_comment,candidate_safe,low,字段已有注释，无同名字段冲突，可安全纳入训练候选。
public,rs_sewage_info_v2,treatment_process,character varying,处理工艺,污水处理厂档案管理及监测,existing_comment,candidate_safe,low,字段已有注释，无同名字段冲突，可安全纳入训练候选。
public,rs_sewage_info_v2,project_location_lng,numeric,项目所在地经度,污水处理厂档案管理及监测,existing_comment,candidate_safe,low,字段已有注释，无同名字段冲突，可安全纳入训练候选。
public,rs_sewage_info_v2,project_location_lat,numeric,项目所在地纬度,污水处理厂档案管理及监测,existing_comment,candidate_safe,low,字段已有注释，无同名字段冲突，可安全纳入训练候选。
public,rs_sewage_info_v2,outlet_total_lng,numeric,污水总排放口经度,污水处理厂档案管理及监测,existing_comment,candidate_safe,low,字段已有注释，无同名字段冲突，可安全纳入训练候选。
public,rs_sewage_info_v2,outlet_total_lat,numeric,污水总排放口纬度,污水处理厂档案管理及监测,existing_comment,candidate_safe,low,字段已有注释，无同名字段冲突，可安全纳入训练候选。
public,rs_sewage_info_v2,design_scale,numeric,设计规模(t/d),污水处理厂档案管理及监测,existing_comment,candidate_safe,low,字段已有注释，无同名字段冲突，可安全纳入训练候选。
public,rs_sewage_info_v2,actual_assess_scale,numeric,实际考核规模(t/d),污水处理厂档案管理及监测,existing_comment,candidate_safe,low,字段已有注释，无同名字段冲突，可安全纳入训练候选。
public,rs_sewage_info_v2,load_rate,numeric,负荷率(%),污水处理厂档案管理及监测,existing_comment,candidate_safe,low,字段已有注释，无同名字段冲突，可安全纳入训练候选。
public,rs_sewage_info_v2,influent_flow,numeric,进水流量(m3/d),污水处理厂档案管理及监测,existing_comment,candidate_safe,low,字段已有注释，无同名字段冲突，可安全纳入训练候选。
public,rs_sewage_info_v2,influent_cod,numeric,进水COD(mg/L),污水处理厂档案管理及监测,existing_comment,candidate_safe,low,字段已有注释，无同名字段冲突，可安全纳入训练候选。
public,rs_sewage_info_v2,influent_ph,numeric,进水pH,污水处理厂档案管理及监测,existing_comment,candidate_safe,low,字段已有注释，无同名字段冲突，可安全纳入训练候选。
public,rs_sewage_info_v2,influent_ammonia,numeric,进水氨氮(mg/L),污水处理厂档案管理及监测,existing_comment,candidate_safe,low,字段已有注释，无同名字段冲突，可安全纳入训练候选。
public,rs_sewage_info_v2,influent_tp,numeric,进水总磷(mg/L),污水处理厂档案管理及监测,existing_comment,candidate_safe,low,字段已有注释，无同名字段冲突，可安全纳入训练候选。
public,rs_sewage_info_v2,influent_tn,numeric,进水总氮(mg/L),污水处理厂档案管理及监测,existing_comment,candidate_safe,low,字段已有注释，无同名字段冲突，可安全纳入训练候选。
public,rs_sewage_info_v2,effluent_flow,numeric,出水流量(m3/d),污水处理厂档案管理及监测,existing_comment,candidate_safe,low,字段已有注释，无同名字段冲突，可安全纳入训练候选。
public,rs_sewage_info_v2,effluent_cod,numeric,出水COD(mg/L),污水处理厂档案管理及监测,existing_comment,candidate_safe,low,字段已有注释，无同名字段冲突，可安全纳入训练候选。
public,rs_sewage_info_v2,effluent_ph,numeric,出水pH,污水处理厂档案管理及监测,existing_comment,candidate_safe,low,字段已有注释，无同名字段冲突，可安全纳入训练候选。
public,rs_sewage_info_v2,effluent_ammonia,numeric,出水氨氮(mg/L),污水处理厂档案管理及监测,existing_comment,candidate_safe,low,字段已有注释，无同名字段冲突，可安全纳入训练候选。
public,rs_sewage_info_v2,effluent_tp,numeric,出水总磷(mg/L),污水处理厂档案管理及监测,existing_comment,candidate_safe,low,字段已有注释，无同名字段冲突，可安全纳入训练候选。
public,rs_sewage_info_v2,effluent_tn,numeric,出水总氮(mg/L),污水处理厂档案管理及监测,existing_comment,candidate_safe,low,字段已有注释，无同名字段冲突，可安全纳入训练候选。
public,rs_sewage_info_v2,cod_daily_reduction,numeric,COD日削减量(t/d),污水处理厂档案管理及监测,existing_comment,candidate_safe,low,字段已有注释，无同名字段冲突，可安全纳入训练候选。
public,rs_sewage_info_v2,cod_annual_reduction,numeric,COD年削减量(t/a),污水处理厂档案管理及监测,existing_comment,candidate_safe,low,字段已有注释，无同名字段冲突，可安全纳入训练候选。
public,rs_sewage_info_v2,pipe_total_length,numeric,园区管网总长(km),污水处理厂档案管理及监测,existing_comment,candidate_safe,low,字段已有注释，无同名字段冲突，可安全纳入训练候选。
public,rs_sewage_info_v2,well_count,integer,管井数量(个),污水处理厂档案管理及监测,existing_comment,candidate_safe,low,字段已有注释，无同名字段冲突，可安全纳入训练候选。
public,rs_sewage_info_v2,pump_station_count,integer,提升泵站数量(个),污水处理厂档案管理及监测,existing_comment,candidate_safe,low,字段已有注释，无同名字段冲突，可安全纳入训练候选。
public,rs_sewage_info_v2,enterprise_total,integer,园区企业总数(家),污水处理厂档案管理及监测,existing_comment,candidate_safe,low,字段已有注释，无同名字段冲突，可安全纳入训练候选。
public,rs_sewage_info_v2,connected_enterprise,integer,已接入企业数(家),污水处理厂档案管理及监测,existing_comment,candidate_safe,low,字段已有注释，无同名字段冲突，可安全纳入训练候选。
public,rs_sewage_info_v2,connection_rate,numeric,接入率(%),污水处理厂档案管理及监测,existing_comment,candidate_safe,low,字段已有注释，无同名字段冲突，可安全纳入训练候选。
public,rs_sewage_info_v2,enterprise_drainage,numeric,企业排水总量(m3/d),污水处理厂档案管理及监测,existing_comment,candidate_safe,low,字段已有注释，无同名字段冲突，可安全纳入训练候选。
public,rs_sewage_info_v2,key_pollution_enterprise,integer,重点排污企业数(家),污水处理厂档案管理及监测,existing_comment,candidate_safe,low,字段已有注释，无同名字段冲突，可安全纳入训练候选。
public,rs_sewage_info_v2,online_monitor_enterprise,integer,在线监测企业数(家),污水处理厂档案管理及监测,existing_comment,candidate_safe,low,字段已有注释，无同名字段冲突，可安全纳入训练候选。
public,rs_sewage_info_v2,monitor_coverage_rate,numeric,监测覆盖率(%),污水处理厂档案管理及监测,existing_comment,candidate_safe,low,字段已有注释，无同名字段冲突，可安全纳入训练候选。
public,rs_sewage_info_v2,monthly_fee_total,numeric,月污水处理费总额(元),污水处理厂档案管理及监测,existing_comment,candidate_safe,low,字段已有注释，无同名字段冲突，可安全纳入训练候选。
public,rs_sewage_info_v2,should_collect_enterprise,integer,应征企业数(家),污水处理厂档案管理及监测,existing_comment,candidate_safe,low,字段已有注释，无同名字段冲突，可安全纳入训练候选。
public,rs_sewage_info_v2,actual_collect_enterprise,integer,实征企业数(家),污水处理厂档案管理及监测,existing_comment,candidate_safe,low,字段已有注释，无同名字段冲突，可安全纳入训练候选。
public,rs_sewage_info_v2,collection_rate,numeric,征收率(%),污水处理厂档案管理及监测,existing_comment,candidate_safe,low,字段已有注释，无同名字段冲突，可安全纳入训练候选。
public,rs_sewage_info_v2,operation_unit,character varying,运营单位,污水处理厂档案管理及监测,existing_comment,candidate_safe,low,字段已有注释，无同名字段冲突，可安全纳入训练候选。
public,rs_sewage_info_v2,plan_total_invest,numeric,计划总投资(万元),污水处理厂档案管理及监测,existing_comment,candidate_safe,low,字段已有注释，无同名字段冲突，可安全纳入训练候选。
public,rs_sewage_info_v2,plan_station_invest,numeric,计划厂站投资(万元),污水处理厂档案管理及监测,existing_comment,candidate_safe,low,字段已有注释，无同名字段冲突，可安全纳入训练候选。
public,rs_sewage_info_v2,plan_pipe_invest,numeric,计划管网投资(万元),污水处理厂档案管理及监测,existing_comment,candidate_safe,low,字段已有注释，无同名字段冲突，可安全纳入训练候选。
public,rs_sewage_info_v2,done_total_invest,numeric,已完成总投资(万元),污水处理厂档案管理及监测,existing_comment,candidate_safe,low,字段已有注释，无同名字段冲突，可安全纳入训练候选。
public,rs_sewage_info_v2,done_station_invest,numeric,已完成厂站投资(万元),污水处理厂档案管理及监测,existing_comment,candidate_safe,low,字段已有注释，无同名字段冲突，可安全纳入训练候选。
public,rs_sewage_info_v2,done_pipe_invest,numeric,已完成管网投资(万元),污水处理厂档案管理及监测,existing_comment,candidate_safe,low,字段已有注释，无同名字段冲突，可安全纳入训练候选。
public,rs_sewage_info_v2,total_invest_rate,numeric,总投资完成率(%),污水处理厂档案管理及监测,existing_comment,candidate_safe,low,字段已有注释，无同名字段冲突，可安全纳入训练候选。
public,rs_sewage_info_v2,built_pipe_length,numeric,已建管网长度(km),污水处理厂档案管理及监测,existing_comment,candidate_safe,low,字段已有注释，无同名字段冲突，可安全纳入训练候选。
public,rs_sewage_info_v2,collection_rate_efficiency,numeric,污水收集率(%),污水处理厂档案管理及监测,existing_comment,candidate_safe,low,字段已有注释，无同名字段冲突，可安全纳入训练候选。
public,rs_sewage_info_v2,treatment_rate,numeric,污水处理率(%),污水处理厂档案管理及监测,existing_comment,candidate_safe,low,字段已有注释，无同名字段冲突，可安全纳入训练候选。
public,rs_sewage_info_v2,compliance_rate,numeric,达标排放率(%),污水处理厂档案管理及监测,existing_comment,candidate_safe,low,字段已有注释，无同名字段冲突，可安全纳入训练候选。
public,rs_sewage_info_v2,operation_load_rate,numeric,运行负荷率(%),污水处理厂档案管理及监测,existing_comment,candidate_safe,low,字段已有注释，无同名字段冲突，可安全纳入训练候选。
public,rs_sewage_info_v2,center_lng,numeric,企业中心经度,污水处理厂档案管理及监测,existing_comment,candidate_safe,low,字段已有注释，无同名字段冲突，可安全纳入训练候选。
public,rs_sewage_info_v2,center_lat,numeric,企业中心纬度,污水处理厂档案管理及监测,existing_comment,candidate_safe,low,字段已有注释，无同名字段冲突，可安全纳入训练候选。
public,rs_sewage_info_v2,total_outlet_lng,numeric,污水处理设施总排口经度,污水处理厂档案管理及监测,existing_comment,candidate_safe,low,字段已有注释，无同名字段冲突，可安全纳入训练候选。
public,rs_sewage_info_v2,total_outlet_lat,numeric,污水处理设施总排口纬度,污水处理厂档案管理及监测,existing_comment,candidate_safe,low,字段已有注释，无同名字段冲突，可安全纳入训练候选。
public,rs_sewage_info_v2,tail_water_destination,character varying,尾水排放去向,污水处理厂档案管理及监测,existing_comment,candidate_safe,low,字段已有注释，无同名字段冲突，可安全纳入训练候选。
public,rs_sewage_info_v2,outlet_photo,character varying,排口照片,污水处理厂档案管理及监测,existing_comment,candidate_safe,low,字段已有注释，无同名字段冲突，可安全纳入训练候选。
public,rs_sewage_info_yc,id,bigint,主键id,污水处理厂信息表：宜昌水环境,existing_comment,candidate_with_conflict_warning,medium,字段名 id 在库内其他表中存在不同注释（10种）。保留原始注释，训练时需带表上下文。
public,rs_sewage_info_yc,name,character varying,企业名称,污水处理厂信息表：宜昌水环境,existing_comment,candidate_with_conflict_warning,medium,字段名 name 在库内其他表中存在不同注释（14种）。保留原始注释，训练时需带表上下文。
public,rs_sewage_info_yc,monitor_name,character varying,检测点名称,污水处理厂信息表：宜昌水环境,existing_comment,candidate_safe,low,字段已有注释，无同名字段冲突，可安全纳入训练候选。
public,rs_sewage_info_yc,region_code,character varying,行政区编码,污水处理厂信息表：宜昌水环境,existing_comment,candidate_with_conflict_warning,medium,字段名 region_code 在库内其他表中存在不同注释（4种）。保留原始注释，训练时需带表上下文。
public,rs_sewage_info_yc,region_name,character varying,行政区名称,污水处理厂信息表：宜昌水环境,existing_comment,candidate_with_conflict_warning,medium,字段名 region_name 在库内其他表中存在不同注释（2种）。保留原始注释，训练时需带表上下文。
public,rs_sewage_info_yc,emission_type,character,排放类型：0-废水,污水处理厂信息表：宜昌水环境,existing_comment,candidate_safe,low,字段已有注释，无同名字段冲突，可安全纳入训练候选。
public,rs_sewage_info_yc,supervision_level,character,监管级别：0-一般、1-重点,污水处理厂信息表：宜昌水环境,existing_comment,candidate_safe,low,字段已有注释，无同名字段冲突，可安全纳入训练候选。
public,rs_sewage_info_yc,outlet_location,character varying,排污口位置,污水处理厂信息表：宜昌水环境,existing_comment,candidate_safe,low,字段已有注释，无同名字段冲突，可安全纳入训练候选。
public,rs_sewage_info_yc,lon,double precision,经度,污水处理厂信息表：宜昌水环境,existing_comment,candidate_safe,low,字段已有注释，无同名字段冲突，可安全纳入训练候选。
public,rs_sewage_info_yc,lat,double precision,纬度,污水处理厂信息表：宜昌水环境,existing_comment,candidate_safe,low,字段已有注释，无同名字段冲突，可安全纳入训练候选。
public,rs_sewage_info_yc,create_by,bigint,创建人,污水处理厂信息表：宜昌水环境,existing_comment,candidate_with_conflict_warning,medium,字段名 create_by 在库内其他表中存在不同注释（4种）。保留原始注释，训练时需带表上下文。
public,rs_sewage_info_yc,create_time,timestamp without time zone,创建时间,污水处理厂信息表：宜昌水环境,existing_comment,candidate_with_conflict_warning,medium,字段名 create_time 在库内其他表中存在不同注释（2种）。保留原始注释，训练时需带表上下文。
public,rs_sewage_info_yc,update_by,bigint,更新人,污水处理厂信息表：宜昌水环境,existing_comment,candidate_with_conflict_warning,medium,字段名 update_by 在库内其他表中存在不同注释（5种）。保留原始注释，训练时需带表上下文。
public,rs_sewage_info_yc,update_time,timestamp without time zone,更新时间,污水处理厂信息表：宜昌水环境,existing_comment,candidate_with_conflict_warning,medium,字段名 update_time 在库内其他表中存在不同注释（2种）。保留原始注释，训练时需带表上下文。
public,rs_sewage_info_yc,del_flag,character,删除标记,污水处理厂信息表：宜昌水环境,existing_comment,candidate_with_conflict_warning,medium,字段名 del_flag 在库内其他表中存在不同注释（12种）。保留原始注释，训练时需带表上下文。
public,rs_sewage_info_yc,town_flag,boolean,是否城镇污水处理厂,污水处理厂信息表：宜昌水环境,existing_comment,candidate_safe,low,字段已有注释，无同名字段冲突，可安全纳入训练候选。
public,rs_sewage_info_yc,industrial_flag,boolean,是否工业污水处理厂,污水处理厂信息表：宜昌水环境,existing_comment,candidate_safe,low,字段已有注释，无同名字段冲突，可安全纳入训练候选。
public,rs_sewage_park_info,id,bigint,主键id,污水处理厂-园区配套信息表,existing_comment,candidate_with_conflict_warning,medium,字段名 id 在库内其他表中存在不同注释（10种）。保留原始注释，训练时需带表上下文。
public,rs_sewage_park_info,region_code,character varying,行政区编码,污水处理厂-园区配套信息表,existing_comment,candidate_with_conflict_warning,medium,字段名 region_code 在库内其他表中存在不同注释（4种）。保留原始注释，训练时需带表上下文。
public,rs_sewage_park_info,region_name,character varying,行政区名称,污水处理厂-园区配套信息表,existing_comment,candidate_with_conflict_warning,medium,字段名 region_name 在库内其他表中存在不同注释（2种）。保留原始注释，训练时需带表上下文。
public,rs_sewage_park_info,sewage_name,character varying,污水处理厂名称,污水处理厂-园区配套信息表,existing_comment,candidate_safe,low,字段已有注释，无同名字段冲突，可安全纳入训练候选。
public,rs_sewage_park_info,sewage_id,bigint,污水厂ID,污水处理厂-园区配套信息表,existing_comment,candidate_safe,low,字段已有注释，无同名字段冲突，可安全纳入训练候选。
public,rs_sewage_park_info,throughput,double precision,处理能力（万吨/日）,污水处理厂-园区配套信息表,existing_comment,candidate_safe,low,字段已有注释，无同名字段冲突，可安全纳入训练候选。
public,rs_sewage_park_info,park_id,bigint,配套园区ID,污水处理厂-园区配套信息表,existing_comment,candidate_safe,low,字段已有注释，无同名字段冲突，可安全纳入训练候选。
public,rs_sewage_park_info,park_name,character varying,配套园区名称,污水处理厂-园区配套信息表,existing_comment,candidate_safe,low,字段已有注释，无同名字段冲突，可安全纳入训练候选。
public,rs_sewage_park_info,lon,double precision,经度,污水处理厂-园区配套信息表,existing_comment,candidate_safe,low,字段已有注释，无同名字段冲突，可安全纳入训练候选。
public,rs_sewage_park_info,lat,double precision,纬度,污水处理厂-园区配套信息表,existing_comment,candidate_safe,low,字段已有注释，无同名字段冲突，可安全纳入训练候选。
public,rs_sewage_park_info,geom,USER-DEFINED,图形信息,污水处理厂-园区配套信息表,existing_comment,candidate_with_conflict_warning,medium,字段名 geom 在库内其他表中存在不同注释（9种）。保留原始注释，训练时需带表上下文。
public,rs_sewage_park_info,remark,character varying,备注,污水处理厂-园区配套信息表,existing_comment,candidate_with_conflict_warning,medium,字段名 remark 在库内其他表中存在不同注释（2种）。保留原始注释，训练时需带表上下文。
public,rs_sewage_park_info,sewage_type,smallint,污水处理厂类型：0-工业、1-生活,污水处理厂-园区配套信息表,existing_comment,candidate_with_conflict_warning,medium,字段名 sewage_type 在库内其他表中存在不同注释（2种）。保留原始注释，训练时需带表上下文。
public,rs_warn_records,id,bigint,主键id,污染预警消息通知,existing_comment,candidate_with_conflict_warning,medium,字段名 id 在库内其他表中存在不同注释（10种）。保留原始注释，训练时需带表上下文。
public,rs_warn_records,station_id,bigint,站点id，warn_type为0时,污染预警消息通知,existing_comment,candidate_with_conflict_warning,medium,字段名 station_id 在库内其他表中存在不同注释（4种）。保留原始注释，训练时需带表上下文。
public,rs_warn_records,pollutant_id,bigint,污染源id，warn_type为3时,污染预警消息通知,existing_comment,candidate_with_conflict_warning,medium,字段名 pollutant_id 在库内其他表中存在不同注释（3种）。保留原始注释，训练时需带表上下文。
public,rs_warn_records,key_point_id,bigint,"关键点id, warn_type为6时",污染预警消息通知,existing_comment,candidate_safe,low,字段已有注释，无同名字段冲突，可安全纳入训练候选。
public,rs_warn_records,warn_indicator,character varying,预警指标,污染预警消息通知,existing_comment,candidate_safe,low,字段已有注释，无同名字段冲突，可安全纳入训练候选。
public,rs_warn_records,warn_type,character,预警类型：0 水质预警、1 水文预警、2 气象预警、3 污染源预警、4 网络异常、5 仪器异常,污染预警消息通知,existing_comment,candidate_safe,low,字段已有注释，无同名字段冲突，可安全纳入训练候选。
public,rs_warn_records,warn_value,double precision,预警值,污染预警消息通知,existing_comment,candidate_safe,low,字段已有注释，无同名字段冲突，可安全纳入训练候选。
public,rs_warn_records,standard_value,double precision,标准值,污染预警消息通知,existing_comment,candidate_safe,low,字段已有注释，无同名字段冲突，可安全纳入训练候选。
public,rs_warn_records,unit,character varying,单位,污染预警消息通知,existing_comment,candidate_with_conflict_warning,medium,字段名 unit 在库内其他表中存在不同注释（3种）。保留原始注释，训练时需带表上下文。
public,rs_warn_records,water_quality_level,character varying,水质监测指标等级,污染预警消息通知,existing_comment,candidate_with_conflict_warning,medium,字段名 water_quality_level 在库内其他表中存在不同注释（3种）。保留原始注释，训练时需带表上下文。
public,rs_warn_records,warn_level,character,告警等级：0 一般、1 严重、2 重度,污染预警消息通知,existing_comment,candidate_safe,low,字段已有注释，无同名字段冲突，可安全纳入训练候选。
public,rs_warn_records,warn_content,character varying,预警内容,污染预警消息通知,existing_comment,candidate_safe,low,字段已有注释，无同名字段冲突，可安全纳入训练候选。
public,rs_warn_records,warn_time,timestamp without time zone,预警时间,污染预警消息通知,existing_comment,candidate_safe,low,字段已有注释，无同名字段冲突，可安全纳入训练候选。
public,rs_warn_records,publish_status,character,是否发布：0 未发布、1 已发布,污染预警消息通知,existing_comment,candidate_safe,low,字段已有注释，无同名字段冲突，可安全纳入训练候选。
public,rs_warn_records,publish_time,timestamp without time zone,发布时间,污染预警消息通知,existing_comment,candidate_safe,low,字段已有注释，无同名字段冲突，可安全纳入训练候选。
public,rs_warn_records,check_status,character,是否审核：0 未审核、1 已审核,污染预警消息通知,existing_comment,candidate_safe,low,字段已有注释，无同名字段冲突，可安全纳入训练候选。
public,rs_warn_records,check_time,timestamp without time zone,审核时间,污染预警消息通知,existing_comment,candidate_safe,low,字段已有注释，无同名字段冲突，可安全纳入训练候选。
public,rs_warn_records,manual_auto,character,0 手动处理、1 自动处理,污染预警消息通知,existing_comment,candidate_safe,low,字段已有注释，无同名字段冲突，可安全纳入训练候选。
public,rs_warn_records,release_status,character,是否解除：0 未解除、1 已解除,污染预警消息通知,existing_comment,candidate_safe,low,字段已有注释，无同名字段冲突，可安全纳入训练候选。
public,rs_warn_records,release_time,timestamp without time zone,解除时间,污染预警消息通知,existing_comment,candidate_safe,low,字段已有注释，无同名字段冲突，可安全纳入训练候选。
public,rs_warn_records,create_by,bigint,创建人,污染预警消息通知,existing_comment,candidate_with_conflict_warning,medium,字段名 create_by 在库内其他表中存在不同注释（4种）。保留原始注释，训练时需带表上下文。
public,rs_warn_records,create_time,timestamp without time zone,创建时间,污染预警消息通知,existing_comment,candidate_with_conflict_warning,medium,字段名 create_time 在库内其他表中存在不同注释（2种）。保留原始注释，训练时需带表上下文。
public,rs_warn_records,update_by,bigint,更新人,污染预警消息通知,existing_comment,candidate_with_conflict_warning,medium,字段名 update_by 在库内其他表中存在不同注释（5种）。保留原始注释，训练时需带表上下文。
public,rs_warn_records,update_time,timestamp without time zone,更新时间,污染预警消息通知,existing_comment,candidate_with_conflict_warning,medium,字段名 update_time 在库内其他表中存在不同注释（2种）。保留原始注释，训练时需带表上下文。
public,rs_warn_records,del_flag,character,删除标记：0 未删除、1 已删除,污染预警消息通知,existing_comment,candidate_with_conflict_warning,medium,字段名 del_flag 在库内其他表中存在不同注释（12种）。保留原始注释，训练时需带表上下文。
public,rs_wastewater_day_records,id,bigint,主键ID,污染源监测日记录表,existing_comment,candidate_with_conflict_warning,medium,字段名 id 在库内其他表中存在不同注释（10种）。保留原始注释，训练时需带表上下文。
public,rs_wastewater_day_records,timestamp,timestamp without time zone,统计日期（当日00:00:00）,污染源监测日记录表,existing_comment,candidate_with_conflict_warning,medium,字段名 timestamp 在库内其他表中存在不同注释（3种）。保留原始注释，训练时需带表上下文。
public,rs_wastewater_day_records,type,character varying,类型：PS-排水口，PQ-排气口,污染源监测日记录表,existing_comment,candidate_with_conflict_warning,medium,字段名 type 在库内其他表中存在不同注释（10种）。保留原始注释，训练时需带表上下文。
public,rs_wastewater_day_records,pollutant_id,bigint,"排污口/排气口ID（关联
 rs_pollutant_info.id）",污染源监测日记录表,existing_comment,candidate_with_conflict_warning,medium,字段名 pollutant_id 在库内其他表中存在不同注释（3种）。保留原始注释，训练时需带表上下文。
public,rs_wastewater_day_records,status,character varying,"当日综合状态：nobeyond-正常，below-偏低
 ，beyond-超标",污染源监测日记录表,existing_comment,candidate_with_conflict_warning,medium,字段名 status 在库内其他表中存在不同注释（16种）。保留原始注释，训练时需带表上下文。
public,rs_wastewater_day_records,record_type,character varying,记录类型：0-正常统计，1-补录,污染源监测日记录表,existing_comment,candidate_with_conflict_warning,medium,字段名 record_type 在库内其他表中存在不同注释（4种）。保留原始注释，训练时需带表上下文。
public,rs_wastewater_day_records,ll,double precision,日流量（各小时流量的平均值）,污染源监测日记录表,existing_comment,candidate_with_conflict_warning,medium,字段名 ll 在库内其他表中存在不同注释（3种）。保留原始注释，训练时需带表上下文。
public,rs_wastewater_day_records,ll_count,integer,日流量有效数据计数（参与平均的小时数）,污染源监测日记录表,existing_comment,candidate_with_conflict_warning,medium,字段名 ll_count 在库内其他表中存在不同注释（2种）。保留原始注释，训练时需带表上下文。
public,rs_wastewater_day_records,pfl,double precision,日排流量（各小时排流量的累加值）,污染源监测日记录表,existing_comment,candidate_with_conflict_warning,medium,字段名 pfl 在库内其他表中存在不同注释（3种）。保留原始注释，训练时需带表上下文。
public,rs_wastewater_day_records,pfl_count,integer,日排流量有效数据计数（参与累加的小时数）,污染源监测日记录表,existing_comment,candidate_with_conflict_warning,medium,字段名 pfl_count 在库内其他表中存在不同注释（2种）。保留原始注释，训练时需带表上下文。
public,rs_wastewater_day_records,m1_value,double precision,"【PS】化学需氧量(COD)日平均值 / 【PQ】烟尘日
 平均值",污染源监测日记录表,existing_comment,candidate_with_conflict_warning,medium,字段名 m1_value 在库内其他表中存在不同注释（8种）。保留原始注释，训练时需带表上下文。
public,rs_wastewater_day_records,m1_count,integer,m1 当日有效数据计数,污染源监测日记录表,existing_comment,candidate_with_conflict_warning,medium,字段名 m1_count 在库内其他表中存在不同注释（3种）。保留原始注释，训练时需带表上下文。
public,rs_wastewater_day_records,m2_value,double precision,"【PS】总氮(TN)日平均值 / 【PQ】二氧化硫日平均
 值",污染源监测日记录表,existing_comment,candidate_with_conflict_warning,medium,字段名 m2_value 在库内其他表中存在不同注释（7种）。保留原始注释，训练时需带表上下文。
public,rs_wastewater_day_records,m2_count,integer,m2 当日有效数据计数,污染源监测日记录表,existing_comment,candidate_with_conflict_warning,medium,字段名 m2_count 在库内其他表中存在不同注释（3种）。保留原始注释，训练时需带表上下文。
public,rs_wastewater_day_records,m3_value,double precision,【PS】pH日平均值 / 【PQ】氮氧化物日平均值,污染源监测日记录表,existing_comment,candidate_with_conflict_warning,medium,字段名 m3_value 在库内其他表中存在不同注释（8种）。保留原始注释，训练时需带表上下文。
public,rs_wastewater_day_records,m3_count,integer,m3 当日有效数据计数,污染源监测日记录表,existing_comment,candidate_with_conflict_warning,medium,字段名 m3_count 在库内其他表中存在不同注释（3种）。保留原始注释，训练时需带表上下文。
public,rs_wastewater_day_records,m4_value,double precision,【PS】氨氮日平均值 / 【PQ】一氧化氮日平均值,污染源监测日记录表,existing_comment,candidate_with_conflict_warning,medium,字段名 m4_value 在库内其他表中存在不同注释（7种）。保留原始注释，训练时需带表上下文。
public,rs_wastewater_day_records,m4_count,integer,m4 当日有效数据计数,污染源监测日记录表,existing_comment,candidate_with_conflict_warning,medium,字段名 m4_count 在库内其他表中存在不同注释（3种）。保留原始注释，训练时需带表上下文。
public,rs_wastewater_day_records,m5_value,double precision,【PS】水温日平均值 / 【PQ】二氧化氮日平均值,污染源监测日记录表,existing_comment,candidate_with_conflict_warning,medium,字段名 m5_value 在库内其他表中存在不同注释（7种）。保留原始注释，训练时需带表上下文。
public,rs_wastewater_day_records,m5_count,integer,m5 当日有效数据计数,污染源监测日记录表,existing_comment,candidate_with_conflict_warning,medium,字段名 m5_count 在库内其他表中存在不同注释（3种）。保留原始注释，训练时需带表上下文。
public,rs_wastewater_day_records,m6_value,double precision,【PS】总磷日平均值 / 【PQ】一氧化碳日平均值,污染源监测日记录表,existing_comment,candidate_with_conflict_warning,medium,字段名 m6_value 在库内其他表中存在不同注释（7种）。保留原始注释，训练时需带表上下文。
public,rs_wastewater_day_records,m6_count,integer,m6 当日有效数据计数,污染源监测日记录表,existing_comment,candidate_with_conflict_warning,medium,字段名 m6_count 在库内其他表中存在不同注释（3种）。保留原始注释，训练时需带表上下文。
public,rs_wastewater_day_records,m7_value,double precision,【PS】悬浮物日平均值 / 【PQ】氯化氢日平均值,污染源监测日记录表,existing_comment,candidate_with_conflict_warning,medium,字段名 m7_value 在库内其他表中存在不同注释（6种）。保留原始注释，训练时需带表上下文。
public,rs_wastewater_day_records,m7_count,integer,m7 当日有效数据计数,污染源监测日记录表,existing_comment,candidate_with_conflict_warning,medium,字段名 m7_count 在库内其他表中存在不同注释（3种）。保留原始注释，训练时需带表上下文。
public,rs_wastewater_day_records,m8_value,double precision,"【PS】余氯日平均值 / 【PQ】非甲烷总烃日平均值
 ",污染源监测日记录表,existing_comment,candidate_with_conflict_warning,medium,字段名 m8_value 在库内其他表中存在不同注释（6种）。保留原始注释，训练时需带表上下文。
public,rs_wastewater_day_records,m8_count,integer,m8 当日有效数据计数,污染源监测日记录表,existing_comment,candidate_with_conflict_warning,medium,字段名 m8_count 在库内其他表中存在不同注释（3种）。保留原始注释，训练时需带表上下文。
public,rs_wastewater_day_records,m9_value,double precision,【PS】六价铬日平均值 / 【PQ】苯日平均值,污染源监测日记录表,existing_comment,candidate_with_conflict_warning,medium,字段名 m9_value 在库内其他表中存在不同注释（6种）。保留原始注释，训练时需带表上下文。
public,rs_wastewater_day_records,m9_count,integer,m9 当日有效数据计数,污染源监测日记录表,existing_comment,candidate_with_conflict_warning,medium,字段名 m9_count 在库内其他表中存在不同注释（3种）。保留原始注释，训练时需带表上下文。
public,rs_wastewater_day_records,m10_value,double precision,【PS】石油类日平均值 / 【PQ】甲苯日平均值,污染源监测日记录表,existing_comment,candidate_with_conflict_warning,medium,字段名 m10_value 在库内其他表中存在不同注释（8种）。保留原始注释，训练时需带表上下文。
public,rs_wastewater_day_records,m10_count,integer,m10 当日有效数据计数,污染源监测日记录表,existing_comment,candidate_with_conflict_warning,medium,字段名 m10_count 在库内其他表中存在不同注释（3种）。保留原始注释，训练时需带表上下文。
public,rs_wastewater_day_records,m11_value,double precision,"【PS】氟化物日平均值 / 【PQ】二甲苯日平均值
 ",污染源监测日记录表,existing_comment,candidate_with_conflict_warning,medium,字段名 m11_value 在库内其他表中存在不同注释（7种）。保留原始注释，训练时需带表上下文。
public,rs_wastewater_day_records,m11_count,integer,m11 当日有效数据计数,污染源监测日记录表,existing_comment,candidate_with_conflict_warning,medium,字段名 m11_count 在库内其他表中存在不同注释（3种）。保留原始注释，训练时需带表上下文。
public,rs_wastewater_day_records,m12_value,double precision,"【PS】总铬日平均值 / 【PQ】碳氢化合物日平均
 值",污染源监测日记录表,existing_comment,candidate_with_conflict_warning,medium,字段名 m12_value 在库内其他表中存在不同注释（7种）。保留原始注释，训练时需带表上下文。
public,rs_wastewater_day_records,m12_count,integer,m12 当日有效数据计数,污染源监测日记录表,existing_comment,candidate_with_conflict_warning,medium,字段名 m12_count 在库内其他表中存在不同注释（3种）。保留原始注释，训练时需带表上下文。
public,rs_wastewater_day_records,m13_value,double precision,【PS】氰化物日平均值 / 【PQ】甲烷日平均值,污染源监测日记录表,existing_comment,candidate_with_conflict_warning,medium,字段名 m13_value 在库内其他表中存在不同注释（7种）。保留原始注释，训练时需带表上下文。
public,rs_wastewater_day_records,m13_count,integer,m13 当日有效数据计数,污染源监测日记录表,existing_comment,candidate_with_conflict_warning,medium,字段名 m13_count 在库内其他表中存在不同注释（3种）。保留原始注释，训练时需带表上下文。
public,rs_wastewater_day_records,m14_value,double precision,【PS】总锰日平均值 / 【PQ】氟化氢日平均值,污染源监测日记录表,existing_comment,candidate_with_conflict_warning,medium,字段名 m14_value 在库内其他表中存在不同注释（6种）。保留原始注释，训练时需带表上下文。
public,rs_wastewater_day_records,m14_count,integer,m14 当日有效数据计数,污染源监测日记录表,existing_comment,candidate_with_conflict_warning,medium,字段名 m14_count 在库内其他表中存在不同注释（3种）。保留原始注释，训练时需带表上下文。
public,rs_wastewater_day_records,m15_value,double precision,"【PS】总银日平均值 / 【PQ】二氧化碳日平均值
 ",污染源监测日记录表,existing_comment,candidate_with_conflict_warning,medium,字段名 m15_value 在库内其他表中存在不同注释（6种）。保留原始注释，训练时需带表上下文。
public,rs_wastewater_day_records,m15_count,integer,m15 当日有效数据计数,污染源监测日记录表,existing_comment,candidate_with_conflict_warning,medium,字段名 m15_count 在库内其他表中存在不同注释（3种）。保留原始注释，训练时需带表上下文。
public,rs_wastewater_day_records,m16_value,double precision,"【PS】总铜日平均值 / 【PQ】1,3-二甲基苯日平
 均值",污染源监测日记录表,existing_comment,candidate_with_conflict_warning,medium,字段名 m16_value 在库内其他表中存在不同注释（6种）。保留原始注释，训练时需带表上下文。
public,rs_wastewater_day_records,m16_count,integer,m16 当日有效数据计数,污染源监测日记录表,existing_comment,candidate_with_conflict_warning,medium,字段名 m16_count 在库内其他表中存在不同注释（3种）。保留原始注释，训练时需带表上下文。
public,rs_wastewater_day_records,m17_value,double precision,"【PS】总镍日平均值 / 【PQ】乙烯基苯(苯乙烯)
 日平均值",污染源监测日记录表,existing_comment,candidate_with_conflict_warning,medium,字段名 m17_value 在库内其他表中存在不同注释（6种）。保留原始注释，训练时需带表上下文。
public,rs_wastewater_day_records,m17_count,integer,m17 当日有效数据计数,污染源监测日记录表,existing_comment,candidate_with_conflict_warning,medium,字段名 m17_count 在库内其他表中存在不同注释（3种）。保留原始注释，训练时需带表上下文。
public,rs_wastewater_day_records,m18_value,double precision,【PS】总镉日平均值 / 【PQ】乙苯日平均值,污染源监测日记录表,existing_comment,candidate_with_conflict_warning,medium,字段名 m18_value 在库内其他表中存在不同注释（6种）。保留原始注释，训练时需带表上下文。
public,rs_wastewater_day_records,m18_count,integer,m18 当日有效数据计数,污染源监测日记录表,existing_comment,candidate_with_conflict_warning,medium,字段名 m18_count 在库内其他表中存在不同注释（3种）。保留原始注释，训练时需带表上下文。
public,rs_wastewater_day_records,m19_value,double precision,"【PS】总砷日平均值 / 【PQ】1,2-二甲基苯日平
 均值",污染源监测日记录表,existing_comment,candidate_with_conflict_warning,medium,字段名 m19_value 在库内其他表中存在不同注释（6种）。保留原始注释，训练时需带表上下文。
public,rs_wastewater_day_records,m19_count,integer,m19 当日有效数据计数,污染源监测日记录表,existing_comment,candidate_with_conflict_warning,medium,字段名 m19_count 在库内其他表中存在不同注释（3种）。保留原始注释，训练时需带表上下文。
public,rs_wastewater_day_records,m20_value,double precision,【PS】总铅日平均值 / 【PQ】氨(NH3)日平均值,污染源监测日记录表,existing_comment,candidate_with_conflict_warning,medium,字段名 m20_value 在库内其他表中存在不同注释（6种）。保留原始注释，训练时需带表上下文。
public,rs_wastewater_day_records,m20_count,integer,m20 当日有效数据计数,污染源监测日记录表,existing_comment,candidate_with_conflict_warning,medium,字段名 m20_count 在库内其他表中存在不同注释（3种）。保留原始注释，训练时需带表上下文。
public,rs_wastewater_day_records,m21_value,double precision,【PS】浊度日平均值（仅排水口）,污染源监测日记录表,existing_comment,candidate_with_conflict_warning,medium,字段名 m21_value 在库内其他表中存在不同注释（6种）。保留原始注释，训练时需带表上下文。
public,rs_wastewater_day_records,m21_count,integer,m21 当日有效数据计数（仅排水口）,污染源监测日记录表,existing_comment,candidate_with_conflict_warning,medium,字段名 m21_count 在库内其他表中存在不同注释（3种）。保留原始注释，训练时需带表上下文。
public,rs_wastewater_day_records,m22_value,double precision,【PS】总锌日平均值（仅排水口）,污染源监测日记录表,existing_comment,candidate_with_conflict_warning,medium,字段名 m22_value 在库内其他表中存在不同注释（6种）。保留原始注释，训练时需带表上下文。
public,rs_wastewater_day_records,m22_count,integer,m22 当日有效数据计数（仅排水口）,污染源监测日记录表,existing_comment,candidate_with_conflict_warning,medium,字段名 m22_count 在库内其他表中存在不同注释（3种）。保留原始注释，训练时需带表上下文。
public,rs_wastewater_day_records,create_by,bigint,创建人ID,污染源监测日记录表,existing_comment,candidate_with_conflict_warning,medium,字段名 create_by 在库内其他表中存在不同注释（4种）。保留原始注释，训练时需带表上下文。
public,rs_wastewater_day_records,create_time,timestamp without time zone,创建时间,污染源监测日记录表,existing_comment,candidate_with_conflict_warning,medium,字段名 create_time 在库内其他表中存在不同注释（2种）。保留原始注释，训练时需带表上下文。
public,rs_wastewater_day_records,update_by,bigint,更新人ID,污染源监测日记录表,existing_comment,candidate_with_conflict_warning,medium,字段名 update_by 在库内其他表中存在不同注释（5种）。保留原始注释，训练时需带表上下文。
public,rs_wastewater_day_records,update_time,timestamp without time zone,更新时间,污染源监测日记录表,existing_comment,candidate_with_conflict_warning,medium,字段名 update_time 在库内其他表中存在不同注释（2种）。保留原始注释，训练时需带表上下文。
public,rs_wastewater_day_records,del_flag,character varying,删除标记：0-正常，1-删除,污染源监测日记录表,existing_comment,candidate_with_conflict_warning,medium,字段名 del_flag 在库内其他表中存在不同注释（12种）。保留原始注释，训练时需带表上下文。
public,rs_wastewater_hour_records,id,bigint,主键id,污染源-小时监测数据表,existing_comment,candidate_with_conflict_warning,medium,字段名 id 在库内其他表中存在不同注释（10种）。保留原始注释，训练时需带表上下文。
public,rs_wastewater_hour_records,timestamp,timestamp without time zone,数据时间,污染源-小时监测数据表,existing_comment,candidate_with_conflict_warning,medium,字段名 timestamp 在库内其他表中存在不同注释（3种）。保留原始注释，训练时需带表上下文。
public,rs_wastewater_hour_records,type,character varying,类型：PS-排水口、PQ-排气口,污染源-小时监测数据表,existing_comment,candidate_with_conflict_warning,medium,字段名 type 在库内其他表中存在不同注释（10种）。保留原始注释，训练时需带表上下文。
public,rs_wastewater_hour_records,pollutant_id,bigint,污染源id,污染源-小时监测数据表,existing_comment,candidate_with_conflict_warning,medium,字段名 pollutant_id 在库内其他表中存在不同注释（3种）。保留原始注释，训练时需带表上下文。
public,rs_wastewater_hour_records,status,character varying,监测结果：0正常、1偏高、2偏低,污染源-小时监测数据表,existing_comment,candidate_with_conflict_warning,medium,字段名 status 在库内其他表中存在不同注释（16种）。保留原始注释，训练时需带表上下文。
public,rs_wastewater_hour_records,record_type,character varying,记录类型：0自动、1手工,污染源-小时监测数据表,existing_comment,candidate_with_conflict_warning,medium,字段名 record_type 在库内其他表中存在不同注释（4种）。保留原始注释，训练时需带表上下文。
public,rs_wastewater_hour_records,ll,double precision,流量,污染源-小时监测数据表,existing_comment,candidate_with_conflict_warning,medium,字段名 ll 在库内其他表中存在不同注释（3种）。保留原始注释，训练时需带表上下文。
public,rs_wastewater_hour_records,pfl,double precision,排放量,污染源-小时监测数据表,existing_comment,candidate_with_conflict_warning,medium,字段名 pfl 在库内其他表中存在不同注释（3种）。保留原始注释，训练时需带表上下文。
public,rs_wastewater_hour_records,m1_value,double precision,m1_value,污染源-小时监测数据表,existing_comment,candidate_with_conflict_warning,medium,字段名 m1_value 在库内其他表中存在不同注释（8种）。保留原始注释，训练时需带表上下文。
public,rs_wastewater_hour_records,m1_status,character varying,m1_status,污染源-小时监测数据表,existing_comment,candidate_with_conflict_warning,medium,字段名 m1_status 在库内其他表中存在不同注释（2种）。保留原始注释，训练时需带表上下文。
public,rs_wastewater_hour_records,m2_value,double precision,m2_value,污染源-小时监测数据表,existing_comment,candidate_with_conflict_warning,medium,字段名 m2_value 在库内其他表中存在不同注释（7种）。保留原始注释，训练时需带表上下文。
public,rs_wastewater_hour_records,m2_status,character varying,m2_status,污染源-小时监测数据表,existing_comment,candidate_with_conflict_warning,medium,字段名 m2_status 在库内其他表中存在不同注释（2种）。保留原始注释，训练时需带表上下文。
public,rs_wastewater_hour_records,m3_value,double precision,m3_value,污染源-小时监测数据表,existing_comment,candidate_with_conflict_warning,medium,字段名 m3_value 在库内其他表中存在不同注释（8种）。保留原始注释，训练时需带表上下文。
public,rs_wastewater_hour_records,m3_status,character varying,m3_status,污染源-小时监测数据表,existing_comment,candidate_with_conflict_warning,medium,字段名 m3_status 在库内其他表中存在不同注释（2种）。保留原始注释，训练时需带表上下文。
public,rs_wastewater_hour_records,m4_value,double precision,m4_value,污染源-小时监测数据表,existing_comment,candidate_with_conflict_warning,medium,字段名 m4_value 在库内其他表中存在不同注释（7种）。保留原始注释，训练时需带表上下文。
public,rs_wastewater_hour_records,m4_status,character varying,m4_status,污染源-小时监测数据表,existing_comment,candidate_with_conflict_warning,medium,字段名 m4_status 在库内其他表中存在不同注释（2种）。保留原始注释，训练时需带表上下文。
public,rs_wastewater_hour_records,m5_value,double precision,m5_value,污染源-小时监测数据表,existing_comment,candidate_with_conflict_warning,medium,字段名 m5_value 在库内其他表中存在不同注释（7种）。保留原始注释，训练时需带表上下文。
public,rs_wastewater_hour_records,m5_status,character varying,m5_status,污染源-小时监测数据表,existing_comment,candidate_with_conflict_warning,medium,字段名 m5_status 在库内其他表中存在不同注释（2种）。保留原始注释，训练时需带表上下文。
public,rs_wastewater_hour_records,m6_value,double precision,m6_value,污染源-小时监测数据表,existing_comment,candidate_with_conflict_warning,medium,字段名 m6_value 在库内其他表中存在不同注释（7种）。保留原始注释，训练时需带表上下文。
public,rs_wastewater_hour_records,m6_status,character varying,m6_status,污染源-小时监测数据表,existing_comment,candidate_with_conflict_warning,medium,字段名 m6_status 在库内其他表中存在不同注释（2种）。保留原始注释，训练时需带表上下文。
public,rs_wastewater_hour_records,m7_value,double precision,m7_value,污染源-小时监测数据表,existing_comment,candidate_with_conflict_warning,medium,字段名 m7_value 在库内其他表中存在不同注释（6种）。保留原始注释，训练时需带表上下文。
public,rs_wastewater_hour_records,m7_status,character varying,m7_status,污染源-小时监测数据表,existing_comment,candidate_with_conflict_warning,medium,字段名 m7_status 在库内其他表中存在不同注释（2种）。保留原始注释，训练时需带表上下文。
public,rs_wastewater_hour_records,m8_value,double precision,m8_value,污染源-小时监测数据表,existing_comment,candidate_with_conflict_warning,medium,字段名 m8_value 在库内其他表中存在不同注释（6种）。保留原始注释，训练时需带表上下文。
public,rs_wastewater_hour_records,m8_status,character varying,m8_status,污染源-小时监测数据表,existing_comment,candidate_with_conflict_warning,medium,字段名 m8_status 在库内其他表中存在不同注释（2种）。保留原始注释，训练时需带表上下文。
public,rs_wastewater_hour_records,m9_value,double precision,m9_value,污染源-小时监测数据表,existing_comment,candidate_with_conflict_warning,medium,字段名 m9_value 在库内其他表中存在不同注释（6种）。保留原始注释，训练时需带表上下文。
public,rs_wastewater_hour_records,m9_status,character varying,m9_status,污染源-小时监测数据表,existing_comment,candidate_with_conflict_warning,medium,字段名 m9_status 在库内其他表中存在不同注释（2种）。保留原始注释，训练时需带表上下文。
public,rs_wastewater_hour_records,m10_value,double precision,m10_value,污染源-小时监测数据表,existing_comment,candidate_with_conflict_warning,medium,字段名 m10_value 在库内其他表中存在不同注释（8种）。保留原始注释，训练时需带表上下文。
public,rs_wastewater_hour_records,m10_status,character varying,m10_status,污染源-小时监测数据表,existing_comment,candidate_with_conflict_warning,medium,字段名 m10_status 在库内其他表中存在不同注释（2种）。保留原始注释，训练时需带表上下文。
public,rs_wastewater_hour_records,m11_value,double precision,m11_value,污染源-小时监测数据表,existing_comment,candidate_with_conflict_warning,medium,字段名 m11_value 在库内其他表中存在不同注释（7种）。保留原始注释，训练时需带表上下文。
public,rs_wastewater_hour_records,m11_status,character varying,m11_status,污染源-小时监测数据表,existing_comment,candidate_with_conflict_warning,medium,字段名 m11_status 在库内其他表中存在不同注释（2种）。保留原始注释，训练时需带表上下文。
public,rs_wastewater_hour_records,m12_value,double precision,m12_value,污染源-小时监测数据表,existing_comment,candidate_with_conflict_warning,medium,字段名 m12_value 在库内其他表中存在不同注释（7种）。保留原始注释，训练时需带表上下文。
public,rs_wastewater_hour_records,m12_status,character varying,m12_status,污染源-小时监测数据表,existing_comment,candidate_with_conflict_warning,medium,字段名 m12_status 在库内其他表中存在不同注释（2种）。保留原始注释，训练时需带表上下文。
public,rs_wastewater_hour_records,m13_value,double precision,m13_value,污染源-小时监测数据表,existing_comment,candidate_with_conflict_warning,medium,字段名 m13_value 在库内其他表中存在不同注释（7种）。保留原始注释，训练时需带表上下文。
public,rs_wastewater_hour_records,m13_status,character varying,m13_status,污染源-小时监测数据表,existing_comment,candidate_with_conflict_warning,medium,字段名 m13_status 在库内其他表中存在不同注释（2种）。保留原始注释，训练时需带表上下文。
public,rs_wastewater_hour_records,m14_value,double precision,m14_value,污染源-小时监测数据表,existing_comment,candidate_with_conflict_warning,medium,字段名 m14_value 在库内其他表中存在不同注释（6种）。保留原始注释，训练时需带表上下文。
public,rs_wastewater_hour_records,m14_status,character varying,m14_status,污染源-小时监测数据表,existing_comment,candidate_with_conflict_warning,medium,字段名 m14_status 在库内其他表中存在不同注释（2种）。保留原始注释，训练时需带表上下文。
public,rs_wastewater_hour_records,m15_value,double precision,m15_value,污染源-小时监测数据表,existing_comment,candidate_with_conflict_warning,medium,字段名 m15_value 在库内其他表中存在不同注释（6种）。保留原始注释，训练时需带表上下文。
public,rs_wastewater_hour_records,m15_status,character varying,m15_status,污染源-小时监测数据表,existing_comment,candidate_with_conflict_warning,medium,字段名 m15_status 在库内其他表中存在不同注释（2种）。保留原始注释，训练时需带表上下文。
public,rs_wastewater_hour_records,m16_value,double precision,m16_value,污染源-小时监测数据表,existing_comment,candidate_with_conflict_warning,medium,字段名 m16_value 在库内其他表中存在不同注释（6种）。保留原始注释，训练时需带表上下文。
public,rs_wastewater_hour_records,m16_status,character varying,m16_status,污染源-小时监测数据表,existing_comment,candidate_with_conflict_warning,medium,字段名 m16_status 在库内其他表中存在不同注释（2种）。保留原始注释，训练时需带表上下文。
public,rs_wastewater_hour_records,m17_value,double precision,m17_value,污染源-小时监测数据表,existing_comment,candidate_with_conflict_warning,medium,字段名 m17_value 在库内其他表中存在不同注释（6种）。保留原始注释，训练时需带表上下文。
public,rs_wastewater_hour_records,m17_status,character varying,m17_status,污染源-小时监测数据表,existing_comment,candidate_with_conflict_warning,medium,字段名 m17_status 在库内其他表中存在不同注释（2种）。保留原始注释，训练时需带表上下文。
public,rs_wastewater_hour_records,m18_value,double precision,m18_value,污染源-小时监测数据表,existing_comment,candidate_with_conflict_warning,medium,字段名 m18_value 在库内其他表中存在不同注释（6种）。保留原始注释，训练时需带表上下文。
public,rs_wastewater_hour_records,m18_status,character varying,m18_status,污染源-小时监测数据表,existing_comment,candidate_with_conflict_warning,medium,字段名 m18_status 在库内其他表中存在不同注释（2种）。保留原始注释，训练时需带表上下文。
public,rs_wastewater_hour_records,m19_value,double precision,m19_value,污染源-小时监测数据表,existing_comment,candidate_with_conflict_warning,medium,字段名 m19_value 在库内其他表中存在不同注释（6种）。保留原始注释，训练时需带表上下文。
public,rs_wastewater_hour_records,m19_status,character varying,m19_status,污染源-小时监测数据表,existing_comment,candidate_with_conflict_warning,medium,字段名 m19_status 在库内其他表中存在不同注释（2种）。保留原始注释，训练时需带表上下文。
public,rs_wastewater_hour_records,m20_value,double precision,m20_value,污染源-小时监测数据表,existing_comment,candidate_with_conflict_warning,medium,字段名 m20_value 在库内其他表中存在不同注释（6种）。保留原始注释，训练时需带表上下文。
public,rs_wastewater_hour_records,m20_status,character varying,m20_status,污染源-小时监测数据表,existing_comment,candidate_with_conflict_warning,medium,字段名 m20_status 在库内其他表中存在不同注释（2种）。保留原始注释，训练时需带表上下文。
public,rs_wastewater_hour_records,m21_value,double precision,m21_value,污染源-小时监测数据表,existing_comment,candidate_with_conflict_warning,medium,字段名 m21_value 在库内其他表中存在不同注释（6种）。保留原始注释，训练时需带表上下文。
public,rs_wastewater_hour_records,m21_status,character varying,m21_status,污染源-小时监测数据表,existing_comment,candidate_with_conflict_warning,medium,字段名 m21_status 在库内其他表中存在不同注释（2种）。保留原始注释，训练时需带表上下文。
public,rs_wastewater_hour_records,m22_value,double precision,m22_value,污染源-小时监测数据表,existing_comment,candidate_with_conflict_warning,medium,字段名 m22_value 在库内其他表中存在不同注释（6种）。保留原始注释，训练时需带表上下文。
public,rs_wastewater_hour_records,m22_status,character varying,m22_status,污染源-小时监测数据表,existing_comment,candidate_with_conflict_warning,medium,字段名 m22_status 在库内其他表中存在不同注释（2种）。保留原始注释，训练时需带表上下文。
public,rs_wastewater_hour_records,create_by,bigint,创建人,污染源-小时监测数据表,existing_comment,candidate_with_conflict_warning,medium,字段名 create_by 在库内其他表中存在不同注释（4种）。保留原始注释，训练时需带表上下文。
public,rs_wastewater_hour_records,create_time,timestamp without time zone,创建时间,污染源-小时监测数据表,existing_comment,candidate_with_conflict_warning,medium,字段名 create_time 在库内其他表中存在不同注释（2种）。保留原始注释，训练时需带表上下文。
public,rs_wastewater_hour_records,update_by,bigint,更新人,污染源-小时监测数据表,existing_comment,candidate_with_conflict_warning,medium,字段名 update_by 在库内其他表中存在不同注释（5种）。保留原始注释，训练时需带表上下文。
public,rs_wastewater_hour_records,update_time,timestamp without time zone,更新时间,污染源-小时监测数据表,existing_comment,candidate_with_conflict_warning,medium,字段名 update_time 在库内其他表中存在不同注释（2种）。保留原始注释，训练时需带表上下文。
public,rs_wastewater_hour_records,del_flag,character varying,删除标记：0未删除、1已删除,污染源-小时监测数据表,existing_comment,candidate_with_conflict_warning,medium,字段名 del_flag 在库内其他表中存在不同注释（12种）。保留原始注释，训练时需带表上下文。
public,rs_wastewater_month_records,id,bigint,主键ID,污染源监测月记录表,existing_comment,candidate_with_conflict_warning,medium,字段名 id 在库内其他表中存在不同注释（10种）。保留原始注释，训练时需带表上下文。
public,rs_wastewater_month_records,timestamp,timestamp without time zone,统计月份起始时间（当月第一天00:00:00）,污染源监测月记录表,existing_comment,candidate_with_conflict_warning,medium,字段名 timestamp 在库内其他表中存在不同注释（3种）。保留原始注释，训练时需带表上下文。
public,rs_wastewater_month_records,type,character varying,类型：PS-排水口，PQ-排气口,污染源监测月记录表,existing_comment,candidate_with_conflict_warning,medium,字段名 type 在库内其他表中存在不同注释（10种）。保留原始注释，训练时需带表上下文。
public,rs_wastewater_month_records,pollutant_id,bigint,"排污口/排气口ID（关联
 rs_pollutant_info.id）",污染源监测月记录表,existing_comment,candidate_with_conflict_warning,medium,字段名 pollutant_id 在库内其他表中存在不同注释（3种）。保留原始注释，训练时需带表上下文。
public,rs_wastewater_month_records,status,character varying,"当月综合状态：nobeyond-正常，below-偏低
 ，beyond-超标",污染源监测月记录表,existing_comment,candidate_with_conflict_warning,medium,字段名 status 在库内其他表中存在不同注释（16种）。保留原始注释，训练时需带表上下文。
public,rs_wastewater_month_records,record_type,character varying,记录类型：0-正常统计，1-补录,污染源监测月记录表,existing_comment,candidate_with_conflict_warning,medium,字段名 record_type 在库内其他表中存在不同注释（4种）。保留原始注释，训练时需带表上下文。
public,rs_wastewater_month_records,monitor_year,integer,监测年份,污染源监测月记录表,existing_comment,candidate_safe,low,字段已有注释，无同名字段冲突，可安全纳入训练候选。
public,rs_wastewater_month_records,monitor_month,integer,监测月份,污染源监测月记录表,existing_comment,candidate_safe,low,字段已有注释，无同名字段冲突，可安全纳入训练候选。
public,rs_wastewater_month_records,remark,character varying,备注,污染源监测月记录表,existing_comment,candidate_with_conflict_warning,medium,字段名 remark 在库内其他表中存在不同注释（2种）。保留原始注释，训练时需带表上下文。
public,rs_wastewater_month_records,ll,double precision,月流量（各日流量的平均值）,污染源监测月记录表,existing_comment,candidate_with_conflict_warning,medium,字段名 ll 在库内其他表中存在不同注释（3种）。保留原始注释，训练时需带表上下文。
public,rs_wastewater_month_records,ll_count,integer,月流量有效数据计数（参与平均的天数）,污染源监测月记录表,existing_comment,candidate_with_conflict_warning,medium,字段名 ll_count 在库内其他表中存在不同注释（2种）。保留原始注释，训练时需带表上下文。
public,rs_wastewater_month_records,pfl,double precision,月排流量（各日排流量的累加值）,污染源监测月记录表,existing_comment,candidate_with_conflict_warning,medium,字段名 pfl 在库内其他表中存在不同注释（3种）。保留原始注释，训练时需带表上下文。
public,rs_wastewater_month_records,pfl_count,integer,月排流量有效数据计数（参与累加的天数）,污染源监测月记录表,existing_comment,candidate_with_conflict_warning,medium,字段名 pfl_count 在库内其他表中存在不同注释（2种）。保留原始注释，训练时需带表上下文。
public,rs_wastewater_month_records,m1_value,double precision,"【PS】化学需氧量(COD)月平均值 / 【PQ】烟尘
 月平均值",污染源监测月记录表,existing_comment,candidate_with_conflict_warning,medium,字段名 m1_value 在库内其他表中存在不同注释（8种）。保留原始注释，训练时需带表上下文。
public,rs_wastewater_month_records,m1_count,integer,m1 当月有效数据计数,污染源监测月记录表,existing_comment,candidate_with_conflict_warning,medium,字段名 m1_count 在库内其他表中存在不同注释（3种）。保留原始注释，训练时需带表上下文。
public,rs_wastewater_month_records,m2_value,double precision,"【PS】总氮(TN)月平均值 / 【PQ】二氧化硫月平
 均值",污染源监测月记录表,existing_comment,candidate_with_conflict_warning,medium,字段名 m2_value 在库内其他表中存在不同注释（7种）。保留原始注释，训练时需带表上下文。
public,rs_wastewater_month_records,m2_count,integer,m2 当月有效数据计数,污染源监测月记录表,existing_comment,candidate_with_conflict_warning,medium,字段名 m2_count 在库内其他表中存在不同注释（3种）。保留原始注释，训练时需带表上下文。
public,rs_wastewater_month_records,m3_value,double precision,【PS】pH月平均值 / 【PQ】氮氧化物月平均值,污染源监测月记录表,existing_comment,candidate_with_conflict_warning,medium,字段名 m3_value 在库内其他表中存在不同注释（8种）。保留原始注释，训练时需带表上下文。
public,rs_wastewater_month_records,m3_count,integer,m3 当月有效数据计数,污染源监测月记录表,existing_comment,candidate_with_conflict_warning,medium,字段名 m3_count 在库内其他表中存在不同注释（3种）。保留原始注释，训练时需带表上下文。
public,rs_wastewater_month_records,m4_value,double precision,"【PS】氨氮月平均值 / 【PQ】一氧化氮月平均值
 ",污染源监测月记录表,existing_comment,candidate_with_conflict_warning,medium,字段名 m4_value 在库内其他表中存在不同注释（7种）。保留原始注释，训练时需带表上下文。
public,rs_wastewater_month_records,m4_count,integer,m4 当月有效数据计数,污染源监测月记录表,existing_comment,candidate_with_conflict_warning,medium,字段名 m4_count 在库内其他表中存在不同注释（3种）。保留原始注释，训练时需带表上下文。
public,rs_wastewater_month_records,m5_value,double precision,"【PS】水温月平均值 / 【PQ】二氧化氮月平均值
 ",污染源监测月记录表,existing_comment,candidate_with_conflict_warning,medium,字段名 m5_value 在库内其他表中存在不同注释（7种）。保留原始注释，训练时需带表上下文。
public,rs_wastewater_month_records,m5_count,integer,m5 当月有效数据计数,污染源监测月记录表,existing_comment,candidate_with_conflict_warning,medium,字段名 m5_count 在库内其他表中存在不同注释（3种）。保留原始注释，训练时需带表上下文。
public,rs_wastewater_month_records,m6_value,double precision,"【PS】总磷月平均值 / 【PQ】一氧化碳月平均值
 ",污染源监测月记录表,existing_comment,candidate_with_conflict_warning,medium,字段名 m6_value 在库内其他表中存在不同注释（7种）。保留原始注释，训练时需带表上下文。
public,rs_wastewater_month_records,m6_count,integer,m6 当月有效数据计数,污染源监测月记录表,existing_comment,candidate_with_conflict_warning,medium,字段名 m6_count 在库内其他表中存在不同注释（3种）。保留原始注释，训练时需带表上下文。
public,rs_wastewater_month_records,m7_value,double precision,"【PS】悬浮物月平均值 / 【PQ】氯化氢月平均值
 ",污染源监测月记录表,existing_comment,candidate_with_conflict_warning,medium,字段名 m7_value 在库内其他表中存在不同注释（6种）。保留原始注释，训练时需带表上下文。
public,rs_wastewater_month_records,m7_count,integer,m7 当月有效数据计数,污染源监测月记录表,existing_comment,candidate_with_conflict_warning,medium,字段名 m7_count 在库内其他表中存在不同注释（3种）。保留原始注释，训练时需带表上下文。
public,rs_wastewater_month_records,m8_value,double precision,"【PS】余氯月平均值 / 【PQ】非甲烷总烃月平均
 值",污染源监测月记录表,existing_comment,candidate_with_conflict_warning,medium,字段名 m8_value 在库内其他表中存在不同注释（6种）。保留原始注释，训练时需带表上下文。
public,rs_wastewater_month_records,m8_count,integer,m8 当月有效数据计数,污染源监测月记录表,existing_comment,candidate_with_conflict_warning,medium,字段名 m8_count 在库内其他表中存在不同注释（3种）。保留原始注释，训练时需带表上下文。
public,rs_wastewater_month_records,m9_value,double precision,【PS】六价铬月平均值 / 【PQ】苯月平均值,污染源监测月记录表,existing_comment,candidate_with_conflict_warning,medium,字段名 m9_value 在库内其他表中存在不同注释（6种）。保留原始注释，训练时需带表上下文。
public,rs_wastewater_month_records,m9_count,integer,m9 当月有效数据计数,污染源监测月记录表,existing_comment,candidate_with_conflict_warning,medium,字段名 m9_count 在库内其他表中存在不同注释（3种）。保留原始注释，训练时需带表上下文。
public,rs_wastewater_month_records,m10_value,double precision,"【PS】石油类月平均值 / 【PQ】甲苯月平均值
 ",污染源监测月记录表,existing_comment,candidate_with_conflict_warning,medium,字段名 m10_value 在库内其他表中存在不同注释（8种）。保留原始注释，训练时需带表上下文。
public,rs_wastewater_month_records,m10_count,integer,m10 当月有效数据计数,污染源监测月记录表,existing_comment,candidate_with_conflict_warning,medium,字段名 m10_count 在库内其他表中存在不同注释（3种）。保留原始注释，训练时需带表上下文。
public,rs_wastewater_month_records,m11_value,double precision,"【PS】氟化物月平均值 / 【PQ】二甲苯月平均
 值",污染源监测月记录表,existing_comment,candidate_with_conflict_warning,medium,字段名 m11_value 在库内其他表中存在不同注释（7种）。保留原始注释，训练时需带表上下文。
public,rs_wastewater_month_records,m11_count,integer,m11 当月有效数据计数,污染源监测月记录表,existing_comment,candidate_with_conflict_warning,medium,字段名 m11_count 在库内其他表中存在不同注释（3种）。保留原始注释，训练时需带表上下文。
public,rs_wastewater_month_records,m12_value,double precision,"【PS】总铬月平均值 / 【PQ】碳氢化合物月平
 均值",污染源监测月记录表,existing_comment,candidate_with_conflict_warning,medium,字段名 m12_value 在库内其他表中存在不同注释（7种）。保留原始注释，训练时需带表上下文。
public,rs_wastewater_month_records,m12_count,integer,m12 当月有效数据计数,污染源监测月记录表,existing_comment,candidate_with_conflict_warning,medium,字段名 m12_count 在库内其他表中存在不同注释（3种）。保留原始注释，训练时需带表上下文。
public,rs_wastewater_month_records,m13_value,double precision,"【PS】氰化物月平均值 / 【PQ】甲烷月平均值
 ",污染源监测月记录表,existing_comment,candidate_with_conflict_warning,medium,字段名 m13_value 在库内其他表中存在不同注释（7种）。保留原始注释，训练时需带表上下文。
public,rs_wastewater_month_records,m13_count,integer,m13 当月有效数据计数,污染源监测月记录表,existing_comment,candidate_with_conflict_warning,medium,字段名 m13_count 在库内其他表中存在不同注释（3种）。保留原始注释，训练时需带表上下文。
public,rs_wastewater_month_records,m14_value,double precision,"【PS】总锰月平均值 / 【PQ】氟化氢月平均值
 ",污染源监测月记录表,existing_comment,candidate_with_conflict_warning,medium,字段名 m14_value 在库内其他表中存在不同注释（6种）。保留原始注释，训练时需带表上下文。
public,rs_wastewater_month_records,m14_count,integer,m14 当月有效数据计数,污染源监测月记录表,existing_comment,candidate_with_conflict_warning,medium,字段名 m14_count 在库内其他表中存在不同注释（3种）。保留原始注释，训练时需带表上下文。
public,rs_wastewater_month_records,m15_value,double precision,"【PS】总银月平均值 / 【PQ】二氧化碳月平均
 值",污染源监测月记录表,existing_comment,candidate_with_conflict_warning,medium,字段名 m15_value 在库内其他表中存在不同注释（6种）。保留原始注释，训练时需带表上下文。
public,rs_wastewater_month_records,m15_count,integer,m15 当月有效数据计数,污染源监测月记录表,existing_comment,candidate_with_conflict_warning,medium,字段名 m15_count 在库内其他表中存在不同注释（3种）。保留原始注释，训练时需带表上下文。
public,rs_wastewater_month_records,m16_value,double precision,"【PS】总铜月平均值 / 【PQ】1,3-二甲基苯月
 平均值",污染源监测月记录表,existing_comment,candidate_with_conflict_warning,medium,字段名 m16_value 在库内其他表中存在不同注释（6种）。保留原始注释，训练时需带表上下文。
public,rs_wastewater_month_records,m16_count,integer,m16 当月有效数据计数,污染源监测月记录表,existing_comment,candidate_with_conflict_warning,medium,字段名 m16_count 在库内其他表中存在不同注释（3种）。保留原始注释，训练时需带表上下文。
public,rs_wastewater_month_records,m17_value,double precision,"【PS】总镍月平均值 / 【PQ】乙烯基苯(苯乙烯
 )月平均值",污染源监测月记录表,existing_comment,candidate_with_conflict_warning,medium,字段名 m17_value 在库内其他表中存在不同注释（6种）。保留原始注释，训练时需带表上下文。
public,rs_wastewater_month_records,m17_count,integer,m17 当月有效数据计数,污染源监测月记录表,existing_comment,candidate_with_conflict_warning,medium,字段名 m17_count 在库内其他表中存在不同注释（3种）。保留原始注释，训练时需带表上下文。
public,rs_wastewater_month_records,m18_value,double precision,【PS】总镉月平均值 / 【PQ】乙苯月平均值,污染源监测月记录表,existing_comment,candidate_with_conflict_warning,medium,字段名 m18_value 在库内其他表中存在不同注释（6种）。保留原始注释，训练时需带表上下文。
public,rs_wastewater_month_records,m18_count,integer,m18 当月有效数据计数,污染源监测月记录表,existing_comment,candidate_with_conflict_warning,medium,字段名 m18_count 在库内其他表中存在不同注释（3种）。保留原始注释，训练时需带表上下文。
public,rs_wastewater_month_records,m19_value,double precision,"【PS】总砷月平均值 / 【PQ】1,2-二甲基苯月
 平均值",污染源监测月记录表,existing_comment,candidate_with_conflict_warning,medium,字段名 m19_value 在库内其他表中存在不同注释（6种）。保留原始注释，训练时需带表上下文。
public,rs_wastewater_month_records,m19_count,integer,m19 当月有效数据计数,污染源监测月记录表,existing_comment,candidate_with_conflict_warning,medium,字段名 m19_count 在库内其他表中存在不同注释（3种）。保留原始注释，训练时需带表上下文。
public,rs_wastewater_month_records,m20_value,double precision,"【PS】总铅月平均值 / 【PQ】氨(NH3)月平均值
 ",污染源监测月记录表,existing_comment,candidate_with_conflict_warning,medium,字段名 m20_value 在库内其他表中存在不同注释（6种）。保留原始注释，训练时需带表上下文。
public,rs_wastewater_month_records,m20_count,integer,m20 当月有效数据计数,污染源监测月记录表,existing_comment,candidate_with_conflict_warning,medium,字段名 m20_count 在库内其他表中存在不同注释（3种）。保留原始注释，训练时需带表上下文。
public,rs_wastewater_month_records,m21_value,double precision,【PS】浊度月平均值（仅排水口）,污染源监测月记录表,existing_comment,candidate_with_conflict_warning,medium,字段名 m21_value 在库内其他表中存在不同注释（6种）。保留原始注释，训练时需带表上下文。
public,rs_wastewater_month_records,m21_count,integer,m21 当月有效数据计数（仅排水口）,污染源监测月记录表,existing_comment,candidate_with_conflict_warning,medium,字段名 m21_count 在库内其他表中存在不同注释（3种）。保留原始注释，训练时需带表上下文。
public,rs_wastewater_month_records,m22_value,double precision,【PS】总锌月平均值（仅排水口）,污染源监测月记录表,existing_comment,candidate_with_conflict_warning,medium,字段名 m22_value 在库内其他表中存在不同注释（6种）。保留原始注释，训练时需带表上下文。
public,rs_wastewater_month_records,m22_count,integer,m22 当月有效数据计数（仅排水口）,污染源监测月记录表,existing_comment,candidate_with_conflict_warning,medium,字段名 m22_count 在库内其他表中存在不同注释（3种）。保留原始注释，训练时需带表上下文。
public,rs_wastewater_month_records,create_by,bigint,创建人ID,污染源监测月记录表,existing_comment,candidate_with_conflict_warning,medium,字段名 create_by 在库内其他表中存在不同注释（4种）。保留原始注释，训练时需带表上下文。
public,rs_wastewater_month_records,create_time,timestamp without time zone,创建时间,污染源监测月记录表,existing_comment,candidate_with_conflict_warning,medium,字段名 create_time 在库内其他表中存在不同注释（2种）。保留原始注释，训练时需带表上下文。
public,rs_wastewater_month_records,update_by,bigint,更新人ID,污染源监测月记录表,existing_comment,candidate_with_conflict_warning,medium,字段名 update_by 在库内其他表中存在不同注释（5种）。保留原始注释，训练时需带表上下文。
public,rs_wastewater_month_records,update_time,timestamp without time zone,更新时间,污染源监测月记录表,existing_comment,candidate_with_conflict_warning,medium,字段名 update_time 在库内其他表中存在不同注释（2种）。保留原始注释，训练时需带表上下文。
public,rs_wastewater_month_records,del_flag,character varying,删除标记：0-正常，1-删除,污染源监测月记录表,existing_comment,candidate_with_conflict_warning,medium,字段名 del_flag 在库内其他表中存在不同注释（12种）。保留原始注释，训练时需带表上下文。
public,rs_wastewater_standard,id,bigint,主键id,废水/废气排放标准配置表,existing_comment,candidate_with_conflict_warning,medium,字段名 id 在库内其他表中存在不同注释（10种）。保留原始注释，训练时需带表上下文。
public,rs_wastewater_standard,indicator_name,character varying,指标名称,废水/废气排放标准配置表,existing_comment,candidate_with_conflict_warning,medium,字段名 indicator_name 在库内其他表中存在不同注释（2种）。保留原始注释，训练时需带表上下文。
public,rs_wastewater_standard,apply_type,character,适用类型：0 污水处理厂、1 其他,废水/废气排放标准配置表,existing_comment,candidate_safe,low,字段已有注释，无同名字段冲突，可安全纳入训练候选。
public,rs_wastewater_standard,l1_value,double precision,最低标准,废水/废气排放标准配置表,existing_comment,candidate_with_conflict_warning,medium,字段名 l1_value 在库内其他表中存在不同注释（2种）。保留原始注释，训练时需带表上下文。
public,rs_wastewater_standard,l2_value,double precision,小时标准,废水/废气排放标准配置表,existing_comment,candidate_with_conflict_warning,medium,字段名 l2_value 在库内其他表中存在不同注释（2种）。保留原始注释，训练时需带表上下文。
public,rs_wastewater_standard,l3_value,double precision,日标准,废水/废气排放标准配置表,existing_comment,candidate_with_conflict_warning,medium,字段名 l3_value 在库内其他表中存在不同注释（2种）。保留原始注释，训练时需带表上下文。
public,rs_wastewater_standard,max_value,double precision,最高允许排放浓度,废水/废气排放标准配置表,existing_comment,candidate_safe,low,字段已有注释，无同名字段冲突，可安全纳入训练候选。
public,rs_wastewater_standard,create_by,bigint,创建人,废水/废气排放标准配置表,existing_comment,candidate_with_conflict_warning,medium,字段名 create_by 在库内其他表中存在不同注释（4种）。保留原始注释，训练时需带表上下文。
public,rs_wastewater_standard,create_time,timestamp without time zone,创建时间,废水/废气排放标准配置表,existing_comment,candidate_with_conflict_warning,medium,字段名 create_time 在库内其他表中存在不同注释（2种）。保留原始注释，训练时需带表上下文。
public,rs_wastewater_standard,update_by,bigint,更新人,废水/废气排放标准配置表,existing_comment,candidate_with_conflict_warning,medium,字段名 update_by 在库内其他表中存在不同注释（5种）。保留原始注释，训练时需带表上下文。
public,rs_wastewater_standard,update_time,timestamp without time zone,更新时间,废水/废气排放标准配置表,existing_comment,candidate_with_conflict_warning,medium,字段名 update_time 在库内其他表中存在不同注释（2种）。保留原始注释，训练时需带表上下文。
public,rs_wastewater_standard,del_flag,character,删除标记：0 未删除、1 已删除,废水/废气排放标准配置表,existing_comment,candidate_with_conflict_warning,medium,字段名 del_flag 在库内其他表中存在不同注释（12种）。保留原始注释，训练时需带表上下文。
public,rs_wastewater_standard,jcdbh,character varying,监测点编号,废水/废气排放标准配置表,existing_comment,candidate_safe,low,字段已有注释，无同名字段冲突，可安全纳入训练候选。
public,rs_wastewater_standard,indicator_code,character varying,指标编码,废水/废气排放标准配置表,existing_comment,candidate_with_conflict_warning,medium,字段名 indicator_code 在库内其他表中存在不同注释（3种）。保留原始注释，训练时需带表上下文。
public,rs_wastewater_standard,type,character varying,排放口类型：PS 排水口、PQ 排气口,废水/废气排放标准配置表,existing_comment,candidate_with_conflict_warning,medium,字段名 type 在库内其他表中存在不同注释（10种）。保留原始注释，训练时需带表上下文。
public,se_watershed,region_code,character varying,所属区域Code,流域产值信息：年统计值,existing_comment,candidate_with_conflict_warning,medium,字段名 region_code 在库内其他表中存在不同注释（4种）。保留原始注释，训练时需带表上下文。
public,se_watershed,total_population,double precision,总人口,流域产值信息：年统计值,existing_comment,candidate_safe,low,字段已有注释，无同名字段冲突，可安全纳入训练候选。
public,se_watershed,total_product_value,double precision,地区生产总值,流域产值信息：年统计值,existing_comment,candidate_safe,low,字段已有注释，无同名字段冲突，可安全纳入训练候选。
public,se_watershed,total_river_area,double precision,水面面积：k㎡,流域产值信息：年统计值,existing_comment,candidate_safe,low,字段已有注释，无同名字段冲突，可安全纳入训练候选。
public,se_watershed,total_watershed_area,double precision,流域面积：k㎡,流域产值信息：年统计值,existing_comment,candidate_safe,low,字段已有注释，无同名字段冲突，可安全纳入训练候选。
public,se_watershed,water_depth_avg,double precision,年平均水深：m,流域产值信息：年统计值,existing_comment,candidate_safe,low,字段已有注释，无同名字段冲突，可安全纳入训练候选。
public,se_watershed,runoff_value,double precision,径流量：亿m³,流域产值信息：年统计值,existing_comment,candidate_safe,low,字段已有注释，无同名字段冲突，可安全纳入训练候选。
public,se_watershed,statistic_year,bigint,统计年份,流域产值信息：年统计值,existing_comment,candidate_safe,low,字段已有注释，无同名字段冲突，可安全纳入训练候选。
public,se_watershed,update_by,bigint,创建人,流域产值信息：年统计值,existing_comment,candidate_with_conflict_warning,medium,字段名 update_by 在库内其他表中存在不同注释（5种）。保留原始注释，训练时需带表上下文。
public,se_watershed,update_time,timestamp without time zone,创建时间,流域产值信息：年统计值,existing_comment,candidate_with_conflict_warning,medium,字段名 update_time 在库内其他表中存在不同注释（2种）。保留原始注释，训练时需带表上下文。
public,se_watershed,del_flag,character,删除标记：0 未删除、1 已删除,流域产值信息：年统计值,existing_comment,candidate_with_conflict_warning,medium,字段名 del_flag 在库内其他表中存在不同注释（12种）。保留原始注释，训练时需带表上下文。
public,se_watershed,name,character varying,流域名称,流域产值信息：年统计值,existing_comment,candidate_with_conflict_warning,medium,字段名 name 在库内其他表中存在不同注释（14种）。保留原始注释，训练时需带表上下文。
public,se_watershed,mark,character varying,备注,流域产值信息：年统计值,existing_comment,candidate_safe,low,字段已有注释，无同名字段冲突，可安全纳入训练候选。
public,se_watershed_river,id,bigint,主键id,流域河流管理档案表,existing_comment,candidate_with_conflict_warning,medium,字段名 id 在库内其他表中存在不同注释（10种）。保留原始注释，训练时需带表上下文。
public,se_watershed_river,serial_no,integer,序号,流域河流管理档案表,existing_comment,candidate_safe,low,字段已有注释，无同名字段冲突，可安全纳入训练候选。
public,se_watershed_river,river_name,character varying,河流名称,流域河流管理档案表,existing_comment,candidate_with_conflict_warning,medium,字段名 river_name 在库内其他表中存在不同注释（3种）。保留原始注释，训练时需带表上下文。
public,se_watershed_river,river_alias,character varying,河流别称,流域河流管理档案表,existing_comment,candidate_safe,low,字段已有注释，无同名字段冲突，可安全纳入训练候选。
public,se_watershed_river,river_level,integer,河流级别,流域河流管理档案表,existing_comment,candidate_safe,low,字段已有注释，无同名字段冲突，可安全纳入训练候选。
public,se_watershed_river,parent_river_name,character varying,上一级河流名称,流域河流管理档案表,existing_comment,candidate_safe,low,字段已有注释，无同名字段冲突，可安全纳入训练候选。
public,se_watershed_river,river_length,double precision,河流长度(km),流域河流管理档案表,existing_comment,candidate_safe,low,字段已有注释，无同名字段冲突，可安全纳入训练候选。
public,se_watershed_river,hubei_length,double precision,湖北长度(km),流域河流管理档案表,existing_comment,candidate_safe,low,字段已有注释，无同名字段冲突，可安全纳入训练候选。
public,se_watershed_river,yichang_length,double precision,宜昌长度(km),流域河流管理档案表,existing_comment,candidate_safe,low,字段已有注释，无同名字段冲突，可安全纳入训练候选。
public,se_watershed_river,watershed_area,double precision,流域面积(km2),流域河流管理档案表,existing_comment,candidate_safe,low,字段已有注释，无同名字段冲突，可安全纳入训练候选。
public,se_watershed_river,hubei_area,double precision,湖北面积(km2),流域河流管理档案表,existing_comment,candidate_safe,low,字段已有注释，无同名字段冲突，可安全纳入训练候选。
public,se_watershed_river,yichang_area,double precision,宜昌面积(km2),流域河流管理档案表,existing_comment,candidate_safe,low,字段已有注释，无同名字段冲突，可安全纳入训练候选。
public,se_watershed_river,flow_districts,character varying,流经市内行政区,流域河流管理档案表,existing_comment,candidate_safe,low,字段已有注释，无同名字段冲突，可安全纳入训练候选。
public,se_watershed_river,source_province,character varying,源头省,流域河流管理档案表,existing_comment,candidate_safe,low,字段已有注释，无同名字段冲突，可安全纳入训练候选。
public,se_watershed_river,source_county,character varying,源头县（市）,流域河流管理档案表,existing_comment,candidate_safe,low,字段已有注释，无同名字段冲突，可安全纳入训练候选。
public,se_watershed_river,source_town,character varying,源头乡镇,流域河流管理档案表,existing_comment,candidate_safe,low,字段已有注释，无同名字段冲突，可安全纳入训练候选。
public,se_watershed_river,source_village,character varying,源头村,流域河流管理档案表,existing_comment,candidate_safe,low,字段已有注释，无同名字段冲突，可安全纳入训练候选。
public,se_watershed_river,mouth_province,character varying,河口省,流域河流管理档案表,existing_comment,candidate_safe,low,字段已有注释，无同名字段冲突，可安全纳入训练候选。
public,se_watershed_river,mouth_county,character varying,河口县（市）,流域河流管理档案表,existing_comment,candidate_safe,low,字段已有注释，无同名字段冲突，可安全纳入训练候选。
public,se_watershed_river,mouth_town,character varying,河口乡镇,流域河流管理档案表,existing_comment,candidate_safe,low,字段已有注释，无同名字段冲突，可安全纳入训练候选。
public,se_watershed_river,mouth_village,character varying,河口村,流域河流管理档案表,existing_comment,candidate_safe,low,字段已有注释，无同名字段冲突，可安全纳入训练候选。
public,se_watershed_river,create_by,bigint,创建人,流域河流管理档案表,existing_comment,candidate_with_conflict_warning,medium,字段名 create_by 在库内其他表中存在不同注释（4种）。保留原始注释，训练时需带表上下文。
public,se_watershed_river,create_time,timestamp without time zone,创建时间,流域河流管理档案表,existing_comment,candidate_with_conflict_warning,medium,字段名 create_time 在库内其他表中存在不同注释（2种）。保留原始注释，训练时需带表上下文。
public,se_watershed_river,update_by,bigint,更新人,流域河流管理档案表,existing_comment,candidate_with_conflict_warning,medium,字段名 update_by 在库内其他表中存在不同注释（5种）。保留原始注释，训练时需带表上下文。
public,se_watershed_river,update_time,timestamp without time zone,更新时间,流域河流管理档案表,existing_comment,candidate_with_conflict_warning,medium,字段名 update_time 在库内其他表中存在不同注释（2种）。保留原始注释，训练时需带表上下文。
public,se_watershed_river,del_flag,character,删除标记: 0-未删除、1-已删除,流域河流管理档案表,existing_comment,candidate_with_conflict_warning,medium,字段名 del_flag 在库内其他表中存在不同注释（12种）。保留原始注释，训练时需带表上下文。
public,stg_sjtj_sxhysjzxpt_dbo_operator_day_burnup_df,b_date,character varying,日期,船舶公司每天的燃耗,existing_comment,candidate_safe,low,字段已有注释，无同名字段冲突，可安全纳入训练候选。
public,stg_sjtj_sxhysjzxpt_dbo_operator_day_burnup_df,operator,character varying,船运公司,船舶公司每天的燃耗,existing_comment,candidate_safe,low,字段已有注释，无同名字段冲突，可安全纳入训练候选。
public,stg_sjtj_sxhysjzxpt_dbo_operator_day_burnup_df,burnup,double precision,燃耗值,船舶公司每天的燃耗,existing_comment,candidate_safe,low,字段已有注释，无同名字段冲突，可安全纳入训练候选。
public,stg_sjtj_sxhysjzxpt_dbo_operator_day_burnup_df,dt,character varying,分区日期,船舶公司每天的燃耗,existing_comment,candidate_safe,low,字段已有注释，无同名字段冲突，可安全纳入训练候选。
public,stg_sjtj_sxhysjzxpt_t_vessel_info_df,declareno,character varying,船舶报港号,船舶报港离港信息,existing_comment,candidate_safe,low,字段已有注释，无同名字段冲突，可安全纳入训练候选。
public,stg_sjtj_sxhysjzxpt_t_vessel_info_df,portname,character varying,港口,船舶报港离港信息,existing_comment,candidate_safe,low,字段已有注释，无同名字段冲突，可安全纳入训练候选。
public,stg_sjtj_sxhysjzxpt_t_vessel_info_df,voyname,character varying,航线,船舶报港离港信息,existing_comment,candidate_safe,low,字段已有注释，无同名字段冲突，可安全纳入训练候选。
public,stg_sjtj_sxhysjzxpt_t_vessel_info_df,vslname,character varying,船号,船舶报港离港信息,existing_comment,candidate_safe,low,字段已有注释，无同名字段冲突，可安全纳入训练候选。
public,stg_sjtj_sxhysjzxpt_t_vessel_info_df,declaretime,character varying,报港时间,船舶报港离港信息,existing_comment,candidate_safe,low,字段已有注释，无同名字段冲突，可安全纳入训练候选。
public,stg_sjtj_sxhysjzxpt_t_vessel_info_df,levelporttime,character varying,离港时间,船舶报港离港信息,existing_comment,candidate_safe,low,字段已有注释，无同名字段冲突，可安全纳入训练候选。
public,stg_sjtj_sxhysjzxpt_t_vessel_info_df,companyname,character varying,航运企业,船舶报港离港信息,existing_comment,candidate_with_conflict_warning,medium,字段名 companyname 在库内其他表中存在不同注释（2种）。保留原始注释，训练时需带表上下文。
public,stg_sjtj_sxhysjzxpt_t_vessel_info_df,dt,character varying,分区日期,船舶报港离港信息,existing_comment,candidate_safe,low,字段已有注释，无同名字段冲突，可安全纳入训练候选。
public,stg_sjtysj_cbwrwxtzlxxxt_b_anchorage_clean_company_df,id,bigint,id,锚地与清洁公司关联表,existing_comment,candidate_with_conflict_warning,medium,字段名 id 在库内其他表中存在不同注释（10种）。保留原始注释，训练时需带表上下文。
public,stg_sjtysj_cbwrwxtzlxxxt_b_anchorage_clean_company_df,anchorage_id,bigint,锚地id,锚地与清洁公司关联表,existing_comment,candidate_with_conflict_warning,medium,字段名 anchorage_id 在库内其他表中存在不同注释（2种）。保留原始注释，训练时需带表上下文。
public,stg_sjtysj_cbwrwxtzlxxxt_b_anchorage_clean_company_df,company_id,bigint,清洁公司id,锚地与清洁公司关联表,existing_comment,candidate_with_conflict_warning,medium,字段名 company_id 在库内其他表中存在不同注释（2种）。保留原始注释，训练时需带表上下文。
public,stg_sjtysj_cbwrwxtzlxxxt_b_anchorage_clean_company_df,dt,character varying,分区日期,锚地与清洁公司关联表,existing_comment,candidate_safe,low,字段已有注释，无同名字段冲突，可安全纳入训练候选。
public,stg_sjtysj_cbwrwxtzlxxxt_b_anchorage_info_df,id,bigint,id,锚地信息表,existing_comment,candidate_with_conflict_warning,medium,字段名 id 在库内其他表中存在不同注释（10种）。保留原始注释，训练时需带表上下文。
public,stg_sjtysj_cbwrwxtzlxxxt_b_anchorage_info_df,area,character varying,省,锚地信息表,existing_comment,candidate_with_conflict_warning,medium,字段名 area 在库内其他表中存在不同注释（9种）。保留原始注释，训练时需带表上下文。
public,stg_sjtysj_cbwrwxtzlxxxt_b_anchorage_info_df,address,character varying,详细地址,锚地信息表,existing_comment,candidate_with_conflict_warning,medium,字段名 address 在库内其他表中存在不同注释（5种）。保留原始注释，训练时需带表上下文。
public,stg_sjtysj_cbwrwxtzlxxxt_b_anchorage_info_df,anchorage_name,character varying,锚地名称,锚地信息表,existing_comment,candidate_with_conflict_warning,medium,字段名 anchorage_name 在库内其他表中存在不同注释（2种）。保留原始注释，训练时需带表上下文。
public,stg_sjtysj_cbwrwxtzlxxxt_b_anchorage_info_df,lon,double precision,经度,锚地信息表,existing_comment,candidate_safe,low,字段已有注释，无同名字段冲突，可安全纳入训练候选。
public,stg_sjtysj_cbwrwxtzlxxxt_b_anchorage_info_df,lat,double precision,纬度,锚地信息表,existing_comment,candidate_safe,low,字段已有注释，无同名字段冲突，可安全纳入训练候选。
public,stg_sjtysj_cbwrwxtzlxxxt_b_anchorage_info_df,corp_code,character varying,所属管理机构code,锚地信息表,existing_comment,candidate_safe,low,字段已有注释，无同名字段冲突，可安全纳入训练候选。
public,stg_sjtysj_cbwrwxtzlxxxt_b_anchorage_info_df,corp_codes,character varying,所属管理机构多级关系,锚地信息表,existing_comment,candidate_safe,low,字段已有注释，无同名字段冲突，可安全纳入训练候选。
public,stg_sjtysj_cbwrwxtzlxxxt_b_anchorage_info_df,river_area,character varying,流域,锚地信息表,existing_comment,candidate_safe,low,字段已有注释，无同名字段冲突，可安全纳入训练候选。
public,stg_sjtysj_cbwrwxtzlxxxt_b_anchorage_info_df,dam,character varying,（0坝上，1坝下）,锚地信息表,existing_comment,candidate_safe,low,字段已有注释，无同名字段冲突，可安全纳入训练候选。
public,stg_sjtysj_cbwrwxtzlxxxt_b_anchorage_info_df,dt,character varying,分区日期,锚地信息表,existing_comment,candidate_safe,low,字段已有注释，无同名字段冲突，可安全纳入训练候选。
public,stg_sjtysj_cbwrwxtzlxxxt_b_clean_company_df,id,bigint,id,船舶污染物清洁公司信息,existing_comment,candidate_with_conflict_warning,medium,字段名 id 在库内其他表中存在不同注释（10种）。保留原始注释，训练时需带表上下文。
public,stg_sjtysj_cbwrwxtzlxxxt_b_clean_company_df,comp_name,character varying,清洁公司名称,船舶污染物清洁公司信息,existing_comment,candidate_safe,low,字段已有注释，无同名字段冲突，可安全纳入训练候选。
public,stg_sjtysj_cbwrwxtzlxxxt_b_clean_company_df,comp_code,character varying,组织机构代码,船舶污染物清洁公司信息,existing_comment,candidate_safe,low,字段已有注释，无同名字段冲突，可安全纳入训练候选。
public,stg_sjtysj_cbwrwxtzlxxxt_b_clean_company_df,legal_person,character varying,法人,船舶污染物清洁公司信息,existing_comment,candidate_with_conflict_warning,medium,字段名 legal_person 在库内其他表中存在不同注释（2种）。保留原始注释，训练时需带表上下文。
public,stg_sjtysj_cbwrwxtzlxxxt_b_clean_company_df,tel,character varying,联系电话,船舶污染物清洁公司信息,existing_comment,candidate_safe,low,字段已有注释，无同名字段冲突，可安全纳入训练候选。
public,stg_sjtysj_cbwrwxtzlxxxt_b_clean_company_df,area,character varying, 省，市，区,船舶污染物清洁公司信息,existing_comment,candidate_with_conflict_warning,medium,字段名 area 在库内其他表中存在不同注释（9种）。保留原始注释，训练时需带表上下文。
public,stg_sjtysj_cbwrwxtzlxxxt_b_clean_company_df,address,character varying,详细地址,船舶污染物清洁公司信息,existing_comment,candidate_with_conflict_warning,medium,字段名 address 在库内其他表中存在不同注释（5种）。保留原始注释，训练时需带表上下文。
public,stg_sjtysj_cbwrwxtzlxxxt_b_clean_company_df,business_scope,character varying,经营范围:生活垃圾、生活污水、油污水,船舶污染物清洁公司信息,existing_comment,candidate_with_conflict_warning,medium,字段名 business_scope 在库内其他表中存在不同注释（2种）。保留原始注释，训练时需带表上下文。
public,stg_sjtysj_cbwrwxtzlxxxt_b_clean_company_df,validity_end,timestamp without time zone,经营许可有效期,船舶污染物清洁公司信息,existing_comment,candidate_safe,low,字段已有注释，无同名字段冲突，可安全纳入训练候选。
public,stg_sjtysj_cbwrwxtzlxxxt_b_clean_company_df,create_by,character varying,创建者,船舶污染物清洁公司信息,existing_comment,candidate_with_conflict_warning,medium,字段名 create_by 在库内其他表中存在不同注释（4种）。保留原始注释，训练时需带表上下文。
public,stg_sjtysj_cbwrwxtzlxxxt_b_clean_company_df,create_date,timestamp without time zone,创建日期,船舶污染物清洁公司信息,existing_comment,candidate_with_conflict_warning,medium,字段名 create_date 在库内其他表中存在不同注释（2种）。保留原始注释，训练时需带表上下文。
public,stg_sjtysj_cbwrwxtzlxxxt_b_clean_company_df,update_by,character varying,更新人,船舶污染物清洁公司信息,existing_comment,candidate_with_conflict_warning,medium,字段名 update_by 在库内其他表中存在不同注释（5种）。保留原始注释，训练时需带表上下文。
public,stg_sjtysj_cbwrwxtzlxxxt_b_clean_company_df,update_date,timestamp without time zone,更新日期,船舶污染物清洁公司信息,existing_comment,candidate_with_conflict_warning,medium,字段名 update_date 在库内其他表中存在不同注释（2种）。保留原始注释，训练时需带表上下文。
public,stg_sjtysj_cbwrwxtzlxxxt_b_clean_company_df,seal_img_url,character varying,图片路径,船舶污染物清洁公司信息,existing_comment,candidate_with_conflict_warning,medium,字段名 seal_img_url 在库内其他表中存在不同注释（2种）。保留原始注释，训练时需带表上下文。
public,stg_sjtysj_cbwrwxtzlxxxt_b_clean_company_df,dt,character varying,分区日期,船舶污染物清洁公司信息,existing_comment,candidate_safe,low,字段已有注释，无同名字段冲突，可安全纳入训练候选。
public,stg_sjtysj_cbwrwxtzlxxxt_b_coordination_index_df,id,bigint,主键,全流程协同指数,existing_comment,candidate_with_conflict_warning,medium,字段名 id 在库内其他表中存在不同注释（10种）。保留原始注释，训练时需带表上下文。
public,stg_sjtysj_cbwrwxtzlxxxt_b_coordination_index_df,on_duty_receive_ship_count,bigint,出勤清洁船舶数,全流程协同指数,existing_comment,candidate_safe,low,字段已有注释，无同名字段冲突，可安全纳入训练候选。
public,stg_sjtysj_cbwrwxtzlxxxt_b_coordination_index_df,apply_num,bigint,申请提交单次,全流程协同指数,existing_comment,candidate_safe,low,字段已有注释，无同名字段冲突，可安全纳入训练候选。
public,stg_sjtysj_cbwrwxtzlxxxt_b_coordination_index_df,receive_num,bigint,接受单次,全流程协同指数,existing_comment,candidate_with_conflict_warning,medium,字段名 receive_num 在库内其他表中存在不同注释（3种）。保留原始注释，训练时需带表上下文。
public,stg_sjtysj_cbwrwxtzlxxxt_b_coordination_index_df,transfer_num,bigint,转运单次,全流程协同指数,existing_comment,candidate_safe,low,字段已有注释，无同名字段冲突，可安全纳入训练候选。
public,stg_sjtysj_cbwrwxtzlxxxt_b_coordination_index_df,process_num,bigint,处置单次,全流程协同指数,existing_comment,candidate_safe,low,字段已有注释，无同名字段冲突，可安全纳入训练候选。
public,stg_sjtysj_cbwrwxtzlxxxt_b_coordination_index_df,day,character varying,日期,全流程协同指数,existing_comment,candidate_safe,low,字段已有注释，无同名字段冲突，可安全纳入训练候选。
public,stg_sjtysj_cbwrwxtzlxxxt_b_coordination_index_df,coordination_index,numeric,协同指数,全流程协同指数,existing_comment,candidate_safe,low,字段已有注释，无同名字段冲突，可安全纳入训练候选。
public,stg_sjtysj_cbwrwxtzlxxxt_b_coordination_index_df,dt,character varying,分区日期,全流程协同指数,existing_comment,candidate_safe,low,字段已有注释，无同名字段冲突，可安全纳入训练候选。
public,stg_sjtysj_cbwrwxtzlxxxt_b_day_pollution_weight_df,id,bigint,主键,根据行船类别统计每日污染物提交重量,existing_comment,candidate_with_conflict_warning,medium,字段名 id 在库内其他表中存在不同注释（10种）。保留原始注释，训练时需带表上下文。
public,stg_sjtysj_cbwrwxtzlxxxt_b_day_pollution_weight_df,date,timestamp without time zone,日期,根据行船类别统计每日污染物提交重量,existing_comment,candidate_safe,low,字段已有注释，无同名字段冲突，可安全纳入训练候选。
public,stg_sjtysj_cbwrwxtzlxxxt_b_day_pollution_weight_df,kc_shlj,character varying,客船生活垃圾重量,根据行船类别统计每日污染物提交重量,existing_comment,candidate_safe,low,字段已有注释，无同名字段冲突，可安全纳入训练候选。
public,stg_sjtysj_cbwrwxtzlxxxt_b_day_pollution_weight_df,kc_shws,character varying,客船生活污水重量,根据行船类别统计每日污染物提交重量,existing_comment,candidate_safe,low,字段已有注释，无同名字段冲突，可安全纳入训练候选。
public,stg_sjtysj_cbwrwxtzlxxxt_b_day_pollution_weight_df,kc_hyws,character varying,客船含油污水重量,根据行船类别统计每日污染物提交重量,existing_comment,candidate_safe,low,字段已有注释，无同名字段冲突，可安全纳入训练候选。
public,stg_sjtysj_cbwrwxtzlxxxt_b_day_pollution_weight_df,kc_fy,character varying,客船废油重量,根据行船类别统计每日污染物提交重量,existing_comment,candidate_safe,low,字段已有注释，无同名字段冲突，可安全纳入训练候选。
public,stg_sjtysj_cbwrwxtzlxxxt_b_day_pollution_weight_df,hc_shlj,character varying,货船生活垃圾重量,根据行船类别统计每日污染物提交重量,existing_comment,candidate_safe,low,字段已有注释，无同名字段冲突，可安全纳入训练候选。
public,stg_sjtysj_cbwrwxtzlxxxt_b_day_pollution_weight_df,hc_shws,character varying,货船生活污水重量,根据行船类别统计每日污染物提交重量,existing_comment,candidate_safe,low,字段已有注释，无同名字段冲突，可安全纳入训练候选。
public,stg_sjtysj_cbwrwxtzlxxxt_b_day_pollution_weight_df,hc_hyws,character varying,货船含油污水重量,根据行船类别统计每日污染物提交重量,existing_comment,candidate_safe,low,字段已有注释，无同名字段冲突，可安全纳入训练候选。
public,stg_sjtysj_cbwrwxtzlxxxt_b_day_pollution_weight_df,hc_fy,character varying,货船废油重量,根据行船类别统计每日污染物提交重量,existing_comment,candidate_safe,low,字段已有注释，无同名字段冲突，可安全纳入训练候选。
public,stg_sjtysj_cbwrwxtzlxxxt_b_day_pollution_weight_df,qt_shlj,character varying,其他类型船生活垃圾重量,根据行船类别统计每日污染物提交重量,existing_comment,candidate_safe,low,字段已有注释，无同名字段冲突，可安全纳入训练候选。
public,stg_sjtysj_cbwrwxtzlxxxt_b_day_pollution_weight_df,qt_shws,character varying,其他类型船生活污水重量,根据行船类别统计每日污染物提交重量,existing_comment,candidate_safe,low,字段已有注释，无同名字段冲突，可安全纳入训练候选。
public,stg_sjtysj_cbwrwxtzlxxxt_b_day_pollution_weight_df,qt_hyws,character varying,其他类型船含油污水重量,根据行船类别统计每日污染物提交重量,existing_comment,candidate_safe,low,字段已有注释，无同名字段冲突，可安全纳入训练候选。
public,stg_sjtysj_cbwrwxtzlxxxt_b_day_pollution_weight_df,qt_fy,character varying,其他类型船废油重量,根据行船类别统计每日污染物提交重量,existing_comment,candidate_safe,low,字段已有注释，无同名字段冲突，可安全纳入训练候选。
public,stg_sjtysj_cbwrwxtzlxxxt_b_day_pollution_weight_df,dt,character varying,分区日期,根据行船类别统计每日污染物提交重量,existing_comment,candidate_safe,low,字段已有注释，无同名字段冲突，可安全纳入训练候选。
public,stg_sjtysj_cbwrwxtzlxxxt_b_day_receive_ship_kpi_df,id,bigint,主键,接收船舶考评日报,existing_comment,candidate_with_conflict_warning,medium,字段名 id 在库内其他表中存在不同注释（10种）。保留原始注释，训练时需带表上下文。
public,stg_sjtysj_cbwrwxtzlxxxt_b_day_receive_ship_kpi_df,day,character varying,日期,接收船舶考评日报,existing_comment,candidate_safe,low,字段已有注释，无同名字段冲突，可安全纳入训练候选。
public,stg_sjtysj_cbwrwxtzlxxxt_b_day_receive_ship_kpi_df,receive_ship_id,bigint,接收船舶id,接收船舶考评日报,existing_comment,candidate_safe,low,字段已有注释，无同名字段冲突，可安全纳入训练候选。
public,stg_sjtysj_cbwrwxtzlxxxt_b_day_receive_ship_kpi_df,receive_ship_name,character varying,接收船舶名称,接收船舶考评日报,existing_comment,candidate_with_conflict_warning,medium,字段名 receive_ship_name 在库内其他表中存在不同注释（3种）。保留原始注释，训练时需带表上下文。
public,stg_sjtysj_cbwrwxtzlxxxt_b_day_receive_ship_kpi_df,company_id,bigint,清洁公司id,接收船舶考评日报,existing_comment,candidate_with_conflict_warning,medium,字段名 company_id 在库内其他表中存在不同注释（2种）。保留原始注释，训练时需带表上下文。
public,stg_sjtysj_cbwrwxtzlxxxt_b_day_receive_ship_kpi_df,company_name,character varying,清洁公司名称,接收船舶考评日报,existing_comment,candidate_with_conflict_warning,medium,字段名 company_name 在库内其他表中存在不同注释（2种）。保留原始注释，训练时需带表上下文。
public,stg_sjtysj_cbwrwxtzlxxxt_b_day_receive_ship_kpi_df,ship_select_count,bigint,行船选择数,接收船舶考评日报,existing_comment,candidate_safe,low,字段已有注释，无同名字段冲突，可安全纳入训练候选。
public,stg_sjtysj_cbwrwxtzlxxxt_b_day_receive_ship_kpi_df,qrcode_js_count,bigint,扫码接单数,接收船舶考评日报,existing_comment,candidate_safe,low,字段已有注释，无同名字段冲突，可安全纳入训练候选。
public,stg_sjtysj_cbwrwxtzlxxxt_b_day_receive_ship_kpi_df,subscribe_js_count,bigint,预约接单数,接收船舶考评日报,existing_comment,candidate_safe,low,字段已有注释，无同名字段冲突，可安全纳入训练候选。
public,stg_sjtysj_cbwrwxtzlxxxt_b_day_receive_ship_kpi_df,js_poll_num,numeric,接收污染物数量,接收船舶考评日报,existing_comment,candidate_safe,low,字段已有注释，无同名字段冲突，可安全纳入训练候选。
public,stg_sjtysj_cbwrwxtzlxxxt_b_day_receive_ship_kpi_df,dt,character varying,分区日期,接收船舶考评日报,existing_comment,candidate_safe,low,字段已有注释，无同名字段冲突，可安全纳入训练候选。
public,stg_sjtysj_cbwrwxtzlxxxt_b_day_subject_num_df,id,bigint,主键,净小宜全流程各类型主体数量,existing_comment,candidate_with_conflict_warning,medium,字段名 id 在库内其他表中存在不同注释（10种）。保留原始注释，训练时需带表上下文。
public,stg_sjtysj_cbwrwxtzlxxxt_b_day_subject_num_df,day,character varying,日期,净小宜全流程各类型主体数量,existing_comment,candidate_safe,low,字段已有注释，无同名字段冲突，可安全纳入训练候选。
public,stg_sjtysj_cbwrwxtzlxxxt_b_day_subject_num_df,receive_ship_num,bigint,清洁船舶数量,净小宜全流程各类型主体数量,existing_comment,candidate_safe,low,字段已有注释，无同名字段冲突，可安全纳入训练候选。
public,stg_sjtysj_cbwrwxtzlxxxt_b_day_subject_num_df,wharf_num,bigint,码头数量,净小宜全流程各类型主体数量,existing_comment,candidate_safe,low,字段已有注释，无同名字段冲突，可安全纳入训练候选。
public,stg_sjtysj_cbwrwxtzlxxxt_b_day_subject_num_df,transfer_car_num,bigint,转运车辆数量,净小宜全流程各类型主体数量,existing_comment,candidate_safe,low,字段已有注释，无同名字段冲突，可安全纳入训练候选。
public,stg_sjtysj_cbwrwxtzlxxxt_b_day_subject_num_df,process_unit_num,bigint,处置单位数量,净小宜全流程各类型主体数量,existing_comment,candidate_safe,low,字段已有注释，无同名字段冲突，可安全纳入训练候选。
public,stg_sjtysj_cbwrwxtzlxxxt_b_day_subject_num_df,supervise_org_num,bigint,监管单位数量,净小宜全流程各类型主体数量,existing_comment,candidate_safe,low,字段已有注释，无同名字段冲突，可安全纳入训练候选。
public,stg_sjtysj_cbwrwxtzlxxxt_b_day_subject_num_df,dt,character varying,分区日期,净小宜全流程各类型主体数量,existing_comment,candidate_safe,low,字段已有注释，无同名字段冲突，可安全纳入训练候选。
public,stg_sjtysj_cbwrwxtzlxxxt_b_day_sxhy_df,id,bigint,主键,洗舱服务,existing_comment,candidate_with_conflict_warning,medium,字段名 id 在库内其他表中存在不同注释（10种）。保留原始注释，训练时需带表上下文。
public,stg_sjtysj_cbwrwxtzlxxxt_b_day_sxhy_df,day,character varying,日期,洗舱服务,existing_comment,candidate_safe,low,字段已有注释，无同名字段冲突，可安全纳入训练候选。
public,stg_sjtysj_cbwrwxtzlxxxt_b_day_sxhy_df,xcs_order_cnt,bigint,洗舱水艘次,洗舱服务,existing_comment,candidate_safe,low,字段已有注释，无同名字段冲突，可安全纳入训练候选。
public,stg_sjtysj_cbwrwxtzlxxxt_b_day_sxhy_df,xcs_vol,numeric,洗舱水量 (m?),洗舱服务,existing_comment,candidate_safe,low,字段已有注释，无同名字段冲突，可安全纳入训练候选。
public,stg_sjtysj_cbwrwxtzlxxxt_b_day_sxhy_df,order_cnt,bigint,污染物交付总单次,洗舱服务,existing_comment,candidate_safe,low,字段已有注释，无同名字段冲突，可安全纳入训练候选。
public,stg_sjtysj_cbwrwxtzlxxxt_b_day_sxhy_df,order_weight,numeric,污染物交付总重量(吨),洗舱服务,existing_comment,candidate_safe,low,字段已有注释，无同名字段冲突，可安全纳入训练候选。
public,stg_sjtysj_cbwrwxtzlxxxt_b_day_sxhy_df,ship_cnt_td,bigint,污染物交付行船数td值,洗舱服务,existing_comment,candidate_safe,low,字段已有注释，无同名字段冲突，可安全纳入训练候选。
public,stg_sjtysj_cbwrwxtzlxxxt_b_day_sxhy_df,ship_cnt_mtd,bigint,污染物交付行船数mtd值,洗舱服务,existing_comment,candidate_safe,low,字段已有注释，无同名字段冲突，可安全纳入训练候选。
public,stg_sjtysj_cbwrwxtzlxxxt_b_day_sxhy_df,ship_cnt_ytd,bigint,污染物交付行船数ytd值,洗舱服务,existing_comment,candidate_safe,low,字段已有注释，无同名字段冲突，可安全纳入训练候选。
public,stg_sjtysj_cbwrwxtzlxxxt_b_day_sxhy_df,dt,character varying,分区日期,洗舱服务,existing_comment,candidate_safe,low,字段已有注释，无同名字段冲突，可安全纳入训练候选。
public,stg_sjtysj_cbwrwxtzlxxxt_b_month_receive_ship_kpi_df,id,bigint,主键,污染物接收量数据,existing_comment,candidate_with_conflict_warning,medium,字段名 id 在库内其他表中存在不同注释（10种）。保留原始注释，训练时需带表上下文。
public,stg_sjtysj_cbwrwxtzlxxxt_b_month_receive_ship_kpi_df,month,character varying,日期,污染物接收量数据,existing_comment,candidate_with_conflict_warning,medium,字段名 month 在库内其他表中存在不同注释（2种）。保留原始注释，训练时需带表上下文。
public,stg_sjtysj_cbwrwxtzlxxxt_b_month_receive_ship_kpi_df,receive_ship_id,bigint,接收船舶id,污染物接收量数据,existing_comment,candidate_safe,low,字段已有注释，无同名字段冲突，可安全纳入训练候选。
public,stg_sjtysj_cbwrwxtzlxxxt_b_month_receive_ship_kpi_df,receive_ship_name,character varying,接收船舶名称,污染物接收量数据,existing_comment,candidate_with_conflict_warning,medium,字段名 receive_ship_name 在库内其他表中存在不同注释（3种）。保留原始注释，训练时需带表上下文。
public,stg_sjtysj_cbwrwxtzlxxxt_b_month_receive_ship_kpi_df,company_id,bigint,接收船舶所属清洁公司id,污染物接收量数据,existing_comment,candidate_with_conflict_warning,medium,字段名 company_id 在库内其他表中存在不同注释（2种）。保留原始注释，训练时需带表上下文。
public,stg_sjtysj_cbwrwxtzlxxxt_b_month_receive_ship_kpi_df,company_name,character varying,接收船舶所属清洁公司名称,污染物接收量数据,existing_comment,candidate_with_conflict_warning,medium,字段名 company_name 在库内其他表中存在不同注释（2种）。保留原始注释，训练时需带表上下文。
public,stg_sjtysj_cbwrwxtzlxxxt_b_month_receive_ship_kpi_df,subsidy_amount,numeric,补贴金额,污染物接收量数据,existing_comment,candidate_safe,low,字段已有注释，无同名字段冲突，可安全纳入训练候选。
public,stg_sjtysj_cbwrwxtzlxxxt_b_month_receive_ship_kpi_df,receive_order_count,bigint,接单数,污染物接收量数据,existing_comment,candidate_safe,low,字段已有注释，无同名字段冲突，可安全纳入训练候选。
public,stg_sjtysj_cbwrwxtzlxxxt_b_month_receive_ship_kpi_df,receive_poll_num,numeric,污染物接收量,污染物接收量数据,existing_comment,candidate_safe,low,字段已有注释，无同名字段冲突，可安全纳入训练候选。
public,stg_sjtysj_cbwrwxtzlxxxt_b_month_receive_ship_kpi_df,receive_shlj_num,numeric,生活垃圾接收量,污染物接收量数据,existing_comment,candidate_safe,low,字段已有注释，无同名字段冲突，可安全纳入训练候选。
public,stg_sjtysj_cbwrwxtzlxxxt_b_month_receive_ship_kpi_df,receive_shws_num,numeric,生活污水接收量,污染物接收量数据,existing_comment,candidate_safe,low,字段已有注释，无同名字段冲突，可安全纳入训练候选。
public,stg_sjtysj_cbwrwxtzlxxxt_b_month_receive_ship_kpi_df,receive_hyws_num,numeric,含油污水接收量,污染物接收量数据,existing_comment,candidate_safe,low,字段已有注释，无同名字段冲突，可安全纳入训练候选。
public,stg_sjtysj_cbwrwxtzlxxxt_b_month_receive_ship_kpi_df,receive_fy_num,numeric,废油接收量,污染物接收量数据,existing_comment,candidate_safe,low,字段已有注释，无同名字段冲突，可安全纳入训练候选。
public,stg_sjtysj_cbwrwxtzlxxxt_b_month_receive_ship_kpi_df,receive_shlj_order_count,bigint,生活垃圾接单数,污染物接收量数据,existing_comment,candidate_safe,low,字段已有注释，无同名字段冲突，可安全纳入训练候选。
public,stg_sjtysj_cbwrwxtzlxxxt_b_month_receive_ship_kpi_df,receive_shws_order_count,bigint,生活污水接单数,污染物接收量数据,existing_comment,candidate_safe,low,字段已有注释，无同名字段冲突，可安全纳入训练候选。
public,stg_sjtysj_cbwrwxtzlxxxt_b_month_receive_ship_kpi_df,receive_hyws_order_count,bigint,含油污水接单数,污染物接收量数据,existing_comment,candidate_safe,low,字段已有注释，无同名字段冲突，可安全纳入训练候选。
public,stg_sjtysj_cbwrwxtzlxxxt_b_month_receive_ship_kpi_df,receive_fy_order_count,bigint,废油接单数,污染物接收量数据,existing_comment,candidate_safe,low,字段已有注释，无同名字段冲突，可安全纳入训练候选。
public,stg_sjtysj_cbwrwxtzlxxxt_b_month_receive_ship_kpi_df,create_time,character varying,创建时间,污染物接收量数据,existing_comment,candidate_with_conflict_warning,medium,字段名 create_time 在库内其他表中存在不同注释（2种）。保留原始注释，训练时需带表上下文。
public,stg_sjtysj_cbwrwxtzlxxxt_b_month_receive_ship_kpi_df,update_time,character varying,更新时间,污染物接收量数据,existing_comment,candidate_with_conflict_warning,medium,字段名 update_time 在库内其他表中存在不同注释（2种）。保留原始注释，训练时需带表上下文。
public,stg_sjtysj_cbwrwxtzlxxxt_b_month_receive_ship_kpi_df,dt,character varying,分区日期,污染物接收量数据,existing_comment,candidate_safe,low,字段已有注释，无同名字段冲突，可安全纳入训练候选。
public,stg_sjtysj_cbwrwxtzlxxxt_b_order_receive_minute_df,id,bigint,主键id,每日各清洁公司接单接收时效数据,existing_comment,candidate_with_conflict_warning,medium,字段名 id 在库内其他表中存在不同注释（10种）。保留原始注释，训练时需带表上下文。
public,stg_sjtysj_cbwrwxtzlxxxt_b_order_receive_minute_df,day,character varying,日期,每日各清洁公司接单接收时效数据,existing_comment,candidate_safe,low,字段已有注释，无同名字段冲突，可安全纳入训练候选。
public,stg_sjtysj_cbwrwxtzlxxxt_b_order_receive_minute_df,clean_company_name,character varying,清洁公司名称,每日各清洁公司接单接收时效数据,existing_comment,candidate_safe,low,字段已有注释，无同名字段冲突，可安全纳入训练候选。
public,stg_sjtysj_cbwrwxtzlxxxt_b_order_receive_minute_df,order_minute,numeric,接单时效,每日各清洁公司接单接收时效数据,existing_comment,candidate_safe,low,字段已有注释，无同名字段冲突，可安全纳入训练候选。
public,stg_sjtysj_cbwrwxtzlxxxt_b_order_receive_minute_df,order_num,bigint,接单单数,每日各清洁公司接单接收时效数据,existing_comment,candidate_safe,low,字段已有注释，无同名字段冲突，可安全纳入训练候选。
public,stg_sjtysj_cbwrwxtzlxxxt_b_order_receive_minute_df,receive_minute,numeric,接收时效,每日各清洁公司接单接收时效数据,existing_comment,candidate_safe,low,字段已有注释，无同名字段冲突，可安全纳入训练候选。
public,stg_sjtysj_cbwrwxtzlxxxt_b_order_receive_minute_df,receive_num,bigint,接收单数,每日各清洁公司接单接收时效数据,existing_comment,candidate_with_conflict_warning,medium,字段名 receive_num 在库内其他表中存在不同注释（3种）。保留原始注释，训练时需带表上下文。
public,stg_sjtysj_cbwrwxtzlxxxt_b_order_receive_minute_df,dt,character varying,分区日期,每日各清洁公司接单接收时效数据,existing_comment,candidate_safe,low,字段已有注释，无同名字段冲突，可安全纳入训练候选。
public,stg_sjtysj_cbwrwxtzlxxxt_b_process_unit_info_df,id,bigint,id,船舶污染物处置单位信息表,existing_comment,candidate_with_conflict_warning,medium,字段名 id 在库内其他表中存在不同注释（10种）。保留原始注释，训练时需带表上下文。
public,stg_sjtysj_cbwrwxtzlxxxt_b_process_unit_info_df,unit_name,character varying,处置单位名称,船舶污染物处置单位信息表,existing_comment,candidate_safe,low,字段已有注释，无同名字段冲突，可安全纳入训练候选。
public,stg_sjtysj_cbwrwxtzlxxxt_b_process_unit_info_df,unit_code,character varying,组织机构代码,船舶污染物处置单位信息表,existing_comment,candidate_safe,low,字段已有注释，无同名字段冲突，可安全纳入训练候选。
public,stg_sjtysj_cbwrwxtzlxxxt_b_process_unit_info_df,unit_type,character varying,"单位类型:转运单位,处置单位",船舶污染物处置单位信息表,existing_comment,candidate_safe,low,字段已有注释，无同名字段冲突，可安全纳入训练候选。
public,stg_sjtysj_cbwrwxtzlxxxt_b_process_unit_info_df,legal_person,character varying,法人代表,船舶污染物处置单位信息表,existing_comment,candidate_with_conflict_warning,medium,字段名 legal_person 在库内其他表中存在不同注释（2种）。保留原始注释，训练时需带表上下文。
public,stg_sjtysj_cbwrwxtzlxxxt_b_process_unit_info_df,phone,character varying,联系电话,船舶污染物处置单位信息表,existing_comment,candidate_safe,low,字段已有注释，无同名字段冲突，可安全纳入训练候选。
public,stg_sjtysj_cbwrwxtzlxxxt_b_process_unit_info_df,address,character varying,地址,船舶污染物处置单位信息表,existing_comment,candidate_with_conflict_warning,medium,字段名 address 在库内其他表中存在不同注释（5种）。保留原始注释，训练时需带表上下文。
public,stg_sjtysj_cbwrwxtzlxxxt_b_process_unit_info_df,address_name,character varying,省，市，区，地址名称,船舶污染物处置单位信息表,existing_comment,candidate_safe,low,字段已有注释，无同名字段冲突，可安全纳入训练候选。
public,stg_sjtysj_cbwrwxtzlxxxt_b_process_unit_info_df,detail,character varying,地址详情,船舶污染物处置单位信息表,existing_comment,candidate_safe,low,字段已有注释，无同名字段冲突，可安全纳入训练候选。
public,stg_sjtysj_cbwrwxtzlxxxt_b_process_unit_info_df,process_unit_type,character varying,处置单位类型，1：固废处置场，2:污水处理场，3炼油场,船舶污染物处置单位信息表,existing_comment,candidate_safe,low,字段已有注释，无同名字段冲突，可安全纳入训练候选。
public,stg_sjtysj_cbwrwxtzlxxxt_b_process_unit_info_df,create_by,character varying,创建者,船舶污染物处置单位信息表,existing_comment,candidate_with_conflict_warning,medium,字段名 create_by 在库内其他表中存在不同注释（4种）。保留原始注释，训练时需带表上下文。
public,stg_sjtysj_cbwrwxtzlxxxt_b_process_unit_info_df,create_date,timestamp without time zone,创建时间,船舶污染物处置单位信息表,existing_comment,candidate_with_conflict_warning,medium,字段名 create_date 在库内其他表中存在不同注释（2种）。保留原始注释，训练时需带表上下文。
public,stg_sjtysj_cbwrwxtzlxxxt_b_process_unit_info_df,update_by,character varying,更新人,船舶污染物处置单位信息表,existing_comment,candidate_with_conflict_warning,medium,字段名 update_by 在库内其他表中存在不同注释（5种）。保留原始注释，训练时需带表上下文。
public,stg_sjtysj_cbwrwxtzlxxxt_b_process_unit_info_df,update_date,timestamp without time zone,更新时间,船舶污染物处置单位信息表,existing_comment,candidate_with_conflict_warning,medium,字段名 update_date 在库内其他表中存在不同注释（2种）。保留原始注释，训练时需带表上下文。
public,stg_sjtysj_cbwrwxtzlxxxt_b_process_unit_info_df,seal_img_url,character varying,印章图片路径,船舶污染物处置单位信息表,existing_comment,candidate_with_conflict_warning,medium,字段名 seal_img_url 在库内其他表中存在不同注释（2种）。保留原始注释，训练时需带表上下文。
public,stg_sjtysj_cbwrwxtzlxxxt_b_process_unit_info_df,manager_unit,character varying,主管单位,船舶污染物处置单位信息表,existing_comment,candidate_safe,low,字段已有注释，无同名字段冲突，可安全纳入训练候选。
public,stg_sjtysj_cbwrwxtzlxxxt_b_process_unit_info_df,business_scope,character varying,业务范围,船舶污染物处置单位信息表,existing_comment,candidate_with_conflict_warning,medium,字段名 business_scope 在库内其他表中存在不同注释（2种）。保留原始注释，训练时需带表上下文。
public,stg_sjtysj_cbwrwxtzlxxxt_b_process_unit_info_df,business_scope_name,character varying,业务范围名称,船舶污染物处置单位信息表,existing_comment,candidate_safe,low,字段已有注释，无同名字段冲突，可安全纳入训练候选。
public,stg_sjtysj_cbwrwxtzlxxxt_b_process_unit_info_df,dt,character varying,分区日期,船舶污染物处置单位信息表,existing_comment,candidate_safe,low,字段已有注释，无同名字段冲突，可安全纳入训练候选。
public,stg_sjtysj_cbwrwxtzlxxxt_b_receive_ship_assessment_df,resiveshipid,bigint,接收船舶id,接受船舶评估,existing_comment,candidate_safe,low,字段已有注释，无同名字段冲突，可安全纳入训练候选。
public,stg_sjtysj_cbwrwxtzlxxxt_b_receive_ship_assessment_df,resiveshipname,character varying,接收船舶名称,接受船舶评估,existing_comment,candidate_safe,low,字段已有注释，无同名字段冲突，可安全纳入训练候选。
public,stg_sjtysj_cbwrwxtzlxxxt_b_receive_ship_assessment_df,cleancompayid,bigint,清洁公司id,接受船舶评估,existing_comment,candidate_safe,low,字段已有注释，无同名字段冲突，可安全纳入训练候选。
public,stg_sjtysj_cbwrwxtzlxxxt_b_receive_ship_assessment_df,shipnum,bigint,行船选择,接受船舶评估,existing_comment,candidate_safe,low,字段已有注释，无同名字段冲突，可安全纳入训练候选。
public,stg_sjtysj_cbwrwxtzlxxxt_b_receive_ship_assessment_df,billnum,bigint,按时接单,接受船舶评估,existing_comment,candidate_safe,low,字段已有注释，无同名字段冲突，可安全纳入训练候选。
public,stg_sjtysj_cbwrwxtzlxxxt_b_receive_ship_assessment_df,ontimes,bigint,按时接收,接受船舶评估,existing_comment,candidate_safe,low,字段已有注释，无同名字段冲突，可安全纳入训练候选。
public,stg_sjtysj_cbwrwxtzlxxxt_b_receive_ship_assessment_df,unbillnum,bigint,未按时接单,接受船舶评估,existing_comment,candidate_safe,low,字段已有注释，无同名字段冲突，可安全纳入训练候选。
public,stg_sjtysj_cbwrwxtzlxxxt_b_receive_ship_assessment_df,untimes,bigint,未按时接收,接受船舶评估,existing_comment,candidate_safe,low,字段已有注释，无同名字段冲突，可安全纳入训练候选。
public,stg_sjtysj_cbwrwxtzlxxxt_b_receive_ship_assessment_df,evaluation,bigint,服务评分,接受船舶评估,existing_comment,candidate_with_conflict_warning,medium,字段名 evaluation 在库内其他表中存在不同注释（2种）。保留原始注释，训练时需带表上下文。
public,stg_sjtysj_cbwrwxtzlxxxt_b_receive_ship_assessment_df,createtime,character varying,时间,接受船舶评估,existing_comment,candidate_with_conflict_warning,medium,字段名 createtime 在库内其他表中存在不同注释（2种）。保留原始注释，训练时需带表上下文。
public,stg_sjtysj_cbwrwxtzlxxxt_b_receive_ship_assessment_df,countevaluation,bigint,服务总平均分,接受船舶评估,existing_comment,candidate_safe,low,字段已有注释，无同名字段冲突，可安全纳入训练候选。
public,stg_sjtysj_cbwrwxtzlxxxt_b_receive_ship_assessment_df,dt,character varying,分区日期,接受船舶评估,existing_comment,candidate_safe,low,字段已有注释，无同名字段冲突，可安全纳入训练候选。
public,stg_sjtysj_cbwrwxtzlxxxt_b_receive_ship_info_df,id,bigint,id,船舶污染物接收船舶信息表,existing_comment,candidate_with_conflict_warning,medium,字段名 id 在库内其他表中存在不同注释（10种）。保留原始注释，训练时需带表上下文。
public,stg_sjtysj_cbwrwxtzlxxxt_b_receive_ship_info_df,ship_name,character varying,船名,船舶污染物接收船舶信息表,existing_comment,candidate_safe,low,字段已有注释，无同名字段冲突，可安全纳入训练候选。
public,stg_sjtysj_cbwrwxtzlxxxt_b_receive_ship_info_df,clean_company_id,bigint,所属公司id,船舶污染物接收船舶信息表,existing_comment,candidate_safe,low,字段已有注释，无同名字段冲突，可安全纳入训练候选。
public,stg_sjtysj_cbwrwxtzlxxxt_b_receive_ship_info_df,registry_port,character varying,船籍港,船舶污染物接收船舶信息表,existing_comment,candidate_safe,low,字段已有注释，无同名字段冲突，可安全纳入训练候选。
public,stg_sjtysj_cbwrwxtzlxxxt_b_receive_ship_info_df,ship_owner,character varying,船舶所有人,船舶污染物接收船舶信息表,existing_comment,candidate_safe,low,字段已有注释，无同名字段冲突，可安全纳入训练候选。
public,stg_sjtysj_cbwrwxtzlxxxt_b_receive_ship_info_df,ship_operator,character varying,船舶经营人,船舶污染物接收船舶信息表,existing_comment,candidate_safe,low,字段已有注释，无同名字段冲突，可安全纳入训练候选。
public,stg_sjtysj_cbwrwxtzlxxxt_b_receive_ship_info_df,captain,character varying,船长,船舶污染物接收船舶信息表,existing_comment,candidate_safe,low,字段已有注释，无同名字段冲突，可安全纳入训练候选。
public,stg_sjtysj_cbwrwxtzlxxxt_b_receive_ship_info_df,captain_phone,character varying,船长电话,船舶污染物接收船舶信息表,existing_comment,candidate_with_conflict_warning,medium,字段名 captain_phone 在库内其他表中存在不同注释（2种）。保留原始注释，训练时需带表上下文。
public,stg_sjtysj_cbwrwxtzlxxxt_b_receive_ship_info_df,ship_type,character varying,船舶类型：生活垃圾、生活污水、油污水、多功能,船舶污染物接收船舶信息表,existing_comment,candidate_safe,low,字段已有注释，无同名字段冲突，可安全纳入训练候选。
public,stg_sjtysj_cbwrwxtzlxxxt_b_receive_ship_info_df,aircert_validity,timestamp without time zone,船舶适航证书有效期,船舶污染物接收船舶信息表,existing_comment,candidate_safe,low,字段已有注释，无同名字段冲突，可安全纳入训练候选。
public,stg_sjtysj_cbwrwxtzlxxxt_b_receive_ship_info_df,mmsi,character varying,海上移动识别码,船舶污染物接收船舶信息表,existing_comment,candidate_with_conflict_warning,medium,字段名 mmsi 在库内其他表中存在不同注释（2种）。保留原始注释，训练时需带表上下文。
public,stg_sjtysj_cbwrwxtzlxxxt_b_receive_ship_info_df,load_weight,numeric,核载重量,船舶污染物接收船舶信息表,existing_comment,candidate_safe,low,字段已有注释，无同名字段冲突，可安全纳入训练候选。
public,stg_sjtysj_cbwrwxtzlxxxt_b_receive_ship_info_df,carrier_volume,numeric,核载体积,船舶污染物接收船舶信息表,existing_comment,candidate_safe,low,字段已有注释，无同名字段冲突，可安全纳入训练候选。
public,stg_sjtysj_cbwrwxtzlxxxt_b_receive_ship_info_df,status,character varying,0冻结、1离线、2空闲、3作业中,船舶污染物接收船舶信息表,existing_comment,candidate_with_conflict_warning,medium,字段名 status 在库内其他表中存在不同注释（16种）。保留原始注释，训练时需带表上下文。
public,stg_sjtysj_cbwrwxtzlxxxt_b_receive_ship_info_df,create_by,character varying,创建者,船舶污染物接收船舶信息表,existing_comment,candidate_with_conflict_warning,medium,字段名 create_by 在库内其他表中存在不同注释（4种）。保留原始注释，训练时需带表上下文。
public,stg_sjtysj_cbwrwxtzlxxxt_b_receive_ship_info_df,create_date,timestamp without time zone,创建时间,船舶污染物接收船舶信息表,existing_comment,candidate_with_conflict_warning,medium,字段名 create_date 在库内其他表中存在不同注释（2种）。保留原始注释，训练时需带表上下文。
public,stg_sjtysj_cbwrwxtzlxxxt_b_receive_ship_info_df,update_by,character varying,更新人,船舶污染物接收船舶信息表,existing_comment,candidate_with_conflict_warning,medium,字段名 update_by 在库内其他表中存在不同注释（5种）。保留原始注释，训练时需带表上下文。
public,stg_sjtysj_cbwrwxtzlxxxt_b_receive_ship_info_df,update_date,timestamp without time zone,更新时间,船舶污染物接收船舶信息表,existing_comment,candidate_with_conflict_warning,medium,字段名 update_date 在库内其他表中存在不同注释（2种）。保留原始注释，训练时需带表上下文。
public,stg_sjtysj_cbwrwxtzlxxxt_b_receive_ship_info_df,fee_standard_status,character varying,收费标准申请状态，0为审批中，1为已完成,船舶污染物接收船舶信息表,existing_comment,candidate_safe,low,字段已有注释，无同名字段冲突，可安全纳入训练候选。
public,stg_sjtysj_cbwrwxtzlxxxt_b_receive_ship_info_df,anchoring_distance,bigint,锚定距离,船舶污染物接收船舶信息表,existing_comment,candidate_safe,low,字段已有注释，无同名字段冲突，可安全纳入训练候选。
public,stg_sjtysj_cbwrwxtzlxxxt_b_receive_ship_info_df,free_flag,bigint,是否从事免费接收,船舶污染物接收船舶信息表,existing_comment,candidate_safe,low,字段已有注释，无同名字段冲突，可安全纳入训练候选。
public,stg_sjtysj_cbwrwxtzlxxxt_b_receive_ship_info_df,dt,character varying,分区日期,船舶污染物接收船舶信息表,existing_comment,candidate_safe,low,字段已有注释，无同名字段冲突，可安全纳入训练候选。
public,stg_sjtysj_cbwrwxtzlxxxt_b_transfer_car_df,id,bigint,id,转运车辆信息,existing_comment,candidate_with_conflict_warning,medium,字段名 id 在库内其他表中存在不同注释（10种）。保留原始注释，训练时需带表上下文。
public,stg_sjtysj_cbwrwxtzlxxxt_b_transfer_car_df,car_num,character varying,车牌号,转运车辆信息,existing_comment,candidate_with_conflict_warning,medium,字段名 car_num 在库内其他表中存在不同注释（2种）。保留原始注释，训练时需带表上下文。
public,stg_sjtysj_cbwrwxtzlxxxt_b_transfer_car_df,process_unit_id,bigint,所属单位id,转运车辆信息,existing_comment,candidate_with_conflict_warning,medium,字段名 process_unit_id 在库内其他表中存在不同注释（2种）。保留原始注释，训练时需带表上下文。
public,stg_sjtysj_cbwrwxtzlxxxt_b_transfer_car_df,driver,character varying,主要司机,转运车辆信息,existing_comment,candidate_safe,low,字段已有注释，无同名字段冲突，可安全纳入训练候选。
public,stg_sjtysj_cbwrwxtzlxxxt_b_transfer_car_df,phone,character varying,联系电话,转运车辆信息,existing_comment,candidate_safe,low,字段已有注释，无同名字段冲突，可安全纳入训练候选。
public,stg_sjtysj_cbwrwxtzlxxxt_b_transfer_car_df,car_type,character varying,车辆类型,转运车辆信息,existing_comment,candidate_safe,low,字段已有注释，无同名字段冲突，可安全纳入训练候选。
public,stg_sjtysj_cbwrwxtzlxxxt_b_transfer_car_df,auto_trans_flag,bigint,上岸即处置开关,转运车辆信息,existing_comment,candidate_safe,low,字段已有注释，无同名字段冲突，可安全纳入训练候选。
public,stg_sjtysj_cbwrwxtzlxxxt_b_transfer_car_df,create_by,character varying,创建者,转运车辆信息,existing_comment,candidate_with_conflict_warning,medium,字段名 create_by 在库内其他表中存在不同注释（4种）。保留原始注释，训练时需带表上下文。
public,stg_sjtysj_cbwrwxtzlxxxt_b_transfer_car_df,create_date,timestamp without time zone,创建时间,转运车辆信息,existing_comment,candidate_with_conflict_warning,medium,字段名 create_date 在库内其他表中存在不同注释（2种）。保留原始注释，训练时需带表上下文。
public,stg_sjtysj_cbwrwxtzlxxxt_b_transfer_car_df,update_by,character varying,更新者,转运车辆信息,existing_comment,candidate_with_conflict_warning,medium,字段名 update_by 在库内其他表中存在不同注释（5种）。保留原始注释，训练时需带表上下文。
public,stg_sjtysj_cbwrwxtzlxxxt_b_transfer_car_df,update_date,timestamp without time zone,更新时间,转运车辆信息,existing_comment,candidate_with_conflict_warning,medium,字段名 update_date 在库内其他表中存在不同注释（2种）。保留原始注释，训练时需带表上下文。
public,stg_sjtysj_cbwrwxtzlxxxt_b_transfer_car_df,dt,character varying,分区日期,转运车辆信息,existing_comment,candidate_safe,low,字段已有注释，无同名字段冲突，可安全纳入训练候选。
public,stg_sjtysj_cbwrwxtzlxxxt_b_wharf_info_df,wharf_name,character varying,码头公司名称,船舶污染物接收码头信息表,existing_comment,candidate_with_conflict_warning,medium,字段名 wharf_name 在库内其他表中存在不同注释（3种）。保留原始注释，训练时需带表上下文。
public,stg_sjtysj_cbwrwxtzlxxxt_b_wharf_info_df,wharf_code,character varying,码头代码,船舶污染物接收码头信息表,existing_comment,candidate_safe,low,字段已有注释，无同名字段冲突，可安全纳入训练候选。
public,stg_sjtysj_cbwrwxtzlxxxt_b_wharf_info_df,legal_person,character varying,法人代表,船舶污染物接收码头信息表,existing_comment,candidate_with_conflict_warning,medium,字段名 legal_person 在库内其他表中存在不同注释（2种）。保留原始注释，训练时需带表上下文。
public,stg_sjtysj_cbwrwxtzlxxxt_b_wharf_info_df,phone,character varying,联系电话,船舶污染物接收码头信息表,existing_comment,candidate_safe,low,字段已有注释，无同名字段冲突，可安全纳入训练候选。
public,stg_sjtysj_cbwrwxtzlxxxt_b_wharf_info_df,area,character varying, 省，市，区,船舶污染物接收码头信息表,existing_comment,candidate_with_conflict_warning,medium,字段名 area 在库内其他表中存在不同注释（9种）。保留原始注释，训练时需带表上下文。
public,stg_sjtysj_cbwrwxtzlxxxt_b_wharf_info_df,address,character varying,详细地址,船舶污染物接收码头信息表,existing_comment,candidate_with_conflict_warning,medium,字段名 address 在库内其他表中存在不同注释（5种）。保留原始注释，训练时需带表上下文。
public,stg_sjtysj_cbwrwxtzlxxxt_b_wharf_info_df,validity_end,timestamp without time zone,经营许可有效期,船舶污染物接收码头信息表,existing_comment,candidate_safe,low,字段已有注释，无同名字段冲突，可安全纳入训练候选。
public,stg_sjtysj_cbwrwxtzlxxxt_b_wharf_info_df,receive_range,character varying,接收范围(0为生活垃圾，1为生活污水，2为含油污水，3为废油),船舶污染物接收码头信息表,existing_comment,candidate_safe,low,字段已有注释，无同名字段冲突，可安全纳入训练候选。
public,stg_sjtysj_cbwrwxtzlxxxt_b_wharf_info_df,anchorage_id,bigint,关联接收区域id,船舶污染物接收码头信息表,existing_comment,candidate_with_conflict_warning,medium,字段名 anchorage_id 在库内其他表中存在不同注释（2种）。保留原始注释，训练时需带表上下文。
public,stg_sjtysj_cbwrwxtzlxxxt_b_wharf_info_df,create_by,character varying,创建者,船舶污染物接收码头信息表,existing_comment,candidate_with_conflict_warning,medium,字段名 create_by 在库内其他表中存在不同注释（4种）。保留原始注释，训练时需带表上下文。
public,stg_sjtysj_cbwrwxtzlxxxt_b_wharf_info_df,create_date,timestamp without time zone,创建时间,船舶污染物接收码头信息表,existing_comment,candidate_with_conflict_warning,medium,字段名 create_date 在库内其他表中存在不同注释（2种）。保留原始注释，训练时需带表上下文。
public,stg_sjtysj_cbwrwxtzlxxxt_b_wharf_info_df,update_by,character varying,更新人,船舶污染物接收码头信息表,existing_comment,candidate_with_conflict_warning,medium,字段名 update_by 在库内其他表中存在不同注释（5种）。保留原始注释，训练时需带表上下文。
public,stg_sjtysj_cbwrwxtzlxxxt_b_wharf_info_df,update_date,timestamp without time zone,更新时间,船舶污染物接收码头信息表,existing_comment,candidate_with_conflict_warning,medium,字段名 update_date 在库内其他表中存在不同注释（2种）。保留原始注释，训练时需带表上下文。
public,stg_sjtysj_cbwrwxtzlxxxt_b_wharf_info_df,seal_img_url,character varying,印章图片路径,船舶污染物接收码头信息表,existing_comment,candidate_with_conflict_warning,medium,字段名 seal_img_url 在库内其他表中存在不同注释（2种）。保留原始注释，训练时需带表上下文。
public,stg_sjtysj_cbwrwxtzlxxxt_b_wharf_info_df,pipe_network,character varying,管网是否接入，0为未接入，1为接入,船舶污染物接收码头信息表,existing_comment,candidate_with_conflict_warning,medium,字段名 pipe_network 在库内其他表中存在不同注释（2种）。保留原始注释，训练时需带表上下文。
public,stg_sjtysj_cbwrwxtzlxxxt_b_wharf_info_df,process_id,bigint,处置单位id,船舶污染物接收码头信息表,existing_comment,candidate_safe,low,字段已有注释，无同名字段冲突，可安全纳入训练候选。
public,stg_sjtysj_cbwrwxtzlxxxt_b_wharf_info_df,only_jxy_flag,bigint,是否只用于净小宜,船舶污染物接收码头信息表,existing_comment,candidate_safe,low,字段已有注释，无同名字段冲突，可安全纳入训练候选。
public,stg_sjtysj_cbwrwxtzlxxxt_b_wharf_info_df,dt,character varying,分区日期,船舶污染物接收码头信息表,existing_comment,candidate_safe,low,字段已有注释，无同名字段冲突，可安全纳入训练候选。
public,stg_sjtysj_cbwrwxtzlxxxt_b_wharf_kpi_df,id,bigint,主键,码头接单情况,existing_comment,candidate_with_conflict_warning,medium,字段名 id 在库内其他表中存在不同注释（10种）。保留原始注释，训练时需带表上下文。
public,stg_sjtysj_cbwrwxtzlxxxt_b_wharf_kpi_df,day,character varying,日期,码头接单情况,existing_comment,candidate_safe,low,字段已有注释，无同名字段冲突，可安全纳入训练候选。
public,stg_sjtysj_cbwrwxtzlxxxt_b_wharf_kpi_df,wharf_name,character varying,码头名称,码头接单情况,existing_comment,candidate_with_conflict_warning,medium,字段名 wharf_name 在库内其他表中存在不同注释（3种）。保留原始注释，训练时需带表上下文。
public,stg_sjtysj_cbwrwxtzlxxxt_b_wharf_kpi_df,shlj_num,numeric,生活垃圾接收量,码头接单情况,existing_comment,candidate_safe,low,字段已有注释，无同名字段冲突，可安全纳入训练候选。
public,stg_sjtysj_cbwrwxtzlxxxt_b_wharf_kpi_df,shws_num,numeric,生活污水接收量,码头接单情况,existing_comment,candidate_safe,low,字段已有注释，无同名字段冲突，可安全纳入训练候选。
public,stg_sjtysj_cbwrwxtzlxxxt_b_wharf_kpi_df,hyws_num,numeric,含油污水接收量,码头接单情况,existing_comment,candidate_safe,low,字段已有注释，无同名字段冲突，可安全纳入训练候选。
public,stg_sjtysj_cbwrwxtzlxxxt_b_wharf_kpi_df,fy_num,numeric,废油接收量,码头接单情况,existing_comment,candidate_safe,low,字段已有注释，无同名字段冲突，可安全纳入训练候选。
public,stg_sjtysj_cbwrwxtzlxxxt_b_wharf_kpi_df,order_count,bigint,接收单数,码头接单情况,existing_comment,candidate_safe,low,字段已有注释，无同名字段冲突，可安全纳入训练候选。
public,stg_sjtysj_cbwrwxtzlxxxt_b_wharf_kpi_df,dt,character varying,分区日期,码头接单情况,existing_comment,candidate_safe,low,字段已有注释，无同名字段冲突，可安全纳入训练候选。
public,stg_sjtysj_cbwrwxtzlxxxt_p_apply_detail_df,id,bigint,id,污染物接收明细,existing_comment,candidate_with_conflict_warning,medium,字段名 id 在库内其他表中存在不同注释（10种）。保留原始注释，训练时需带表上下文。
public,stg_sjtysj_cbwrwxtzlxxxt_p_apply_detail_df,apply_no,character varying,接受申请号,污染物接收明细,existing_comment,candidate_with_conflict_warning,medium,字段名 apply_no 在库内其他表中存在不同注释（3种）。保留原始注释，训练时需带表上下文。
public,stg_sjtysj_cbwrwxtzlxxxt_p_apply_detail_df,poll_type,character varying,污染物类型,污染物接收明细,existing_comment,candidate_with_conflict_warning,medium,字段名 poll_type 在库内其他表中存在不同注释（3种）。保留原始注释，训练时需带表上下文。
public,stg_sjtysj_cbwrwxtzlxxxt_p_apply_detail_df,num,character varying,数量,污染物接收明细,existing_comment,candidate_with_conflict_warning,medium,字段名 num 在库内其他表中存在不同注释（2种）。保留原始注释，训练时需带表上下文。
public,stg_sjtysj_cbwrwxtzlxxxt_p_apply_detail_df,remain_num,character varying,剩余数量,污染物接收明细,existing_comment,candidate_safe,low,字段已有注释，无同名字段冲突，可安全纳入训练候选。
public,stg_sjtysj_cbwrwxtzlxxxt_p_apply_detail_df,unit,character varying,单位,污染物接收明细,existing_comment,candidate_with_conflict_warning,medium,字段名 unit 在库内其他表中存在不同注释（3种）。保留原始注释，训练时需带表上下文。
public,stg_sjtysj_cbwrwxtzlxxxt_p_apply_detail_df,amount,numeric,金额,污染物接收明细,existing_comment,candidate_safe,low,字段已有注释，无同名字段冲突，可安全纳入训练候选。
public,stg_sjtysj_cbwrwxtzlxxxt_p_apply_detail_df,apply_picture,character varying,申请照,污染物接收明细,existing_comment,candidate_safe,low,字段已有注释，无同名字段冲突，可安全纳入训练候选。
public,stg_sjtysj_cbwrwxtzlxxxt_p_apply_detail_df,receive_picture,character varying,接收船舶照片,污染物接收明细,existing_comment,candidate_safe,low,字段已有注释，无同名字段冲突，可安全纳入训练候选。
public,stg_sjtysj_cbwrwxtzlxxxt_p_apply_detail_df,apply_trans_picture,character varying,接收船舶申请转运照片,污染物接收明细,existing_comment,candidate_safe,low,字段已有注释，无同名字段冲突，可安全纳入训练候选。
public,stg_sjtysj_cbwrwxtzlxxxt_p_apply_detail_df,trans_picture,character varying,转运车辆照片,污染物接收明细,existing_comment,candidate_safe,low,字段已有注释，无同名字段冲突，可安全纳入训练候选。
public,stg_sjtysj_cbwrwxtzlxxxt_p_apply_detail_df,handle_picture,character varying,处理照片,污染物接收明细,existing_comment,candidate_safe,low,字段已有注释，无同名字段冲突，可安全纳入训练候选。
public,stg_sjtysj_cbwrwxtzlxxxt_p_apply_detail_df,remark,character varying,备注,污染物接收明细,existing_comment,candidate_with_conflict_warning,medium,字段名 remark 在库内其他表中存在不同注释（2种）。保留原始注释，训练时需带表上下文。
public,stg_sjtysj_cbwrwxtzlxxxt_p_apply_detail_df,trans_status,bigint,转运状态,污染物接收明细,existing_comment,candidate_safe,low,字段已有注释，无同名字段冲突，可安全纳入训练候选。
public,stg_sjtysj_cbwrwxtzlxxxt_p_apply_detail_df,apply_szy_status,bigint,申请szy单状态  收转运,污染物接收明细,existing_comment,candidate_with_conflict_warning,medium,字段名 apply_szy_status 在库内其他表中存在不同注释（2种）。保留原始注释，训练时需带表上下文。
public,stg_sjtysj_cbwrwxtzlxxxt_p_apply_detail_df,dt,character varying,分区日期,污染物接收明细,existing_comment,candidate_safe,low,字段已有注释，无同名字段冲突，可安全纳入训练候选。
public,stg_sjtysj_cbwrwxtzlxxxt_p_ashore_apply_df,apply_no,character varying,上岸申请编号,污染物接收表,existing_comment,candidate_with_conflict_warning,medium,字段名 apply_no 在库内其他表中存在不同注释（3种）。保留原始注释，训练时需带表上下文。
public,stg_sjtysj_cbwrwxtzlxxxt_p_ashore_apply_df,status,character varying,"垃圾申请状态
djd: 待接单
yjd:已接单
yjs:已接收
ycjt:已处结
qx:取消
yzy:已转运
bfzy:不转运",污染物接收表,existing_comment,candidate_with_conflict_warning,medium,字段名 status 在库内其他表中存在不同注释（16种）。保留原始注释，训练时需带表上下文。
public,stg_sjtysj_cbwrwxtzlxxxt_p_ashore_apply_df,anchorage_name,character varying,锚地名,污染物接收表,existing_comment,candidate_with_conflict_warning,medium,字段名 anchorage_name 在库内其他表中存在不同注释（2种）。保留原始注释，训练时需带表上下文。
public,stg_sjtysj_cbwrwxtzlxxxt_p_ashore_apply_df,port_id,bigint,港口id,污染物接收表,existing_comment,candidate_safe,low,字段已有注释，无同名字段冲突，可安全纳入训练候选。
public,stg_sjtysj_cbwrwxtzlxxxt_p_ashore_apply_df,ship_name,character varying,船名,污染物接收表,existing_comment,candidate_safe,low,字段已有注释，无同名字段冲突，可安全纳入训练候选。
public,stg_sjtysj_cbwrwxtzlxxxt_p_ashore_apply_df,ship_nation,character varying,船舶国籍,污染物接收表,existing_comment,candidate_safe,low,字段已有注释，无同名字段冲突，可安全纳入训练候选。
public,stg_sjtysj_cbwrwxtzlxxxt_p_ashore_apply_df,poll_type,character varying,船舶类型,污染物接收表,existing_comment,candidate_with_conflict_warning,medium,字段名 poll_type 在库内其他表中存在不同注释（3种）。保留原始注释，训练时需带表上下文。
public,stg_sjtysj_cbwrwxtzlxxxt_p_ashore_apply_df,num,numeric,数量,污染物接收表,existing_comment,candidate_with_conflict_warning,medium,字段名 num 在库内其他表中存在不同注释（2种）。保留原始注释，训练时需带表上下文。
public,stg_sjtysj_cbwrwxtzlxxxt_p_ashore_apply_df,unit,character varying,单位,污染物接收表,existing_comment,candidate_with_conflict_warning,medium,字段名 unit 在库内其他表中存在不同注释（3种）。保留原始注释，训练时需带表上下文。
public,stg_sjtysj_cbwrwxtzlxxxt_p_ashore_apply_df,amount,numeric,金额,污染物接收表,existing_comment,candidate_safe,low,字段已有注释，无同名字段冲突，可安全纳入训练候选。
public,stg_sjtysj_cbwrwxtzlxxxt_p_ashore_apply_df,app_id,character varying,申请照id,污染物接收表,existing_comment,candidate_safe,low,字段已有注释，无同名字段冲突，可安全纳入训练候选。
public,stg_sjtysj_cbwrwxtzlxxxt_p_ashore_apply_df,remark,character varying,备注,污染物接收表,existing_comment,candidate_with_conflict_warning,medium,字段名 remark 在库内其他表中存在不同注释（2种）。保留原始注释，训练时需带表上下文。
public,stg_sjtysj_cbwrwxtzlxxxt_p_ashore_apply_df,source,character varying,来源,污染物接收表,existing_comment,candidate_with_conflict_warning,medium,字段名 source 在库内其他表中存在不同注释（4种）。保留原始注释，训练时需带表上下文。
public,stg_sjtysj_cbwrwxtzlxxxt_p_ashore_apply_df,create_by,character varying,创建者,污染物接收表,existing_comment,candidate_with_conflict_warning,medium,字段名 create_by 在库内其他表中存在不同注释（4种）。保留原始注释，训练时需带表上下文。
public,stg_sjtysj_cbwrwxtzlxxxt_p_ashore_apply_df,create_date,timestamp without time zone,创建时间,污染物接收表,existing_comment,candidate_with_conflict_warning,medium,字段名 create_date 在库内其他表中存在不同注释（2种）。保留原始注释，训练时需带表上下文。
public,stg_sjtysj_cbwrwxtzlxxxt_p_ashore_apply_df,update_by,character varying,更新者,污染物接收表,existing_comment,candidate_with_conflict_warning,medium,字段名 update_by 在库内其他表中存在不同注释（5种）。保留原始注释，训练时需带表上下文。
public,stg_sjtysj_cbwrwxtzlxxxt_p_ashore_apply_df,update_date,timestamp without time zone,更新时间,污染物接收表,existing_comment,candidate_with_conflict_warning,medium,字段名 update_date 在库内其他表中存在不同注释（2种）。保留原始注释，训练时需带表上下文。
public,stg_sjtysj_cbwrwxtzlxxxt_p_ashore_apply_df,confirm_by,character varying,确认者,污染物接收表,existing_comment,candidate_with_conflict_warning,medium,字段名 confirm_by 在库内其他表中存在不同注释（2种）。保留原始注释，训练时需带表上下文。
public,stg_sjtysj_cbwrwxtzlxxxt_p_ashore_apply_df,confirm_date,timestamp without time zone,确认时间,污染物接收表,existing_comment,candidate_safe,low,字段已有注释，无同名字段冲突，可安全纳入训练候选。
public,stg_sjtysj_cbwrwxtzlxxxt_p_ashore_apply_df,confirm_id,character varying,确认照id,污染物接收表,existing_comment,candidate_safe,low,字段已有注释，无同名字段冲突，可安全纳入训练候选。
public,stg_sjtysj_cbwrwxtzlxxxt_p_ashore_apply_df,receive_num,character varying,接收工单号,污染物接收表,existing_comment,candidate_with_conflict_warning,medium,字段名 receive_num 在库内其他表中存在不同注释（3种）。保留原始注释，训练时需带表上下文。
public,stg_sjtysj_cbwrwxtzlxxxt_p_ashore_apply_df,wharf_id,bigint,码头id,污染物接收表,existing_comment,candidate_with_conflict_warning,medium,字段名 wharf_id 在库内其他表中存在不同注释（2种）。保留原始注释，训练时需带表上下文。
public,stg_sjtysj_cbwrwxtzlxxxt_p_ashore_apply_df,receive_ship_id,bigint,接收船舶id,污染物接收表,existing_comment,candidate_safe,low,字段已有注释，无同名字段冲突，可安全纳入训练候选。
public,stg_sjtysj_cbwrwxtzlxxxt_p_ashore_apply_df,receive_ship_name,character varying,接收船舶名,污染物接收表,existing_comment,candidate_with_conflict_warning,medium,字段名 receive_ship_name 在库内其他表中存在不同注释（3种）。保留原始注释，训练时需带表上下文。
public,stg_sjtysj_cbwrwxtzlxxxt_p_ashore_apply_df,receive_ship_nation,character varying,接收船舶国籍,污染物接收表,existing_comment,candidate_safe,low,字段已有注释，无同名字段冲突，可安全纳入训练候选。
public,stg_sjtysj_cbwrwxtzlxxxt_p_ashore_apply_df,delivery_ship_captain,character varying,交付船舶船长,污染物接收表,existing_comment,candidate_safe,low,字段已有注释，无同名字段冲突，可安全纳入训练候选。
public,stg_sjtysj_cbwrwxtzlxxxt_p_ashore_apply_df,captain_phone,character varying,船长联系方式,污染物接收表,existing_comment,candidate_with_conflict_warning,medium,字段名 captain_phone 在库内其他表中存在不同注释（2种）。保留原始注释，训练时需带表上下文。
public,stg_sjtysj_cbwrwxtzlxxxt_p_ashore_apply_df,receive_ship_captain,character varying,接收船舶船长,污染物接收表,existing_comment,candidate_safe,low,字段已有注释，无同名字段冲突，可安全纳入训练候选。
public,stg_sjtysj_cbwrwxtzlxxxt_p_ashore_apply_df,receive_ship_captain_phone,character varying,接收船舶船长联系方式,污染物接收表,existing_comment,candidate_safe,low,字段已有注释，无同名字段冲突，可安全纳入训练候选。
public,stg_sjtysj_cbwrwxtzlxxxt_p_ashore_apply_df,receive_company,character varying,接收单位,污染物接收表,existing_comment,candidate_safe,low,字段已有注释，无同名字段冲突，可安全纳入训练候选。
public,stg_sjtysj_cbwrwxtzlxxxt_p_ashore_apply_df,receive_person,character varying,接收人,污染物接收表,existing_comment,candidate_safe,low,字段已有注释，无同名字段冲突，可安全纳入训练候选。
public,stg_sjtysj_cbwrwxtzlxxxt_p_ashore_apply_df,receive_date,timestamp without time zone,接收时间：当状态为：yjs,污染物接收表,existing_comment,candidate_safe,low,字段已有注释，无同名字段冲突，可安全纳入训练候选。
public,stg_sjtysj_cbwrwxtzlxxxt_p_ashore_apply_df,complete_receive_date,timestamp without time zone,完成接收时间,污染物接收表,existing_comment,candidate_safe,low,字段已有注释，无同名字段冲突，可安全纳入训练候选。
public,stg_sjtysj_cbwrwxtzlxxxt_p_ashore_apply_df,goods_type,character varying,货物种类,污染物接收表,existing_comment,candidate_safe,low,字段已有注释，无同名字段冲突，可安全纳入训练候选。
public,stg_sjtysj_cbwrwxtzlxxxt_p_ashore_apply_df,actual_tons,numeric,实载吨位,污染物接收表,existing_comment,candidate_safe,low,字段已有注释，无同名字段冲突，可安全纳入训练候选。
public,stg_sjtysj_cbwrwxtzlxxxt_p_ashore_apply_df,standard_container_num,numeric,标箱数量,污染物接收表,existing_comment,candidate_safe,low,字段已有注释，无同名字段冲突，可安全纳入训练候选。
public,stg_sjtysj_cbwrwxtzlxxxt_p_ashore_apply_df,domestic_trade_num,numeric,内贸数量,污染物接收表,existing_comment,candidate_safe,low,字段已有注释，无同名字段冲突，可安全纳入训练候选。
public,stg_sjtysj_cbwrwxtzlxxxt_p_ashore_apply_df,foreign_trade_num,numeric,外贸数量,污染物接收表,existing_comment,candidate_safe,low,字段已有注释，无同名字段冲突，可安全纳入训练候选。
public,stg_sjtysj_cbwrwxtzlxxxt_p_ashore_apply_df,actual_crew_num,bigint,实际船员人数,污染物接收表,existing_comment,candidate_safe,low,字段已有注释，无同名字段冲突，可安全纳入训练候选。
public,stg_sjtysj_cbwrwxtzlxxxt_p_ashore_apply_df,actual_poll_type,character varying,实际污染物类型,污染物接收表,existing_comment,candidate_safe,low,字段已有注释，无同名字段冲突，可安全纳入训练候选。
public,stg_sjtysj_cbwrwxtzlxxxt_p_ashore_apply_df,actual_poll_num,numeric,实际污染物数量,污染物接收表,existing_comment,candidate_safe,low,字段已有注释，无同名字段冲突，可安全纳入训练候选。
public,stg_sjtysj_cbwrwxtzlxxxt_p_ashore_apply_df,actual_poll_unit,character varying,实际污染物单位,污染物接收表,existing_comment,candidate_safe,low,字段已有注释，无同名字段冲突，可安全纳入训练候选。
public,stg_sjtysj_cbwrwxtzlxxxt_p_ashore_apply_df,evaluation,bigint,本次服务评价,污染物接收表,existing_comment,candidate_with_conflict_warning,medium,字段名 evaluation 在库内其他表中存在不同注释（2种）。保留原始注释，训练时需带表上下文。
public,stg_sjtysj_cbwrwxtzlxxxt_p_ashore_apply_df,expected_delivery_time,timestamp without time zone,期望交付时间,污染物接收表,existing_comment,candidate_safe,low,字段已有注释，无同名字段冲突，可安全纳入训练候选。
public,stg_sjtysj_cbwrwxtzlxxxt_p_ashore_apply_df,reject_reason,character varying,拒收理由,污染物接收表,existing_comment,candidate_safe,low,字段已有注释，无同名字段冲突，可安全纳入训练候选。
public,stg_sjtysj_cbwrwxtzlxxxt_p_ashore_apply_df,pdf_img_url,character varying,pdf图片地址,污染物接收表,existing_comment,candidate_with_conflict_warning,medium,字段名 pdf_img_url 在库内其他表中存在不同注释（3种）。保留原始注释，训练时需带表上下文。
public,stg_sjtysj_cbwrwxtzlxxxt_p_ashore_apply_df,shlj_time,character varying,生活垃圾说明,污染物接收表,existing_comment,candidate_safe,low,字段已有注释，无同名字段冲突，可安全纳入训练候选。
public,stg_sjtysj_cbwrwxtzlxxxt_p_ashore_apply_df,fy_text,character varying,费油说明,污染物接收表,existing_comment,candidate_safe,low,字段已有注释，无同名字段冲突，可安全纳入训练候选。
public,stg_sjtysj_cbwrwxtzlxxxt_p_ashore_apply_df,hyws_text,character varying,含油污水,污染物接收表,existing_comment,candidate_safe,low,字段已有注释，无同名字段冲突，可安全纳入训练候选。
public,stg_sjtysj_cbwrwxtzlxxxt_p_ashore_apply_df,shws_text,character varying,生活污水说明,污染物接收表,existing_comment,candidate_safe,low,字段已有注释，无同名字段冲突，可安全纳入训练候选。
public,stg_sjtysj_cbwrwxtzlxxxt_p_ashore_apply_df,ypj_status,character varying,是否已评价状态,污染物接收表,existing_comment,candidate_safe,low,字段已有注释，无同名字段冲突，可安全纳入训练候选。
public,stg_sjtysj_cbwrwxtzlxxxt_p_ashore_apply_df,deliverer,character varying,交付人,污染物接收表,existing_comment,candidate_safe,low,字段已有注释，无同名字段冲突，可安全纳入训练候选。
public,stg_sjtysj_cbwrwxtzlxxxt_p_ashore_apply_df,cex_data_source,bigint,0:预约 1:扫码（码头） 3: 扫码(车船),污染物接收表,existing_comment,candidate_safe,low,字段已有注释，无同名字段冲突，可安全纳入训练候选。
public,stg_sjtysj_cbwrwxtzlxxxt_p_ashore_apply_df,qrcode_confirm_flag,bigint,扫码交互，是否确认过 0：未确认 1：已确认 是否有填报货种货量标志,污染物接收表,existing_comment,candidate_safe,low,字段已有注释，无同名字段冲突，可安全纳入训练候选。
public,stg_sjtysj_cbwrwxtzlxxxt_p_ashore_apply_df,qrcode_confirm_time,timestamp without time zone,扫码交互确认时间（填报货种货量时间）,污染物接收表,existing_comment,candidate_safe,low,字段已有注释，无同名字段冲突，可安全纳入训练候选。
public,stg_sjtysj_cbwrwxtzlxxxt_p_ashore_apply_df,dt,character varying,分区日期,污染物接收表,existing_comment,candidate_safe,low,字段已有注释，无同名字段冲突，可安全纳入训练候选。
public,stg_sjtysj_cbwrwxtzlxxxt_p_handover_trans_detail_df,id,bigint,主键,污染物转运B流程明细单,existing_comment,candidate_with_conflict_warning,medium,字段名 id 在库内其他表中存在不同注释（10种）。保留原始注释，训练时需带表上下文。
public,stg_sjtysj_cbwrwxtzlxxxt_p_handover_trans_detail_df,type,character varying,js:接收行明细、cc:存储单,污染物转运B流程明细单,existing_comment,candidate_with_conflict_warning,medium,字段名 type 在库内其他表中存在不同注释（10种）。保留原始注释，训练时需带表上下文。
public,stg_sjtysj_cbwrwxtzlxxxt_p_handover_trans_detail_df,cc_store_no,character varying,存储单单号，可能没有,污染物转运B流程明细单,existing_comment,candidate_with_conflict_warning,medium,字段名 cc_store_no 在库内其他表中存在不同注释（2种）。保留原始注释，训练时需带表上下文。
public,stg_sjtysj_cbwrwxtzlxxxt_p_handover_trans_detail_df,dt,character varying,分区日期,污染物转运B流程明细单,existing_comment,candidate_safe,low,字段已有注释，无同名字段冲突，可安全纳入训练候选。
public,stg_sjtysj_cbwrwxtzlxxxt_p_handover_trans_df,id,bigint,主键,污染物转运B流程,existing_comment,candidate_with_conflict_warning,medium,字段名 id 在库内其他表中存在不同注释（10种）。保留原始注释，训练时需带表上下文。
public,stg_sjtysj_cbwrwxtzlxxxt_p_handover_trans_df,trans_no,character varying,转运单号,污染物转运B流程,existing_comment,candidate_with_conflict_warning,medium,字段名 trans_no 在库内其他表中存在不同注释（3种）。保留原始注释，训练时需带表上下文。
public,stg_sjtysj_cbwrwxtzlxxxt_p_handover_trans_df,status,character varying,状态： dzy、yjs、yzy,污染物转运B流程,existing_comment,candidate_with_conflict_warning,medium,字段名 status 在库内其他表中存在不同注释（16种）。保留原始注释，训练时需带表上下文。
public,stg_sjtysj_cbwrwxtzlxxxt_p_handover_trans_df,cc_status,character varying, 后续存储状态 wsq：未申请， dcc : 待存储，ycc : 已存储,污染物转运B流程,existing_comment,candidate_safe,low,字段已有注释，无同名字段冲突，可安全纳入训练候选。
public,stg_sjtysj_cbwrwxtzlxxxt_p_handover_trans_df,trans_subject_type,character varying,转运主体类型 0:接收船舶 1:转运车辆,污染物转运B流程,existing_comment,candidate_safe,low,字段已有注释，无同名字段冲突，可安全纳入训练候选。
public,stg_sjtysj_cbwrwxtzlxxxt_p_handover_trans_df,trans_subject_id,bigint,转运主体id,污染物转运B流程,existing_comment,candidate_safe,low,字段已有注释，无同名字段冲突，可安全纳入训练候选。
public,stg_sjtysj_cbwrwxtzlxxxt_p_handover_trans_df,trans_subject_name,character varying,转运主体名称（船名、车牌号）,污染物转运B流程,existing_comment,candidate_safe,low,字段已有注释，无同名字段冲突，可安全纳入训练候选。
public,stg_sjtysj_cbwrwxtzlxxxt_p_handover_trans_df,trans_subject_contact_person,character varying,转运主体联系人,污染物转运B流程,existing_comment,candidate_safe,low,字段已有注释，无同名字段冲突，可安全纳入训练候选。
public,stg_sjtysj_cbwrwxtzlxxxt_p_handover_trans_df,trans_subject_contact_telephone,character varying,转运主体联系方式,污染物转运B流程,existing_comment,candidate_safe,low,字段已有注释，无同名字段冲突，可安全纳入训练候选。
public,stg_sjtysj_cbwrwxtzlxxxt_p_handover_trans_df,trans_subject_company,character varying,转运主体所属公司,污染物转运B流程,existing_comment,candidate_safe,low,字段已有注释，无同名字段冲突，可安全纳入训练候选。
public,stg_sjtysj_cbwrwxtzlxxxt_p_handover_trans_df,confirm_receive_time,character varying,转运主体确认接收完成时间（点击按钮的时间）,污染物转运B流程,existing_comment,candidate_safe,low,字段已有注释，无同名字段冲突，可安全纳入训练候选。
public,stg_sjtysj_cbwrwxtzlxxxt_p_handover_trans_df,receive_complete_time,character varying,接收完成时间,污染物转运B流程,existing_comment,candidate_safe,low,字段已有注释，无同名字段冲突，可安全纳入训练候选。
public,stg_sjtysj_cbwrwxtzlxxxt_p_handover_trans_df,poll_type,character varying,污染物类型,污染物转运B流程,existing_comment,candidate_with_conflict_warning,medium,字段名 poll_type 在库内其他表中存在不同注释（3种）。保留原始注释，训练时需带表上下文。
public,stg_sjtysj_cbwrwxtzlxxxt_p_handover_trans_df,poll_weight_num,numeric,污染物数量,污染物转运B流程,existing_comment,candidate_safe,low,字段已有注释，无同名字段冲突，可安全纳入训练候选。
public,stg_sjtysj_cbwrwxtzlxxxt_p_handover_trans_df,apply_wharf_id,bigint,申请码头id,污染物转运B流程,existing_comment,candidate_safe,low,字段已有注释，无同名字段冲突，可安全纳入训练候选。
public,stg_sjtysj_cbwrwxtzlxxxt_p_handover_trans_df,apply_wharf_name,character varying,申请码头名称,污染物转运B流程,existing_comment,candidate_safe,low,字段已有注释，无同名字段冲突，可安全纳入训练候选。
public,stg_sjtysj_cbwrwxtzlxxxt_p_handover_trans_df,apply_wharf_company,character varying,申请码头所属公司 （没有的填入码头名称）,污染物转运B流程,existing_comment,candidate_safe,low,字段已有注释，无同名字段冲突，可安全纳入训练候选。
public,stg_sjtysj_cbwrwxtzlxxxt_p_handover_trans_df,apply_anchorage_name,character varying,交互水域,污染物转运B流程,existing_comment,candidate_safe,low,字段已有注释，无同名字段冲突，可安全纳入训练候选。
public,stg_sjtysj_cbwrwxtzlxxxt_p_handover_trans_df,apply_contact_person,character varying,申请-联系人,污染物转运B流程,existing_comment,candidate_safe,low,字段已有注释，无同名字段冲突，可安全纳入训练候选。
public,stg_sjtysj_cbwrwxtzlxxxt_p_handover_trans_df,apply_contact_telephone,character varying,申请-联系人手机号,污染物转运B流程,existing_comment,candidate_safe,low,字段已有注释，无同名字段冲突，可安全纳入训练候选。
public,stg_sjtysj_cbwrwxtzlxxxt_p_handover_trans_df,target_wharf_id,bigint,目的地码头id （注：目的码头界面上看不到该单据）,污染物转运B流程,existing_comment,candidate_safe,low,字段已有注释，无同名字段冲突，可安全纳入训练候选。
public,stg_sjtysj_cbwrwxtzlxxxt_p_handover_trans_df,target_wharf_name,character varying,目的地码头名称,污染物转运B流程,existing_comment,candidate_safe,low,字段已有注释，无同名字段冲突，可安全纳入训练候选。
public,stg_sjtysj_cbwrwxtzlxxxt_p_handover_trans_df,trans_start_time,character varying,交互时间（转运开始时间）,污染物转运B流程,existing_comment,candidate_safe,low,字段已有注释，无同名字段冲突，可安全纳入训练候选。
public,stg_sjtysj_cbwrwxtzlxxxt_p_handover_trans_df,trans_complete_time,character varying,转运完成时间,污染物转运B流程,existing_comment,candidate_safe,low,字段已有注释，无同名字段冲突，可安全纳入训练候选。
public,stg_sjtysj_cbwrwxtzlxxxt_p_handover_trans_df,apply_img_path,character varying,申请转运照片,污染物转运B流程,existing_comment,candidate_safe,low,字段已有注释，无同名字段冲突，可安全纳入训练候选。
public,stg_sjtysj_cbwrwxtzlxxxt_p_handover_trans_df,cc_store_no,character varying,后续存储单单号,污染物转运B流程,existing_comment,candidate_with_conflict_warning,medium,字段名 cc_store_no 在库内其他表中存在不同注释（2种）。保留原始注释，训练时需带表上下文。
public,stg_sjtysj_cbwrwxtzlxxxt_p_handover_trans_df,create_time,character varying,申请时间,污染物转运B流程,existing_comment,candidate_with_conflict_warning,medium,字段名 create_time 在库内其他表中存在不同注释（2种）。保留原始注释，训练时需带表上下文。
public,stg_sjtysj_cbwrwxtzlxxxt_p_handover_trans_df,create_by,character varying,申请账号,污染物转运B流程,existing_comment,candidate_with_conflict_warning,medium,字段名 create_by 在库内其他表中存在不同注释（4种）。保留原始注释，训练时需带表上下文。
public,stg_sjtysj_cbwrwxtzlxxxt_p_handover_trans_df,remarks,character varying,备注,污染物转运B流程,existing_comment,candidate_safe,low,字段已有注释，无同名字段冲突，可安全纳入训练候选。
public,stg_sjtysj_cbwrwxtzlxxxt_p_handover_trans_df,pdf_img_url,character varying,联单图片,污染物转运B流程,existing_comment,candidate_with_conflict_warning,medium,字段名 pdf_img_url 在库内其他表中存在不同注释（3种）。保留原始注释，训练时需带表上下文。
public,stg_sjtysj_cbwrwxtzlxxxt_p_handover_trans_df,dt,character varying,分区日期,污染物转运B流程,existing_comment,candidate_safe,low,字段已有注释，无同名字段冲突，可安全纳入训练候选。
public,stg_sjtysj_cbwrwxtzlxxxt_p_receive_storage_df,apply_detail_id,bigint,id,污染物存储明细单,existing_comment,candidate_safe,low,字段已有注释，无同名字段冲突，可安全纳入训练候选。
public,stg_sjtysj_cbwrwxtzlxxxt_p_receive_storage_df,wharf_id,bigint,存储码头id,污染物存储明细单,existing_comment,candidate_with_conflict_warning,medium,字段名 wharf_id 在库内其他表中存在不同注释（2种）。保留原始注释，训练时需带表上下文。
public,stg_sjtysj_cbwrwxtzlxxxt_p_receive_storage_df,apply_no,character varying,申请单号,污染物存储明细单,existing_comment,candidate_with_conflict_warning,medium,字段名 apply_no 在库内其他表中存在不同注释（3种）。保留原始注释，训练时需带表上下文。
public,stg_sjtysj_cbwrwxtzlxxxt_p_receive_storage_df,storage_no,character varying,存储单号,污染物存储明细单,existing_comment,candidate_with_conflict_warning,medium,字段名 storage_no 在库内其他表中存在不同注释（2种）。保留原始注释，训练时需带表上下文。
public,stg_sjtysj_cbwrwxtzlxxxt_p_receive_storage_df,dt,character varying,分区日期,污染物存储明细单,existing_comment,candidate_safe,low,字段已有注释，无同名字段冲突，可安全纳入训练候选。
public,stg_sjtysj_cbwrwxtzlxxxt_p_trans_apply_detail_df,trans_no,character varying,转运申请编号,污染物转运处置明细单,existing_comment,candidate_with_conflict_warning,medium,字段名 trans_no 在库内其他表中存在不同注释（3种）。保留原始注释，训练时需带表上下文。
public,stg_sjtysj_cbwrwxtzlxxxt_p_trans_apply_detail_df,trans_apply_line,bigint,转运申请行,污染物转运处置明细单,existing_comment,candidate_safe,low,字段已有注释，无同名字段冲突，可安全纳入训练候选。
public,stg_sjtysj_cbwrwxtzlxxxt_p_trans_apply_detail_df,receive_line,bigint,接收申请行,污染物转运处置明细单,existing_comment,candidate_safe,low,字段已有注释，无同名字段冲突，可安全纳入训练候选。
public,stg_sjtysj_cbwrwxtzlxxxt_p_trans_apply_detail_df,ashore_apply_no,character varying,接收申请号,污染物转运处置明细单,existing_comment,candidate_safe,low,字段已有注释，无同名字段冲突，可安全纳入训练候选。
public,stg_sjtysj_cbwrwxtzlxxxt_p_trans_apply_detail_df,dt,character varying,分区日期,污染物转运处置明细单,existing_comment,candidate_safe,low,字段已有注释，无同名字段冲突，可安全纳入训练候选。
public,stg_sjtysj_cbwrwxtzlxxxt_p_trans_apply_df,trans_no,character varying,转运编号,污染物转运处置表,existing_comment,candidate_with_conflict_warning,medium,字段名 trans_no 在库内其他表中存在不同注释（3种）。保留原始注释，训练时需带表上下文。
public,stg_sjtysj_cbwrwxtzlxxxt_p_trans_apply_df,status,character varying,待转运：创建完成后变成待转运状态，只有此状态下可修改,污染物转运处置表,existing_comment,candidate_with_conflict_warning,medium,字段名 status 在库内其他表中存在不同注释（16种）。保留原始注释，训练时需带表上下文。
public,stg_sjtysj_cbwrwxtzlxxxt_p_trans_apply_df,delivery_company_name,character varying,交付单位,污染物转运处置表,existing_comment,candidate_safe,low,字段已有注释，无同名字段冲突，可安全纳入训练候选。
public,stg_sjtysj_cbwrwxtzlxxxt_p_trans_apply_df,delivery_ship_name,character varying,交付船舶名,污染物转运处置表,existing_comment,candidate_safe,low,字段已有注释，无同名字段冲突，可安全纳入训练候选。
public,stg_sjtysj_cbwrwxtzlxxxt_p_trans_apply_df,delivery_ship_nation,character varying,船舶国籍,污染物转运处置表,existing_comment,candidate_safe,low,字段已有注释，无同名字段冲突，可安全纳入训练候选。
public,stg_sjtysj_cbwrwxtzlxxxt_p_trans_apply_df,delivery_ship_caption,character varying,交付船舶船长,污染物转运处置表,existing_comment,candidate_safe,low,字段已有注释，无同名字段冲突，可安全纳入训练候选。
public,stg_sjtysj_cbwrwxtzlxxxt_p_trans_apply_df,delivery_ship_caption_tel,character varying,船长联系方式,污染物转运处置表,existing_comment,candidate_safe,low,字段已有注释，无同名字段冲突，可安全纳入训练候选。
public,stg_sjtysj_cbwrwxtzlxxxt_p_trans_apply_df,car_id,bigint,车辆id,污染物转运处置表,existing_comment,candidate_safe,low,字段已有注释，无同名字段冲突，可安全纳入训练候选。
public,stg_sjtysj_cbwrwxtzlxxxt_p_trans_apply_df,car_num,character varying,转运车牌号,污染物转运处置表,existing_comment,candidate_with_conflict_warning,medium,字段名 car_num 在库内其他表中存在不同注释（2种）。保留原始注释，训练时需带表上下文。
public,stg_sjtysj_cbwrwxtzlxxxt_p_trans_apply_df,car_driver,character varying,转运车辆驾驶员姓名：,污染物转运处置表,existing_comment,candidate_safe,low,字段已有注释，无同名字段冲突，可安全纳入训练候选。
public,stg_sjtysj_cbwrwxtzlxxxt_p_trans_apply_df,car_driver_tel,character varying,联系方式,污染物转运处置表,existing_comment,candidate_safe,low,字段已有注释，无同名字段冲突，可安全纳入训练候选。
public,stg_sjtysj_cbwrwxtzlxxxt_p_trans_apply_df,unit,character varying,转运单位,污染物转运处置表,existing_comment,candidate_with_conflict_warning,medium,字段名 unit 在库内其他表中存在不同注释（3种）。保留原始注释，训练时需带表上下文。
public,stg_sjtysj_cbwrwxtzlxxxt_p_trans_apply_df,trans_address,character varying,转运地址,污染物转运处置表,existing_comment,candidate_safe,low,字段已有注释，无同名字段冲突，可安全纳入训练候选。
public,stg_sjtysj_cbwrwxtzlxxxt_p_trans_apply_df,commit_num,numeric,提交数,污染物转运处置表,existing_comment,candidate_safe,low,字段已有注释，无同名字段冲突，可安全纳入训练候选。
public,stg_sjtysj_cbwrwxtzlxxxt_p_trans_apply_df,trans_num,numeric,转运数,污染物转运处置表,existing_comment,candidate_safe,low,字段已有注释，无同名字段冲突，可安全纳入训练候选。
public,stg_sjtysj_cbwrwxtzlxxxt_p_trans_apply_df,hander_num,numeric,处置数,污染物转运处置表,existing_comment,candidate_safe,low,字段已有注释，无同名字段冲突，可安全纳入训练候选。
public,stg_sjtysj_cbwrwxtzlxxxt_p_trans_apply_df,create_by,character varying,创建者,污染物转运处置表,existing_comment,candidate_with_conflict_warning,medium,字段名 create_by 在库内其他表中存在不同注释（4种）。保留原始注释，训练时需带表上下文。
public,stg_sjtysj_cbwrwxtzlxxxt_p_trans_apply_df,create_date,timestamp without time zone,创建时间,污染物转运处置表,existing_comment,candidate_with_conflict_warning,medium,字段名 create_date 在库内其他表中存在不同注释（2种）。保留原始注释，训练时需带表上下文。
public,stg_sjtysj_cbwrwxtzlxxxt_p_trans_apply_df,update_by,character varying,更新者,污染物转运处置表,existing_comment,candidate_with_conflict_warning,medium,字段名 update_by 在库内其他表中存在不同注释（5种）。保留原始注释，训练时需带表上下文。
public,stg_sjtysj_cbwrwxtzlxxxt_p_trans_apply_df,update_date,timestamp without time zone,更新时间,污染物转运处置表,existing_comment,candidate_with_conflict_warning,medium,字段名 update_date 在库内其他表中存在不同注释（2种）。保留原始注释，训练时需带表上下文。
public,stg_sjtysj_cbwrwxtzlxxxt_p_trans_apply_df,confirm_by,character varying,确认者,污染物转运处置表,existing_comment,candidate_with_conflict_warning,medium,字段名 confirm_by 在库内其他表中存在不同注释（2种）。保留原始注释，训练时需带表上下文。
public,stg_sjtysj_cbwrwxtzlxxxt_p_trans_apply_df,confirm_date,timestamp without time zone,确认时间,污染物转运处置表,existing_comment,candidate_safe,low,字段已有注释，无同名字段冲突，可安全纳入训练候选。
public,stg_sjtysj_cbwrwxtzlxxxt_p_trans_apply_df,recycle_company_id,bigint,回收单位id,污染物转运处置表,existing_comment,candidate_safe,low,字段已有注释，无同名字段冲突，可安全纳入训练候选。
public,stg_sjtysj_cbwrwxtzlxxxt_p_trans_apply_df,recycle_company_name,character varying,回收单位名,污染物转运处置表,existing_comment,candidate_safe,low,字段已有注释，无同名字段冲突，可安全纳入训练候选。
public,stg_sjtysj_cbwrwxtzlxxxt_p_trans_apply_df,recycle_person,character varying,回收人,污染物转运处置表,existing_comment,candidate_safe,low,字段已有注释，无同名字段冲突，可安全纳入训练候选。
public,stg_sjtysj_cbwrwxtzlxxxt_p_trans_apply_df,recycle_phone,character varying,回收人联系方式,污染物转运处置表,existing_comment,candidate_safe,low,字段已有注释，无同名字段冲突，可安全纳入训练候选。
public,stg_sjtysj_cbwrwxtzlxxxt_p_trans_apply_df,delivery_address,character varying,交付地点,污染物转运处置表,existing_comment,candidate_safe,low,字段已有注释，无同名字段冲突，可安全纳入训练候选。
public,stg_sjtysj_cbwrwxtzlxxxt_p_trans_apply_df,process_unit_id,bigint,处置单位id,污染物转运处置表,existing_comment,candidate_with_conflict_warning,medium,字段名 process_unit_id 在库内其他表中存在不同注释（2种）。保留原始注释，训练时需带表上下文。
public,stg_sjtysj_cbwrwxtzlxxxt_p_trans_apply_df,hander_by,character varying,处置人,污染物转运处置表,existing_comment,candidate_safe,low,字段已有注释，无同名字段冲突，可安全纳入训练候选。
public,stg_sjtysj_cbwrwxtzlxxxt_p_trans_apply_df,hander_date,timestamp without time zone,处置时间,污染物转运处置表,existing_comment,candidate_safe,low,字段已有注释，无同名字段冲突，可安全纳入训练候选。
public,stg_sjtysj_cbwrwxtzlxxxt_p_trans_apply_df,hander_comp,character varying,处置单位,污染物转运处置表,existing_comment,candidate_safe,low,字段已有注释，无同名字段冲突，可安全纳入训练候选。
public,stg_sjtysj_cbwrwxtzlxxxt_p_trans_apply_df,hander_tel,character varying,处置人联系方式,污染物转运处置表,existing_comment,candidate_safe,low,字段已有注释，无同名字段冲突，可安全纳入训练候选。
public,stg_sjtysj_cbwrwxtzlxxxt_p_trans_apply_df,process_address,character varying,处置地址 ,污染物转运处置表,existing_comment,candidate_safe,low,字段已有注释，无同名字段冲突，可安全纳入训练候选。
public,stg_sjtysj_cbwrwxtzlxxxt_p_trans_apply_df,poll_type,character varying,垃圾类型,污染物转运处置表,existing_comment,candidate_with_conflict_warning,medium,字段名 poll_type 在库内其他表中存在不同注释（3种）。保留原始注释，训练时需带表上下文。
public,stg_sjtysj_cbwrwxtzlxxxt_p_trans_apply_df,poll_num,numeric,垃圾数量,污染物转运处置表,existing_comment,candidate_with_conflict_warning,medium,字段名 poll_num 在库内其他表中存在不同注释（2种）。保留原始注释，训练时需带表上下文。
public,stg_sjtysj_cbwrwxtzlxxxt_p_trans_apply_df,poll_unit,character varying,垃圾数量单位,污染物转运处置表,existing_comment,candidate_with_conflict_warning,medium,字段名 poll_unit 在库内其他表中存在不同注释（2种）。保留原始注释，训练时需带表上下文。
public,stg_sjtysj_cbwrwxtzlxxxt_p_trans_apply_df,apply_recyclable_trash,numeric,申请可回收垃圾数量,污染物转运处置表,existing_comment,candidate_safe,low,字段已有注释，无同名字段冲突，可安全纳入训练候选。
public,stg_sjtysj_cbwrwxtzlxxxt_p_trans_apply_df,apply_kitchen_trash,numeric,申请厨余垃圾数量,污染物转运处置表,existing_comment,candidate_safe,low,字段已有注释，无同名字段冲突，可安全纳入训练候选。
public,stg_sjtysj_cbwrwxtzlxxxt_p_trans_apply_df,apply_other_trash,numeric,申请其他垃圾数量,污染物转运处置表,existing_comment,candidate_safe,low,字段已有注释，无同名字段冲突，可安全纳入训练候选。
public,stg_sjtysj_cbwrwxtzlxxxt_p_trans_apply_df,apply_harmful_trash,numeric,申请有害垃圾数量,污染物转运处置表,existing_comment,candidate_safe,low,字段已有注释，无同名字段冲突，可安全纳入训练候选。
public,stg_sjtysj_cbwrwxtzlxxxt_p_trans_apply_df,receive_recyclable_trash,numeric,接收可回收垃圾数量,污染物转运处置表,existing_comment,candidate_safe,low,字段已有注释，无同名字段冲突，可安全纳入训练候选。
public,stg_sjtysj_cbwrwxtzlxxxt_p_trans_apply_df,trans_kitchen_trash,numeric,转运厨余垃圾数量,污染物转运处置表,existing_comment,candidate_safe,low,字段已有注释，无同名字段冲突，可安全纳入训练候选。
public,stg_sjtysj_cbwrwxtzlxxxt_p_trans_apply_df,trans_other_trash,numeric,转运其他垃圾数量,污染物转运处置表,existing_comment,candidate_safe,low,字段已有注释，无同名字段冲突，可安全纳入训练候选。
public,stg_sjtysj_cbwrwxtzlxxxt_p_trans_apply_df,trans_harmful_trash,numeric,转运有害垃圾数量,污染物转运处置表,existing_comment,candidate_safe,low,字段已有注释，无同名字段冲突，可安全纳入训练候选。
public,stg_sjtysj_cbwrwxtzlxxxt_p_trans_apply_df,process_kitchen_trash,numeric,处置厨余垃圾数量,污染物转运处置表,existing_comment,candidate_safe,low,字段已有注释，无同名字段冲突，可安全纳入训练候选。
public,stg_sjtysj_cbwrwxtzlxxxt_p_trans_apply_df,process_other_trash,numeric,处置其他垃圾数量,污染物转运处置表,existing_comment,candidate_safe,low,字段已有注释，无同名字段冲突，可安全纳入训练候选。
public,stg_sjtysj_cbwrwxtzlxxxt_p_trans_apply_df,process_harmful_trash,numeric,处置有害垃圾数量,污染物转运处置表,existing_comment,candidate_safe,low,字段已有注释，无同名字段冲突，可安全纳入训练候选。
public,stg_sjtysj_cbwrwxtzlxxxt_p_trans_apply_df,recycle_pic,character varying,回收照片,污染物转运处置表,existing_comment,candidate_safe,low,字段已有注释，无同名字段冲突，可安全纳入训练候选。
public,stg_sjtysj_cbwrwxtzlxxxt_p_trans_apply_df,recycle_remarks,character varying,回收备注,污染物转运处置表,existing_comment,candidate_safe,low,字段已有注释，无同名字段冲突，可安全纳入训练候选。
public,stg_sjtysj_cbwrwxtzlxxxt_p_trans_apply_df,apply_trans_pic,character varying,接收船舶申请转运照片,污染物转运处置表,existing_comment,candidate_safe,low,字段已有注释，无同名字段冲突，可安全纳入训练候选。
public,stg_sjtysj_cbwrwxtzlxxxt_p_trans_apply_df,car_trans_pic,character varying,车辆转运作业照片,污染物转运处置表,existing_comment,candidate_safe,low,字段已有注释，无同名字段冲突，可安全纳入训练候选。
public,stg_sjtysj_cbwrwxtzlxxxt_p_trans_apply_df,car_trans_remarks,character varying,转运车辆备注,污染物转运处置表,existing_comment,candidate_safe,low,字段已有注释，无同名字段冲突，可安全纳入训练候选。
public,stg_sjtysj_cbwrwxtzlxxxt_p_trans_apply_df,handle_pic,character varying,实际处置照片,污染物转运处置表,existing_comment,candidate_safe,low,字段已有注释，无同名字段冲突，可安全纳入训练候选。
public,stg_sjtysj_cbwrwxtzlxxxt_p_trans_apply_df,handle_remarks,character varying,实际处置备注,污染物转运处置表,existing_comment,candidate_safe,low,字段已有注释，无同名字段冲突，可安全纳入训练候选。
public,stg_sjtysj_cbwrwxtzlxxxt_p_trans_apply_df,process_pdf,character varying,处置pdf,污染物转运处置表,existing_comment,candidate_safe,low,字段已有注释，无同名字段冲突，可安全纳入训练候选。
public,stg_sjtysj_cbwrwxtzlxxxt_p_trans_apply_df,pdf_img_url,character varying,pdf处置联单图片地址,污染物转运处置表,existing_comment,candidate_with_conflict_warning,medium,字段名 pdf_img_url 在库内其他表中存在不同注释（3种）。保留原始注释，训练时需带表上下文。
public,stg_sjtysj_cbwrwxtzlxxxt_p_trans_apply_df,pdf_trans_img_url,character varying,转运时生成pdf转图片地址,污染物转运处置表,existing_comment,candidate_safe,low,字段已有注释，无同名字段冲突，可安全纳入训练候选。
public,stg_sjtysj_cbwrwxtzlxxxt_p_trans_apply_df,landing_time,timestamp without time zone,靠岸时间,污染物转运处置表,existing_comment,candidate_safe,low,字段已有注释，无同名字段冲突，可安全纳入训练候选。
public,stg_sjtysj_cbwrwxtzlxxxt_p_trans_apply_df,withdrawal_stats,character varying,撤回状态:1.待转运撤回，2.待转运修改,污染物转运处置表,existing_comment,candidate_safe,low,字段已有注释，无同名字段冲突，可安全纳入训练候选。
public,stg_sjtysj_cbwrwxtzlxxxt_p_trans_apply_df,pipe_network,character varying,管网,污染物转运处置表,existing_comment,candidate_with_conflict_warning,medium,字段名 pipe_network 在库内其他表中存在不同注释（2种）。保留原始注释，训练时需带表上下文。
public,stg_sjtysj_cbwrwxtzlxxxt_p_trans_apply_df,wharf_name,character varying,码头名称,污染物转运处置表,existing_comment,candidate_with_conflict_warning,medium,字段名 wharf_name 在库内其他表中存在不同注释（3种）。保留原始注释，训练时需带表上下文。
public,stg_sjtysj_cbwrwxtzlxxxt_p_trans_apply_df,wharf_id,bigint,码头id,污染物转运处置表,existing_comment,candidate_with_conflict_warning,medium,字段名 wharf_id 在库内其他表中存在不同注释（2种）。保留原始注释，训练时需带表上下文。
public,stg_sjtysj_cbwrwxtzlxxxt_p_trans_apply_df,wharf_mobile,character varying,码头联系方式,污染物转运处置表,existing_comment,candidate_safe,low,字段已有注释，无同名字段冲突，可安全纳入训练候选。
public,stg_sjtysj_cbwrwxtzlxxxt_p_trans_apply_df,trans_vo,character varying,船e行转运单证号,污染物转运处置表,existing_comment,candidate_safe,low,字段已有注释，无同名字段冲突，可安全纳入训练候选。
public,stg_sjtysj_cbwrwxtzlxxxt_p_trans_apply_df,process_vo,character varying,船e行处置单证号,污染物转运处置表,existing_comment,candidate_safe,low,字段已有注释，无同名字段冲突，可安全纳入训练候选。
public,stg_sjtysj_cbwrwxtzlxxxt_p_trans_apply_df,trans_vo_time,character varying,推送船e行转运时间,污染物转运处置表,existing_comment,candidate_safe,low,字段已有注释，无同名字段冲突，可安全纳入训练候选。
public,stg_sjtysj_cbwrwxtzlxxxt_p_trans_apply_df,process_vo_time,character varying,推送船e行处置时间,污染物转运处置表,existing_comment,candidate_safe,low,字段已有注释，无同名字段冲突，可安全纳入训练候选。
public,stg_sjtysj_cbwrwxtzlxxxt_p_trans_apply_df,delivery_subject_type,character varying,申请主体类型 4: 码头; 0:接收船舶,污染物转运处置表,existing_comment,candidate_safe,low,字段已有注释，无同名字段冲突，可安全纳入训练候选。
public,stg_sjtysj_cbwrwxtzlxxxt_p_trans_apply_df,delivery_subject_id,bigint,申请主体id,污染物转运处置表,existing_comment,candidate_safe,low,字段已有注释，无同名字段冲突，可安全纳入训练候选。
public,stg_sjtysj_cbwrwxtzlxxxt_p_trans_apply_df,confirm_trans_time,timestamp without time zone,确认转运时间,污染物转运处置表,existing_comment,candidate_safe,low,字段已有注释，无同名字段冲突，可安全纳入训练候选。
public,stg_sjtysj_cbwrwxtzlxxxt_p_trans_apply_df,confirm_process_time,timestamp without time zone,确认处置时间,污染物转运处置表,existing_comment,candidate_safe,low,字段已有注释，无同名字段冲突，可安全纳入训练候选。
public,stg_sjtysj_cbwrwxtzlxxxt_p_trans_apply_df,dt,character varying,分区日期,污染物转运处置表,existing_comment,candidate_safe,low,字段已有注释，无同名字段冲突，可安全纳入训练候选。
public,stg_sjtysj_cbwrwxtzlxxxt_p_wharf_storage_df,storage_no,character varying,存储编号,污染物码头存储表,existing_comment,candidate_with_conflict_warning,medium,字段名 storage_no 在库内其他表中存在不同注释（2种）。保留原始注释，训练时需带表上下文。
public,stg_sjtysj_cbwrwxtzlxxxt_p_wharf_storage_df,status,character varying,转运状态,污染物码头存储表,existing_comment,candidate_with_conflict_warning,medium,字段名 status 在库内其他表中存在不同注释（16种）。保留原始注释，训练时需带表上下文。
public,stg_sjtysj_cbwrwxtzlxxxt_p_wharf_storage_df,receive_company_name,character varying,接收船舶公司名,污染物码头存储表,existing_comment,candidate_safe,low,字段已有注释，无同名字段冲突，可安全纳入训练候选。
public,stg_sjtysj_cbwrwxtzlxxxt_p_wharf_storage_df,receive_ship_name,character varying,接收船名,污染物码头存储表,existing_comment,candidate_with_conflict_warning,medium,字段名 receive_ship_name 在库内其他表中存在不同注释（3种）。保留原始注释，训练时需带表上下文。
public,stg_sjtysj_cbwrwxtzlxxxt_p_wharf_storage_df,receive_ship_caption,character varying,接收船船长,污染物码头存储表,existing_comment,candidate_safe,low,字段已有注释，无同名字段冲突，可安全纳入训练候选。
public,stg_sjtysj_cbwrwxtzlxxxt_p_wharf_storage_df,receive_ship_caption_tel,character varying,接收船船长电话,污染物码头存储表,existing_comment,candidate_safe,low,字段已有注释，无同名字段冲突，可安全纳入训练候选。
public,stg_sjtysj_cbwrwxtzlxxxt_p_wharf_storage_df,create_by,character varying,创建者,污染物码头存储表,existing_comment,candidate_with_conflict_warning,medium,字段名 create_by 在库内其他表中存在不同注释（4种）。保留原始注释，训练时需带表上下文。
public,stg_sjtysj_cbwrwxtzlxxxt_p_wharf_storage_df,create_date,timestamp without time zone,创建时间,污染物码头存储表,existing_comment,candidate_with_conflict_warning,medium,字段名 create_date 在库内其他表中存在不同注释（2种）。保留原始注释，训练时需带表上下文。
public,stg_sjtysj_cbwrwxtzlxxxt_p_wharf_storage_df,update_by,character varying,更新者,污染物码头存储表,existing_comment,candidate_with_conflict_warning,medium,字段名 update_by 在库内其他表中存在不同注释（5种）。保留原始注释，训练时需带表上下文。
public,stg_sjtysj_cbwrwxtzlxxxt_p_wharf_storage_df,update_date,timestamp without time zone,更新时间,污染物码头存储表,existing_comment,candidate_with_conflict_warning,medium,字段名 update_date 在库内其他表中存在不同注释（2种）。保留原始注释，训练时需带表上下文。
public,stg_sjtysj_cbwrwxtzlxxxt_p_wharf_storage_df,confirm_by,character varying,确认人,污染物码头存储表,existing_comment,candidate_with_conflict_warning,medium,字段名 confirm_by 在库内其他表中存在不同注释（2种）。保留原始注释，训练时需带表上下文。
public,stg_sjtysj_cbwrwxtzlxxxt_p_wharf_storage_df,confirm_date,timestamp without time zone,确认时间,污染物码头存储表,existing_comment,candidate_safe,low,字段已有注释，无同名字段冲突，可安全纳入训练候选。
public,stg_sjtysj_cbwrwxtzlxxxt_p_wharf_storage_df,wharf_name,character varying,码头名称,污染物码头存储表,existing_comment,candidate_with_conflict_warning,medium,字段名 wharf_name 在库内其他表中存在不同注释（3种）。保留原始注释，训练时需带表上下文。
public,stg_sjtysj_cbwrwxtzlxxxt_p_wharf_storage_df,wharf_id,bigint,码头id,污染物码头存储表,existing_comment,candidate_with_conflict_warning,medium,字段名 wharf_id 在库内其他表中存在不同注释（2种）。保留原始注释，训练时需带表上下文。
public,stg_sjtysj_cbwrwxtzlxxxt_p_wharf_storage_df,poll_type,character varying,污染物类型,污染物码头存储表,existing_comment,candidate_with_conflict_warning,medium,字段名 poll_type 在库内其他表中存在不同注释（3种）。保留原始注释，训练时需带表上下文。
public,stg_sjtysj_cbwrwxtzlxxxt_p_wharf_storage_df,poll_num,numeric,污染物数据量,污染物码头存储表,existing_comment,candidate_with_conflict_warning,medium,字段名 poll_num 在库内其他表中存在不同注释（2种）。保留原始注释，训练时需带表上下文。
public,stg_sjtysj_cbwrwxtzlxxxt_p_wharf_storage_df,poll_unit,character varying,污染物单位,污染物码头存储表,existing_comment,candidate_with_conflict_warning,medium,字段名 poll_unit 在库内其他表中存在不同注释（2种）。保留原始注释，训练时需带表上下文。
public,stg_sjtysj_cbwrwxtzlxxxt_p_wharf_storage_df,remarks,character varying,备注,污染物码头存储表,existing_comment,candidate_safe,low,字段已有注释，无同名字段冲突，可安全纳入训练候选。
public,stg_sjtysj_cbwrwxtzlxxxt_p_wharf_storage_df,picture,character varying,图片地址,污染物码头存储表,existing_comment,candidate_safe,low,字段已有注释，无同名字段冲突，可安全纳入训练候选。
public,stg_sjtysj_cbwrwxtzlxxxt_p_wharf_storage_df,receive_area,character varying,接收水域,污染物码头存储表,existing_comment,candidate_safe,low,字段已有注释，无同名字段冲突，可安全纳入训练候选。
public,stg_sjtysj_cbwrwxtzlxxxt_p_wharf_storage_df,storage_order_pdf,character varying,存储联单地址,污染物码头存储表,existing_comment,candidate_safe,low,字段已有注释，无同名字段冲突，可安全纳入训练候选。
public,stg_sjtysj_cbwrwxtzlxxxt_p_wharf_storage_df,storage_order_img,character varying,存储联单图片地址,污染物码头存储表,existing_comment,candidate_safe,low,字段已有注释，无同名字段冲突，可安全纳入训练候选。
public,stg_sjtysj_cbwrwxtzlxxxt_p_wharf_storage_df,handover_trans_no,character varying,前置szy单单号（可空）,污染物码头存储表,existing_comment,candidate_safe,low,字段已有注释，无同名字段冲突，可安全纳入训练候选。
public,stg_sjtysj_cbwrwxtzlxxxt_p_wharf_storage_df,apply_szy_status,bigint,是否申请了szy单 0：未申请 1：已申请,污染物码头存储表,existing_comment,candidate_with_conflict_warning,medium,字段名 apply_szy_status 在库内其他表中存在不同注释（2种）。保留原始注释，训练时需带表上下文。
public,stg_sjtysj_cbwrwxtzlxxxt_p_wharf_storage_df,dt,character varying,分区日期,污染物码头存储表,existing_comment,candidate_safe,low,字段已有注释，无同名字段冲突，可安全纳入训练候选。
public,stg_sslhhpj_hbsxkqycszhslzhglptjsxm_att_bas_base_df,bas_code,character varying,流域代码,流域基础信息,existing_comment,candidate_safe,low,字段已有注释，无同名字段冲突，可安全纳入训练候选。
public,stg_sslhhpj_hbsxkqycszhslzhglptjsxm_att_bas_base_df,bas_name,character varying,流域名称,流域基础信息,existing_comment,candidate_safe,low,字段已有注释，无同名字段冲突，可安全纳入训练候选。
public,stg_sslhhpj_hbsxkqycszhslzhglptjsxm_att_bas_base_df,parent_bas_code,character varying,父级流域代码,流域基础信息,existing_comment,candidate_safe,low,字段已有注释，无同名字段冲突，可安全纳入训练候选。
public,stg_sslhhpj_hbsxkqycszhslzhglptjsxm_att_bas_base_df,businessid,character varying,统一编码,流域基础信息,existing_comment,candidate_safe,low,字段已有注释，无同名字段冲突，可安全纳入训练候选。
public,stg_sslhhpj_hbsxkqycszhslzhglptjsxm_att_bas_base_df,low_left_long,numeric,左下角经度,流域基础信息,existing_comment,candidate_safe,low,字段已有注释，无同名字段冲突，可安全纳入训练候选。
public,stg_sslhhpj_hbsxkqycszhslzhglptjsxm_att_bas_base_df,low_left_lat,numeric,左下角纬度,流域基础信息,existing_comment,candidate_safe,low,字段已有注释，无同名字段冲突，可安全纳入训练候选。
public,stg_sslhhpj_hbsxkqycszhslzhglptjsxm_att_bas_base_df,up_right_long,numeric,右上角经度,流域基础信息,existing_comment,candidate_safe,low,字段已有注释，无同名字段冲突，可安全纳入训练候选。
public,stg_sslhhpj_hbsxkqycszhslzhglptjsxm_att_bas_base_df,up_right_lat,numeric,右上角纬度,流域基础信息,existing_comment,candidate_safe,low,字段已有注释，无同名字段冲突，可安全纳入训练候选。
public,stg_sslhhpj_hbsxkqycszhslzhglptjsxm_att_bas_base_df,cr_over_type,character varying,跨界类型 0未知 1跨国并跨省 2跨国 3跨省 4跨市 5跨县 6县界内,流域基础信息,existing_comment,candidate_safe,low,字段已有注释，无同名字段冲突，可安全纳入训练候选。
public,stg_sslhhpj_hbsxkqycszhslzhglptjsxm_att_bas_base_df,adcd,character varying,所属行政区划编码,流域基础信息,existing_comment,candidate_with_conflict_warning,medium,字段名 adcd 在库内其他表中存在不同注释（2种）。保留原始注释，训练时需带表上下文。
public,stg_sslhhpj_hbsxkqycszhslzhglptjsxm_att_bas_base_df,bas_ad_name,character varying,流域所属行政区,流域基础信息,existing_comment,candidate_safe,low,字段已有注释，无同名字段冲突，可安全纳入训练候选。
public,stg_sslhhpj_hbsxkqycszhslzhglptjsxm_att_bas_base_df,bas_grad,character varying,流域级别 1 一级流域 2二级流域 3三级流域 4四级流域 5五级流域 6六级流域 ..... .......以此类推,流域基础信息,existing_comment,candidate_safe,low,字段已有注释，无同名字段冲突，可安全纳入训练候选。
public,stg_sslhhpj_hbsxkqycszhslzhglptjsxm_att_bas_base_df,bas_area,numeric,流域面积,流域基础信息,existing_comment,candidate_safe,low,字段已有注释，无同名字段冲突，可安全纳入训练候选。
public,stg_sslhhpj_hbsxkqycszhslzhglptjsxm_att_bas_base_df,sort,bigint,排序,流域基础信息,existing_comment,candidate_with_conflict_warning,medium,字段名 sort 在库内其他表中存在不同注释（3种）。保留原始注释，训练时需带表上下文。
public,stg_sslhhpj_hbsxkqycszhslzhglptjsxm_att_bas_base_df,bas_source,character varying,流域来源：0-自然资源 1-流域治理划分流域,流域基础信息,existing_comment,candidate_safe,low,字段已有注释，无同名字段冲突，可安全纳入训练候选。
public,stg_sslhhpj_hbsxkqycszhslzhglptjsxm_att_bas_base_df,note,character varying,流域介绍,流域基础信息,existing_comment,candidate_with_conflict_warning,medium,字段名 note 在库内其他表中存在不同注释（3种）。保留原始注释，训练时需带表上下文。
public,stg_sslhhpj_hbsxkqycszhslzhglptjsxm_att_bas_base_df,coordinates,character varying,地理坐标,流域基础信息,existing_comment,candidate_safe,low,字段已有注释，无同名字段冲突，可安全纳入训练候选。
public,stg_sslhhpj_hbsxkqycszhslzhglptjsxm_att_bas_base_df,optype,character varying,操作类型:(0-初始 1-新增 2-修改 3-删除),流域基础信息,existing_comment,candidate_with_conflict_warning,medium,字段名 optype 在库内其他表中存在不同注释（2种）。保留原始注释，训练时需带表上下文。
public,stg_sslhhpj_hbsxkqycszhslzhglptjsxm_att_bas_base_df,source,character varying,"数据来源:(数据中台,水旱灾害防御)",流域基础信息,existing_comment,candidate_with_conflict_warning,medium,字段名 source 在库内其他表中存在不同注释（4种）。保留原始注释，训练时需带表上下文。
public,stg_sslhhpj_hbsxkqycszhslzhglptjsxm_att_bas_base_df,optime,timestamp without time zone,操作时间,流域基础信息,existing_comment,candidate_safe,low,字段已有注释，无同名字段冲突，可安全纳入训练候选。
public,stg_sslhhpj_hbsxkqycszhslzhglptjsxm_att_bas_base_df,dt,character varying,分区日期,流域基础信息,existing_comment,candidate_safe,low,字段已有注释，无同名字段冲突，可安全纳入训练候选。
public,stg_sslhhpj_hbsxkqycszhslzhglptjsxm_att_wmst_base_df,wmst_code,character varying,监视点代码,影像监视点基础信息,existing_comment,candidate_safe,low,字段已有注释，无同名字段冲突，可安全纳入训练候选。
public,stg_sslhhpj_hbsxkqycszhslzhglptjsxm_att_wmst_base_df,wmst_name,character varying,监视点名称,影像监视点基础信息,existing_comment,candidate_safe,low,字段已有注释，无同名字段冲突，可安全纳入训练候选。
public,stg_sslhhpj_hbsxkqycszhslzhglptjsxm_att_wmst_base_df,businessid,character varying,统一编码,影像监视点基础信息,existing_comment,candidate_safe,low,字段已有注释，无同名字段冲突，可安全纳入训练候选。
public,stg_sslhhpj_hbsxkqycszhslzhglptjsxm_att_wmst_base_df,wmst_type,character varying,监视点类型(1-图像站 2-视频站),影像监视点基础信息,existing_comment,candidate_safe,low,字段已有注释，无同名字段冲突，可安全纳入训练候选。
public,stg_sslhhpj_hbsxkqycszhslzhglptjsxm_att_wmst_base_df,wmst_lon,numeric,监视点经度,影像监视点基础信息,existing_comment,candidate_safe,low,字段已有注释，无同名字段冲突，可安全纳入训练候选。
public,stg_sslhhpj_hbsxkqycszhslzhglptjsxm_att_wmst_base_df,wmst_lat,numeric,监视点纬度,影像监视点基础信息,existing_comment,candidate_safe,low,字段已有注释，无同名字段冲突，可安全纳入训练候选。
public,stg_sslhhpj_hbsxkqycszhslzhglptjsxm_att_wmst_base_df,wmst_xzc,character varying,监视点所在县镇村,影像监视点基础信息,existing_comment,candidate_safe,low,字段已有注释，无同名字段冲突，可安全纳入训练候选。
public,stg_sslhhpj_hbsxkqycszhslzhglptjsxm_att_wmst_base_df,wmst_loc,character varying,监视点所在位置(组),影像监视点基础信息,existing_comment,candidate_safe,low,字段已有注释，无同名字段冲突，可安全纳入训练候选。
public,stg_sslhhpj_hbsxkqycszhslzhglptjsxm_att_wmst_base_df,adcd,character varying,行政区划编码,影像监视点基础信息,existing_comment,candidate_with_conflict_warning,medium,字段名 adcd 在库内其他表中存在不同注释（2种）。保留原始注释，训练时需带表上下文。
public,stg_sslhhpj_hbsxkqycszhslzhglptjsxm_att_wmst_base_df,rv_name,character varying,所在河流名称,影像监视点基础信息,existing_comment,candidate_safe,low,字段已有注释，无同名字段冲突，可安全纳入训练候选。
public,stg_sslhhpj_hbsxkqycszhslzhglptjsxm_att_wmst_base_df,wmst_obj,character varying,监视对象(水库 河道 湖泊 电站 施工现场),影像监视点基础信息,existing_comment,candidate_safe,low,字段已有注释，无同名字段冲突，可安全纳入训练候选。
public,stg_sslhhpj_hbsxkqycszhslzhglptjsxm_att_wmst_base_df,object_code,character varying,监控对象编码,影像监视点基础信息,existing_comment,candidate_safe,low,字段已有注释，无同名字段冲突，可安全纳入训练候选。
public,stg_sslhhpj_hbsxkqycszhslzhglptjsxm_att_wmst_base_df,device_type,character varying,设备类型(枪机，半球，球机，云台枪机),影像监视点基础信息,existing_comment,candidate_with_conflict_warning,medium,字段名 device_type 在库内其他表中存在不同注释（2种）。保留原始注释，训练时需带表上下文。
public,stg_sslhhpj_hbsxkqycszhslzhglptjsxm_att_wmst_base_df,wmst_status,character varying,设备状态(0-离线 1-在线),影像监视点基础信息,existing_comment,candidate_safe,low,字段已有注释，无同名字段冲突，可安全纳入训练候选。
public,stg_sslhhpj_hbsxkqycszhslzhglptjsxm_att_wmst_base_df,sbcs,character varying,设备厂商,影像监视点基础信息,existing_comment,candidate_safe,low,字段已有注释，无同名字段冲突，可安全纳入训练候选。
public,stg_sslhhpj_hbsxkqycszhslzhglptjsxm_att_wmst_base_df,bmgs,character varying,编码格式,影像监视点基础信息,existing_comment,candidate_safe,low,字段已有注释，无同名字段冲突，可安全纳入训练候选。
public,stg_sslhhpj_hbsxkqycszhslzhglptjsxm_att_wmst_base_df,fbl,character varying,分辨率,影像监视点基础信息,existing_comment,candidate_safe,low,字段已有注释，无同名字段冲突，可安全纳入训练候选。
public,stg_sslhhpj_hbsxkqycszhslzhglptjsxm_att_wmst_base_df,ktjjfw,character varying,可调焦距范围,影像监视点基础信息,existing_comment,candidate_safe,low,字段已有注释，无同名字段冲突，可安全纳入训练候选。
public,stg_sslhhpj_hbsxkqycszhslzhglptjsxm_att_wmst_base_df,adminunit,character varying,管理单位,影像监视点基础信息,existing_comment,candidate_safe,low,字段已有注释，无同名字段冲突，可安全纳入训练候选。
public,stg_sslhhpj_hbsxkqycszhslzhglptjsxm_att_wmst_base_df,drctrdpt,character varying,主管部门,影像监视点基础信息,existing_comment,candidate_safe,low,字段已有注释，无同名字段冲突，可安全纳入训练候选。
public,stg_sslhhpj_hbsxkqycszhslzhglptjsxm_att_wmst_base_df,adm_dep,character varying,归口管理部门(1-水利部门 2-电力部门 3-农业部门 4-林业部门 5-城建部门 6-航运部门 7-环保部门 9-其他),影像监视点基础信息,existing_comment,candidate_safe,low,字段已有注释，无同名字段冲突，可安全纳入训练候选。
public,stg_sslhhpj_hbsxkqycszhslzhglptjsxm_att_wmst_base_df,note,character varying,监视点介绍,影像监视点基础信息,existing_comment,candidate_with_conflict_warning,medium,字段名 note 在库内其他表中存在不同注释（3种）。保留原始注释，训练时需带表上下文。
public,stg_sslhhpj_hbsxkqycszhslzhglptjsxm_att_wmst_base_df,region_source,character varying,组织来源分类,影像监视点基础信息,existing_comment,candidate_safe,low,字段已有注释，无同名字段冲突，可安全纳入训练候选。
public,stg_sslhhpj_hbsxkqycszhslzhglptjsxm_att_wmst_base_df,sfxs,character varying,是否显示：0-不显示 1-显示,影像监视点基础信息,existing_comment,candidate_safe,low,字段已有注释，无同名字段冲突，可安全纳入训练候选。
public,stg_sslhhpj_hbsxkqycszhslzhglptjsxm_att_wmst_base_df,optype,character varying,操作类型(0-初始 1-新增 2-修改 3-删除),影像监视点基础信息,existing_comment,candidate_with_conflict_warning,medium,字段名 optype 在库内其他表中存在不同注释（2种）。保留原始注释，训练时需带表上下文。
public,stg_sslhhpj_hbsxkqycszhslzhglptjsxm_att_wmst_base_df,source,character varying,"数据来源名称(数据中台,数据填报)",影像监视点基础信息,existing_comment,candidate_with_conflict_warning,medium,字段名 source 在库内其他表中存在不同注释（4种）。保留原始注释，训练时需带表上下文。
public,stg_sslhhpj_hbsxkqycszhslzhglptjsxm_att_wmst_base_df,optime,timestamp without time zone,操作时间,影像监视点基础信息,existing_comment,candidate_safe,low,字段已有注释，无同名字段冲突，可安全纳入训练候选。
public,stg_sslhhpj_hbsxkqycszhslzhglptjsxm_att_wmst_base_df,dt,character varying,分区日期,影像监视点基础信息,existing_comment,candidate_safe,low,字段已有注释，无同名字段冲突，可安全纳入训练候选。
public,stg_sslhhpj_hbsxkqycszhslzhglptjsxm_rcm_rv_lk_res_df,id,character varying,主键id,河湖库信息表,existing_comment,candidate_with_conflict_warning,medium,字段名 id 在库内其他表中存在不同注释（10种）。保留原始注释，训练时需带表上下文。
public,stg_sslhhpj_hbsxkqycszhslzhglptjsxm_rcm_rv_lk_res_df,obj_id,character varying,河流id/湖泊id/水库id,河湖库信息表,existing_comment,candidate_safe,low,字段已有注释，无同名字段冲突，可安全纳入训练候选。
public,stg_sslhhpj_hbsxkqycszhslzhglptjsxm_rcm_rv_lk_res_df,obj_type,character varying,河湖库类型,河湖库信息表,existing_comment,candidate_safe,low,字段已有注释，无同名字段冲突，可安全纳入训练候选。
public,stg_sslhhpj_hbsxkqycszhslzhglptjsxm_rcm_rv_lk_res_df,obj_code,character varying,河湖库编号,河湖库信息表,existing_comment,candidate_safe,low,字段已有注释，无同名字段冲突，可安全纳入训练候选。
public,stg_sslhhpj_hbsxkqycszhslzhglptjsxm_rcm_rv_lk_res_df,obj_name,character varying,河湖库名称,河湖库信息表,existing_comment,candidate_safe,low,字段已有注释，无同名字段冲突，可安全纳入训练候选。
public,stg_sslhhpj_hbsxkqycszhslzhglptjsxm_rcm_rv_lk_res_df,basin_id,character varying,流域id,河湖库信息表,existing_comment,candidate_safe,low,字段已有注释，无同名字段冲突，可安全纳入训练候选。
public,stg_sslhhpj_hbsxkqycszhslzhglptjsxm_rcm_rv_lk_res_df,note,character varying,备注,河湖库信息表,existing_comment,candidate_with_conflict_warning,medium,字段名 note 在库内其他表中存在不同注释（3种）。保留原始注释，训练时需带表上下文。
public,stg_sslhhpj_hbsxkqycszhslzhglptjsxm_rcm_rv_lk_res_df,sort_order,bigint,序号,河湖库信息表,existing_comment,candidate_with_conflict_warning,medium,字段名 sort_order 在库内其他表中存在不同注释（2种）。保留原始注释，训练时需带表上下文。
public,stg_sslhhpj_hbsxkqycszhslzhglptjsxm_rcm_rv_lk_res_df,create_by,character varying,创建人,河湖库信息表,existing_comment,candidate_with_conflict_warning,medium,字段名 create_by 在库内其他表中存在不同注释（4种）。保留原始注释，训练时需带表上下文。
public,stg_sslhhpj_hbsxkqycszhslzhglptjsxm_rcm_rv_lk_res_df,create_time,timestamp without time zone,创建时间,河湖库信息表,existing_comment,candidate_with_conflict_warning,medium,字段名 create_time 在库内其他表中存在不同注释（2种）。保留原始注释，训练时需带表上下文。
public,stg_sslhhpj_hbsxkqycszhslzhglptjsxm_rcm_rv_lk_res_df,update_by,character varying,更新人,河湖库信息表,existing_comment,candidate_with_conflict_warning,medium,字段名 update_by 在库内其他表中存在不同注释（5种）。保留原始注释，训练时需带表上下文。
public,stg_sslhhpj_hbsxkqycszhslzhglptjsxm_rcm_rv_lk_res_df,update_time,timestamp without time zone,更新时间,河湖库信息表,existing_comment,candidate_with_conflict_warning,medium,字段名 update_time 在库内其他表中存在不同注释（2种）。保留原始注释，训练时需带表上下文。
public,stg_sslhhpj_hbsxkqycszhslzhglptjsxm_rcm_rv_lk_res_df,iz_del,character varying,是否删除,河湖库信息表,existing_comment,candidate_safe,low,字段已有注释，无同名字段冲突，可安全纳入训练候选。
public,stg_sslhhpj_hbsxkqycszhslzhglptjsxm_rcm_rv_lk_res_df,water_system,character varying,水系,河湖库信息表,existing_comment,candidate_safe,low,字段已有注释，无同名字段冲突，可安全纳入训练候选。
public,stg_sslhhpj_hbsxkqycszhslzhglptjsxm_rcm_rv_lk_res_df,dt,character varying,分区日期,河湖库信息表,existing_comment,candidate_safe,low,字段已有注释，无同名字段冲突，可安全纳入训练候选。
public,stg_sslhhpj_hbsxkqycszhslzhglptjsxm_rel_st_source_df,st_code,character varying,监测站编码,监测站来源分类表,existing_comment,candidate_safe,low,字段已有注释，无同名字段冲突，可安全纳入训练候选。
public,stg_sslhhpj_hbsxkqycszhslzhglptjsxm_rel_st_source_df,atcunit,character varying,来源分类：水文，山洪，气象，中小水库，三峡库区,监测站来源分类表,existing_comment,candidate_safe,low,字段已有注释，无同名字段冲突，可安全纳入训练候选。
public,stg_sslhhpj_hbsxkqycszhslzhglptjsxm_rel_st_source_df,dt,character varying,分区日期,监测站来源分类表,existing_comment,candidate_safe,low,字段已有注释，无同名字段冲突，可安全纳入训练候选。
public,stg_sslhhpj_hbsxkqycszhslzhglptjsxm_warn_stcd_r_df,countywarnid,character varying,countywarnid,预警测站关联表,existing_comment,candidate_safe,low,字段已有注释，无同名字段冲突，可安全纳入训练候选。
public,stg_sslhhpj_hbsxkqycszhslzhglptjsxm_warn_stcd_r_df,warnid,character varying,预警id,预警测站关联表,existing_comment,candidate_safe,low,字段已有注释，无同名字段冲突，可安全纳入训练候选。
public,stg_sslhhpj_hbsxkqycszhslzhglptjsxm_warn_stcd_r_df,stcd,character varying,测站编码,预警测站关联表,existing_comment,candidate_safe,low,字段已有注释，无同名字段冲突，可安全纳入训练候选。
public,stg_sslhhpj_hbsxkqycszhslzhglptjsxm_warn_stcd_r_df,stwarnid,character varying,全局预警编码,预警测站关联表,existing_comment,candidate_safe,low,字段已有注释，无同名字段冲突，可安全纳入训练候选。
public,stg_sslhhpj_hbsxkqycszhslzhglptjsxm_warn_stcd_r_df,countystwarnid,character varying,测站预警编码,预警测站关联表,existing_comment,candidate_safe,low,字段已有注释，无同名字段冲突，可安全纳入训练候选。
public,stg_sslhhpj_hbsxkqycszhslzhglptjsxm_warn_stcd_r_df,dt,character varying,分区日期,预警测站关联表,existing_comment,candidate_safe,low,字段已有注释，无同名字段冲突，可安全纳入训练候选。
public,stg_sslhhpj_hbsxkqycszhslzhglptjsxm_wr_mp_b_df,mp_cd,character varying,监测点代码,监测站(点)-取用水监测点基本信息表,existing_comment,candidate_safe,low,字段已有注释，无同名字段冲突，可安全纳入训练候选。
public,stg_sslhhpj_hbsxkqycszhslzhglptjsxm_wr_mp_b_df,mp_nm,character varying,监测点名称,监测站(点)-取用水监测点基本信息表,existing_comment,candidate_safe,low,字段已有注释，无同名字段冲突，可安全纳入训练候选。
public,stg_sslhhpj_hbsxkqycszhslzhglptjsxm_wr_mp_b_df,mp_addr,character varying,监测点地址,监测站(点)-取用水监测点基本信息表,existing_comment,candidate_safe,low,字段已有注释，无同名字段冲突，可安全纳入训练候选。
public,stg_sslhhpj_hbsxkqycszhslzhglptjsxm_wr_mp_b_df,mp_item,character varying,监测项目,监测站(点)-取用水监测点基本信息表,existing_comment,candidate_safe,low,字段已有注释，无同名字段冲突，可安全纳入训练候选。
public,stg_sslhhpj_hbsxkqycszhslzhglptjsxm_wr_mp_b_df,sour_tp,character varying,水源类型,监测站(点)-取用水监测点基本信息表,existing_comment,candidate_safe,low,字段已有注释，无同名字段冲突，可安全纳入训练候选。
public,stg_sslhhpj_hbsxkqycszhslzhglptjsxm_wr_mp_b_df,is_auto,character varying,是否为直接监测,监测站(点)-取用水监测点基本信息表,existing_comment,candidate_safe,low,字段已有注释，无同名字段冲突，可安全纳入训练候选。
public,stg_sslhhpj_hbsxkqycszhslzhglptjsxm_wr_mp_b_df,ts,timestamp without time zone,时间戳,监测站(点)-取用水监测点基本信息表,existing_comment,candidate_safe,low,字段已有注释，无同名字段冲突，可安全纳入训练候选。
public,stg_sslhhpj_hbsxkqycszhslzhglptjsxm_wr_mp_b_df,nt,character varying,备注,监测站(点)-取用水监测点基本信息表,existing_comment,candidate_safe,low,字段已有注释，无同名字段冲突，可安全纳入训练候选。
public,stg_sslhhpj_hbsxkqycszhslzhglptjsxm_wr_mp_b_df,is_argw,character varying,是否为纯农业用水,监测站(点)-取用水监测点基本信息表,existing_comment,candidate_safe,low,字段已有注释，无同名字段冲突，可安全纳入训练候选。
public,stg_sslhhpj_hbsxkqycszhslzhglptjsxm_wr_mp_b_df,is_stat,character varying,是否参与统计(9:单独过滤掉的站点),监测站(点)-取用水监测点基本信息表,existing_comment,candidate_safe,low,字段已有注释，无同名字段冲突，可安全纳入训练候选。
public,stg_sslhhpj_hbsxkqycszhslzhglptjsxm_wr_mp_b_df,use_type,character varying,用水类型,监测站(点)-取用水监测点基本信息表,existing_comment,candidate_safe,low,字段已有注释，无同名字段冲突，可安全纳入训练候选。
public,stg_sslhhpj_hbsxkqycszhslzhglptjsxm_wr_mp_b_df,mon_g,character varying,监控级别,监测站(点)-取用水监测点基本信息表,existing_comment,candidate_safe,low,字段已有注释，无同名字段冲突，可安全纳入训练候选。
public,stg_sslhhpj_hbsxkqycszhslzhglptjsxm_wr_mp_b_df,wi_type,character varying,取水特征类型,监测站(点)-取用水监测点基本信息表,existing_comment,candidate_safe,low,字段已有注释，无同名字段冲突，可安全纳入训练候选。
public,stg_sslhhpj_hbsxkqycszhslzhglptjsxm_wr_mp_b_df,mon_rat,numeric,监控比例,监测站(点)-取用水监测点基本信息表,existing_comment,candidate_safe,low,字段已有注释，无同名字段冲突，可安全纳入训练候选。
public,stg_sslhhpj_hbsxkqycszhslzhglptjsxm_wr_mp_b_df,use_dt,timestamp without time zone,投入使用日期,监测站(点)-取用水监测点基本信息表,existing_comment,candidate_safe,low,字段已有注释，无同名字段冲突，可安全纳入训练候选。
public,stg_sslhhpj_hbsxkqycszhslzhglptjsxm_wr_mp_b_df,day_max,numeric,日最大取水能力,监测站(点)-取用水监测点基本信息表,existing_comment,candidate_safe,low,字段已有注释，无同名字段冲突，可安全纳入训练候选。
public,stg_sslhhpj_hbsxkqycszhslzhglptjsxm_wr_mp_b_df,gq_tp,character varying,流量获取方式,监测站(点)-取用水监测点基本信息表,existing_comment,candidate_safe,low,字段已有注释，无同名字段冲突，可安全纳入训练候选。
public,stg_sslhhpj_hbsxkqycszhslzhglptjsxm_wr_mp_b_df,isuse,character varying,是否启用: 0 停用 1 启用,监测站(点)-取用水监测点基本信息表,existing_comment,candidate_safe,low,字段已有注释，无同名字段冲突，可安全纳入训练候选。
public,stg_sslhhpj_hbsxkqycszhslzhglptjsxm_wr_mp_b_df,phase,character varying,时期 1 表示一期工程(相应测站设站年月为2016年1月1日前的为一期工程) 2 表示二期工程,监测站(点)-取用水监测点基本信息表,existing_comment,candidate_safe,low,字段已有注释，无同名字段冲突，可安全纳入训练候选。
public,stg_sslhhpj_hbsxkqycszhslzhglptjsxm_wr_mp_b_df,is_rep_dww,character varying,是否仅报送日水量,监测站(点)-取用水监测点基本信息表,existing_comment,candidate_safe,low,字段已有注释，无同名字段冲突，可安全纳入训练候选。
public,stg_sslhhpj_hbsxkqycszhslzhglptjsxm_wr_mp_b_df,type,character varying,"取水管道类型（1.主管,2.备管,3.季节性取水）",监测站(点)-取用水监测点基本信息表,existing_comment,candidate_with_conflict_warning,medium,字段名 type 在库内其他表中存在不同注释（10种）。保留原始注释，训练时需带表上下文。
public,stg_sslhhpj_hbsxkqycszhslzhglptjsxm_wr_mp_b_df,lon,character varying,经度,监测站(点)-取用水监测点基本信息表,existing_comment,candidate_safe,low,字段已有注释，无同名字段冲突，可安全纳入训练候选。
public,stg_sslhhpj_hbsxkqycszhslzhglptjsxm_wr_mp_b_df,lat,character varying,纬度,监测站(点)-取用水监测点基本信息表,existing_comment,candidate_safe,low,字段已有注释，无同名字段冲突，可安全纳入训练候选。
public,stg_sslhhpj_hbsxkqycszhslzhglptjsxm_wr_mp_b_df,dt,character varying,分区日期,监测站(点)-取用水监测点基本信息表,existing_comment,candidate_safe,low,字段已有注释，无同名字段冲突，可安全纳入训练候选。
public,stg_ycsjtysj_sxhyzssj_base_channel_df,id,bigint,主键,航道信息表,existing_comment,candidate_with_conflict_warning,medium,字段名 id 在库内其他表中存在不同注释（10种）。保留原始注释，训练时需带表上下文。
public,stg_ycsjtysj_sxhyzssj_base_channel_df,channel_name,character varying,航道名,航道信息表,existing_comment,candidate_with_conflict_warning,medium,字段名 channel_name 在库内其他表中存在不同注释（2种）。保留原始注释，训练时需带表上下文。
public,stg_ycsjtysj_sxhyzssj_base_channel_df,river_name,character varying,河流名,航道信息表,existing_comment,candidate_with_conflict_warning,medium,字段名 river_name 在库内其他表中存在不同注释（3种）。保留原始注释，训练时需带表上下文。
public,stg_ycsjtysj_sxhyzssj_base_channel_df,channel_start_point,character varying,航道起点,航道信息表,existing_comment,candidate_safe,low,字段已有注释，无同名字段冲突，可安全纳入训练候选。
public,stg_ycsjtysj_sxhyzssj_base_channel_df,channel_end_point,character varying,航道终点,航道信息表,existing_comment,candidate_safe,low,字段已有注释，无同名字段冲突，可安全纳入训练候选。
public,stg_ycsjtysj_sxhyzssj_base_channel_df,of_branch,character varying,所属支流,航道信息表,existing_comment,candidate_safe,low,字段已有注释，无同名字段冲突，可安全纳入训练候选。
public,stg_ycsjtysj_sxhyzssj_base_channel_df,design_channel_mileage,character varying,规划航道里程(公里),航道信息表,existing_comment,candidate_safe,low,字段已有注释，无同名字段冲突，可安全纳入训练候选。
public,stg_ycsjtysj_sxhyzssj_base_channel_df,delete_flag,bigint,逻辑删除标志位,航道信息表,existing_comment,candidate_safe,low,字段已有注释，无同名字段冲突，可安全纳入训练候选。
public,stg_ycsjtysj_sxhyzssj_base_channel_df,dt,character varying,分区日期,航道信息表,existing_comment,candidate_safe,low,字段已有注释，无同名字段冲突，可安全纳入训练候选。
public,stg_ycsjtysj_sxhyzssj_base_channel_level_df,id,bigint,主键,航道按等级|县市区划分,existing_comment,candidate_with_conflict_warning,medium,字段名 id 在库内其他表中存在不同注释（10种）。保留原始注释，训练时需带表上下文。
public,stg_ycsjtysj_sxhyzssj_base_channel_level_df,channel_id,bigint,航道id,航道按等级|县市区划分,existing_comment,candidate_safe,low,字段已有注释，无同名字段冲突，可安全纳入训练候选。
public,stg_ycsjtysj_sxhyzssj_base_channel_level_df,channel_name,character varying,航道名称,航道按等级|县市区划分,existing_comment,candidate_with_conflict_warning,medium,字段名 channel_name 在库内其他表中存在不同注释（2种）。保留原始注释，训练时需带表上下文。
public,stg_ycsjtysj_sxhyzssj_base_channel_level_df,channel_river,character varying,航道河流名称,航道按等级|县市区划分,existing_comment,candidate_safe,low,字段已有注释，无同名字段冲突，可安全纳入训练候选。
public,stg_ycsjtysj_sxhyzssj_base_channel_level_df,channel_of_branch,character varying,航道所属支流,航道按等级|县市区划分,existing_comment,candidate_safe,low,字段已有注释，无同名字段冲突，可安全纳入训练候选。
public,stg_ycsjtysj_sxhyzssj_base_channel_level_df,level,character varying,航道等级,航道按等级|县市区划分,existing_comment,candidate_with_conflict_warning,medium,字段名 level 在库内其他表中存在不同注释（3种）。保留原始注释，训练时需带表上下文。
public,stg_ycsjtysj_sxhyzssj_base_channel_level_df,level_num,bigint,航道等级,航道按等级|县市区划分,existing_comment,candidate_safe,low,字段已有注释，无同名字段冲突，可安全纳入训练候选。
public,stg_ycsjtysj_sxhyzssj_base_channel_level_df,mileage,numeric,里程,航道按等级|县市区划分,existing_comment,candidate_safe,low,字段已有注释，无同名字段冲突，可安全纳入训练候选。
public,stg_ycsjtysj_sxhyzssj_base_channel_level_df,area,character varying,县市区,航道按等级|县市区划分,existing_comment,candidate_with_conflict_warning,medium,字段名 area 在库内其他表中存在不同注释（9种）。保留原始注释，训练时需带表上下文。
public,stg_ycsjtysj_sxhyzssj_base_channel_level_df,dt,character varying,分区日期,航道按等级|县市区划分,existing_comment,candidate_safe,low,字段已有注释，无同名字段冲突，可安全纳入训练候选。
public,stg_ycsjtysj_sxhyzssj_base_ship_df,id,bigint,主键,图层管理（船舶）KPI,existing_comment,candidate_with_conflict_warning,medium,字段名 id 在库内其他表中存在不同注释（10种）。保留原始注释，训练时需带表上下文。
public,stg_ycsjtysj_sxhyzssj_base_ship_df,custom_ship_type,character varying,船舶类型(集装箱船/滚装船/货船/客船/清洁船/公务船),图层管理（船舶）KPI,existing_comment,candidate_safe,low,字段已有注释，无同名字段冲突，可安全纳入训练候选。
public,stg_ycsjtysj_sxhyzssj_base_ship_df,name_en,character varying,英文船名,图层管理（船舶）KPI,existing_comment,candidate_safe,low,字段已有注释，无同名字段冲突，可安全纳入训练候选。
public,stg_ycsjtysj_sxhyzssj_base_ship_df,name_cn,character varying,中文船名,图层管理（船舶）KPI,existing_comment,candidate_safe,low,字段已有注释，无同名字段冲突，可安全纳入训练候选。
public,stg_ycsjtysj_sxhyzssj_base_ship_df,ship_length,numeric,船长,图层管理（船舶）KPI,existing_comment,candidate_safe,low,字段已有注释，无同名字段冲突，可安全纳入训练候选。
public,stg_ycsjtysj_sxhyzssj_base_ship_df,ship_width,numeric,船宽,图层管理（船舶）KPI,existing_comment,candidate_safe,low,字段已有注释，无同名字段冲突，可安全纳入训练候选。
public,stg_ycsjtysj_sxhyzssj_base_ship_df,ship_left,numeric,左舷距,图层管理（船舶）KPI,existing_comment,candidate_safe,low,字段已有注释，无同名字段冲突，可安全纳入训练候选。
public,stg_ycsjtysj_sxhyzssj_base_ship_df,ship_trail,numeric,尾距,图层管理（船舶）KPI,existing_comment,candidate_safe,low,字段已有注释，无同名字段冲突，可安全纳入训练候选。
public,stg_ycsjtysj_sxhyzssj_base_ship_df,ship_draft,numeric,吃水,图层管理（船舶）KPI,existing_comment,candidate_safe,low,字段已有注释，无同名字段冲突，可安全纳入训练候选。
public,stg_ycsjtysj_sxhyzssj_base_ship_df,guest_amount,character varying,客位数,图层管理（船舶）KPI,existing_comment,candidate_safe,low,字段已有注释，无同名字段冲突，可安全纳入训练候选。
public,stg_ycsjtysj_sxhyzssj_base_ship_df,poll_scope,character varying,污染物接收范围（生活垃圾、生活垃圾，油污水）,图层管理（船舶）KPI,existing_comment,candidate_safe,low,字段已有注释，无同名字段冲突，可安全纳入训练候选。
public,stg_ycsjtysj_sxhyzssj_base_ship_df,org,character varying,所属机构,图层管理（船舶）KPI,existing_comment,candidate_safe,low,字段已有注释，无同名字段冲突，可安全纳入训练候选。
public,stg_ycsjtysj_sxhyzssj_base_ship_df,jxy_receive_ship_id,bigint,清洁船净小宜id,图层管理（船舶）KPI,existing_comment,candidate_safe,low,字段已有注释，无同名字段冲突，可安全纳入训练候选。
public,stg_ycsjtysj_sxhyzssj_base_ship_df,delete_flag,character varying,逻辑删除标志位,图层管理（船舶）KPI,existing_comment,candidate_safe,low,字段已有注释，无同名字段冲突，可安全纳入训练候选。
public,stg_ycsjtysj_sxhyzssj_base_ship_df,dt,character varying,分区日期,图层管理（船舶）KPI,existing_comment,candidate_safe,low,字段已有注释，无同名字段冲突，可安全纳入训练候选。
public,stg_ycsjtysj_sxhyzssj_data_coverage_wharf_df,id,bigint,主键,图层管理（码头）KPI,existing_comment,candidate_with_conflict_warning,medium,字段名 id 在库内其他表中存在不同注释（10种）。保留原始注释，训练时需带表上下文。
public,stg_ycsjtysj_sxhyzssj_data_coverage_wharf_df,wharf_type,character varying,码头类型(客运码头/货运码头/环保专业码头),图层管理（码头）KPI,existing_comment,candidate_safe,low,字段已有注释，无同名字段冲突，可安全纳入训练候选。
public,stg_ycsjtysj_sxhyzssj_data_coverage_wharf_df,build_scale,character varying,建设规模,图层管理（码头）KPI,existing_comment,candidate_safe,low,字段已有注释，无同名字段冲突，可安全纳入训练候选。
public,stg_ycsjtysj_sxhyzssj_data_coverage_wharf_df,shoreline_length,character varying,岸线长度,图层管理（码头）KPI,existing_comment,candidate_safe,low,字段已有注释，无同名字段冲突，可安全纳入训练候选。
public,stg_ycsjtysj_sxhyzssj_data_coverage_wharf_df,pass_power,character varying,设计年通过能力,图层管理（码头）KPI,existing_comment,candidate_safe,low,字段已有注释，无同名字段冲突，可安全纳入训练候选。
public,stg_ycsjtysj_sxhyzssj_data_coverage_wharf_df,pollutant_scope,character varying,污染物接收范围,图层管理（码头）KPI,existing_comment,candidate_safe,low,字段已有注释，无同名字段冲突，可安全纳入训练候选。
public,stg_ycsjtysj_sxhyzssj_data_coverage_wharf_df,wharf_name,character varying,码头简称,图层管理（码头）KPI,existing_comment,candidate_with_conflict_warning,medium,字段名 wharf_name 在库内其他表中存在不同注释（3种）。保留原始注释，训练时需带表上下文。
public,stg_ycsjtysj_sxhyzssj_data_coverage_wharf_df,wharf_full_name,character varying,码头全称,图层管理（码头）KPI,existing_comment,candidate_safe,low,字段已有注释，无同名字段冲突，可安全纳入训练候选。
public,stg_ycsjtysj_sxhyzssj_data_coverage_wharf_df,jxy_wharf_id,bigint,净小宜码头 id,图层管理（码头）KPI,existing_comment,candidate_safe,low,字段已有注释，无同名字段冲突，可安全纳入训练候选。
public,stg_ycsjtysj_sxhyzssj_data_coverage_wharf_df,longitude,character varying,经度,图层管理（码头）KPI,existing_comment,candidate_with_conflict_warning,medium,字段名 longitude 在库内其他表中存在不同注释（2种）。保留原始注释，训练时需带表上下文。
public,stg_ycsjtysj_sxhyzssj_data_coverage_wharf_df,latitude,character varying,纬度,图层管理（码头）KPI,existing_comment,candidate_with_conflict_warning,medium,字段名 latitude 在库内其他表中存在不同注释（2种）。保留原始注释，训练时需带表上下文。
public,stg_ycsjtysj_sxhyzssj_data_coverage_wharf_df,img_url,character varying,码头图片,图层管理（码头）KPI,existing_comment,candidate_with_conflict_warning,medium,字段名 img_url 在库内其他表中存在不同注释（2种）。保留原始注释，训练时需带表上下文。
public,stg_ycsjtysj_sxhyzssj_data_coverage_wharf_df,dt,character varying,分区日期,图层管理（码头）KPI,existing_comment,candidate_safe,low,字段已有注释，无同名字段冲突，可安全纳入训练候选。
public,stg_ycsjtysj_sxhyzssj_data_ship_info_df,mmsi,character varying,mmsi,图层管理（清洁船舶）KPI,existing_comment,candidate_with_conflict_warning,medium,字段名 mmsi 在库内其他表中存在不同注释（2种）。保留原始注释，训练时需带表上下文。
public,stg_ycsjtysj_sxhyzssj_data_ship_info_df,name,character varying,船名,图层管理（清洁船舶）KPI,existing_comment,candidate_with_conflict_warning,medium,字段名 name 在库内其他表中存在不同注释（14种）。保留原始注释，训练时需带表上下文。
public,stg_ycsjtysj_sxhyzssj_data_ship_info_df,cnname,character varying,中文船名,图层管理（清洁船舶）KPI,existing_comment,candidate_safe,low,字段已有注释，无同名字段冲突，可安全纳入训练候选。
public,stg_ycsjtysj_sxhyzssj_data_ship_info_df,type,character varying,船舶大类,图层管理（清洁船舶）KPI,existing_comment,candidate_with_conflict_warning,medium,字段名 type 在库内其他表中存在不同注释（10种）。保留原始注释，训练时需带表上下文。
public,stg_ycsjtysj_sxhyzssj_data_ship_info_df,jxy_receive_ship_id,bigint,清洁船净小宜id,图层管理（清洁船舶）KPI,existing_comment,candidate_safe,low,字段已有注释，无同名字段冲突，可安全纳入训练候选。
public,stg_ycsjtysj_sxhyzssj_data_ship_info_df,draught,character varying,吃水,图层管理（清洁船舶）KPI,existing_comment,candidate_safe,low,字段已有注释，无同名字段冲突，可安全纳入训练候选。
public,stg_ycsjtysj_sxhyzssj_data_ship_info_df,length,character varying,船长,图层管理（清洁船舶）KPI,existing_comment,candidate_with_conflict_warning,medium,字段名 length 在库内其他表中存在不同注释（2种）。保留原始注释，训练时需带表上下文。
public,stg_ycsjtysj_sxhyzssj_data_ship_info_df,width,character varying,船宽,图层管理（清洁船舶）KPI,existing_comment,candidate_with_conflict_warning,medium,字段名 width 在库内其他表中存在不同注释（2种）。保留原始注释，训练时需带表上下文。
public,stg_ycsjtysj_sxhyzssj_data_ship_info_df,type_other,character varying,船舶小类,图层管理（清洁船舶）KPI,existing_comment,candidate_safe,low,字段已有注释，无同名字段冲突，可安全纳入训练候选。
public,stg_ycsjtysj_sxhyzssj_data_ship_info_df,seat,character varying,座位数,图层管理（清洁船舶）KPI,existing_comment,candidate_safe,low,字段已有注释，无同名字段冲突，可安全纳入训练候选。
public,stg_ycsjtysj_sxhyzssj_data_ship_info_df,dt,character varying,分区日期,图层管理（清洁船舶）KPI,existing_comment,candidate_safe,low,字段已有注释，无同名字段冲突，可安全纳入训练候选。
public,stg_ycssthjj_ltwsjgpt_t_sjzx_wry_jbxx_df,xh,character varying,数据唯一标识,污染源_基本信息,existing_comment,candidate_with_conflict_warning,medium,字段名 xh 在库内其他表中存在不同注释（3种）。保留原始注释，训练时需带表上下文。
public,stg_ycssthjj_ltwsjgpt_t_sjzx_wry_jbxx_df,entercode,character varying,符合HJ 608-2017第6部分的编码规则要求，用于标识唯一固定污染源,污染源_基本信息,existing_comment,candidate_safe,low,字段已有注释，无同名字段冲突，可安全纳入训练候选。
public,stg_ycssthjj_ltwsjgpt_t_sjzx_wry_jbxx_df,entername,character varying,固定源名称,污染源_基本信息,existing_comment,candidate_safe,low,字段已有注释，无同名字段冲突，可安全纳入训练候选。
public,stg_ycssthjj_ltwsjgpt_t_sjzx_wry_jbxx_df,companyname,character varying,固定源对应的企业名称,污染源_基本信息,existing_comment,candidate_with_conflict_warning,medium,字段名 companyname 在库内其他表中存在不同注释（2种）。保留原始注释，训练时需带表上下文。
public,stg_ycssthjj_ltwsjgpt_t_sjzx_wry_jbxx_df,tyshxydm,character varying,统一社会信用代码,污染源_基本信息,existing_comment,candidate_safe,low,字段已有注释，无同名字段冲突，可安全纳入训练候选。
public,stg_ycssthjj_ltwsjgpt_t_sjzx_wry_jbxx_df,corpcode,character varying,组织机构代码,污染源_基本信息,existing_comment,candidate_safe,low,字段已有注释，无同名字段冲突，可安全纳入训练候选。
public,stg_ycssthjj_ltwsjgpt_t_sjzx_wry_jbxx_df,registrationid,character varying,税务注册号,污染源_基本信息,existing_comment,candidate_safe,low,字段已有注释，无同名字段冲突，可安全纳入训练候选。
public,stg_ycssthjj_ltwsjgpt_t_sjzx_wry_jbxx_df,licensenum,character varying,排污许可证代码,污染源_基本信息,existing_comment,candidate_safe,low,字段已有注释，无同名字段冲突，可安全纳入训练候选。
public,stg_ycssthjj_ltwsjgpt_t_sjzx_wry_jbxx_df,code_region,character varying,符合GB/T 2260-2019行政区代码表,污染源_基本信息,existing_comment,candidate_safe,low,字段已有注释，无同名字段冲突，可安全纳入训练候选。
public,stg_ycssthjj_ltwsjgpt_t_sjzx_wry_jbxx_df,regionname,character varying,符合GB/T 2260-2019行政区代码表,污染源_基本信息,existing_comment,candidate_safe,low,字段已有注释，无同名字段冲突，可安全纳入训练候选。
public,stg_ycssthjj_ltwsjgpt_t_sjzx_wry_jbxx_df,sssf,character varying,符合GB/T 2260-2019行政区代码表，如：440000,污染源_基本信息,existing_comment,candidate_safe,low,字段已有注释，无同名字段冲突，可安全纳入训练候选。
public,stg_ycssthjj_ltwsjgpt_t_sjzx_wry_jbxx_df,ssds,character varying,符合GB/T 2260-2019行政区代码表，如：440300,污染源_基本信息,existing_comment,candidate_safe,low,字段已有注释，无同名字段冲突，可安全纳入训练候选。
public,stg_ycssthjj_ltwsjgpt_t_sjzx_wry_jbxx_df,ssqx,character varying,符合GB/T 2260-2019行政区代码表，如：440305,污染源_基本信息,existing_comment,candidate_with_conflict_warning,medium,字段名 ssqx 在库内其他表中存在不同注释（2种）。保留原始注释，训练时需带表上下文。
public,stg_ycssthjj_ltwsjgpt_t_sjzx_wry_jbxx_df,code_trade,character varying,符合GB/T 4754-2017行业代码表,污染源_基本信息,existing_comment,candidate_safe,low,字段已有注释，无同名字段冲突，可安全纳入训练候选。
public,stg_ycssthjj_ltwsjgpt_t_sjzx_wry_jbxx_df,tradename,character varying,符合GB/T 4754-2017行业代码表,污染源_基本信息,existing_comment,candidate_safe,low,字段已有注释，无同名字段冲突，可安全纳入训练候选。
public,stg_ycssthjj_ltwsjgpt_t_sjzx_wry_jbxx_df,enteraddress,character varying,经营场所地址,污染源_基本信息,existing_comment,candidate_safe,low,字段已有注释，无同名字段冲突，可安全纳入训练候选。
public,stg_ycssthjj_ltwsjgpt_t_sjzx_wry_jbxx_df,longitude,character varying,WGS-84坐标系，如：116.681291,污染源_基本信息,existing_comment,candidate_with_conflict_warning,medium,字段名 longitude 在库内其他表中存在不同注释（2种）。保留原始注释，训练时需带表上下文。
public,stg_ycssthjj_ltwsjgpt_t_sjzx_wry_jbxx_df,latitude,character varying,WGS-84坐标系，如：39.780852,污染源_基本信息,existing_comment,candidate_with_conflict_warning,medium,字段名 latitude 在库内其他表中存在不同注释（2种）。保留原始注释，训练时需带表上下文。
public,stg_ycssthjj_ltwsjgpt_t_sjzx_wry_jbxx_df,lydm,character varying,所属流域代码,污染源_基本信息,existing_comment,candidate_safe,low,字段已有注释，无同名字段冲突，可安全纳入训练候选。
public,stg_ycssthjj_ltwsjgpt_t_sjzx_wry_jbxx_df,lymc,character varying,所属流域名称,污染源_基本信息,existing_comment,candidate_safe,low,字段已有注释，无同名字段冲突，可安全纳入训练候选。
public,stg_ycssthjj_ltwsjgpt_t_sjzx_wry_jbxx_df,szgyyq,character varying,所在工业园区,污染源_基本信息,existing_comment,candidate_safe,low,字段已有注释，无同名字段冲突，可安全纳入训练候选。
public,stg_ycssthjj_ltwsjgpt_t_sjzx_wry_jbxx_df,snstdm,character varying,受纳水体代码,污染源_基本信息,existing_comment,candidate_safe,low,字段已有注释，无同名字段冲突，可安全纳入训练候选。
public,stg_ycssthjj_ltwsjgpt_t_sjzx_wry_jbxx_df,snstmc,character varying,受纳水体名称,污染源_基本信息,existing_comment,candidate_safe,low,字段已有注释，无同名字段冲突，可安全纳入训练候选。
public,stg_ycssthjj_ltwsjgpt_t_sjzx_wry_jbxx_df,status,character varying,固定源状态（代码集：WRY_GDYZT）,污染源_基本信息,existing_comment,candidate_with_conflict_warning,medium,字段名 status 在库内其他表中存在不同注释（16种）。保留原始注释，训练时需带表上下文。
public,stg_ycssthjj_ltwsjgpt_t_sjzx_wry_jbxx_df,regaddress,character varying,注册地址,污染源_基本信息,existing_comment,candidate_safe,low,字段已有注释，无同名字段冲突，可安全纳入训练候选。
public,stg_ycssthjj_ltwsjgpt_t_sjzx_wry_jbxx_df,corpname,character varying,法人名称,污染源_基本信息,existing_comment,candidate_safe,low,字段已有注释，无同名字段冲突，可安全纳入训练候选。
public,stg_ycssthjj_ltwsjgpt_t_sjzx_wry_jbxx_df,telephone,character varying,固定电话,污染源_基本信息,existing_comment,candidate_with_conflict_warning,medium,字段名 telephone 在库内其他表中存在不同注释（2种）。保留原始注释，训练时需带表上下文。
public,stg_ycssthjj_ltwsjgpt_t_sjzx_wry_jbxx_df,environlinkmen,character varying,环保联系人,污染源_基本信息,existing_comment,candidate_safe,low,字段已有注释，无同名字段冲突，可安全纳入训练候选。
public,stg_ycssthjj_ltwsjgpt_t_sjzx_wry_jbxx_df,environtel,character varying,环保联系人电话,污染源_基本信息,existing_comment,candidate_safe,low,字段已有注释，无同名字段冲突，可安全纳入训练候选。
public,stg_ycssthjj_ltwsjgpt_t_sjzx_wry_jbxx_df,entersize,character varying,企业规模（代码集：WRY_QYGM）,污染源_基本信息,existing_comment,candidate_safe,low,字段已有注释，无同名字段冲突，可安全纳入训练候选。
public,stg_ycssthjj_ltwsjgpt_t_sjzx_wry_jbxx_df,jyfw,character varying,经营范围,污染源_基本信息,existing_comment,candidate_safe,low,字段已有注释，无同名字段冲突，可安全纳入训练候选。
public,stg_ycssthjj_ltwsjgpt_t_sjzx_wry_jbxx_df,createtime,timestamp without time zone,投运时间,污染源_基本信息,existing_comment,candidate_with_conflict_warning,medium,字段名 createtime 在库内其他表中存在不同注释（2种）。保留原始注释，训练时需带表上下文。
public,stg_ycssthjj_ltwsjgpt_t_sjzx_wry_jbxx_df,fax,character varying,传真,污染源_基本信息,existing_comment,candidate_safe,low,字段已有注释，无同名字段冲突，可安全纳入训练候选。
public,stg_ycssthjj_ltwsjgpt_t_sjzx_wry_jbxx_df,website,character varying,网址,污染源_基本信息,existing_comment,candidate_safe,low,字段已有注释，无同名字段冲突，可安全纳入训练候选。
public,stg_ycssthjj_ltwsjgpt_t_sjzx_wry_jbxx_df,email,character varying,邮箱,污染源_基本信息,existing_comment,candidate_safe,low,字段已有注释，无同名字段冲突，可安全纳入训练候选。
public,stg_ycssthjj_ltwsjgpt_t_sjzx_wry_jbxx_df,description,character varying,污染源简介,污染源_基本信息,existing_comment,candidate_with_conflict_warning,medium,字段名 description 在库内其他表中存在不同注释（6种）。保留原始注释，训练时需带表上下文。
public,stg_ycssthjj_ltwsjgpt_t_sjzx_wry_jbxx_df,datasource,character varying,数据来源（代码集：WRY_SJLY）,污染源_基本信息,existing_comment,candidate_safe,low,字段已有注释，无同名字段冲突，可安全纳入训练候选。
public,stg_ycssthjj_ltwsjgpt_t_sjzx_wry_jbxx_df,orgid,character varying,用于数据权限，取行政区代码，省级用2位，地市用4位，区县用6位,污染源_基本信息,existing_comment,candidate_with_conflict_warning,medium,字段名 orgid 在库内其他表中存在不同注释（2种）。保留原始注释，训练时需带表上下文。
public,stg_ycssthjj_ltwsjgpt_t_sjzx_wry_jbxx_df,cjr,character varying,创建人,污染源_基本信息,existing_comment,candidate_safe,low,字段已有注释，无同名字段冲突，可安全纳入训练候选。
public,stg_ycssthjj_ltwsjgpt_t_sjzx_wry_jbxx_df,cjsj,timestamp without time zone,创建时间,污染源_基本信息,existing_comment,candidate_safe,low,字段已有注释，无同名字段冲突，可安全纳入训练候选。
public,stg_ycssthjj_ltwsjgpt_t_sjzx_wry_jbxx_df,xgr,character varying,修改人,污染源_基本信息,existing_comment,candidate_safe,low,字段已有注释，无同名字段冲突，可安全纳入训练候选。
public,stg_ycssthjj_ltwsjgpt_t_sjzx_wry_jbxx_df,xgsj,timestamp without time zone,修改时间,污染源_基本信息,existing_comment,candidate_safe,low,字段已有注释，无同名字段冲突，可安全纳入训练候选。
public,stg_ycssthjj_ltwsjgpt_t_sjzx_wry_jbxx_df,sjly,character varying,数据采集来源（代码集：SJGL_SJLY）,污染源_基本信息,existing_comment,candidate_with_conflict_warning,medium,字段名 sjly 在库内其他表中存在不同注释（2种）。保留原始注释，训练时需带表上下文。
public,stg_ycssthjj_ltwsjgpt_t_sjzx_wry_jbxx_df,rksj,timestamp without time zone,默认取当前时间,污染源_基本信息,existing_comment,candidate_safe,low,字段已有注释，无同名字段冲突，可安全纳入训练候选。
public,stg_ycssthjj_ltwsjgpt_t_sjzx_wry_jbxx_df,gxsj,timestamp without time zone,数据修改后需要更新此时间,污染源_基本信息,existing_comment,candidate_safe,low,字段已有注释，无同名字段冲突，可安全纳入训练候选。
public,stg_ycssthjj_ltwsjgpt_t_sjzx_wry_jbxx_df,czbj,character varying,操作标记（I：插入；U：更新；D：删除）,污染源_基本信息,existing_comment,candidate_safe,low,字段已有注释，无同名字段冲突，可安全纳入训练候选。
public,stg_ycssthjj_ltwsjgpt_t_sjzx_wry_jbxx_df,dt,character varying,分区日期,污染源_基本信息,existing_comment,candidate_safe,low,字段已有注释，无同名字段冲突，可安全纳入训练候选。
public,stg_ycssthjj_lysthjjkyjpt_t_sjzx_szzdjcz_df,ywid,character varying,业务id,城市数字公共基础设施建设__水质自动监测站,existing_comment,candidate_safe,low,字段已有注释，无同名字段冲突，可安全纳入训练候选。
public,stg_ycssthjj_lysthjjkyjpt_t_sjzx_szzdjcz_df,ywmc,character varying,业务名称,城市数字公共基础设施建设__水质自动监测站,existing_comment,candidate_safe,low,字段已有注释，无同名字段冲突，可安全纳入训练候选。
public,stg_ycssthjj_lysthjjkyjpt_t_sjzx_szzdjcz_df,qxbm,character varying,区县编码,城市数字公共基础设施建设__水质自动监测站,existing_comment,candidate_safe,low,字段已有注释，无同名字段冲突，可安全纳入训练候选。
public,stg_ycssthjj_lysthjjkyjpt_t_sjzx_szzdjcz_df,ssqx,character varying,所属区县,城市数字公共基础设施建设__水质自动监测站,existing_comment,candidate_with_conflict_warning,medium,字段名 ssqx 在库内其他表中存在不同注释（2种）。保留原始注释，训练时需带表上下文。
public,stg_ycssthjj_lysthjjkyjpt_t_sjzx_szzdjcz_df,flbm,character varying,分类编码,城市数字公共基础设施建设__水质自动监测站,existing_comment,candidate_safe,low,字段已有注释，无同名字段冲突，可安全纳入训练候选。
public,stg_ycssthjj_lysthjjkyjpt_t_sjzx_szzdjcz_df,flmc,character varying,分类名称,城市数字公共基础设施建设__水质自动监测站,existing_comment,candidate_safe,low,字段已有注释，无同名字段冲突，可安全纳入训练候选。
public,stg_ycssthjj_lysthjjkyjpt_t_sjzx_szzdjcz_df,21bsm,character varying,21位标识码,城市数字公共基础设施建设__水质自动监测站,existing_comment,candidate_safe,low,字段已有注释，无同名字段冲突，可安全纳入训练候选。
public,stg_ycssthjj_lysthjjkyjpt_t_sjzx_szzdjcz_df,zcbm,character varying,注册部门,城市数字公共基础设施建设__水质自动监测站,existing_comment,candidate_safe,low,字段已有注释，无同名字段冲突，可安全纳入训练候选。
public,stg_ycssthjj_lysthjjkyjpt_t_sjzx_szzdjcz_df,dm,character varying,短码,城市数字公共基础设施建设__水质自动监测站,existing_comment,candidate_safe,low,字段已有注释，无同名字段冲突，可安全纳入训练候选。
public,stg_ycssthjj_lysthjjkyjpt_t_sjzx_szzdjcz_df,bdm,character varying,北斗码,城市数字公共基础设施建设__水质自动监测站,existing_comment,candidate_safe,low,字段已有注释，无同名字段冲突，可安全纳入训练候选。
public,stg_ycssthjj_lysthjjkyjpt_t_sjzx_szzdjcz_df,19bsm,character varying,19位标识码,城市数字公共基础设施建设__水质自动监测站,existing_comment,candidate_safe,low,字段已有注释，无同名字段冲突，可安全纳入训练候选。
public,stg_ycssthjj_lysthjjkyjpt_t_sjzx_szzdjcz_df,dt,character varying,分区日期,城市数字公共基础设施建设__水质自动监测站,existing_comment,candidate_safe,low,字段已有注释，无同名字段冲突，可安全纳入训练候选。
public,stg_ycssthjj_wryzxjkpt_t_zxjc_s_w_1_df,xh,character varying,序号,监控数据_日数据_污染物_,existing_comment,candidate_with_conflict_warning,medium,字段名 xh 在库内其他表中存在不同注释（3种）。保留原始注释，训练时需带表上下文。
public,stg_ycssthjj_wryzxjkpt_t_zxjc_s_w_1_df,jcdxh,character varying,监测点序号,监控数据_日数据_污染物_,existing_comment,candidate_safe,low,字段已有注释，无同名字段冲突，可安全纳入训练候选。
public,stg_ycssthjj_wryzxjkpt_t_zxjc_s_w_1_df,jcsj,timestamp without time zone,监测时间,监控数据_日数据_污染物_,existing_comment,candidate_safe,low,字段已有注释，无同名字段冲突，可安全纳入训练候选。
public,stg_ycssthjj_wryzxjkpt_t_zxjc_s_w_1_df,wrwbh,character varying,污染源编号,监控数据_日数据_污染物_,existing_comment,candidate_safe,low,字段已有注释，无同名字段冲突，可安全纳入训练候选。
public,stg_ycssthjj_wryzxjkpt_t_zxjc_s_w_1_df,zxjcz,numeric,最新监测值,监控数据_日数据_污染物_,existing_comment,candidate_safe,low,字段已有注释，无同名字段冲突，可安全纳入训练候选。
public,stg_ycssthjj_wryzxjkpt_t_zxjc_s_w_1_df,pjjcz,numeric,平均监测值,监控数据_日数据_污染物_,existing_comment,candidate_safe,low,字段已有注释，无同名字段冲突，可安全纳入训练候选。
public,stg_ycssthjj_wryzxjkpt_t_zxjc_s_w_1_df,zdjcz,numeric,最大监测值,监控数据_日数据_污染物_,existing_comment,candidate_safe,low,字段已有注释，无同名字段冲突，可安全纳入训练候选。
public,stg_ycssthjj_wryzxjkpt_t_zxjc_s_w_1_df,xyz,numeric,最小监测值,监控数据_日数据_污染物_,existing_comment,candidate_safe,low,字段已有注释，无同名字段冲突，可安全纳入训练候选。
public,stg_ycssthjj_wryzxjkpt_t_zxjc_s_w_1_df,zxzsz,numeric,最新指数值,监控数据_日数据_污染物_,existing_comment,candidate_safe,low,字段已有注释，无同名字段冲突，可安全纳入训练候选。
public,stg_ycssthjj_wryzxjkpt_t_zxjc_s_w_1_df,pjzsz,numeric,平均指数值,监控数据_日数据_污染物_,existing_comment,candidate_safe,low,字段已有注释，无同名字段冲突，可安全纳入训练候选。
public,stg_ycssthjj_wryzxjkpt_t_zxjc_s_w_1_df,zdzsz,numeric,最大指数值,监控数据_日数据_污染物_,existing_comment,candidate_safe,low,字段已有注释，无同名字段冲突，可安全纳入训练候选。
public,stg_ycssthjj_wryzxjkpt_t_zxjc_s_w_1_df,xyzsz,numeric,最小指数值,监控数据_日数据_污染物_,existing_comment,candidate_safe,low,字段已有注释，无同名字段冲突，可安全纳入训练候选。
public,stg_ycssthjj_wryzxjkpt_t_zxjc_s_w_1_df,wrwpfl,numeric,污染物排放量,监控数据_日数据_污染物_,existing_comment,candidate_safe,low,字段已有注释，无同名字段冲突，可安全纳入训练候选。
public,stg_ycssthjj_wryzxjkpt_t_zxjc_s_w_1_df,xywrwpfl,numeric,小时污染物排放量,监控数据_日数据_污染物_,existing_comment,candidate_safe,low,字段已有注释，无同名字段冲突，可安全纳入训练候选。
public,stg_ycssthjj_wryzxjkpt_t_zxjc_s_w_1_df,sjly,character varying,数据来源,监控数据_日数据_污染物_,existing_comment,candidate_with_conflict_warning,medium,字段名 sjly 在库内其他表中存在不同注释（2种）。保留原始注释，训练时需带表上下文。
public,stg_ycssthjj_wryzxjkpt_t_zxjc_s_w_1_df,sjzt,character varying,数据状态,监控数据_日数据_污染物_,existing_comment,candidate_safe,low,字段已有注释，无同名字段冲突，可安全纳入训练候选。
public,stg_ycssthjj_wryzxjkpt_t_zxjc_s_w_1_df,zt,character varying,记录状态,监控数据_日数据_污染物_,existing_comment,candidate_safe,low,字段已有注释，无同名字段冲突，可安全纳入训练候选。
public,stg_ycssthjj_wryzxjkpt_t_zxjc_s_w_1_df,orgid,character varying,所属机构ID,监控数据_日数据_污染物_,existing_comment,candidate_with_conflict_warning,medium,字段名 orgid 在库内其他表中存在不同注释（2种）。保留原始注释，训练时需带表上下文。
public,stg_ycssthjj_wryzxjkpt_t_zxjc_s_w_1_df,cjr,character varying,创建人,监控数据_日数据_污染物_,existing_comment,candidate_safe,low,字段已有注释，无同名字段冲突，可安全纳入训练候选。
public,stg_ycssthjj_wryzxjkpt_t_zxjc_s_w_1_df,cjsj,timestamp without time zone,创建时间,监控数据_日数据_污染物_,existing_comment,candidate_safe,low,字段已有注释，无同名字段冲突，可安全纳入训练候选。
public,stg_ycssthjj_wryzxjkpt_t_zxjc_s_w_1_df,xgr,character varying,修改人,监控数据_日数据_污染物_,existing_comment,candidate_safe,low,字段已有注释，无同名字段冲突，可安全纳入训练候选。
public,stg_ycssthjj_wryzxjkpt_t_zxjc_s_w_1_df,xgsj,timestamp without time zone,修改时间,监控数据_日数据_污染物_,existing_comment,candidate_safe,low,字段已有注释，无同名字段冲突，可安全纳入训练候选。
public,stg_ycssthjj_wryzxjkpt_t_zxjc_s_w_1_df,dt,character varying,分区日期,监控数据_日数据_污染物_,existing_comment,candidate_safe,low,字段已有注释，无同名字段冲突，可安全纳入训练候选。
public,wh_hydrological_day_records,id,bigint,id,水文监测日记录表,existing_comment,candidate_with_conflict_warning,medium,字段名 id 在库内其他表中存在不同注释（10种）。保留原始注释，训练时需带表上下文。
public,wh_hydrological_day_records,station_id,bigint,所属站点id,水文监测日记录表,existing_comment,candidate_with_conflict_warning,medium,字段名 station_id 在库内其他表中存在不同注释（4种）。保留原始注释，训练时需带表上下文。
public,wh_hydrological_day_records,m1_value,double precision,水深（单位米）,水文监测日记录表,existing_comment,candidate_with_conflict_warning,medium,字段名 m1_value 在库内其他表中存在不同注释（8种）。保留原始注释，训练时需带表上下文。
public,wh_hydrological_day_records,m1_count,bigint,记录数1,水文监测日记录表,existing_comment,candidate_with_conflict_warning,medium,字段名 m1_count 在库内其他表中存在不同注释（3种）。保留原始注释，训练时需带表上下文。
public,wh_hydrological_day_records,m2_value,double precision,流速（单位m/s）,水文监测日记录表,existing_comment,candidate_with_conflict_warning,medium,字段名 m2_value 在库内其他表中存在不同注释（7种）。保留原始注释，训练时需带表上下文。
public,wh_hydrological_day_records,m2_count,bigint,记录数2,水文监测日记录表,existing_comment,candidate_with_conflict_warning,medium,字段名 m2_count 在库内其他表中存在不同注释（3种）。保留原始注释，训练时需带表上下文。
public,wh_hydrological_day_records,m3_value,double precision,流量（单位m3/s）,水文监测日记录表,existing_comment,candidate_with_conflict_warning,medium,字段名 m3_value 在库内其他表中存在不同注释（8种）。保留原始注释，训练时需带表上下文。
public,wh_hydrological_day_records,m3_count,bigint,记录数3,水文监测日记录表,existing_comment,candidate_with_conflict_warning,medium,字段名 m3_count 在库内其他表中存在不同注释（3种）。保留原始注释，训练时需带表上下文。
public,wh_hydrological_day_records,m4_value,double precision,m4_value,水文监测日记录表,existing_comment,candidate_with_conflict_warning,medium,字段名 m4_value 在库内其他表中存在不同注释（7种）。保留原始注释，训练时需带表上下文。
public,wh_hydrological_day_records,m4_count,bigint,记录数4,水文监测日记录表,existing_comment,candidate_with_conflict_warning,medium,字段名 m4_count 在库内其他表中存在不同注释（3种）。保留原始注释，训练时需带表上下文。
public,wh_hydrological_day_records,m5_value,double precision,m5_value,水文监测日记录表,existing_comment,candidate_with_conflict_warning,medium,字段名 m5_value 在库内其他表中存在不同注释（7种）。保留原始注释，训练时需带表上下文。
public,wh_hydrological_day_records,m5_count,bigint,记录数5,水文监测日记录表,existing_comment,candidate_with_conflict_warning,medium,字段名 m5_count 在库内其他表中存在不同注释（3种）。保留原始注释，训练时需带表上下文。
public,wh_hydrological_day_records,m6_value,double precision,m6_value,水文监测日记录表,existing_comment,candidate_with_conflict_warning,medium,字段名 m6_value 在库内其他表中存在不同注释（7种）。保留原始注释，训练时需带表上下文。
public,wh_hydrological_day_records,m6_count,bigint,记录数6,水文监测日记录表,existing_comment,candidate_with_conflict_warning,medium,字段名 m6_count 在库内其他表中存在不同注释（3种）。保留原始注释，训练时需带表上下文。
public,wh_hydrological_day_records,m7_value,double precision,m7_value,水文监测日记录表,existing_comment,candidate_with_conflict_warning,medium,字段名 m7_value 在库内其他表中存在不同注释（6种）。保留原始注释，训练时需带表上下文。
public,wh_hydrological_day_records,m7_count,bigint,记录数7,水文监测日记录表,existing_comment,candidate_with_conflict_warning,medium,字段名 m7_count 在库内其他表中存在不同注释（3种）。保留原始注释，训练时需带表上下文。
public,wh_hydrological_day_records,m8_value,double precision,m8_value,水文监测日记录表,existing_comment,candidate_with_conflict_warning,medium,字段名 m8_value 在库内其他表中存在不同注释（6种）。保留原始注释，训练时需带表上下文。
public,wh_hydrological_day_records,m8_count,bigint,记录数8,水文监测日记录表,existing_comment,candidate_with_conflict_warning,medium,字段名 m8_count 在库内其他表中存在不同注释（3种）。保留原始注释，训练时需带表上下文。
public,wh_hydrological_day_records,m9_value,double precision,m9_value,水文监测日记录表,existing_comment,candidate_with_conflict_warning,medium,字段名 m9_value 在库内其他表中存在不同注释（6种）。保留原始注释，训练时需带表上下文。
public,wh_hydrological_day_records,m9_count,bigint,记录数9,水文监测日记录表,existing_comment,candidate_with_conflict_warning,medium,字段名 m9_count 在库内其他表中存在不同注释（3种）。保留原始注释，训练时需带表上下文。
public,wh_hydrological_day_records,m10_value,double precision,m10_value,水文监测日记录表,existing_comment,candidate_with_conflict_warning,medium,字段名 m10_value 在库内其他表中存在不同注释（8种）。保留原始注释，训练时需带表上下文。
public,wh_hydrological_day_records,m10_count,bigint,记录数10,水文监测日记录表,existing_comment,candidate_with_conflict_warning,medium,字段名 m10_count 在库内其他表中存在不同注释（3种）。保留原始注释，训练时需带表上下文。
public,wh_hydrological_day_records,record_type,character,记录类型：0 自动、1 手工,水文监测日记录表,existing_comment,candidate_with_conflict_warning,medium,字段名 record_type 在库内其他表中存在不同注释（4种）。保留原始注释，训练时需带表上下文。
public,wh_hydrological_day_records,monitor_time,timestamp without time zone,监测时间,水文监测日记录表,existing_comment,candidate_with_conflict_warning,medium,字段名 monitor_time 在库内其他表中存在不同注释（2种）。保留原始注释，训练时需带表上下文。
public,wh_hydrological_day_records,create_by,bigint,创建人,水文监测日记录表,existing_comment,candidate_with_conflict_warning,medium,字段名 create_by 在库内其他表中存在不同注释（4种）。保留原始注释，训练时需带表上下文。
public,wh_hydrological_day_records,create_time,timestamp without time zone,创建时间,水文监测日记录表,existing_comment,candidate_with_conflict_warning,medium,字段名 create_time 在库内其他表中存在不同注释（2种）。保留原始注释，训练时需带表上下文。
public,wh_hydrological_day_records,update_by,bigint,更新人,水文监测日记录表,existing_comment,candidate_with_conflict_warning,medium,字段名 update_by 在库内其他表中存在不同注释（5种）。保留原始注释，训练时需带表上下文。
public,wh_hydrological_day_records,update_time,timestamp without time zone,更新时间,水文监测日记录表,existing_comment,candidate_with_conflict_warning,medium,字段名 update_time 在库内其他表中存在不同注释（2种）。保留原始注释，训练时需带表上下文。
public,wh_hydrological_day_records,del_flag,character,删除标记：0 未删除、1 已删除,水文监测日记录表,existing_comment,candidate_with_conflict_warning,medium,字段名 del_flag 在库内其他表中存在不同注释（12种）。保留原始注释，训练时需带表上下文。
public,wh_hydrological_hour_records,id,bigint,id,水文监测小时记录表,existing_comment,candidate_with_conflict_warning,medium,字段名 id 在库内其他表中存在不同注释（10种）。保留原始注释，训练时需带表上下文。
public,wh_hydrological_hour_records,station_id,bigint,所属站点id,水文监测小时记录表,existing_comment,candidate_with_conflict_warning,medium,字段名 station_id 在库内其他表中存在不同注释（4种）。保留原始注释，训练时需带表上下文。
public,wh_hydrological_hour_records,m1_value,double precision,水深（单位米）,水文监测小时记录表,existing_comment,candidate_with_conflict_warning,medium,字段名 m1_value 在库内其他表中存在不同注释（8种）。保留原始注释，训练时需带表上下文。
public,wh_hydrological_hour_records,m2_value,double precision,流速（单位m/s）,水文监测小时记录表,existing_comment,candidate_with_conflict_warning,medium,字段名 m2_value 在库内其他表中存在不同注释（7种）。保留原始注释，训练时需带表上下文。
public,wh_hydrological_hour_records,m3_value,double precision,流量（单位m3/s）,水文监测小时记录表,existing_comment,candidate_with_conflict_warning,medium,字段名 m3_value 在库内其他表中存在不同注释（8种）。保留原始注释，训练时需带表上下文。
public,wh_hydrological_hour_records,m4_value,double precision,m4_value,水文监测小时记录表,existing_comment,candidate_with_conflict_warning,medium,字段名 m4_value 在库内其他表中存在不同注释（7种）。保留原始注释，训练时需带表上下文。
public,wh_hydrological_hour_records,m5_value,double precision,m5_value,水文监测小时记录表,existing_comment,candidate_with_conflict_warning,medium,字段名 m5_value 在库内其他表中存在不同注释（7种）。保留原始注释，训练时需带表上下文。
public,wh_hydrological_hour_records,m6_value,double precision,m6_value,水文监测小时记录表,existing_comment,candidate_with_conflict_warning,medium,字段名 m6_value 在库内其他表中存在不同注释（7种）。保留原始注释，训练时需带表上下文。
public,wh_hydrological_hour_records,m7_value,double precision,m7_value,水文监测小时记录表,existing_comment,candidate_with_conflict_warning,medium,字段名 m7_value 在库内其他表中存在不同注释（6种）。保留原始注释，训练时需带表上下文。
public,wh_hydrological_hour_records,m8_value,double precision,m8_value,水文监测小时记录表,existing_comment,candidate_with_conflict_warning,medium,字段名 m8_value 在库内其他表中存在不同注释（6种）。保留原始注释，训练时需带表上下文。
public,wh_hydrological_hour_records,m9_value,double precision,m9_value,水文监测小时记录表,existing_comment,candidate_with_conflict_warning,medium,字段名 m9_value 在库内其他表中存在不同注释（6种）。保留原始注释，训练时需带表上下文。
public,wh_hydrological_hour_records,m10_value,double precision,m10_value,水文监测小时记录表,existing_comment,candidate_with_conflict_warning,medium,字段名 m10_value 在库内其他表中存在不同注释（8种）。保留原始注释，训练时需带表上下文。
public,wh_hydrological_hour_records,record_type,character,记录类型：0 自动、1 手工,水文监测小时记录表,existing_comment,candidate_with_conflict_warning,medium,字段名 record_type 在库内其他表中存在不同注释（4种）。保留原始注释，训练时需带表上下文。
public,wh_hydrological_hour_records,monitor_time,timestamp without time zone,监测时间,水文监测小时记录表,existing_comment,candidate_with_conflict_warning,medium,字段名 monitor_time 在库内其他表中存在不同注释（2种）。保留原始注释，训练时需带表上下文。
public,wh_hydrological_hour_records,create_by,bigint,创建人,水文监测小时记录表,existing_comment,candidate_with_conflict_warning,medium,字段名 create_by 在库内其他表中存在不同注释（4种）。保留原始注释，训练时需带表上下文。
public,wh_hydrological_hour_records,create_time,timestamp without time zone,创建时间,水文监测小时记录表,existing_comment,candidate_with_conflict_warning,medium,字段名 create_time 在库内其他表中存在不同注释（2种）。保留原始注释，训练时需带表上下文。
public,wh_hydrological_hour_records,update_by,bigint,更新人,水文监测小时记录表,existing_comment,candidate_with_conflict_warning,medium,字段名 update_by 在库内其他表中存在不同注释（5种）。保留原始注释，训练时需带表上下文。
public,wh_hydrological_hour_records,update_time,timestamp without time zone,更新时间,水文监测小时记录表,existing_comment,candidate_with_conflict_warning,medium,字段名 update_time 在库内其他表中存在不同注释（2种）。保留原始注释，训练时需带表上下文。
public,wh_hydrological_hour_records,del_flag,character,删除标记：0 未删除、1 已删除,水文监测小时记录表,existing_comment,candidate_with_conflict_warning,medium,字段名 del_flag 在库内其他表中存在不同注释（12种）。保留原始注释，训练时需带表上下文。
public,wh_hydrological_records_1,id,bigint,主键id,水文数据表,existing_comment,candidate_with_conflict_warning,medium,字段名 id 在库内其他表中存在不同注释（10种）。保留原始注释，训练时需带表上下文。
public,wh_hydrological_records_1,station_id,bigint,所属站点id,水文数据表,existing_comment,candidate_with_conflict_warning,medium,字段名 station_id 在库内其他表中存在不同注释（4种）。保留原始注释，训练时需带表上下文。
public,wh_hydrological_records_1,indicator_code,character varying,监测指标编号,水文数据表,existing_comment,candidate_with_conflict_warning,medium,字段名 indicator_code 在库内其他表中存在不同注释（3种）。保留原始注释，训练时需带表上下文。
public,wh_hydrological_records_1,monitor_value,double precision,监测值,水文数据表,existing_comment,candidate_safe,low,字段已有注释，无同名字段冲突，可安全纳入训练候选。
public,wh_hydrological_records_1,monitor_time,timestamp without time zone,监测时间,水文数据表,existing_comment,candidate_with_conflict_warning,medium,字段名 monitor_time 在库内其他表中存在不同注释（2种）。保留原始注释，训练时需带表上下文。
public,wh_hydrological_records_1,record_type,character,记录类型：0 自动、1 手工,水文数据表,existing_comment,candidate_with_conflict_warning,medium,字段名 record_type 在库内其他表中存在不同注释（4种）。保留原始注释，训练时需带表上下文。
public,wh_hydrological_records_1,create_by,bigint,创建人,水文数据表,existing_comment,candidate_with_conflict_warning,medium,字段名 create_by 在库内其他表中存在不同注释（4种）。保留原始注释，训练时需带表上下文。
public,wh_hydrological_records_1,create_time,timestamp without time zone,创建时间,水文数据表,existing_comment,candidate_with_conflict_warning,medium,字段名 create_time 在库内其他表中存在不同注释（2种）。保留原始注释，训练时需带表上下文。
public,wh_hydrological_records_1,update_by,bigint,更新人,水文数据表,existing_comment,candidate_with_conflict_warning,medium,字段名 update_by 在库内其他表中存在不同注释（5种）。保留原始注释，训练时需带表上下文。
public,wh_hydrological_records_1,update_time,timestamp without time zone,更新时间,水文数据表,existing_comment,candidate_with_conflict_warning,medium,字段名 update_time 在库内其他表中存在不同注释（2种）。保留原始注释，训练时需带表上下文。
public,wh_hydrological_records_1,del_flag,character,删除标记：0 未删除、1 已删除,水文数据表,existing_comment,candidate_with_conflict_warning,medium,字段名 del_flag 在库内其他表中存在不同注释（12种）。保留原始注释，训练时需带表上下文。
public,wh_meteorological_day_records,id,bigint,id,气象数据日记录表,existing_comment,candidate_with_conflict_warning,medium,字段名 id 在库内其他表中存在不同注释（10种）。保留原始注释，训练时需带表上下文。
public,wh_meteorological_day_records,station_id,bigint,所属站点id,气象数据日记录表,existing_comment,candidate_with_conflict_warning,medium,字段名 station_id 在库内其他表中存在不同注释（4种）。保留原始注释，训练时需带表上下文。
public,wh_meteorological_day_records,m1_value,double precision,风速（单位m/s）,气象数据日记录表,existing_comment,candidate_with_conflict_warning,medium,字段名 m1_value 在库内其他表中存在不同注释（8种）。保留原始注释，训练时需带表上下文。
public,wh_meteorological_day_records,m1_count,bigint,记录数1,气象数据日记录表,existing_comment,candidate_with_conflict_warning,medium,字段名 m1_count 在库内其他表中存在不同注释（3种）。保留原始注释，训练时需带表上下文。
public,wh_meteorological_day_records,m2_value,double precision,风向,气象数据日记录表,existing_comment,candidate_with_conflict_warning,medium,字段名 m2_value 在库内其他表中存在不同注释（7种）。保留原始注释，训练时需带表上下文。
public,wh_meteorological_day_records,m2_count,bigint,记录数2,气象数据日记录表,existing_comment,candidate_with_conflict_warning,medium,字段名 m2_count 在库内其他表中存在不同注释（3种）。保留原始注释，训练时需带表上下文。
public,wh_meteorological_day_records,m3_value,double precision,气压（单位hPa）,气象数据日记录表,existing_comment,candidate_with_conflict_warning,medium,字段名 m3_value 在库内其他表中存在不同注释（8种）。保留原始注释，训练时需带表上下文。
public,wh_meteorological_day_records,m3_count,bigint,记录数3,气象数据日记录表,existing_comment,candidate_with_conflict_warning,medium,字段名 m3_count 在库内其他表中存在不同注释（3种）。保留原始注释，训练时需带表上下文。
public,wh_meteorological_day_records,m4_value,double precision,气温（单位℃）,气象数据日记录表,existing_comment,candidate_with_conflict_warning,medium,字段名 m4_value 在库内其他表中存在不同注释（7种）。保留原始注释，训练时需带表上下文。
public,wh_meteorological_day_records,m4_count,bigint,记录数4,气象数据日记录表,existing_comment,candidate_with_conflict_warning,medium,字段名 m4_count 在库内其他表中存在不同注释（3种）。保留原始注释，训练时需带表上下文。
public,wh_meteorological_day_records,m5_value,double precision,相对湿度（单位RH）,气象数据日记录表,existing_comment,candidate_with_conflict_warning,medium,字段名 m5_value 在库内其他表中存在不同注释（7种）。保留原始注释，训练时需带表上下文。
public,wh_meteorological_day_records,m5_count,bigint,记录数5,气象数据日记录表,existing_comment,candidate_with_conflict_warning,medium,字段名 m5_count 在库内其他表中存在不同注释（3种）。保留原始注释，训练时需带表上下文。
public,wh_meteorological_day_records,m6_value,double precision,雨量（单位mm/m2）,气象数据日记录表,existing_comment,candidate_with_conflict_warning,medium,字段名 m6_value 在库内其他表中存在不同注释（7种）。保留原始注释，训练时需带表上下文。
public,wh_meteorological_day_records,m6_count,bigint,记录数6,气象数据日记录表,existing_comment,candidate_with_conflict_warning,medium,字段名 m6_count 在库内其他表中存在不同注释（3种）。保留原始注释，训练时需带表上下文。
public,wh_meteorological_day_records,m7_value,double precision,蒸发量（单位mm/m2）,气象数据日记录表,existing_comment,candidate_with_conflict_warning,medium,字段名 m7_value 在库内其他表中存在不同注释（6种）。保留原始注释，训练时需带表上下文。
public,wh_meteorological_day_records,m7_count,bigint,记录数7,气象数据日记录表,existing_comment,candidate_with_conflict_warning,medium,字段名 m7_count 在库内其他表中存在不同注释（3种）。保留原始注释，训练时需带表上下文。
public,wh_meteorological_day_records,m8_value,double precision,小时降雨量（mm）,气象数据日记录表,existing_comment,candidate_with_conflict_warning,medium,字段名 m8_value 在库内其他表中存在不同注释（6种）。保留原始注释，训练时需带表上下文。
public,wh_meteorological_day_records,m8_count,bigint,记录数8,气象数据日记录表,existing_comment,candidate_with_conflict_warning,medium,字段名 m8_count 在库内其他表中存在不同注释（3种）。保留原始注释，训练时需带表上下文。
public,wh_meteorological_day_records,m9_value,double precision,24小时降雨量（mm）,气象数据日记录表,existing_comment,candidate_with_conflict_warning,medium,字段名 m9_value 在库内其他表中存在不同注释（6种）。保留原始注释，训练时需带表上下文。
public,wh_meteorological_day_records,m9_count,bigint,记录数9,气象数据日记录表,existing_comment,candidate_with_conflict_warning,medium,字段名 m9_count 在库内其他表中存在不同注释（3种）。保留原始注释，训练时需带表上下文。
public,wh_meteorological_day_records,m10_value,double precision,累计降雨量（mm）,气象数据日记录表,existing_comment,candidate_with_conflict_warning,medium,字段名 m10_value 在库内其他表中存在不同注释（8种）。保留原始注释，训练时需带表上下文。
public,wh_meteorological_day_records,m10_count,bigint,记录数10,气象数据日记录表,existing_comment,candidate_with_conflict_warning,medium,字段名 m10_count 在库内其他表中存在不同注释（3种）。保留原始注释，训练时需带表上下文。
public,wh_meteorological_day_records,m11_value,double precision,m11_value,气象数据日记录表,existing_comment,candidate_with_conflict_warning,medium,字段名 m11_value 在库内其他表中存在不同注释（7种）。保留原始注释，训练时需带表上下文。
public,wh_meteorological_day_records,m11_count,bigint,记录数11,气象数据日记录表,existing_comment,candidate_with_conflict_warning,medium,字段名 m11_count 在库内其他表中存在不同注释（3种）。保留原始注释，训练时需带表上下文。
public,wh_meteorological_day_records,m12_value,double precision,m12_value,气象数据日记录表,existing_comment,candidate_with_conflict_warning,medium,字段名 m12_value 在库内其他表中存在不同注释（7种）。保留原始注释，训练时需带表上下文。
public,wh_meteorological_day_records,m12_count,bigint,记录数12,气象数据日记录表,existing_comment,candidate_with_conflict_warning,medium,字段名 m12_count 在库内其他表中存在不同注释（3种）。保留原始注释，训练时需带表上下文。
public,wh_meteorological_day_records,m13_value,double precision,m13_value,气象数据日记录表,existing_comment,candidate_with_conflict_warning,medium,字段名 m13_value 在库内其他表中存在不同注释（7种）。保留原始注释，训练时需带表上下文。
public,wh_meteorological_day_records,m13_count,bigint,记录数13,气象数据日记录表,existing_comment,candidate_with_conflict_warning,medium,字段名 m13_count 在库内其他表中存在不同注释（3种）。保留原始注释，训练时需带表上下文。
public,wh_meteorological_day_records,m14_value,double precision,m14_value,气象数据日记录表,existing_comment,candidate_with_conflict_warning,medium,字段名 m14_value 在库内其他表中存在不同注释（6种）。保留原始注释，训练时需带表上下文。
public,wh_meteorological_day_records,m14_count,bigint,记录数14,气象数据日记录表,existing_comment,candidate_with_conflict_warning,medium,字段名 m14_count 在库内其他表中存在不同注释（3种）。保留原始注释，训练时需带表上下文。
public,wh_meteorological_day_records,m15_value,double precision,m15_value,气象数据日记录表,existing_comment,candidate_with_conflict_warning,medium,字段名 m15_value 在库内其他表中存在不同注释（6种）。保留原始注释，训练时需带表上下文。
public,wh_meteorological_day_records,m15_count,bigint,记录数15,气象数据日记录表,existing_comment,candidate_with_conflict_warning,medium,字段名 m15_count 在库内其他表中存在不同注释（3种）。保留原始注释，训练时需带表上下文。
public,wh_meteorological_day_records,rain_fall,double precision,8-20时降水量（mm）,气象数据日记录表,existing_comment,candidate_safe,low,字段已有注释，无同名字段冲突，可安全纳入训练候选。
public,wh_meteorological_day_records,high_temp,double precision,日最高气温（℃）,气象数据日记录表,existing_comment,candidate_safe,low,字段已有注释，无同名字段冲突，可安全纳入训练候选。
public,wh_meteorological_day_records,low_temp,double precision,日最低气温（℃）,气象数据日记录表,existing_comment,candidate_safe,low,字段已有注释，无同名字段冲突，可安全纳入训练候选。
public,wh_meteorological_day_records,record_type,character,记录类型：0 自动、1 手工,气象数据日记录表,existing_comment,candidate_with_conflict_warning,medium,字段名 record_type 在库内其他表中存在不同注释（4种）。保留原始注释，训练时需带表上下文。
public,wh_meteorological_day_records,monitor_time,timestamp without time zone,监测时间,气象数据日记录表,existing_comment,candidate_with_conflict_warning,medium,字段名 monitor_time 在库内其他表中存在不同注释（2种）。保留原始注释，训练时需带表上下文。
public,wh_meteorological_day_records,create_by,bigint,创建人,气象数据日记录表,existing_comment,candidate_with_conflict_warning,medium,字段名 create_by 在库内其他表中存在不同注释（4种）。保留原始注释，训练时需带表上下文。
public,wh_meteorological_day_records,create_time,timestamp without time zone,创建时间,气象数据日记录表,existing_comment,candidate_with_conflict_warning,medium,字段名 create_time 在库内其他表中存在不同注释（2种）。保留原始注释，训练时需带表上下文。
public,wh_meteorological_day_records,update_by,bigint,更新人,气象数据日记录表,existing_comment,candidate_with_conflict_warning,medium,字段名 update_by 在库内其他表中存在不同注释（5种）。保留原始注释，训练时需带表上下文。
public,wh_meteorological_day_records,update_time,timestamp without time zone,更新时间,气象数据日记录表,existing_comment,candidate_with_conflict_warning,medium,字段名 update_time 在库内其他表中存在不同注释（2种）。保留原始注释，训练时需带表上下文。
public,wh_meteorological_day_records,del_flag,character,删除标记：0 未删除、1 已删除,气象数据日记录表,existing_comment,candidate_with_conflict_warning,medium,字段名 del_flag 在库内其他表中存在不同注释（12种）。保留原始注释，训练时需带表上下文。
public,wh_meteorological_hour_records,id,bigint,id,气象数据小时记录表,existing_comment,candidate_with_conflict_warning,medium,字段名 id 在库内其他表中存在不同注释（10种）。保留原始注释，训练时需带表上下文。
public,wh_meteorological_hour_records,station_id,bigint,所属站点id,气象数据小时记录表,existing_comment,candidate_with_conflict_warning,medium,字段名 station_id 在库内其他表中存在不同注释（4种）。保留原始注释，训练时需带表上下文。
public,wh_meteorological_hour_records,m1_value,double precision,风速（m/s）,气象数据小时记录表,existing_comment,candidate_with_conflict_warning,medium,字段名 m1_value 在库内其他表中存在不同注释（8种）。保留原始注释，训练时需带表上下文。
public,wh_meteorological_hour_records,m2_value,double precision,风向,气象数据小时记录表,existing_comment,candidate_with_conflict_warning,medium,字段名 m2_value 在库内其他表中存在不同注释（7种）。保留原始注释，训练时需带表上下文。
public,wh_meteorological_hour_records,m3_value,double precision,气压（hPa）,气象数据小时记录表,existing_comment,candidate_with_conflict_warning,medium,字段名 m3_value 在库内其他表中存在不同注释（8种）。保留原始注释，训练时需带表上下文。
public,wh_meteorological_hour_records,m4_value,double precision,气温（℃）,气象数据小时记录表,existing_comment,candidate_with_conflict_warning,medium,字段名 m4_value 在库内其他表中存在不同注释（7种）。保留原始注释，训练时需带表上下文。
public,wh_meteorological_hour_records,m5_value,double precision,相对湿度（%）,气象数据小时记录表,existing_comment,candidate_with_conflict_warning,medium,字段名 m5_value 在库内其他表中存在不同注释（7种）。保留原始注释，训练时需带表上下文。
public,wh_meteorological_hour_records,m6_value,double precision,分钟降雨量（mm）,气象数据小时记录表,existing_comment,candidate_with_conflict_warning,medium,字段名 m6_value 在库内其他表中存在不同注释（7种）。保留原始注释，训练时需带表上下文。
public,wh_meteorological_hour_records,m7_value,double precision,蒸发量（单位mm/m2）,气象数据小时记录表,existing_comment,candidate_with_conflict_warning,medium,字段名 m7_value 在库内其他表中存在不同注释（6种）。保留原始注释，训练时需带表上下文。
public,wh_meteorological_hour_records,m8_value,double precision,小时降雨量（mm）,气象数据小时记录表,existing_comment,candidate_with_conflict_warning,medium,字段名 m8_value 在库内其他表中存在不同注释（6种）。保留原始注释，训练时需带表上下文。
public,wh_meteorological_hour_records,m9_value,double precision,24小时降雨量（mm）,气象数据小时记录表,existing_comment,candidate_with_conflict_warning,medium,字段名 m9_value 在库内其他表中存在不同注释（6种）。保留原始注释，训练时需带表上下文。
public,wh_meteorological_hour_records,m10_value,double precision,累计降雨量（mm）,气象数据小时记录表,existing_comment,candidate_with_conflict_warning,medium,字段名 m10_value 在库内其他表中存在不同注释（8种）。保留原始注释，训练时需带表上下文。
public,wh_meteorological_hour_records,m11_value,double precision,m11_value,气象数据小时记录表,existing_comment,candidate_with_conflict_warning,medium,字段名 m11_value 在库内其他表中存在不同注释（7种）。保留原始注释，训练时需带表上下文。
public,wh_meteorological_hour_records,m12_value,double precision,m12_value,气象数据小时记录表,existing_comment,candidate_with_conflict_warning,medium,字段名 m12_value 在库内其他表中存在不同注释（7种）。保留原始注释，训练时需带表上下文。
public,wh_meteorological_hour_records,m13_value,double precision,m13_value,气象数据小时记录表,existing_comment,candidate_with_conflict_warning,medium,字段名 m13_value 在库内其他表中存在不同注释（7种）。保留原始注释，训练时需带表上下文。
public,wh_meteorological_hour_records,m14_value,double precision,m14_value,气象数据小时记录表,existing_comment,candidate_with_conflict_warning,medium,字段名 m14_value 在库内其他表中存在不同注释（6种）。保留原始注释，训练时需带表上下文。
public,wh_meteorological_hour_records,m15_value,double precision,m15_value,气象数据小时记录表,existing_comment,candidate_with_conflict_warning,medium,字段名 m15_value 在库内其他表中存在不同注释（6种）。保留原始注释，训练时需带表上下文。
public,wh_meteorological_hour_records,record_type,character,记录类型：0 自动、1 手工,气象数据小时记录表,existing_comment,candidate_with_conflict_warning,medium,字段名 record_type 在库内其他表中存在不同注释（4种）。保留原始注释，训练时需带表上下文。
public,wh_meteorological_hour_records,monitor_time,timestamp without time zone,监测时间,气象数据小时记录表,existing_comment,candidate_with_conflict_warning,medium,字段名 monitor_time 在库内其他表中存在不同注释（2种）。保留原始注释，训练时需带表上下文。
public,wh_meteorological_hour_records,create_by,bigint,创建人,气象数据小时记录表,existing_comment,candidate_with_conflict_warning,medium,字段名 create_by 在库内其他表中存在不同注释（4种）。保留原始注释，训练时需带表上下文。
public,wh_meteorological_hour_records,create_time,timestamp without time zone,创建时间,气象数据小时记录表,existing_comment,candidate_with_conflict_warning,medium,字段名 create_time 在库内其他表中存在不同注释（2种）。保留原始注释，训练时需带表上下文。
public,wh_meteorological_hour_records,update_by,bigint,更新人,气象数据小时记录表,existing_comment,candidate_with_conflict_warning,medium,字段名 update_by 在库内其他表中存在不同注释（5种）。保留原始注释，训练时需带表上下文。
public,wh_meteorological_hour_records,update_time,timestamp without time zone,更新时间,气象数据小时记录表,existing_comment,candidate_with_conflict_warning,medium,字段名 update_time 在库内其他表中存在不同注释（2种）。保留原始注释，训练时需带表上下文。
public,wh_meteorological_hour_records,del_flag,character,删除标记：0 未删除、1 已删除,气象数据小时记录表,existing_comment,candidate_with_conflict_warning,medium,字段名 del_flag 在库内其他表中存在不同注释（12种）。保留原始注释，训练时需带表上下文。
public,wh_meteorological_predict_day_records,id,text,id,气象预报日记录表,existing_comment,candidate_with_conflict_warning,medium,字段名 id 在库内其他表中存在不同注释（10种）。保留原始注释，训练时需带表上下文。
public,wh_meteorological_predict_day_records,station_id,bigint,所属站点id,气象预报日记录表,existing_comment,candidate_with_conflict_warning,medium,字段名 station_id 在库内其他表中存在不同注释（4种）。保留原始注释，训练时需带表上下文。
public,wh_meteorological_predict_day_records,time,bigint,"预报时次,如08时、20时",气象预报日记录表,existing_comment,candidate_safe,low,字段已有注释，无同名字段冲突，可安全纳入训练候选。
public,wh_meteorological_predict_day_records,create_by,bigint,创建人,气象预报日记录表,existing_comment,candidate_with_conflict_warning,medium,字段名 create_by 在库内其他表中存在不同注释（4种）。保留原始注释，训练时需带表上下文。
public,wh_meteorological_predict_day_records,create_time,timestamp without time zone,创建时间,气象预报日记录表,existing_comment,candidate_with_conflict_warning,medium,字段名 create_time 在库内其他表中存在不同注释（2种）。保留原始注释，训练时需带表上下文。
public,wh_meteorological_predict_day_records,update_by,bigint,更新人,气象预报日记录表,existing_comment,candidate_with_conflict_warning,medium,字段名 update_by 在库内其他表中存在不同注释（5种）。保留原始注释，训练时需带表上下文。
public,wh_meteorological_predict_day_records,update_time,timestamp without time zone,更新时间,气象预报日记录表,existing_comment,candidate_with_conflict_warning,medium,字段名 update_time 在库内其他表中存在不同注释（2种）。保留原始注释，训练时需带表上下文。
public,wh_meteorological_predict_day_records,del_flag,character,删除标记：0 未删除、1 已删除,气象预报日记录表,existing_comment,candidate_with_conflict_warning,medium,字段名 del_flag 在库内其他表中存在不同注释（12种）。保留原始注释，训练时需带表上下文。
public,wh_meteorological_predict_hour_records,id,text,id,气象预报小时记录表,existing_comment,candidate_with_conflict_warning,medium,字段名 id 在库内其他表中存在不同注释（10种）。保留原始注释，训练时需带表上下文。
public,wh_meteorological_predict_hour_records,station_id,bigint,所属站点id,气象预报小时记录表,existing_comment,candidate_with_conflict_warning,medium,字段名 station_id 在库内其他表中存在不同注释（4种）。保留原始注释，训练时需带表上下文。
public,wh_meteorological_predict_hour_records,time,bigint,"预报时次,如08时、20时",气象预报小时记录表,existing_comment,candidate_safe,low,字段已有注释，无同名字段冲突，可安全纳入训练候选。
public,wh_meteorological_predict_hour_records,create_by,bigint,创建人,气象预报小时记录表,existing_comment,candidate_with_conflict_warning,medium,字段名 create_by 在库内其他表中存在不同注释（4种）。保留原始注释，训练时需带表上下文。
public,wh_meteorological_predict_hour_records,create_time,timestamp without time zone,创建时间,气象预报小时记录表,existing_comment,candidate_with_conflict_warning,medium,字段名 create_time 在库内其他表中存在不同注释（2种）。保留原始注释，训练时需带表上下文。
public,wh_meteorological_predict_hour_records,update_by,bigint,更新人,气象预报小时记录表,existing_comment,candidate_with_conflict_warning,medium,字段名 update_by 在库内其他表中存在不同注释（5种）。保留原始注释，训练时需带表上下文。
public,wh_meteorological_predict_hour_records,update_time,timestamp without time zone,更新时间,气象预报小时记录表,existing_comment,candidate_with_conflict_warning,medium,字段名 update_time 在库内其他表中存在不同注释（2种）。保留原始注释，训练时需带表上下文。
public,wh_meteorological_predict_hour_records,del_flag,character,删除标记：0 未删除、1 已删除,气象预报小时记录表,existing_comment,candidate_with_conflict_warning,medium,字段名 del_flag 在库内其他表中存在不同注释（12种）。保留原始注释，训练时需带表上下文。
public,wh_meteorological_records_1,id,bigint,数据id,气象数据表,existing_comment,candidate_with_conflict_warning,medium,字段名 id 在库内其他表中存在不同注释（10种）。保留原始注释，训练时需带表上下文。
public,wh_meteorological_records_1,station_id,bigint,所属站点id,气象数据表,existing_comment,candidate_with_conflict_warning,medium,字段名 station_id 在库内其他表中存在不同注释（4种）。保留原始注释，训练时需带表上下文。
public,wh_meteorological_records_1,indicator_code,character varying,监测指标编号,气象数据表,existing_comment,candidate_with_conflict_warning,medium,字段名 indicator_code 在库内其他表中存在不同注释（3种）。保留原始注释，训练时需带表上下文。
public,wh_meteorological_records_1,monitor_value,double precision,监测值,气象数据表,existing_comment,candidate_safe,low,字段已有注释，无同名字段冲突，可安全纳入训练候选。
public,wh_meteorological_records_1,monitor_time,timestamp without time zone,监测时间,气象数据表,existing_comment,candidate_with_conflict_warning,medium,字段名 monitor_time 在库内其他表中存在不同注释（2种）。保留原始注释，训练时需带表上下文。
public,wh_meteorological_records_1,record_type,character,记录类型：0 自动、1 手工,气象数据表,existing_comment,candidate_with_conflict_warning,medium,字段名 record_type 在库内其他表中存在不同注释（4种）。保留原始注释，训练时需带表上下文。
public,wh_meteorological_records_1,create_by,bigint,创建人,气象数据表,existing_comment,candidate_with_conflict_warning,medium,字段名 create_by 在库内其他表中存在不同注释（4种）。保留原始注释，训练时需带表上下文。
public,wh_meteorological_records_1,create_time,timestamp without time zone,创建时间,气象数据表,existing_comment,candidate_with_conflict_warning,medium,字段名 create_time 在库内其他表中存在不同注释（2种）。保留原始注释，训练时需带表上下文。
public,wh_meteorological_records_1,update_by,bigint,更新人,气象数据表,existing_comment,candidate_with_conflict_warning,medium,字段名 update_by 在库内其他表中存在不同注释（5种）。保留原始注释，训练时需带表上下文。
public,wh_meteorological_records_1,update_time,timestamp without time zone,更新时间,气象数据表,existing_comment,candidate_with_conflict_warning,medium,字段名 update_time 在库内其他表中存在不同注释（2种）。保留原始注释，训练时需带表上下文。
public,wh_meteorological_records_1,del_flag,character,删除标记：0 未删除、1 已删除,气象数据表,existing_comment,candidate_with_conflict_warning,medium,字段名 del_flag 在库内其他表中存在不同注释（12种）。保留原始注释，训练时需带表上下文。
public,wm_camera_info,id,bigint,主键,摄像头基本信息表,existing_comment,candidate_with_conflict_warning,medium,字段名 id 在库内其他表中存在不同注释（10种）。保留原始注释，训练时需带表上下文。
public,wm_camera_info,camera_name,character varying,摄像头名称,摄像头基本信息表,existing_comment,candidate_safe,low,字段已有注释，无同名字段冲突，可安全纳入训练候选。
public,wm_camera_info,device_type,character varying,设备类型,摄像头基本信息表,existing_comment,candidate_with_conflict_warning,medium,字段名 device_type 在库内其他表中存在不同注释（2种）。保留原始注释，训练时需带表上下文。
public,wm_camera_info,device_code,character varying,设备编号,摄像头基本信息表,existing_comment,candidate_with_conflict_warning,medium,字段名 device_code 在库内其他表中存在不同注释（2种）。保留原始注释，训练时需带表上下文。
public,wm_camera_info,device_supplier,character varying,设备厂商,摄像头基本信息表,existing_comment,candidate_safe,low,字段已有注释，无同名字段冲突，可安全纳入训练候选。
public,wm_camera_info,device_origin,character varying,设备来源,摄像头基本信息表,existing_comment,candidate_safe,low,字段已有注释，无同名字段冲突，可安全纳入训练候选。
public,wm_camera_info,address,character varying,摄像头地址,摄像头基本信息表,existing_comment,candidate_with_conflict_warning,medium,字段名 address 在库内其他表中存在不同注释（5种）。保留原始注释，训练时需带表上下文。
public,wm_camera_info,lon,numeric,经度,摄像头基本信息表,existing_comment,candidate_safe,low,字段已有注释，无同名字段冲突，可安全纳入训练候选。
public,wm_camera_info,lat,numeric,纬度,摄像头基本信息表,existing_comment,candidate_safe,low,字段已有注释，无同名字段冲突，可安全纳入训练候选。
public,wm_camera_info,monitor_subject,character varying,监控对象,摄像头基本信息表,existing_comment,candidate_safe,low,字段已有注释，无同名字段冲突，可安全纳入训练候选。
public,wm_camera_info,remark,character varying,备注,摄像头基本信息表,existing_comment,candidate_with_conflict_warning,medium,字段名 remark 在库内其他表中存在不同注释（2种）。保留原始注释，训练时需带表上下文。
public,wm_camera_info,create_by,bigint,创建人,摄像头基本信息表,existing_comment,candidate_with_conflict_warning,medium,字段名 create_by 在库内其他表中存在不同注释（4种）。保留原始注释，训练时需带表上下文。
public,wm_camera_info,create_time,timestamp without time zone,创建时间,摄像头基本信息表,existing_comment,candidate_with_conflict_warning,medium,字段名 create_time 在库内其他表中存在不同注释（2种）。保留原始注释，训练时需带表上下文。
public,wm_camera_info,update_by,bigint,更新人,摄像头基本信息表,existing_comment,candidate_with_conflict_warning,medium,字段名 update_by 在库内其他表中存在不同注释（5种）。保留原始注释，训练时需带表上下文。
public,wm_camera_info,update_time,timestamp without time zone,更新时间,摄像头基本信息表,existing_comment,candidate_with_conflict_warning,medium,字段名 update_time 在库内其他表中存在不同注释（2种）。保留原始注释，训练时需带表上下文。
public,wm_camera_info,del_flag,character varying,删除标记：0 未删除、1 已删除,摄像头基本信息表,existing_comment,candidate_with_conflict_warning,medium,字段名 del_flag 在库内其他表中存在不同注释（12种）。保留原始注释，训练时需带表上下文。
public,wm_camera_platform,device_code,character varying,设备编码(国标20位),视频平台设备信息表,existing_comment,candidate_with_conflict_warning,medium,字段名 device_code 在库内其他表中存在不同注释（2种）。保留原始注释，训练时需带表上下文。
public,wm_camera_platform,name,character varying,设备名称,视频平台设备信息表,existing_comment,candidate_with_conflict_warning,medium,字段名 name 在库内其他表中存在不同注释（14种）。保留原始注释，训练时需带表上下文。
public,wm_camera_platform,manufacturer,character varying,厂商,视频平台设备信息表,existing_comment,candidate_safe,low,字段已有注释，无同名字段冲突，可安全纳入训练候选。
public,wm_camera_platform,model,character varying,型号,视频平台设备信息表,existing_comment,candidate_safe,low,字段已有注释，无同名字段冲突，可安全纳入训练候选。
public,wm_camera_platform,transport,character varying,传输方式: TCP/UDP,视频平台设备信息表,existing_comment,candidate_safe,low,字段已有注释，无同名字段冲突，可安全纳入训练候选。
public,wm_camera_platform,stream_mode,character varying,流模式: TCP被动模式/UDP,视频平台设备信息表,existing_comment,candidate_safe,low,字段已有注释，无同名字段冲突，可安全纳入训练候选。
public,wm_camera_platform,ip_address,character varying,设备IP地址,视频平台设备信息表,existing_comment,candidate_safe,low,字段已有注释，无同名字段冲突，可安全纳入训练候选。
public,wm_camera_platform,port,integer,设备端口,视频平台设备信息表,existing_comment,candidate_safe,low,字段已有注释，无同名字段冲突，可安全纳入训练候选。
public,wm_camera_platform,online,smallint,"是否在线: 0-离线, 1-在线",视频平台设备信息表,existing_comment,candidate_safe,low,字段已有注释，无同名字段冲突，可安全纳入训练候选。
public,wm_camera_platform,heart_beat_interval,integer,心跳检测间隔(秒),视频平台设备信息表,existing_comment,candidate_safe,low,字段已有注释，无同名字段冲突，可安全纳入训练候选。
public,wm_camera_platform,heart_beat_count,integer,健康检查次数,视频平台设备信息表,existing_comment,candidate_safe,low,字段已有注释，无同名字段冲突，可安全纳入训练候选。
public,wm_camera_platform,charset,character varying,字符集,视频平台设备信息表,existing_comment,candidate_safe,low,字段已有注释，无同名字段冲突，可安全纳入训练候选。
public,wm_camera_platform,lon,double precision,经度,视频平台设备信息表,existing_comment,candidate_safe,low,字段已有注释，无同名字段冲突，可安全纳入训练候选。
public,wm_camera_platform,lat,double precision,纬度,视频平台设备信息表,existing_comment,candidate_safe,low,字段已有注释，无同名字段冲突，可安全纳入训练候选。
public,wm_camera_platform,remark,character varying,备注,视频平台设备信息表,existing_comment,candidate_with_conflict_warning,medium,字段名 remark 在库内其他表中存在不同注释（2种）。保留原始注释，训练时需带表上下文。
public,wm_camera_platform,create_by,bigint,创建人,视频平台设备信息表,existing_comment,candidate_with_conflict_warning,medium,字段名 create_by 在库内其他表中存在不同注释（4种）。保留原始注释，训练时需带表上下文。
public,wm_camera_platform,create_time,timestamp without time zone,创建时间,视频平台设备信息表,existing_comment,candidate_with_conflict_warning,medium,字段名 create_time 在库内其他表中存在不同注释（2种）。保留原始注释，训练时需带表上下文。
public,wm_camera_platform,update_by,bigint,更新人,视频平台设备信息表,existing_comment,candidate_with_conflict_warning,medium,字段名 update_by 在库内其他表中存在不同注释（5种）。保留原始注释，训练时需带表上下文。
public,wm_camera_platform,update_time,timestamp without time zone,更新时间,视频平台设备信息表,existing_comment,candidate_with_conflict_warning,medium,字段名 update_time 在库内其他表中存在不同注释（2种）。保留原始注释，训练时需带表上下文。
public,wm_camera_platform,del_flag,character varying,"删除标记: 0-未删除, 1-已删除",视频平台设备信息表,existing_comment,candidate_with_conflict_warning,medium,字段名 del_flag 在库内其他表中存在不同注释（12种）。保留原始注释，训练时需带表上下文。
public,wm_directory,id,bigint,主键ID,目录树实体,existing_comment,candidate_with_conflict_warning,medium,字段名 id 在库内其他表中存在不同注释（10种）。保留原始注释，训练时需带表上下文。
public,wm_directory,name,character varying,目录名称,目录树实体,existing_comment,candidate_with_conflict_warning,medium,字段名 name 在库内其他表中存在不同注释（14种）。保留原始注释，训练时需带表上下文。
public,wm_directory,parent_id,bigint,父目录ID，根目录为null,目录树实体,existing_comment,candidate_with_conflict_warning,medium,字段名 parent_id 在库内其他表中存在不同注释（2种）。保留原始注释，训练时需带表上下文。
public,wm_directory,path,character varying,完整路径,目录树实体,existing_comment,candidate_safe,low,字段已有注释，无同名字段冲突，可安全纳入训练候选。
public,wm_directory,description,character varying,目录描述,目录树实体,existing_comment,candidate_with_conflict_warning,medium,字段名 description 在库内其他表中存在不同注释（6种）。保留原始注释，训练时需带表上下文。
public,wm_directory,sort,integer,排序值,目录树实体,existing_comment,candidate_with_conflict_warning,medium,字段名 sort 在库内其他表中存在不同注释（3种）。保留原始注释，训练时需带表上下文。
public,wm_directory,type,character varying,目录类型（如：panorama/other）,目录树实体,existing_comment,candidate_with_conflict_warning,medium,字段名 type 在库内其他表中存在不同注释（10种）。保留原始注释，训练时需带表上下文。
public,wm_directory,create_time,timestamp without time zone,创建时间,目录树实体,existing_comment,candidate_with_conflict_warning,medium,字段名 create_time 在库内其他表中存在不同注释（2种）。保留原始注释，训练时需带表上下文。
public,wm_directory,update_time,timestamp without time zone,更新时间,目录树实体,existing_comment,candidate_with_conflict_warning,medium,字段名 update_time 在库内其他表中存在不同注释（2种）。保留原始注释，训练时需带表上下文。
public,wm_directory,is_deleted,boolean,是否删除,目录树实体,existing_comment,candidate_with_conflict_warning,medium,字段名 is_deleted 在库内其他表中存在不同注释（2种）。保留原始注释，训练时需带表上下文。
public,wm_hydrological_info,id,bigint,监测站点的唯一id,水位站基本信息表,existing_comment,candidate_with_conflict_warning,medium,字段名 id 在库内其他表中存在不同注释（10种）。保留原始注释，训练时需带表上下文。
public,wm_hydrological_info,station_code,character varying,水位站编码,水位站基本信息表,existing_comment,candidate_with_conflict_warning,medium,字段名 station_code 在库内其他表中存在不同注释（3种）。保留原始注释，训练时需带表上下文。
public,wm_hydrological_info,station_name,character varying,监测站点名称,水位站基本信息表,existing_comment,candidate_with_conflict_warning,medium,字段名 station_name 在库内其他表中存在不同注释（2种）。保留原始注释，训练时需带表上下文。
public,wm_hydrological_info,short_name,character varying,简称,水位站基本信息表,existing_comment,candidate_with_conflict_warning,medium,字段名 short_name 在库内其他表中存在不同注释（2种）。保留原始注释，训练时需带表上下文。
public,wm_hydrological_info,iot_connect_type,character varying,通信协议类型：0 tcp、1 http、2 mqtt,水位站基本信息表,existing_comment,candidate_safe,low,字段已有注释，无同名字段冲突，可安全纳入训练候选。
public,wm_hydrological_info,belong_to_city,character varying,归属地市,水位站基本信息表,existing_comment,candidate_safe,low,字段已有注释，无同名字段冲突，可安全纳入训练候选。
public,wm_hydrological_info,water_body_id,bigint,所属水体id,水位站基本信息表,existing_comment,candidate_with_conflict_warning,medium,字段名 water_body_id 在库内其他表中存在不同注释（2种）。保留原始注释，训练时需带表上下文。
public,wm_hydrological_info,station_type,character varying,站类型(岸基站1|浮船站2),水位站基本信息表,existing_comment,candidate_with_conflict_warning,medium,字段名 station_type 在库内其他表中存在不同注释（2种）。保留原始注释，训练时需带表上下文。
public,wm_hydrological_info,build_state,character varying,"建站状态(待建0,已建1)",水位站基本信息表,existing_comment,candidate_with_conflict_warning,medium,字段名 build_state 在库内其他表中存在不同注释（2种）。保留原始注释，训练时需带表上下文。
public,wm_hydrological_info,water_type,character varying,水体类型：0 河流、1 湖泊,水位站基本信息表,existing_comment,candidate_with_conflict_warning,medium,字段名 water_type 在库内其他表中存在不同注释（2种）。保留原始注释，训练时需带表上下文。
public,wm_hydrological_info,section_id,bigint,断面id,水位站基本信息表,existing_comment,candidate_safe,low,字段已有注释，无同名字段冲突，可安全纳入训练候选。
public,wm_hydrological_info,river_in,bigint,一维模型来流入汇口,水位站基本信息表,existing_comment,candidate_safe,low,字段已有注释，无同名字段冲突，可安全纳入训练候选。
public,wm_hydrological_info,pollutant_id,bigint,污染源id,水位站基本信息表,existing_comment,candidate_with_conflict_warning,medium,字段名 pollutant_id 在库内其他表中存在不同注释（3种）。保留原始注释，训练时需带表上下文。
public,wm_hydrological_info,in_outlet,character,污染源类型为污水处理厂时：0 进水口、1 出水口,水位站基本信息表,existing_comment,candidate_safe,low,字段已有注释，无同名字段冲突，可安全纳入训练候选。
public,wm_hydrological_info,river_out,bigint,一维模型出水口,水位站基本信息表,existing_comment,candidate_safe,low,字段已有注释，无同名字段冲突，可安全纳入训练候选。
public,wm_hydrological_info,efdc_in,character varying,efdc模型来流入汇口,水位站基本信息表,existing_comment,candidate_safe,low,字段已有注释，无同名字段冲突，可安全纳入训练候选。
public,wm_hydrological_info,efdc_out,character varying,efdc模型出水口,水位站基本信息表,existing_comment,candidate_safe,low,字段已有注释，无同名字段冲突，可安全纳入训练候选。
public,wm_hydrological_info,efdc_i,bigint,站点所在二维网格I值,水位站基本信息表,existing_comment,candidate_safe,low,字段已有注释，无同名字段冲突，可安全纳入训练候选。
public,wm_hydrological_info,efdc_j,bigint,站点所在二维网格J值,水位站基本信息表,existing_comment,candidate_safe,low,字段已有注释，无同名字段冲突，可安全纳入训练候选。
public,wm_hydrological_info,head_water,bigint,headwater序号,水位站基本信息表,existing_comment,candidate_safe,low,字段已有注释，无同名字段冲突，可安全纳入训练候选。
public,wm_hydrological_info,lake_in,character,是否为入湖港道：0 否、1 是,水位站基本信息表,existing_comment,candidate_safe,low,字段已有注释，无同名字段冲突，可安全纳入训练候选。
public,wm_hydrological_info,hydrological_table_name,character varying,水位监测记录表名,水位站基本信息表,existing_comment,candidate_with_conflict_warning,medium,字段名 hydrological_table_name 在库内其他表中存在不同注释（2种）。保留原始注释，训练时需带表上下文。
public,wm_hydrological_info,hydrological_indicator_codes,character varying,水位监测指标编号集合，逗号连接,水位站基本信息表,existing_comment,candidate_with_conflict_warning,medium,字段名 hydrological_indicator_codes 在库内其他表中存在不同注释（2种）。保留原始注释，训练时需带表上下文。
public,wm_hydrological_info,frequency,character varying,测量频率,水位站基本信息表,existing_comment,candidate_with_conflict_warning,medium,字段名 frequency 在库内其他表中存在不同注释（2种）。保留原始注释，训练时需带表上下文。
public,wm_hydrological_info,equipments,character varying,自动站的设备清单,水位站基本信息表,existing_comment,candidate_safe,low,字段已有注释，无同名字段冲突，可安全纳入训练候选。
public,wm_hydrological_info,build_time,date,建设时间,水位站基本信息表,existing_comment,candidate_safe,low,字段已有注释，无同名字段冲突，可安全纳入训练候选。
public,wm_hydrological_info,responsible_person,character varying,站点责任人,水位站基本信息表,existing_comment,candidate_safe,low,字段已有注释，无同名字段冲突，可安全纳入训练候选。
public,wm_hydrological_info,contact_number,character varying,责任人联系电话,水位站基本信息表,existing_comment,candidate_safe,low,字段已有注释，无同名字段冲突，可安全纳入训练候选。
public,wm_hydrological_info,img_url,character varying,照片地址,水位站基本信息表,existing_comment,candidate_with_conflict_warning,medium,字段名 img_url 在库内其他表中存在不同注释（2种）。保留原始注释，训练时需带表上下文。
public,wm_hydrological_info,img_name,character varying,照片名称,水位站基本信息表,existing_comment,candidate_safe,low,字段已有注释，无同名字段冲突，可安全纳入训练候选。
public,wm_hydrological_info,img_format,character varying,照片格式：img、png等,水位站基本信息表,existing_comment,candidate_safe,low,字段已有注释，无同名字段冲突，可安全纳入训练候选。
public,wm_hydrological_info,remark,character varying,备注信息,水位站基本信息表,existing_comment,candidate_with_conflict_warning,medium,字段名 remark 在库内其他表中存在不同注释（2种）。保留原始注释，训练时需带表上下文。
public,wm_hydrological_info,create_by,bigint,创建人,水位站基本信息表,existing_comment,candidate_with_conflict_warning,medium,字段名 create_by 在库内其他表中存在不同注释（4种）。保留原始注释，训练时需带表上下文。
public,wm_hydrological_info,create_time,timestamp without time zone,创建时间,水位站基本信息表,existing_comment,candidate_with_conflict_warning,medium,字段名 create_time 在库内其他表中存在不同注释（2种）。保留原始注释，训练时需带表上下文。
public,wm_hydrological_info,update_by,bigint,更新人,水位站基本信息表,existing_comment,candidate_with_conflict_warning,medium,字段名 update_by 在库内其他表中存在不同注释（5种）。保留原始注释，训练时需带表上下文。
public,wm_hydrological_info,update_time,timestamp without time zone,更新时间,水位站基本信息表,existing_comment,candidate_with_conflict_warning,medium,字段名 update_time 在库内其他表中存在不同注释（2种）。保留原始注释，训练时需带表上下文。
public,wm_hydrological_info,del_flag,character,删除标记：0 未删除、1 已删除,水位站基本信息表,existing_comment,candidate_with_conflict_warning,medium,字段名 del_flag 在库内其他表中存在不同注释（12种）。保留原始注释，训练时需带表上下文。
public,wm_image_info,pid,bigint,照片关联的id,档案图片信息表：用于保存各种站点、断面、污染源的图片信息,existing_comment,candidate_with_conflict_warning,medium,字段名 pid 在库内其他表中存在不同注释（2种）。保留原始注释，训练时需带表上下文。
public,wm_image_info,image_url,character varying,图片地址,档案图片信息表：用于保存各种站点、断面、污染源的图片信息,existing_comment,candidate_safe,low,字段已有注释，无同名字段冲突，可安全纳入训练候选。
public,wm_image_info,image_formats,character varying,图片格式,档案图片信息表：用于保存各种站点、断面、污染源的图片信息,existing_comment,candidate_safe,low,字段已有注释，无同名字段冲突，可安全纳入训练候选。
public,wm_image_info,image_type,smallint,图片类型：0-未知、1-断面、2-自动站......,档案图片信息表：用于保存各种站点、断面、污染源的图片信息,existing_comment,candidate_safe,low,字段已有注释，无同名字段冲突，可安全纳入训练候选。
public,wm_image_info,create_by,bigint,创建人,档案图片信息表：用于保存各种站点、断面、污染源的图片信息,existing_comment,candidate_with_conflict_warning,medium,字段名 create_by 在库内其他表中存在不同注释（4种）。保留原始注释，训练时需带表上下文。
public,wm_image_info,create_time,timestamp without time zone,创建时间,档案图片信息表：用于保存各种站点、断面、污染源的图片信息,existing_comment,candidate_with_conflict_warning,medium,字段名 create_time 在库内其他表中存在不同注释（2种）。保留原始注释，训练时需带表上下文。
public,wm_image_info,update_by,bigint,更新人,档案图片信息表：用于保存各种站点、断面、污染源的图片信息,existing_comment,candidate_with_conflict_warning,medium,字段名 update_by 在库内其他表中存在不同注释（5种）。保留原始注释，训练时需带表上下文。
public,wm_image_info,update_time,timestamp without time zone,更新时间,档案图片信息表：用于保存各种站点、断面、污染源的图片信息,existing_comment,candidate_with_conflict_warning,medium,字段名 update_time 在库内其他表中存在不同注释（2种）。保留原始注释，训练时需带表上下文。
public,wm_image_info,del_flag,character,删除标记: 0-未删除、1-已删除,档案图片信息表：用于保存各种站点、断面、污染源的图片信息,existing_comment,candidate_with_conflict_warning,medium,字段名 del_flag 在库内其他表中存在不同注释（12种）。保留原始注释，训练时需带表上下文。
public,wm_image_info,image_name,character varying,文件名称：原始文件名,档案图片信息表：用于保存各种站点、断面、污染源的图片信息,existing_comment,candidate_safe,low,字段已有注释，无同名字段冲突，可安全纳入训练候选。
public,wm_image_info,image_tag,character varying,图片标签,档案图片信息表：用于保存各种站点、断面、污染源的图片信息,existing_comment,candidate_safe,low,字段已有注释，无同名字段冲突，可安全纳入训练候选。
public,wm_meteorological_info,id,bigint,监测站点的唯一id,气象自动监测站基本信息表,existing_comment,candidate_with_conflict_warning,medium,字段名 id 在库内其他表中存在不同注释（10种）。保留原始注释，训练时需带表上下文。
public,wm_meteorological_info,station_code,character varying,气象编码,气象自动监测站基本信息表,existing_comment,candidate_with_conflict_warning,medium,字段名 station_code 在库内其他表中存在不同注释（3种）。保留原始注释，训练时需带表上下文。
public,wm_meteorological_info,station_name,character varying,监测站点名称,气象自动监测站基本信息表,existing_comment,candidate_with_conflict_warning,medium,字段名 station_name 在库内其他表中存在不同注释（2种）。保留原始注释，训练时需带表上下文。
public,wm_meteorological_info,short_name,character varying,简称,气象自动监测站基本信息表,existing_comment,candidate_with_conflict_warning,medium,字段名 short_name 在库内其他表中存在不同注释（2种）。保留原始注释，训练时需带表上下文。
public,wm_meteorological_info,iot_connect_type,character varying,通信协议类型：0 tcp、1 http、2 mqtt,气象自动监测站基本信息表,existing_comment,candidate_safe,low,字段已有注释，无同名字段冲突，可安全纳入训练候选。
public,wm_meteorological_info,belong_to_city,character varying,归属地市,气象自动监测站基本信息表,existing_comment,candidate_safe,low,字段已有注释，无同名字段冲突，可安全纳入训练候选。
public,wm_meteorological_info,station_type,character varying,站类型(岸基站1|浮船站2),气象自动监测站基本信息表,existing_comment,candidate_with_conflict_warning,medium,字段名 station_type 在库内其他表中存在不同注释（2种）。保留原始注释，训练时需带表上下文。
public,wm_meteorological_info,build_state,character varying,"建站状态(待建0,已建1)",气象自动监测站基本信息表,existing_comment,candidate_with_conflict_warning,medium,字段名 build_state 在库内其他表中存在不同注释（2种）。保留原始注释，训练时需带表上下文。
public,wm_meteorological_info,water_type,character varying,水体类型：0 河流、1 湖泊,气象自动监测站基本信息表,existing_comment,candidate_with_conflict_warning,medium,字段名 water_type 在库内其他表中存在不同注释（2种）。保留原始注释，训练时需带表上下文。
public,wm_meteorological_info,water_body_id,bigint,所属水体id,气象自动监测站基本信息表,existing_comment,candidate_with_conflict_warning,medium,字段名 water_body_id 在库内其他表中存在不同注释（2种）。保留原始注释，训练时需带表上下文。
public,wm_meteorological_info,section_id,bigint,断面id,气象自动监测站基本信息表,existing_comment,candidate_safe,low,字段已有注释，无同名字段冲突，可安全纳入训练候选。
public,wm_meteorological_info,river_in,bigint,一维模型来流入汇口,气象自动监测站基本信息表,existing_comment,candidate_safe,low,字段已有注释，无同名字段冲突，可安全纳入训练候选。
public,wm_meteorological_info,pollutant_id,bigint,污染源id,气象自动监测站基本信息表,existing_comment,candidate_with_conflict_warning,medium,字段名 pollutant_id 在库内其他表中存在不同注释（3种）。保留原始注释，训练时需带表上下文。
public,wm_meteorological_info,in_outlet,character,污染源类型为污水处理厂时：0 进水口、1 出水口,气象自动监测站基本信息表,existing_comment,candidate_safe,low,字段已有注释，无同名字段冲突，可安全纳入训练候选。
public,wm_meteorological_info,river_out,bigint,一维模型出水口,气象自动监测站基本信息表,existing_comment,candidate_safe,low,字段已有注释，无同名字段冲突，可安全纳入训练候选。
public,wm_meteorological_info,efdc_in,character varying,efdc模型来流入汇口,气象自动监测站基本信息表,existing_comment,candidate_safe,low,字段已有注释，无同名字段冲突，可安全纳入训练候选。
public,wm_meteorological_info,efdc_out,character varying,efdc模型出水口,气象自动监测站基本信息表,existing_comment,candidate_safe,low,字段已有注释，无同名字段冲突，可安全纳入训练候选。
public,wm_meteorological_info,efdc_i,bigint,站点所在二维网格I值,气象自动监测站基本信息表,existing_comment,candidate_safe,low,字段已有注释，无同名字段冲突，可安全纳入训练候选。
public,wm_meteorological_info,efdc_j,bigint,站点所在二维网格J值,气象自动监测站基本信息表,existing_comment,candidate_safe,low,字段已有注释，无同名字段冲突，可安全纳入训练候选。
public,wm_meteorological_info,head_water,bigint,headwater序号,气象自动监测站基本信息表,existing_comment,candidate_safe,low,字段已有注释，无同名字段冲突，可安全纳入训练候选。
public,wm_meteorological_info,lake_in,character,是否为入湖港道：0 否、1 是,气象自动监测站基本信息表,existing_comment,candidate_safe,low,字段已有注释，无同名字段冲突，可安全纳入训练候选。
public,wm_meteorological_info,meteorological_table_name,character varying,气象监测记录表名,气象自动监测站基本信息表,existing_comment,candidate_safe,low,字段已有注释，无同名字段冲突，可安全纳入训练候选。
public,wm_meteorological_info,meteorological_indicator_codes,character varying,气象监测指标编号集合，逗号连接,气象自动监测站基本信息表,existing_comment,candidate_with_conflict_warning,medium,字段名 meteorological_indicator_codes 在库内其他表中存在不同注释（2种）。保留原始注释，训练时需带表上下文。
public,wm_meteorological_info,frequency,character varying,测量频率,气象自动监测站基本信息表,existing_comment,candidate_with_conflict_warning,medium,字段名 frequency 在库内其他表中存在不同注释（2种）。保留原始注释，训练时需带表上下文。
public,wm_meteorological_info,equipments,character varying,自动站的设备清单,气象自动监测站基本信息表,existing_comment,candidate_safe,low,字段已有注释，无同名字段冲突，可安全纳入训练候选。
public,wm_meteorological_info,build_time,date,建设时间,气象自动监测站基本信息表,existing_comment,candidate_safe,low,字段已有注释，无同名字段冲突，可安全纳入训练候选。
public,wm_meteorological_info,responsible_person,character varying,站点责任人,气象自动监测站基本信息表,existing_comment,candidate_safe,low,字段已有注释，无同名字段冲突，可安全纳入训练候选。
public,wm_meteorological_info,contact_number,character varying,责任人联系电话,气象自动监测站基本信息表,existing_comment,candidate_safe,low,字段已有注释，无同名字段冲突，可安全纳入训练候选。
public,wm_meteorological_info,img_url,character varying,照片地址,气象自动监测站基本信息表,existing_comment,candidate_with_conflict_warning,medium,字段名 img_url 在库内其他表中存在不同注释（2种）。保留原始注释，训练时需带表上下文。
public,wm_meteorological_info,img_name,character varying,照片名称,气象自动监测站基本信息表,existing_comment,candidate_safe,low,字段已有注释，无同名字段冲突，可安全纳入训练候选。
public,wm_meteorological_info,img_format,character varying,照片格式：img、png等,气象自动监测站基本信息表,existing_comment,candidate_safe,low,字段已有注释，无同名字段冲突，可安全纳入训练候选。
public,wm_meteorological_info,remark,character varying,备注信息,气象自动监测站基本信息表,existing_comment,candidate_with_conflict_warning,medium,字段名 remark 在库内其他表中存在不同注释（2种）。保留原始注释，训练时需带表上下文。
public,wm_meteorological_info,create_by,bigint,创建人,气象自动监测站基本信息表,existing_comment,candidate_with_conflict_warning,medium,字段名 create_by 在库内其他表中存在不同注释（4种）。保留原始注释，训练时需带表上下文。
public,wm_meteorological_info,create_time,timestamp without time zone,创建时间,气象自动监测站基本信息表,existing_comment,candidate_with_conflict_warning,medium,字段名 create_time 在库内其他表中存在不同注释（2种）。保留原始注释，训练时需带表上下文。
public,wm_meteorological_info,update_by,bigint,更新人,气象自动监测站基本信息表,existing_comment,candidate_with_conflict_warning,medium,字段名 update_by 在库内其他表中存在不同注释（5种）。保留原始注释，训练时需带表上下文。
public,wm_meteorological_info,update_time,timestamp without time zone,更新时间,气象自动监测站基本信息表,existing_comment,candidate_with_conflict_warning,medium,字段名 update_time 在库内其他表中存在不同注释（2种）。保留原始注释，训练时需带表上下文。
public,wm_meteorological_info,del_flag,character,删除标记：0 未删除、1 已删除,气象自动监测站基本信息表,existing_comment,candidate_with_conflict_warning,medium,字段名 del_flag 在库内其他表中存在不同注释（12种）。保留原始注释，训练时需带表上下文。
public,wm_panorama_layer,id,bigint,自增主键,全景图层信息表,existing_comment,candidate_with_conflict_warning,medium,字段名 id 在库内其他表中存在不同注释（10种）。保留原始注释，训练时需带表上下文。
public,wm_panorama_layer,point_name,character varying,点位名称,全景图层信息表,existing_comment,candidate_safe,low,字段已有注释，无同名字段冲突，可安全纳入训练候选。
public,wm_panorama_layer,topic,character varying,所属专题,全景图层信息表,existing_comment,candidate_safe,low,字段已有注释，无同名字段冲突，可安全纳入训练候选。
public,wm_panorama_layer,directory_id,bigint,目录ID,全景图层信息表,existing_comment,candidate_safe,low,字段已有注释，无同名字段冲突，可安全纳入训练候选。
public,wm_panorama_layer,longitude,numeric,经度,全景图层信息表,existing_comment,candidate_with_conflict_warning,medium,字段名 longitude 在库内其他表中存在不同注释（2种）。保留原始注释，训练时需带表上下文。
public,wm_panorama_layer,latitude,numeric,纬度,全景图层信息表,existing_comment,candidate_with_conflict_warning,medium,字段名 latitude 在库内其他表中存在不同注释（2种）。保留原始注释，训练时需带表上下文。
public,wm_panorama_layer,icon,character varying,图标地址,全景图层信息表,existing_comment,candidate_safe,low,字段已有注释，无同名字段冲突，可安全纳入训练候选。
public,wm_panorama_layer,coverage_radius,numeric,覆盖半径(km),全景图层信息表,existing_comment,candidate_safe,low,字段已有注释，无同名字段冲突，可安全纳入训练候选。
public,wm_panorama_layer,create_time,timestamp without time zone,创建时间,全景图层信息表,existing_comment,candidate_with_conflict_warning,medium,字段名 create_time 在库内其他表中存在不同注释（2种）。保留原始注释，训练时需带表上下文。
public,wm_panorama_layer,update_time,timestamp without time zone,更新时间,全景图层信息表,existing_comment,candidate_with_conflict_warning,medium,字段名 update_time 在库内其他表中存在不同注释（2种）。保留原始注释，训练时需带表上下文。
public,wm_panorama_layer,is_deleted,boolean,是否删除（true:已删除，false:未删除）,全景图层信息表,existing_comment,candidate_with_conflict_warning,medium,字段名 is_deleted 在库内其他表中存在不同注释（2种）。保留原始注释，训练时需带表上下文。
public,wm_panorama_layer_relation,id,bigint,自增主键,全景图层关联关系表,existing_comment,candidate_with_conflict_warning,medium,字段名 id 在库内其他表中存在不同注释（10种）。保留原始注释，训练时需带表上下文。
public,wm_panorama_layer_relation,panorama_id,bigint,全景ID,全景图层关联关系表,existing_comment,candidate_safe,low,字段已有注释，无同名字段冲突，可安全纳入训练候选。
public,wm_panorama_layer_relation,layer_id,character varying,图层ID,全景图层关联关系表,existing_comment,candidate_with_conflict_warning,medium,字段名 layer_id 在库内其他表中存在不同注释（2种）。保留原始注释，训练时需带表上下文。
public,wm_panorama_layer_relation,feature_id,character varying,要素ID,全景图层关联关系表,existing_comment,candidate_safe,low,字段已有注释，无同名字段冲突，可安全纳入训练候选。
public,wm_panorama_layer_relation,create_time,timestamp without time zone,创建时间,全景图层关联关系表,existing_comment,candidate_with_conflict_warning,medium,字段名 create_time 在库内其他表中存在不同注释（2种）。保留原始注释，训练时需带表上下文。
public,wm_panorama_layer_relation,update_time,timestamp without time zone,更新时间,全景图层关联关系表,existing_comment,candidate_with_conflict_warning,medium,字段名 update_time 在库内其他表中存在不同注释（2种）。保留原始注释，训练时需带表上下文。
public,wm_panorama_layer_relation,is_deleted,boolean,是否删除（true:已删除，false:未删除）,全景图层关联关系表,existing_comment,candidate_with_conflict_warning,medium,字段名 is_deleted 在库内其他表中存在不同注释（2种）。保留原始注释，训练时需带表上下文。
public,wm_panorama_video,id,integer,自增主键,全景视频信息表,existing_comment,candidate_with_conflict_warning,medium,字段名 id 在库内其他表中存在不同注释（10种）。保留原始注释，训练时需带表上下文。
public,wm_panorama_video,layer_id,integer,所属全景图层ID,全景视频信息表,existing_comment,candidate_with_conflict_warning,medium,字段名 layer_id 在库内其他表中存在不同注释（2种）。保留原始注释，训练时需带表上下文。
public,wm_panorama_video,name,character varying,视频名称,全景视频信息表,existing_comment,candidate_with_conflict_warning,medium,字段名 name 在库内其他表中存在不同注释（14种）。保留原始注释，训练时需带表上下文。
public,wm_panorama_video,shoot_time,timestamp without time zone,拍摄时间,全景视频信息表,existing_comment,candidate_safe,low,字段已有注释，无同名字段冲突，可安全纳入训练候选。
public,wm_panorama_video,description,text,描述,全景视频信息表,existing_comment,candidate_with_conflict_warning,medium,字段名 description 在库内其他表中存在不同注释（6种）。保留原始注释，训练时需带表上下文。
public,wm_panorama_video,url,character varying,访问地址,全景视频信息表,existing_comment,candidate_safe,low,字段已有注释，无同名字段冲突，可安全纳入训练候选。
public,wm_panorama_video,create_time,timestamp without time zone,创建时间,全景视频信息表,existing_comment,candidate_with_conflict_warning,medium,字段名 create_time 在库内其他表中存在不同注释（2种）。保留原始注释，训练时需带表上下文。
public,wm_panorama_video,update_time,timestamp without time zone,更新时间,全景视频信息表,existing_comment,candidate_with_conflict_warning,medium,字段名 update_time 在库内其他表中存在不同注释（2种）。保留原始注释，训练时需带表上下文。
public,wm_panorama_video,is_deleted,boolean,是否删除（true:已删除，false:未删除）,全景视频信息表,existing_comment,candidate_with_conflict_warning,medium,字段名 is_deleted 在库内其他表中存在不同注释（2种）。保留原始注释，训练时需带表上下文。
public,wm_raster_info,scene_id,character varying,遥感监测影像信息实体类,,existing_comment,candidate_safe,low,字段已有注释，无同名字段冲突，可安全纳入训练候选。
public,wm_raster_info,satellite_info,character varying,拍摄卫星,,existing_comment,candidate_safe,low,字段已有注释，无同名字段冲突，可安全纳入训练候选。
public,wm_raster_info,sensor_info,character varying,传感器信息,,existing_comment,candidate_safe,low,字段已有注释，无同名字段冲突，可安全纳入训练候选。
public,wm_raster_info,orbit_name,character varying,轨道名称,,existing_comment,candidate_safe,low,字段已有注释，无同名字段冲突，可安全纳入训练候选。
public,wm_raster_info,processing_version,character varying,数据级别,,existing_comment,candidate_safe,low,字段已有注释，无同名字段冲突，可安全纳入训练候选。
public,wm_raster_info,content_type,character varying,文件内容类型,,existing_comment,candidate_safe,low,字段已有注释，无同名字段冲突，可安全纳入训练候选。
public,wm_raster_info,data_location,character varying,数据位置,,existing_comment,candidate_safe,low,字段已有注释，无同名字段冲突，可安全纳入训练候选。
public,wm_raster_info,image_datetime,timestamp without time zone,影像获取时间（年_月_日_时_分）,,existing_comment,candidate_safe,low,字段已有注释，无同名字段冲突，可安全纳入训练候选。
public,wm_raster_info,image_path,character varying,缩略图路径,,existing_comment,candidate_with_conflict_warning,medium,字段名 image_path 在库内其他表中存在不同注释（3种）。保留原始注释，训练时需带表上下文。
public,wm_raster_info,inversion_flag,character varying,是否反演,,existing_comment,candidate_safe,low,字段已有注释，无同名字段冲突，可安全纳入训练候选。
public,wm_raster_info,create_time,timestamp without time zone,创建时间,,existing_comment,candidate_with_conflict_warning,medium,字段名 create_time 在库内其他表中存在不同注释（2种）。保留原始注释，训练时需带表上下文。
public,wm_raster_info,update_time,timestamp without time zone,更新时间,,existing_comment,candidate_with_conflict_warning,medium,字段名 update_time 在库内其他表中存在不同注释（2种）。保留原始注释，训练时需带表上下文。
public,wm_raster_info,del_flag,character,删除标志：0-正常，1-已删除,,existing_comment,candidate_with_conflict_warning,medium,字段名 del_flag 在库内其他表中存在不同注释（12种）。保留原始注释，训练时需带表上下文。
public,wm_raster_inversion,record_id,bigint,遥感反演结果表（合并版）,,existing_comment,candidate_safe,low,字段已有注释，无同名字段冲突，可安全纳入训练候选。
public,wm_raster_inversion,indicator_code,bigint,遥感监测分析项编码,,existing_comment,candidate_with_conflict_warning,medium,字段名 indicator_code 在库内其他表中存在不同注释（3种）。保留原始注释，训练时需带表上下文。
public,wm_raster_inversion,indicator_name,character varying,指标项名称,,existing_comment,candidate_with_conflict_warning,medium,字段名 indicator_name 在库内其他表中存在不同注释（2种）。保留原始注释，训练时需带表上下文。
public,wm_raster_inversion,inversion_type,character varying,反演类型：water_environment-水环境，algalbloom-水生态，landuse-土地利用,,existing_comment,candidate_safe,low,字段已有注释，无同名字段冲突，可安全纳入训练候选。
public,wm_raster_inversion,file_path,character varying,反演文件路径,,existing_comment,candidate_with_conflict_warning,medium,字段名 file_path 在库内其他表中存在不同注释（2种）。保留原始注释，训练时需带表上下文。
public,wm_raster_inversion,l1_area,double precision,I类/浮叶挺水植被/背景面积,,existing_comment,candidate_safe,low,字段已有注释，无同名字段冲突，可安全纳入训练候选。
public,wm_raster_inversion,l2_area,double precision,II类/沉水植被/耕地面积,,existing_comment,candidate_safe,low,字段已有注释，无同名字段冲突，可安全纳入训练候选。
public,wm_raster_inversion,l3_area,double precision,III类/水华/园地面积,,existing_comment,candidate_safe,low,字段已有注释，无同名字段冲突，可安全纳入训练候选。
public,wm_raster_inversion,l4_area,double precision,IV类/水体/林地面积,,existing_comment,candidate_safe,low,字段已有注释，无同名字段冲突，可安全纳入训练候选。
public,wm_raster_inversion,l5_area,double precision,V类/水体面积,,existing_comment,candidate_safe,low,字段已有注释，无同名字段冲突，可安全纳入训练候选。
public,wm_raster_inversion,l6_area,double precision,劣V类/建设用地面积,,existing_comment,candidate_safe,low,字段已有注释，无同名字段冲突，可安全纳入训练候选。
public,wm_raster_inversion,unit,character varying,面积单位,,existing_comment,candidate_with_conflict_warning,medium,字段名 unit 在库内其他表中存在不同注释（3种）。保留原始注释，训练时需带表上下文。
public,wm_raster_inversion,service_url,text,服务地址,,existing_comment,candidate_safe,low,字段已有注释，无同名字段冲突，可安全纳入训练候选。
public,wm_raster_inversion,data_time,timestamp without time zone,数据日期,,existing_comment,candidate_safe,low,字段已有注释，无同名字段冲突，可安全纳入训练候选。
public,wm_raster_inversion,create_time,timestamp without time zone,创建时间,,existing_comment,candidate_with_conflict_warning,medium,字段名 create_time 在库内其他表中存在不同注释（2种）。保留原始注释，训练时需带表上下文。
public,wm_raster_inversion,update_time,timestamp without time zone,更新时间,,existing_comment,candidate_with_conflict_warning,medium,字段名 update_time 在库内其他表中存在不同注释（2种）。保留原始注释，训练时需带表上下文。
public,wm_raster_inversion,del_flag,character,删除标志,,existing_comment,candidate_with_conflict_warning,medium,字段名 del_flag 在库内其他表中存在不同注释（12种）。保留原始注释，训练时需带表上下文。
public,wm_section_info,id,bigint,断面id,断面基本信息表,existing_comment,candidate_with_conflict_warning,medium,字段名 id 在库内其他表中存在不同注释（10种）。保留原始注释，训练时需带表上下文。
public,wm_section_info,water_body_id,bigint,水体id,断面基本信息表,existing_comment,candidate_with_conflict_warning,medium,字段名 water_body_id 在库内其他表中存在不同注释（2种）。保留原始注释，训练时需带表上下文。
public,wm_section_info,control_unit_id,bigint,控制单元id,断面基本信息表,existing_comment,candidate_with_conflict_warning,medium,字段名 control_unit_id 在库内其他表中存在不同注释（2种）。保留原始注释，训练时需带表上下文。
public,wm_section_info,region_id,bigint,所属区域id,断面基本信息表,existing_comment,candidate_safe,low,字段已有注释，无同名字段冲突，可安全纳入训练候选。
public,wm_section_info,section_code,character varying,断面编码,断面基本信息表,existing_comment,candidate_safe,low,字段已有注释，无同名字段冲突，可安全纳入训练候选。
public,wm_section_info,section_name,character varying,断面名称,断面基本信息表,existing_comment,candidate_with_conflict_warning,medium,字段名 section_name 在库内其他表中存在不同注释（2种）。保留原始注释，训练时需带表上下文。
public,wm_section_info,trans_regional,character varying,跨界类型,断面基本信息表,existing_comment,candidate_safe,low,字段已有注释，无同名字段冲突，可安全纳入训练候选。
public,wm_section_info,geom,USER-DEFINED,几何信息,断面基本信息表,existing_comment,candidate_with_conflict_warning,medium,字段名 geom 在库内其他表中存在不同注释（9种）。保留原始注释，训练时需带表上下文。
public,wm_section_info,section_nature,character varying,断面属性,断面基本信息表,existing_comment,candidate_safe,low,字段已有注释，无同名字段冲突，可安全纳入训练候选。
public,wm_section_info,section_level,character varying,断面级别：0-国控、1-省控、2-市控,断面基本信息表,existing_comment,candidate_safe,low,字段已有注释，无同名字段冲突，可安全纳入训练候选。
public,wm_section_info,manage_type,character varying,管理类型,断面基本信息表,existing_comment,candidate_safe,low,字段已有注释，无同名字段冲突，可安全纳入训练候选。
public,wm_section_info,manage_level,character varying,管理级别,断面基本信息表,existing_comment,candidate_safe,low,字段已有注释，无同名字段冲突，可安全纳入训练候选。
public,wm_section_info,is_examine,character,考核断面：0 否、1 是,断面基本信息表,existing_comment,candidate_safe,low,字段已有注释，无同名字段冲突，可安全纳入训练候选。
public,wm_section_info,examine_level,character varying,考核级别,断面基本信息表,existing_comment,candidate_safe,low,字段已有注释，无同名字段冲突，可安全纳入训练候选。
public,wm_section_info,examine_city,character varying,考核城市,断面基本信息表,existing_comment,candidate_safe,low,字段已有注释，无同名字段冲突，可安全纳入训练候选。
public,wm_section_info,tributary_trunk,character,支流/干流：0 干流、1 支流,断面基本信息表,existing_comment,candidate_safe,low,字段已有注释，无同名字段冲突，可安全纳入训练候选。
public,wm_section_info,upstream_section_id,bigint,上游断面id,断面基本信息表,existing_comment,candidate_safe,low,字段已有注释，无同名字段冲突，可安全纳入训练候选。
public,wm_section_info,grid_code,character varying,网格号,断面基本信息表,existing_comment,candidate_safe,low,字段已有注释，无同名字段冲突，可安全纳入训练候选。
public,wm_section_info,grid_i,character varying,网格I值,断面基本信息表,existing_comment,candidate_safe,low,字段已有注释，无同名字段冲突，可安全纳入训练候选。
public,wm_section_info,grid_j,character varying,网格J值,断面基本信息表,existing_comment,candidate_safe,low,字段已有注释，无同名字段冲突，可安全纳入训练候选。
public,wm_section_info,remark,character varying,备注,断面基本信息表,existing_comment,candidate_with_conflict_warning,medium,字段名 remark 在库内其他表中存在不同注释（2种）。保留原始注释，训练时需带表上下文。
public,wm_section_info,create_by,bigint,创建人,断面基本信息表,existing_comment,candidate_with_conflict_warning,medium,字段名 create_by 在库内其他表中存在不同注释（4种）。保留原始注释，训练时需带表上下文。
public,wm_section_info,create_time,timestamp without time zone,创建时间,断面基本信息表,existing_comment,candidate_with_conflict_warning,medium,字段名 create_time 在库内其他表中存在不同注释（2种）。保留原始注释，训练时需带表上下文。
public,wm_section_info,update_by,bigint,更新人,断面基本信息表,existing_comment,candidate_with_conflict_warning,medium,字段名 update_by 在库内其他表中存在不同注释（5种）。保留原始注释，训练时需带表上下文。
public,wm_section_info,update_time,timestamp without time zone,更新时间,断面基本信息表,existing_comment,candidate_with_conflict_warning,medium,字段名 update_time 在库内其他表中存在不同注释（2种）。保留原始注释，训练时需带表上下文。
public,wm_section_info,del_flag,character,删除标记：0 未删除、1 已删除,断面基本信息表,existing_comment,candidate_with_conflict_warning,medium,字段名 del_flag 在库内其他表中存在不同注释（12种）。保留原始注释，训练时需带表上下文。
public,wm_section_wq_info,id,bigint,id,断面水质目标信息表,existing_comment,candidate_with_conflict_warning,medium,字段名 id 在库内其他表中存在不同注释（10种）。保留原始注释，训练时需带表上下文。
public,wm_section_wq_info,section_id,bigint,断面id,断面水质目标信息表,existing_comment,candidate_safe,low,字段已有注释，无同名字段冲突，可安全纳入训练候选。
public,wm_section_wq_info,year,bigint,年份,断面水质目标信息表,existing_comment,candidate_safe,low,字段已有注释，无同名字段冲突，可安全纳入训练候选。
public,wm_section_wq_info,month,bigint,"月份：0,1,2,3,4,5,6,7,8,9,10,11,12（0表示全年）",断面水质目标信息表,existing_comment,candidate_with_conflict_warning,medium,字段名 month 在库内其他表中存在不同注释（2种）。保留原始注释，训练时需带表上下文。
public,wm_section_wq_info,water_quality_target_level,character varying,目标水质,断面水质目标信息表,existing_comment,candidate_safe,low,字段已有注释，无同名字段冲突，可安全纳入训练候选。
public,wm_section_wq_info,create_by,bigint,创建人,断面水质目标信息表,existing_comment,candidate_with_conflict_warning,medium,字段名 create_by 在库内其他表中存在不同注释（4种）。保留原始注释，训练时需带表上下文。
public,wm_section_wq_info,create_time,timestamp without time zone,创建时间,断面水质目标信息表,existing_comment,candidate_with_conflict_warning,medium,字段名 create_time 在库内其他表中存在不同注释（2种）。保留原始注释，训练时需带表上下文。
public,wm_section_wq_info,update_by,bigint,更新人,断面水质目标信息表,existing_comment,candidate_with_conflict_warning,medium,字段名 update_by 在库内其他表中存在不同注释（5种）。保留原始注释，训练时需带表上下文。
public,wm_section_wq_info,update_time,timestamp without time zone,更新时间,断面水质目标信息表,existing_comment,candidate_with_conflict_warning,medium,字段名 update_time 在库内其他表中存在不同注释（2种）。保留原始注释，训练时需带表上下文。
public,wm_section_wq_info,del_flag,character,删除标记：0 未删除、1 已删除,断面水质目标信息表,existing_comment,candidate_with_conflict_warning,medium,字段名 del_flag 在库内其他表中存在不同注释（12种）。保留原始注释，训练时需带表上下文。
public,wm_station_info,id,bigint,监测站点的唯一id,水质自动监测站基本信息表,existing_comment,candidate_with_conflict_warning,medium,字段名 id 在库内其他表中存在不同注释（10种）。保留原始注释，训练时需带表上下文。
public,wm_station_info,station_code,character varying,站点编码,水质自动监测站基本信息表,existing_comment,candidate_with_conflict_warning,medium,字段名 station_code 在库内其他表中存在不同注释（3种）。保留原始注释，训练时需带表上下文。
public,wm_station_info,station_name,character varying,监测站点名称,水质自动监测站基本信息表,existing_comment,candidate_with_conflict_warning,medium,字段名 station_name 在库内其他表中存在不同注释（2种）。保留原始注释，训练时需带表上下文。
public,wm_station_info,short_name,character varying,简称,水质自动监测站基本信息表,existing_comment,candidate_with_conflict_warning,medium,字段名 short_name 在库内其他表中存在不同注释（2种）。保留原始注释，训练时需带表上下文。
public,wm_station_info,iot_connect_type,character varying,通信协议类型：0 tcp、1 http、2 mqtt,水质自动监测站基本信息表,existing_comment,candidate_safe,low,字段已有注释，无同名字段冲突，可安全纳入训练候选。
public,wm_station_info,belong_to_city,character varying,归属地市,水质自动监测站基本信息表,existing_comment,candidate_safe,low,字段已有注释，无同名字段冲突，可安全纳入训练候选。
public,wm_station_info,station_type,character varying,站类型(岸基站1|浮船站2),水质自动监测站基本信息表,existing_comment,candidate_with_conflict_warning,medium,字段名 station_type 在库内其他表中存在不同注释（2种）。保留原始注释，训练时需带表上下文。
public,wm_station_info,build_state,character varying,"建站状态(待建0,已建1)",水质自动监测站基本信息表,existing_comment,candidate_with_conflict_warning,medium,字段名 build_state 在库内其他表中存在不同注释（2种）。保留原始注释，训练时需带表上下文。
public,wm_station_info,water_type,character varying,水体类型：0 河流、1 湖泊,水质自动监测站基本信息表,existing_comment,candidate_with_conflict_warning,medium,字段名 water_type 在库内其他表中存在不同注释（2种）。保留原始注释，训练时需带表上下文。
public,wm_station_info,water_body_id,bigint,所属水体id,水质自动监测站基本信息表,existing_comment,candidate_with_conflict_warning,medium,字段名 water_body_id 在库内其他表中存在不同注释（2种）。保留原始注释，训练时需带表上下文。
public,wm_station_info,section_id,bigint,断面id,水质自动监测站基本信息表,existing_comment,candidate_safe,low,字段已有注释，无同名字段冲突，可安全纳入训练候选。
public,wm_station_info,river_in,bigint,一维模型来流入汇口,水质自动监测站基本信息表,existing_comment,candidate_safe,low,字段已有注释，无同名字段冲突，可安全纳入训练候选。
public,wm_station_info,pollutant_id,bigint,污染源id,水质自动监测站基本信息表,existing_comment,candidate_with_conflict_warning,medium,字段名 pollutant_id 在库内其他表中存在不同注释（3种）。保留原始注释，训练时需带表上下文。
public,wm_station_info,in_outlet,character,污染源类型为污水处理厂时：0 进水口、1 出水口,水质自动监测站基本信息表,existing_comment,candidate_safe,low,字段已有注释，无同名字段冲突，可安全纳入训练候选。
public,wm_station_info,river_out,bigint,一维模型出水口,水质自动监测站基本信息表,existing_comment,candidate_safe,low,字段已有注释，无同名字段冲突，可安全纳入训练候选。
public,wm_station_info,efdc_in,character varying,efdc模型来流入汇口,水质自动监测站基本信息表,existing_comment,candidate_safe,low,字段已有注释，无同名字段冲突，可安全纳入训练候选。
public,wm_station_info,efdc_out,character varying,efdc模型出水口,水质自动监测站基本信息表,existing_comment,candidate_safe,low,字段已有注释，无同名字段冲突，可安全纳入训练候选。
public,wm_station_info,efdc_i,bigint,站点所在二维网格I值,水质自动监测站基本信息表,existing_comment,candidate_safe,low,字段已有注释，无同名字段冲突，可安全纳入训练候选。
public,wm_station_info,efdc_j,bigint,站点所在二维网格J值,水质自动监测站基本信息表,existing_comment,candidate_safe,low,字段已有注释，无同名字段冲突，可安全纳入训练候选。
public,wm_station_info,head_water,bigint,headwater序号,水质自动监测站基本信息表,existing_comment,candidate_safe,low,字段已有注释，无同名字段冲突，可安全纳入训练候选。
public,wm_station_info,lake_in,character,是否为入湖港道：0 否、1 是,水质自动监测站基本信息表,existing_comment,candidate_safe,low,字段已有注释，无同名字段冲突，可安全纳入训练候选。
public,wm_station_info,water_quality_table_name,character varying,水质监测记录表名,水质自动监测站基本信息表,existing_comment,candidate_safe,low,字段已有注释，无同名字段冲突，可安全纳入训练候选。
public,wm_station_info,hydrological_table_name,character varying,水文监测记录表名,水质自动监测站基本信息表,existing_comment,candidate_with_conflict_warning,medium,字段名 hydrological_table_name 在库内其他表中存在不同注释（2种）。保留原始注释，训练时需带表上下文。
public,wm_station_info,meteorological_table_name,character varying,气象监测记录表名,水质自动监测站基本信息表,existing_comment,candidate_safe,low,字段已有注释，无同名字段冲突，可安全纳入训练候选。
public,wm_station_info,water_quality_indicator_codes,character varying,水质监测指标id集合，逗号连接,水质自动监测站基本信息表,existing_comment,candidate_safe,low,字段已有注释，无同名字段冲突，可安全纳入训练候选。
public,wm_station_info,hydrological_indicator_codes,character varying,水文监测指标id集合，逗号连接,水质自动监测站基本信息表,existing_comment,candidate_with_conflict_warning,medium,字段名 hydrological_indicator_codes 在库内其他表中存在不同注释（2种）。保留原始注释，训练时需带表上下文。
public,wm_station_info,meteorological_indicator_codes,character varying,气象监测指标id集合，逗号连接,水质自动监测站基本信息表,existing_comment,candidate_with_conflict_warning,medium,字段名 meteorological_indicator_codes 在库内其他表中存在不同注释（2种）。保留原始注释，训练时需带表上下文。
public,wm_station_info,intake_lon,double precision,取水口位置,水质自动监测站基本信息表,existing_comment,candidate_safe,low,字段已有注释，无同名字段冲突，可安全纳入训练候选。
public,wm_station_info,intake_lat,double precision,取水口位置,水质自动监测站基本信息表,existing_comment,candidate_safe,low,字段已有注释，无同名字段冲突，可安全纳入训练候选。
public,wm_station_info,frequency,character varying,测量频率,水质自动监测站基本信息表,existing_comment,candidate_with_conflict_warning,medium,字段名 frequency 在库内其他表中存在不同注释（2种）。保留原始注释，训练时需带表上下文。
public,wm_station_info,equipments,character varying,自动站的设备清单,水质自动监测站基本信息表,existing_comment,candidate_safe,low,字段已有注释，无同名字段冲突，可安全纳入训练候选。
public,wm_station_info,build_time,date,建设时间,水质自动监测站基本信息表,existing_comment,candidate_safe,low,字段已有注释，无同名字段冲突，可安全纳入训练候选。
public,wm_station_info,responsible_person,character varying,站点责任人,水质自动监测站基本信息表,existing_comment,candidate_safe,low,字段已有注释，无同名字段冲突，可安全纳入训练候选。
public,wm_station_info,contact_number,character varying,责任人联系电话,水质自动监测站基本信息表,existing_comment,candidate_safe,low,字段已有注释，无同名字段冲突，可安全纳入训练候选。
public,wm_station_info,img_url,character varying,照片地址,水质自动监测站基本信息表,existing_comment,candidate_with_conflict_warning,medium,字段名 img_url 在库内其他表中存在不同注释（2种）。保留原始注释，训练时需带表上下文。
public,wm_station_info,img_name,character varying,照片名称,水质自动监测站基本信息表,existing_comment,candidate_safe,low,字段已有注释，无同名字段冲突，可安全纳入训练候选。
public,wm_station_info,img_format,character varying,照片格式：img、png等,水质自动监测站基本信息表,existing_comment,candidate_safe,low,字段已有注释，无同名字段冲突，可安全纳入训练候选。
public,wm_station_info,remark,character varying,备注信息,水质自动监测站基本信息表,existing_comment,candidate_with_conflict_warning,medium,字段名 remark 在库内其他表中存在不同注释（2种）。保留原始注释，训练时需带表上下文。
public,wm_station_info,create_by,bigint,创建人,水质自动监测站基本信息表,existing_comment,candidate_with_conflict_warning,medium,字段名 create_by 在库内其他表中存在不同注释（4种）。保留原始注释，训练时需带表上下文。
public,wm_station_info,create_time,timestamp without time zone,创建时间,水质自动监测站基本信息表,existing_comment,candidate_with_conflict_warning,medium,字段名 create_time 在库内其他表中存在不同注释（2种）。保留原始注释，训练时需带表上下文。
public,wm_station_info,update_by,bigint,更新人,水质自动监测站基本信息表,existing_comment,candidate_with_conflict_warning,medium,字段名 update_by 在库内其他表中存在不同注释（5种）。保留原始注释，训练时需带表上下文。
public,wm_station_info,update_time,timestamp without time zone,更新时间,水质自动监测站基本信息表,existing_comment,candidate_with_conflict_warning,medium,字段名 update_time 在库内其他表中存在不同注释（2种）。保留原始注释，训练时需带表上下文。
public,wm_station_info,del_flag,character,删除标记：0 未删除、1 已删除,水质自动监测站基本信息表,existing_comment,candidate_with_conflict_warning,medium,字段名 del_flag 在库内其他表中存在不同注释（12种）。保留原始注释，训练时需带表上下文。
public,wm_station_info,station_level,character varying,站点的级别(省站1|市站2),水质自动监测站基本信息表,existing_comment,candidate_with_conflict_warning,medium,字段名 station_level 在库内其他表中存在不同注释（2种）。保留原始注释，训练时需带表上下文。
public,wm_station_info_v2,id,bigint,主键,自动站管理,existing_comment,candidate_with_conflict_warning,medium,字段名 id 在库内其他表中存在不同注释（10种）。保留原始注释，训练时需带表上下文。
public,wm_station_info_v2,station_code,character varying,站点编码,自动站管理,existing_comment,candidate_with_conflict_warning,medium,字段名 station_code 在库内其他表中存在不同注释（3种）。保留原始注释，训练时需带表上下文。
public,wm_station_info_v2,station_name,character varying,站点名称,自动站管理,existing_comment,candidate_with_conflict_warning,medium,字段名 station_name 在库内其他表中存在不同注释（2种）。保留原始注释，训练时需带表上下文。
public,wm_station_info_v2,short_name,character varying,站点简称,自动站管理,existing_comment,candidate_with_conflict_warning,medium,字段名 short_name 在库内其他表中存在不同注释（2种）。保留原始注释，训练时需带表上下文。
public,wm_station_info_v2,station_type,character varying,站类型：1-岸基站、2-浮船站,自动站管理,existing_comment,candidate_with_conflict_warning,medium,字段名 station_type 在库内其他表中存在不同注释（2种）。保留原始注释，训练时需带表上下文。
public,wm_station_info_v2,station_level,character varying,站点的级别：1-省站、2-市站,自动站管理,existing_comment,candidate_with_conflict_warning,medium,字段名 station_level 在库内其他表中存在不同注释（2种）。保留原始注释，训练时需带表上下文。
public,wm_station_info_v2,iot_connect_type,character varying,通信协议类型：0 tcp、1 http、2 mqtt,自动站管理,existing_comment,candidate_safe,low,字段已有注释，无同名字段冲突，可安全纳入训练候选。
public,wm_station_info_v2,region_code,character varying,行政区编码,自动站管理,existing_comment,candidate_with_conflict_warning,medium,字段名 region_code 在库内其他表中存在不同注释（4种）。保留原始注释，训练时需带表上下文。
public,wm_station_info_v2,region_name,character varying,行政区名称,自动站管理,existing_comment,candidate_with_conflict_warning,medium,字段名 region_name 在库内其他表中存在不同注释（2种）。保留原始注释，训练时需带表上下文。
public,wm_station_info_v2,build_state,character varying,建站状态：0-待建、1-已建,自动站管理,existing_comment,candidate_with_conflict_warning,medium,字段名 build_state 在库内其他表中存在不同注释（2种）。保留原始注释，训练时需带表上下文。
public,wm_station_info_v2,build_time,timestamp without time zone,建设时间,自动站管理,existing_comment,candidate_safe,low,字段已有注释，无同名字段冲突，可安全纳入训练候选。
public,wm_station_info_v2,water_body_id,bigint,水体id,自动站管理,existing_comment,candidate_with_conflict_warning,medium,字段名 water_body_id 在库内其他表中存在不同注释（2种）。保留原始注释，训练时需带表上下文。
public,wm_station_info_v2,section_id,bigint,断面id,自动站管理,existing_comment,candidate_safe,low,字段已有注释，无同名字段冲突，可安全纳入训练候选。
public,wm_station_info_v2,equipment_manufacturer,character varying,设备厂家,自动站管理,existing_comment,candidate_safe,low,字段已有注释，无同名字段冲突，可安全纳入训练候选。
public,wm_station_info_v2,equipment_model,character varying,设备型号,自动站管理,existing_comment,candidate_safe,low,字段已有注释，无同名字段冲突，可安全纳入训练候选。
public,wm_station_info_v2,monitor_indicators,character varying,监测指标,自动站管理,existing_comment,candidate_safe,low,字段已有注释，无同名字段冲突，可安全纳入训练候选。
public,wm_station_info_v2,monitor_frequency,character varying,监测频次,自动站管理,existing_comment,candidate_safe,low,字段已有注释，无同名字段冲突，可安全纳入训练候选。
public,wm_station_info_v2,eight_direction_photo,character varying,八方图,自动站管理,existing_comment,candidate_safe,low,字段已有注释，无同名字段冲突，可安全纳入训练候选。
public,wm_station_info_v2,om_unit,character varying,运维单位,自动站管理,existing_comment,candidate_safe,low,字段已有注释，无同名字段冲突，可安全纳入训练候选。
public,wm_station_info_v2,om_person,character varying,运维人员,自动站管理,existing_comment,candidate_safe,low,字段已有注释，无同名字段冲突，可安全纳入训练候选。
public,wm_station_info_v2,contact_info,character varying,联系方式,自动站管理,existing_comment,candidate_safe,low,字段已有注释，无同名字段冲突，可安全纳入训练候选。
public,wm_station_info_v2,geom,USER-DEFINED,图形信息,自动站管理,existing_comment,candidate_with_conflict_warning,medium,字段名 geom 在库内其他表中存在不同注释（9种）。保留原始注释，训练时需带表上下文。
public,wm_station_info_v2,del_flag,character varying,"0未删除,1已删除",自动站管理,existing_comment,candidate_with_conflict_warning,medium,字段名 del_flag 在库内其他表中存在不同注释（12种）。保留原始注释，训练时需带表上下文。
public,wm_station_info_v2,remark,character varying,备注,自动站管理,existing_comment,candidate_with_conflict_warning,medium,字段名 remark 在库内其他表中存在不同注释（2种）。保留原始注释，训练时需带表上下文。
public,wm_station_info_v2,section_name,character varying,断面名称,自动站管理,existing_comment,candidate_with_conflict_warning,medium,字段名 section_name 在库内其他表中存在不同注释（2种）。保留原始注释，训练时需带表上下文。
public,wm_station_info_v2,water_body_name,character varying,水体名称,自动站管理,existing_comment,candidate_safe,low,字段已有注释，无同名字段冲突，可安全纳入训练候选。
public,wm_station_info_v2,water_body_type,character varying,水体类型：0-河流、1-湖泊,自动站管理,existing_comment,candidate_with_conflict_warning,medium,字段名 water_body_type 在库内其他表中存在不同注释（2种）。保留原始注释，训练时需带表上下文。
public,wm_uav_info,code,character varying,编码,大疆无人机基础信息,existing_comment,candidate_with_conflict_warning,medium,字段名 code 在库内其他表中存在不同注释（5种）。保留原始注释，训练时需带表上下文。
public,wm_uav_info,name,character varying,名称,大疆无人机基础信息,existing_comment,candidate_with_conflict_warning,medium,字段名 name 在库内其他表中存在不同注释（14种）。保留原始注释，训练时需带表上下文。
public,wm_uav_info,gateway_sn,character varying,网关SN编码,大疆无人机基础信息,existing_comment,candidate_safe,low,字段已有注释，无同名字段冲突，可安全纳入训练候选。
public,wm_uav_info,gateway_callsign,character varying,网关名称,大疆无人机基础信息,existing_comment,candidate_safe,low,字段已有注释，无同名字段冲突，可安全纳入训练候选。
public,wm_uav_info,gateway_device_model,character varying,型号，json格式,大疆无人机基础信息,existing_comment,candidate_safe,low,字段已有注释，无同名字段冲突，可安全纳入训练候选。
public,wm_uav_info,gateway_device_online_status,smallint,网关在线状态,大疆无人机基础信息,existing_comment,candidate_safe,low,字段已有注释，无同名字段冲突，可安全纳入训练候选。
public,wm_uav_info,gateway_mode_code,integer,网关型号编码,大疆无人机基础信息,existing_comment,candidate_safe,low,字段已有注释，无同名字段冲突，可安全纳入训练候选。
public,wm_uav_info,gateway_camera_list,character varying,网关摄像头列表,大疆无人机基础信息,existing_comment,candidate_safe,low,字段已有注释，无同名字段冲突，可安全纳入训练候选。
public,wm_uav_info,drone_sn,character varying,无人机SN编码,大疆无人机基础信息,existing_comment,candidate_safe,low,字段已有注释，无同名字段冲突，可安全纳入训练候选。
public,wm_uav_info,drone_callsign,character varying,无人机名称,大疆无人机基础信息,existing_comment,candidate_safe,low,字段已有注释，无同名字段冲突，可安全纳入训练候选。
public,wm_uav_info,drone_device_model,character varying,无人机型号,大疆无人机基础信息,existing_comment,candidate_safe,low,字段已有注释，无同名字段冲突，可安全纳入训练候选。
public,wm_uav_info,drone_device_online_status,character varying,无人机在线状态,大疆无人机基础信息,existing_comment,candidate_safe,low,字段已有注释，无同名字段冲突，可安全纳入训练候选。
public,wm_uav_info,drone_mode_code,integer,型号编码,大疆无人机基础信息,existing_comment,candidate_safe,low,字段已有注释，无同名字段冲突，可安全纳入训练候选。
public,wm_uav_info,drone_camera_list,character varying,无人机摄像头列表,大疆无人机基础信息,existing_comment,candidate_safe,low,字段已有注释，无同名字段冲突，可安全纳入训练候选。
public,wm_uav_info,gateway_lon,double precision,网关经度,大疆无人机基础信息,existing_comment,candidate_safe,low,字段已有注释，无同名字段冲突，可安全纳入训练候选。
public,wm_uav_info,gateway_lat,double precision,网关纬度,大疆无人机基础信息,existing_comment,candidate_safe,low,字段已有注释，无同名字段冲突，可安全纳入训练候选。
public,wm_uav_info,activation_time,bigint,机场激活时间(unix 时间戳),大疆无人机基础信息,existing_comment,candidate_safe,low,字段已有注释，无同名字段冲突，可安全纳入训练候选。
public,wm_uav_info,acc_time,integer,机场累计运行时长,大疆无人机基础信息,existing_comment,candidate_safe,low,字段已有注释，无同名字段冲突，可安全纳入训练候选。
public,wm_uav_info,humidity,real,舱内湿度,大疆无人机基础信息,existing_comment,candidate_safe,low,字段已有注释，无同名字段冲突，可安全纳入训练候选。
public,wm_uav_info,job_number,integer,机场累计作业次数,大疆无人机基础信息,existing_comment,candidate_safe,low,字段已有注释，无同名字段冲突，可安全纳入训练候选。
public,wm_uav_info,storage_total,integer,存储容量 单位：KB,大疆无人机基础信息,existing_comment,candidate_safe,low,字段已有注释，无同名字段冲突，可安全纳入训练候选。
public,wm_uav_info,storage_used,integer,已使用容量 单位：KB,大疆无人机基础信息,existing_comment,candidate_safe,low,字段已有注释，无同名字段冲突，可安全纳入训练候选。
public,wm_uav_info,brand,character varying,品牌：大疆/纵横昆仑,大疆无人机基础信息,existing_comment,candidate_safe,low,字段已有注释，无同名字段冲突，可安全纳入训练候选。
public,wm_uav_info,weight,character varying,整机重量,大疆无人机基础信息,existing_comment,candidate_safe,low,字段已有注释，无同名字段冲突，可安全纳入训练候选。
public,wm_uav_info,power,character varying,功率,大疆无人机基础信息,existing_comment,candidate_safe,low,字段已有注释，无同名字段冲突，可安全纳入训练候选。
public,wm_uav_info,temperature,character varying,工作温度,大疆无人机基础信息,existing_comment,candidate_safe,low,字段已有注释，无同名字段冲突，可安全纳入训练候选。
public,wm_uav_info,protect_level,character varying,保护等级,大疆无人机基础信息,existing_comment,candidate_with_conflict_warning,medium,字段名 protect_level 在库内其他表中存在不同注释（2种）。保留原始注释，训练时需带表上下文。
public,wm_uav_info,max_height,character varying,最大高度,大疆无人机基础信息,existing_comment,candidate_safe,low,字段已有注释，无同名字段冲突，可安全纳入训练候选。
public,wm_uav_info,max_radius,character varying,最大工作半径,大疆无人机基础信息,existing_comment,candidate_safe,low,字段已有注释，无同名字段冲突，可安全纳入训练候选。
public,wm_uav_info,charging_time,character varying,充电时间,大疆无人机基础信息,existing_comment,candidate_safe,low,字段已有注释，无同名字段冲突，可安全纳入训练候选。
public,wm_uav_info,cycle_num,character varying,电池循环次数,大疆无人机基础信息,existing_comment,candidate_safe,low,字段已有注释，无同名字段冲突，可安全纳入训练候选。
public,wm_uav_info,duration_time,character varying,备用电池续航时间,大疆无人机基础信息,existing_comment,candidate_safe,low,字段已有注释，无同名字段冲突，可安全纳入训练候选。
public,wm_uav_info,remark,character varying,备注信息,大疆无人机基础信息,existing_comment,candidate_with_conflict_warning,medium,字段名 remark 在库内其他表中存在不同注释（2种）。保留原始注释，训练时需带表上下文。
public,wm_uav_info,create_by,bigint,创建人,大疆无人机基础信息,existing_comment,candidate_with_conflict_warning,medium,字段名 create_by 在库内其他表中存在不同注释（4种）。保留原始注释，训练时需带表上下文。
public,wm_uav_info,create_time,timestamp without time zone,创建时间,大疆无人机基础信息,existing_comment,candidate_with_conflict_warning,medium,字段名 create_time 在库内其他表中存在不同注释（2种）。保留原始注释，训练时需带表上下文。
public,wm_uav_info,update_by,bigint,更新人,大疆无人机基础信息,existing_comment,candidate_with_conflict_warning,medium,字段名 update_by 在库内其他表中存在不同注释（5种）。保留原始注释，训练时需带表上下文。
public,wm_uav_info,update_time,timestamp without time zone,更新时间,大疆无人机基础信息,existing_comment,candidate_with_conflict_warning,medium,字段名 update_time 在库内其他表中存在不同注释（2种）。保留原始注释，训练时需带表上下文。
public,wm_uav_info,del_flag,character,删除标记：0 未删除、1 已删除,大疆无人机基础信息,existing_comment,candidate_with_conflict_warning,medium,字段名 del_flag 在库内其他表中存在不同注释（12种）。保留原始注释，训练时需带表上下文。
public,wm_water_intake,region_code,character varying,行政区编码,水源地-取水口,existing_comment,candidate_with_conflict_warning,medium,字段名 region_code 在库内其他表中存在不同注释（4种）。保留原始注释，训练时需带表上下文。
public,wm_water_intake,region_name,character varying,行政区名称,水源地-取水口,existing_comment,candidate_with_conflict_warning,medium,字段名 region_name 在库内其他表中存在不同注释（2种）。保留原始注释，训练时需带表上下文。
public,wm_water_intake,name,character varying,名称,水源地-取水口,existing_comment,candidate_with_conflict_warning,medium,字段名 name 在库内其他表中存在不同注释（14种）。保留原始注释，训练时需带表上下文。
public,wm_water_intake,city,character varying,城市,水源地-取水口,existing_comment,candidate_with_conflict_warning,medium,字段名 city 在库内其他表中存在不同注释（4种）。保留原始注释，训练时需带表上下文。
public,wm_water_intake,county,character varying,区县,水源地-取水口,existing_comment,candidate_with_conflict_warning,medium,字段名 county 在库内其他表中存在不同注释（3种）。保留原始注释，训练时需带表上下文。
public,wm_water_intake,water_type,character varying,水源类型,水源地-取水口,existing_comment,candidate_with_conflict_warning,medium,字段名 water_type 在库内其他表中存在不同注释（2种）。保留原始注释，训练时需带表上下文。
public,wm_water_intake,used_mark,character varying,使用状态,水源地-取水口,existing_comment,candidate_safe,low,字段已有注释，无同名字段冲突，可安全纳入训练候选。
public,wm_water_intake,township,character varying,乡镇,水源地-取水口,existing_comment,candidate_with_conflict_warning,medium,字段名 township 在库内其他表中存在不同注释（2种）。保留原始注释，训练时需带表上下文。
public,wm_water_intake,remark,character varying,备注,水源地-取水口,existing_comment,candidate_with_conflict_warning,medium,字段名 remark 在库内其他表中存在不同注释（2种）。保留原始注释，训练时需带表上下文。
public,wm_water_intake,level,character varying,级别：乡镇、区县,水源地-取水口,existing_comment,candidate_with_conflict_warning,medium,字段名 level 在库内其他表中存在不同注释（3种）。保留原始注释，训练时需带表上下文。
public,wm_water_intake,code,character varying,水源编码,水源地-取水口,existing_comment,candidate_with_conflict_warning,medium,字段名 code 在库内其他表中存在不同注释（5种）。保留原始注释，训练时需带表上下文。
public,wm_water_intake,static_flag,character varying,统计标识：是、否,水源地-取水口,existing_comment,candidate_safe,low,字段已有注释，无同名字段冲突，可安全纳入训练候选。
public,wm_water_source,code,character varying,代码,水源地信息：通过code码关联,existing_comment,candidate_with_conflict_warning,medium,字段名 code 在库内其他表中存在不同注释（5种）。保留原始注释，训练时需带表上下文。
public,wm_water_source,name,character varying,水源名称,水源地信息：通过code码关联,existing_comment,candidate_with_conflict_warning,medium,字段名 name 在库内其他表中存在不同注释（14种）。保留原始注释，训练时需带表上下文。
public,wm_water_source,alias,character varying,别名,水源地信息：通过code码关联,existing_comment,candidate_safe,low,字段已有注释，无同名字段冲突，可安全纳入训练候选。
public,wm_water_source,region_code,character varying,行政区代码,水源地信息：通过code码关联,existing_comment,candidate_with_conflict_warning,medium,字段名 region_code 在库内其他表中存在不同注释（4种）。保留原始注释，训练时需带表上下文。
public,wm_water_source,region_name,character varying,行政区名称,水源地信息：通过code码关联,existing_comment,candidate_with_conflict_warning,medium,字段名 region_name 在库内其他表中存在不同注释（2种）。保留原始注释，训练时需带表上下文。
public,wm_water_source,river_system_code,character varying,水系代码,水源地信息：通过code码关联,existing_comment,candidate_with_conflict_warning,medium,字段名 river_system_code 在库内其他表中存在不同注释（2种）。保留原始注释，训练时需带表上下文。
public,wm_water_source,river_system_name,character varying,水系名称,水源地信息：通过code码关联,existing_comment,candidate_safe,low,字段已有注释，无同名字段冲突，可安全纳入训练候选。
public,wm_water_source,river_system_name_2,character varying,二级水系名称,水源地信息：通过code码关联,existing_comment,candidate_safe,low,字段已有注释，无同名字段冲突，可安全纳入训练候选。
public,wm_water_source,river_system_name_3,character varying,三级级水系名称,水源地信息：通过code码关联,existing_comment,candidate_safe,low,字段已有注释，无同名字段冲突，可安全纳入训练候选。
public,wm_water_source,source_type,character varying,水源类型,水源地信息：通过code码关联,existing_comment,candidate_with_conflict_warning,medium,字段名 source_type 在库内其他表中存在不同注释（3种）。保留原始注释，训练时需带表上下文。
public,wm_water_source,source_state,character varying,水源状态,水源地信息：通过code码关联,existing_comment,candidate_safe,low,字段已有注释，无同名字段冲突，可安全纳入训练候选。
public,wm_water_source,level,character varying,级别,水源地信息：通过code码关联,existing_comment,candidate_with_conflict_warning,medium,字段名 level 在库内其他表中存在不同注释（3种）。保留原始注释，训练时需带表上下文。
public,wm_water_source,protect_area_status,character varying,保护区划定情况,水源地信息：通过code码关联,existing_comment,candidate_safe,low,字段已有注释，无同名字段冲突，可安全纳入训练候选。
public,wm_water_source,protect_area_cert,character varying,保护区划定文号,水源地信息：通过code码关联,existing_comment,candidate_safe,low,字段已有注释，无同名字段冲突，可安全纳入训练候选。
public,wm_water_source,protect_level,smallint,保护区级别：1、2、3,水源地信息：通过code码关联,existing_comment,candidate_with_conflict_warning,medium,字段名 protect_level 在库内其他表中存在不同注释（2种）。保留原始注释，训练时需带表上下文。
public,wm_water_source,supply_type,character varying,供水类型,水源地信息：通过code码关联,existing_comment,candidate_safe,low,字段已有注释，无同名字段冲突，可安全纳入训练候选。
public,wm_water_source,supply_service,character varying,服务对象,水源地信息：通过code码关联,existing_comment,candidate_safe,low,字段已有注释，无同名字段冲突，可安全纳入训练候选。
public,wm_water_source,supply_water_daily,character varying,日均供水能力（吨/天）,水源地信息：通过code码关联,existing_comment,candidate_safe,low,字段已有注释，无同名字段冲突，可安全纳入训练候选。
public,wm_water_source,supply_water_year,double precision,年实际取水量(万吨),水源地信息：通过code码关联,existing_comment,candidate_safe,low,字段已有注释，无同名字段冲突，可安全纳入训练候选。
public,wm_water_source,supply_water_avg,double precision,人均取水量（升/天）,水源地信息：通过code码关联,existing_comment,candidate_safe,low,字段已有注释，无同名字段冲突，可安全纳入训练候选。
public,wm_water_source,service_people_count,bigint,服务人数,水源地信息：通过code码关联,existing_comment,candidate_safe,low,字段已有注释，无同名字段冲突，可安全纳入训练候选。
public,wm_water_source,water_word_info,character varying,对应水厂名称,水源地信息：通过code码关联,existing_comment,candidate_safe,low,字段已有注释，无同名字段冲突，可安全纳入训练候选。
public,wm_water_source,dbsqssw,real,地表水取水水位（m）,水源地信息：通过code码关联,existing_comment,candidate_safe,low,字段已有注释，无同名字段冲突，可安全纳入训练候选。
public,wm_water_source,dbssjksw,real,地表水设计枯水位（m）,水源地信息：通过code码关联,existing_comment,candidate_safe,low,字段已有注释，无同名字段冲突，可安全纳入训练候选。
public,wm_water_source,dxsmctj,character varying,地下水埋藏条件,水源地信息：通过code码关联,existing_comment,candidate_safe,low,字段已有注释，无同名字段冲突，可安全纳入训练候选。
public,wm_water_source,dxshsjzlx,character varying,地下水含水介质类型,水源地信息：通过code码关联,existing_comment,candidate_safe,low,字段已有注释，无同名字段冲突，可安全纳入训练候选。
public,wm_water_source,dxssjjs,real,地下水设计降深（m）,水源地信息：通过code码关联,existing_comment,candidate_safe,low,字段已有注释，无同名字段冲突，可安全纳入训练候选。
public,wm_water_source,dxsswms,real,地下水水位埋深（m）,水源地信息：通过code码关联,existing_comment,candidate_safe,low,字段已有注释，无同名字段冲突，可安全纳入训练候选。
public,wm_water_source,ccsy,character varying,超采水源: 是、否,水源地信息：通过code码关联,existing_comment,candidate_safe,low,字段已有注释，无同名字段冲突，可安全纳入训练候选。
public,wm_water_source,cjjjdkhzb,character varying,长江经济带考核指标: 是、否,水源地信息：通过code码关联,existing_comment,candidate_safe,low,字段已有注释，无同名字段冲突，可安全纳入训练候选。
public,wm_water_source,build_year,integer,取水口建成年份,水源地信息：通过code码关联,existing_comment,candidate_safe,low,字段已有注释，无同名字段冲突，可安全纳入训练候选。
public,wm_water_source,used_year,integer,取水口正式使用年份,水源地信息：通过code码关联,existing_comment,candidate_safe,low,字段已有注释，无同名字段冲突，可安全纳入训练候选。
public,wm_water_source,image_path,character varying,图片路径,水源地信息：通过code码关联,existing_comment,candidate_with_conflict_warning,medium,字段名 image_path 在库内其他表中存在不同注释（3种）。保留原始注释，训练时需带表上下文。
public,wm_water_source,remark,character varying,备注,水源地信息：通过code码关联,existing_comment,candidate_with_conflict_warning,medium,字段名 remark 在库内其他表中存在不同注释（2种）。保留原始注释，训练时需带表上下文。
public,wm_water_source_bak0421,code,character varying,代码,水源地信息：通过code码关联,existing_comment,candidate_with_conflict_warning,medium,字段名 code 在库内其他表中存在不同注释（5种）。保留原始注释，训练时需带表上下文。
public,wm_water_source_bak0421,name,character varying,水源名称,水源地信息：通过code码关联,existing_comment,candidate_with_conflict_warning,medium,字段名 name 在库内其他表中存在不同注释（14种）。保留原始注释，训练时需带表上下文。
public,wm_water_source_bak0421,alias,character varying,别名,水源地信息：通过code码关联,existing_comment,candidate_safe,low,字段已有注释，无同名字段冲突，可安全纳入训练候选。
public,wm_water_source_bak0421,area_code,character varying,行政区代码,水源地信息：通过code码关联,existing_comment,candidate_safe,low,字段已有注释，无同名字段冲突，可安全纳入训练候选。
public,wm_water_source_bak0421,address,character varying,水源口地址,水源地信息：通过code码关联,existing_comment,candidate_with_conflict_warning,medium,字段名 address 在库内其他表中存在不同注释（5种）。保留原始注释，训练时需带表上下文。
public,wm_water_source_bak0421,river_system_code,character varying,水系代码,水源地信息：通过code码关联,existing_comment,candidate_with_conflict_warning,medium,字段名 river_system_code 在库内其他表中存在不同注释（2种）。保留原始注释，训练时需带表上下文。
public,wm_water_source_bak0421,river_system_name,character varying,水系名称,水源地信息：通过code码关联,existing_comment,candidate_safe,low,字段已有注释，无同名字段冲突，可安全纳入训练候选。
public,wm_water_source_bak0421,source_type,character varying,水源类型,水源地信息：通过code码关联,existing_comment,candidate_with_conflict_warning,medium,字段名 source_type 在库内其他表中存在不同注释（3种）。保留原始注释，训练时需带表上下文。
public,wm_water_source_bak0421,supply_type,character varying,供水类型,水源地信息：通过code码关联,existing_comment,candidate_safe,low,字段已有注释，无同名字段冲突，可安全纳入训练候选。
public,wm_water_source_bak0421,supply_service,character varying,服务对象,水源地信息：通过code码关联,existing_comment,candidate_safe,low,字段已有注释，无同名字段冲突，可安全纳入训练候选。
public,wm_water_source_bak0421,source_state,character varying,水源状态,水源地信息：通过code码关联,existing_comment,candidate_safe,low,字段已有注释，无同名字段冲突，可安全纳入训练候选。
public,wm_water_source_bak0421,service_people_count,bigint,服务人数,水源地信息：通过code码关联,existing_comment,candidate_safe,low,字段已有注释，无同名字段冲突，可安全纳入训练候选。
public,wm_water_source_bak0421,supply_water_daily,character varying,日均供水能力（吨/天）,水源地信息：通过code码关联,existing_comment,candidate_safe,low,字段已有注释，无同名字段冲突，可安全纳入训练候选。
public,wm_water_source_bak0421,supply_water_year,double precision,年实际取水量(万吨),水源地信息：通过code码关联,existing_comment,candidate_safe,low,字段已有注释，无同名字段冲突，可安全纳入训练候选。
public,wm_water_source_bak0421,supply_water_avg,double precision,人均取水量（升/天）,水源地信息：通过code码关联,existing_comment,candidate_safe,low,字段已有注释，无同名字段冲突，可安全纳入训练候选。
public,wm_water_source_bak0421,check_result,character varying,考核结果,水源地信息：通过code码关联,existing_comment,candidate_safe,low,字段已有注释，无同名字段冲突，可安全纳入训练候选。
public,wm_water_source_bak0421,has_monitor,character varying,年是否开展水质监测,水源地信息：通过code码关联,existing_comment,candidate_safe,low,字段已有注释，无同名字段冲突，可安全纳入训练候选。
public,wm_water_source_bak0421,monitor_count,bigint,监测次数,水源地信息：通过code码关联,existing_comment,candidate_safe,low,字段已有注释，无同名字段冲突，可安全纳入训练候选。
public,wm_water_source_bak0421,monitor_result,bigint,达标情况,水源地信息：通过code码关联,existing_comment,candidate_safe,low,字段已有注释，无同名字段冲突，可安全纳入训练候选。
public,wm_water_source_bak0421,traffic_pass_info,character varying,交通穿越情况,水源地信息：通过code码关联,existing_comment,candidate_safe,low,字段已有注释，无同名字段冲突，可安全纳入训练候选。
public,wm_water_source_bak0421,has_take_cert,character varying,是否有取水许可证文号,水源地信息：通过code码关联,existing_comment,candidate_safe,low,字段已有注释，无同名字段冲突，可安全纳入训练候选。
public,wm_water_source_bak0421,take_cert_code,character varying,取水许可证文号,水源地信息：通过code码关联,existing_comment,candidate_safe,low,字段已有注释，无同名字段冲突，可安全纳入训练候选。
public,wm_water_source_bak0421,has_health_cert,character varying,有无水厂卫生合格证号,水源地信息：通过code码关联,existing_comment,candidate_safe,low,字段已有注释，无同名字段冲突，可安全纳入训练候选。
public,wm_water_source_bak0421,health_cert_code,character varying,卫生合格证号,水源地信息：通过code码关联,existing_comment,candidate_safe,low,字段已有注释，无同名字段冲突，可安全纳入训练候选。
public,wm_water_source_bak0421,process_technology,character varying,水厂处理工艺,水源地信息：通过code码关联,existing_comment,candidate_safe,low,字段已有注释，无同名字段冲突，可安全纳入训练候选。
public,wm_water_source_bak0421,protect_area_level1,double precision,一级保护区面积（m2）,水源地信息：通过code码关联,existing_comment,candidate_safe,low,字段已有注释，无同名字段冲突，可安全纳入训练候选。
public,wm_water_source_bak0421,protect_area_level2,double precision,二级保护区面积（m2）,水源地信息：通过code码关联,existing_comment,candidate_safe,low,字段已有注释，无同名字段冲突，可安全纳入训练候选。
public,wm_water_source_bak0421,approve_area,double precision,准保护区面积（m2）,水源地信息：通过code码关联,existing_comment,candidate_safe,low,字段已有注释，无同名字段冲突，可安全纳入训练候选。
public,wm_water_source_bak0421,lon,double precision,经度,水源地信息：通过code码关联,existing_comment,candidate_safe,low,字段已有注释，无同名字段冲突，可安全纳入训练候选。
public,wm_water_source_bak0421,lat,double precision,纬度,水源地信息：通过code码关联,existing_comment,candidate_safe,low,字段已有注释，无同名字段冲突，可安全纳入训练候选。
public,wm_water_source_bak0421,image_path,character varying,图片路径,水源地信息：通过code码关联,existing_comment,candidate_with_conflict_warning,medium,字段名 image_path 在库内其他表中存在不同注释（3种）。保留原始注释，训练时需带表上下文。
public,wm_water_source_bak0421,remark,character varying,备注,水源地信息：通过code码关联,existing_comment,candidate_with_conflict_warning,medium,字段名 remark 在库内其他表中存在不同注释（2种）。保留原始注释，训练时需带表上下文。
public,wm_water_source_bak0421,protect_area_status,character varying,保护区划定情况,水源地信息：通过code码关联,existing_comment,candidate_safe,low,字段已有注释，无同名字段冲突，可安全纳入训练候选。
public,wm_water_source_bak0421,protect_area_cert,character varying,保护区划定文号,水源地信息：通过code码关联,existing_comment,candidate_safe,low,字段已有注释，无同名字段冲突，可安全纳入训练候选。
public,wm_water_source_bak0421,protect_area_define,character varying,水源保护区划分,水源地信息：通过code码关联,existing_comment,candidate_safe,low,字段已有注释，无同名字段冲突，可安全纳入训练候选。
public,wm_water_source_bak0421,polluter_level1,character varying,一级保护区内污染源,水源地信息：通过code码关联,existing_comment,candidate_safe,low,字段已有注释，无同名字段冲突，可安全纳入训练候选。
public,wm_water_source_bak0421,polluter_level2,character varying,二级保护区内污染源,水源地信息：通过code码关联,existing_comment,candidate_safe,low,字段已有注释，无同名字段冲突，可安全纳入训练候选。
public,wm_water_source_bak0421,traffice_pass_enviroment,bigint,交通穿越存在环境问题数量,水源地信息：通过code码关联,existing_comment,candidate_safe,low,字段已有注释，无同名字段冲突，可安全纳入训练候选。
public,wm_water_source_bak0421,traffice_pass_finish,bigint,交通穿越已完成整治数量,水源地信息：通过code码关联,existing_comment,candidate_safe,low,字段已有注释，无同名字段冲突，可安全纳入训练候选。
public,wm_water_source_bak0421,traffice_pass_handle,bigint,交通穿越整治中数量,水源地信息：通过code码关联,existing_comment,candidate_safe,low,字段已有注释，无同名字段冲突，可安全纳入训练候选。
public,wm_water_source_bak0421,protect_flag_define,character varying,保护区标识标志设定情况,水源地信息：通过code码关联,existing_comment,candidate_safe,low,字段已有注释，无同名字段冲突，可安全纳入训练候选。
public,wm_water_source_bak0421,protect_flag_finish,bigint,标识标志设定存在环境问题数量,水源地信息：通过code码关联,existing_comment,candidate_safe,low,字段已有注释，无同名字段冲突，可安全纳入训练候选。
public,wm_water_source_bak0421,protect_flag_hanle,bigint,标识标志设定已完成整治数量,水源地信息：通过code码关联,existing_comment,candidate_safe,low,字段已有注释，无同名字段冲突，可安全纳入训练候选。
public,wm_water_source_bak0421,protect_flag_problem,bigint,标识标志设定存在环境问题数量,水源地信息：通过code码关联,existing_comment,candidate_safe,low,字段已有注释，无同名字段冲突，可安全纳入训练候选。
public,wm_water_source_bak0421,geom1,text,一级水源地面图形：4490,水源地信息：通过code码关联,existing_comment,candidate_safe,low,字段已有注释，无同名字段冲突，可安全纳入训练候选。
public,wm_water_source_bak0421,geom2,text,二级水源地面图形：4490,水源地信息：通过code码关联,existing_comment,candidate_safe,low,字段已有注释，无同名字段冲突，可安全纳入训练候选。
public,wm_water_source_bak0421,level,character varying,级别,水源地信息：通过code码关联,existing_comment,candidate_with_conflict_warning,medium,字段名 level 在库内其他表中存在不同注释（3种）。保留原始注释，训练时需带表上下文。
public,wm_water_source_bak0421,river_system_name_3,character varying,三级级水系名称,水源地信息：通过code码关联,existing_comment,candidate_safe,low,字段已有注释，无同名字段冲突，可安全纳入训练候选。
public,wm_water_source_bak0421,water_word_info,character varying,对应水厂名称,水源地信息：通过code码关联,existing_comment,candidate_safe,low,字段已有注释，无同名字段冲突，可安全纳入训练候选。
public,wm_water_source_bak0421,dbsqssw,real,地表水取水水位（m）,水源地信息：通过code码关联,existing_comment,candidate_safe,low,字段已有注释，无同名字段冲突，可安全纳入训练候选。
public,wm_water_source_bak0421,dbssjksw,real,地表水设计枯水位（m）,水源地信息：通过code码关联,existing_comment,candidate_safe,low,字段已有注释，无同名字段冲突，可安全纳入训练候选。
public,wm_water_source_bak0421,dxsmctj,character varying,地下水埋藏条件,水源地信息：通过code码关联,existing_comment,candidate_safe,low,字段已有注释，无同名字段冲突，可安全纳入训练候选。
public,wm_water_source_bak0421,dxshsjzlx,character varying,地下水含水介质类型,水源地信息：通过code码关联,existing_comment,candidate_safe,low,字段已有注释，无同名字段冲突，可安全纳入训练候选。
public,wm_water_source_bak0421,dxssjjs,real,地下水设计降深（m）,水源地信息：通过code码关联,existing_comment,candidate_safe,low,字段已有注释，无同名字段冲突，可安全纳入训练候选。
public,wm_water_source_bak0421,dxsswms,real,地下水水位埋深（m）,水源地信息：通过code码关联,existing_comment,candidate_safe,low,字段已有注释，无同名字段冲突，可安全纳入训练候选。
public,wm_water_source_bak0421,ccsy,character varying,超采水源: 是、否,水源地信息：通过code码关联,existing_comment,candidate_safe,low,字段已有注释，无同名字段冲突，可安全纳入训练候选。
public,wm_water_source_bak0421,cjjjdkhzb,character varying,长江经济带考核指标: 是、否,水源地信息：通过code码关联,existing_comment,candidate_safe,low,字段已有注释，无同名字段冲突，可安全纳入训练候选。
public,wm_water_source_bak0421,river_system_name_2,character varying,二级水系名称,水源地信息：通过code码关联,existing_comment,candidate_safe,low,字段已有注释，无同名字段冲突，可安全纳入训练候选。
public,wm_water_source_bak0421,build_year,integer,取水口建成年份,水源地信息：通过code码关联,existing_comment,candidate_safe,low,字段已有注释，无同名字段冲突，可安全纳入训练候选。
public,wm_water_source_bak0421,used_year,integer,取水口正式使用年份,水源地信息：通过code码关联,existing_comment,candidate_safe,low,字段已有注释，无同名字段冲突，可安全纳入训练候选。
public,wm_water_source_intake_v2,name,character varying,名称,饮用水水源地管理及监测-取水口,existing_comment,candidate_with_conflict_warning,medium,字段名 name 在库内其他表中存在不同注释（14种）。保留原始注释，训练时需带表上下文。
public,wm_water_source_intake_v2,city,character varying,地市,饮用水水源地管理及监测-取水口,existing_comment,candidate_with_conflict_warning,medium,字段名 city 在库内其他表中存在不同注释（4种）。保留原始注释，训练时需带表上下文。
public,wm_water_source_intake_v2,district,character varying,区县,饮用水水源地管理及监测-取水口,existing_comment,candidate_safe,low,字段已有注释，无同名字段冲突，可安全纳入训练候选。
public,wm_water_source_intake_v2,township,character varying,乡镇,饮用水水源地管理及监测-取水口,existing_comment,candidate_with_conflict_warning,medium,字段名 township 在库内其他表中存在不同注释（2种）。保留原始注释，训练时需带表上下文。
public,wm_water_source_intake_v2,source_level,character varying,水源地级别（县级以上；乡镇级；百吨千人）,饮用水水源地管理及监测-取水口,existing_comment,candidate_safe,low,字段已有注释，无同名字段冲突，可安全纳入训练候选。
public,wm_water_source_intake_v2,source_type,character varying,水源地类型（河流型；湖库型；地下水型）,饮用水水源地管理及监测-取水口,existing_comment,candidate_with_conflict_warning,medium,字段名 source_type 在库内其他表中存在不同注释（3种）。保留原始注释，训练时需带表上下文。
public,wm_water_source_intake_v2,source_status,character varying,水源地状态（在用；备用；应急；规划）,饮用水水源地管理及监测-取水口,existing_comment,candidate_safe,low,字段已有注释，无同名字段冲突，可安全纳入训练候选。
public,wm_water_source_intake_v2,source_code,character varying,水源地编码,饮用水水源地管理及监测-取水口,existing_comment,candidate_safe,low,字段已有注释，无同名字段冲突，可安全纳入训练候选。
public,wm_water_source_intake_v2,water_quality_class,character varying,水质类别（Ⅰ；Ⅱ；Ⅲ；Ⅳ；Ⅴ）,饮用水水源地管理及监测-取水口,existing_comment,candidate_safe,low,字段已有注释，无同名字段冲突，可安全纳入训练候选。
public,wm_water_source_intake_v2,supply_population,integer,供水人口（人）,饮用水水源地管理及监测-取水口,existing_comment,candidate_safe,low,字段已有注释，无同名字段冲突，可安全纳入训练候选。
public,wm_water_source_intake_v2,daily_supply_capacity,numeric,日均供水能力（吨/天）,饮用水水源地管理及监测-取水口,existing_comment,candidate_safe,low,字段已有注释，无同名字段冲突，可安全纳入训练候选。
public,wm_water_source_intake_v2,annual_actual_withdrawal,numeric,年实际取水量（万吨）,饮用水水源地管理及监测-取水口,existing_comment,candidate_safe,low,字段已有注释，无同名字段冲突，可安全纳入训练候选。
public,wm_water_source_intake_v2,per_capita_withdrawal,numeric,人均取水量（升/天）,饮用水水源地管理及监测-取水口,existing_comment,candidate_safe,low,字段已有注释，无同名字段冲突，可安全纳入训练候选。
public,wm_water_source_intake_v2,remark,text,备注,饮用水水源地管理及监测-取水口,existing_comment,candidate_with_conflict_warning,medium,字段名 remark 在库内其他表中存在不同注释（2种）。保留原始注释，训练时需带表上下文。
public,wm_water_source_intake_v2,geom,USER-DEFINED,取水口位置,饮用水水源地管理及监测-取水口,existing_comment,candidate_with_conflict_warning,medium,字段名 geom 在库内其他表中存在不同注释（9种）。保留原始注释，训练时需带表上下文。
public,wm_water_source_intake_v2,region_code,character varying,行政区编码,饮用水水源地管理及监测-取水口,existing_comment,candidate_with_conflict_warning,medium,字段名 region_code 在库内其他表中存在不同注释（4种）。保留原始注释，训练时需带表上下文。
public,wm_water_source_zone_v2,name,character varying,名称,饮用水水源地管理及监测-保护区,existing_comment,candidate_with_conflict_warning,medium,字段名 name 在库内其他表中存在不同注释（14种）。保留原始注释，训练时需带表上下文。
public,wm_water_source_zone_v2,city,character varying,地市,饮用水水源地管理及监测-保护区,existing_comment,candidate_with_conflict_warning,medium,字段名 city 在库内其他表中存在不同注释（4种）。保留原始注释，训练时需带表上下文。
public,wm_water_source_zone_v2,district,character varying,区县,饮用水水源地管理及监测-保护区,existing_comment,candidate_safe,low,字段已有注释，无同名字段冲突，可安全纳入训练候选。
public,wm_water_source_zone_v2,township,character varying,乡镇,饮用水水源地管理及监测-保护区,existing_comment,candidate_with_conflict_warning,medium,字段名 township 在库内其他表中存在不同注释（2种）。保留原始注释，训练时需带表上下文。
public,wm_water_source_zone_v2,source_level,character varying,水源地级别（县级以上；乡镇级；百吨千人）,饮用水水源地管理及监测-保护区,existing_comment,candidate_safe,low,字段已有注释，无同名字段冲突，可安全纳入训练候选。
public,wm_water_source_zone_v2,zone_level,character varying,保护区级别（1-一级保护区；2-二级保护区；3-准保护区）,饮用水水源地管理及监测-保护区,existing_comment,candidate_with_conflict_warning,medium,字段名 zone_level 在库内其他表中存在不同注释（2种）。保留原始注释，训练时需带表上下文。
public,wm_water_source_zone_v2,area,numeric,面积（单位：平方千米）,饮用水水源地管理及监测-保护区,existing_comment,candidate_with_conflict_warning,medium,字段名 area 在库内其他表中存在不同注释（9种）。保留原始注释，训练时需带表上下文。
public,wm_water_source_zone_v2,source_type,character varying,水源地类型（河流型；湖库型；地下水型）,饮用水水源地管理及监测-保护区,existing_comment,candidate_with_conflict_warning,medium,字段名 source_type 在库内其他表中存在不同注释（3种）。保留原始注释，训练时需带表上下文。
public,wm_water_source_zone_v2,source_status,character varying,水源地状态（在用；备用；应急；规划）,饮用水水源地管理及监测-保护区,existing_comment,candidate_safe,low,字段已有注释，无同名字段冲突，可安全纳入训练候选。
public,wm_water_source_zone_v2,source_code,character varying,水源地编码,饮用水水源地管理及监测-保护区,existing_comment,candidate_safe,low,字段已有注释，无同名字段冲突，可安全纳入训练候选。
public,wm_water_source_zone_v2,remark,text,备注,饮用水水源地管理及监测-保护区,existing_comment,candidate_with_conflict_warning,medium,字段名 remark 在库内其他表中存在不同注释（2种）。保留原始注释，训练时需带表上下文。
public,wm_water_source_zone_v2,region_code,character varying,行政区代码,饮用水水源地管理及监测-保护区,existing_comment,candidate_with_conflict_warning,medium,字段名 region_code 在库内其他表中存在不同注释（4种）。保留原始注释，训练时需带表上下文。
public,wm_waterbody_info,id,bigint,id,水体信息实体类,existing_comment,candidate_with_conflict_warning,medium,字段名 id 在库内其他表中存在不同注释（10种）。保留原始注释，训练时需带表上下文。
public,wm_waterbody_info,water_body_name,character varying,水体名称,水体信息实体类,existing_comment,candidate_safe,low,字段已有注释，无同名字段冲突，可安全纳入训练候选。
public,wm_waterbody_info,water_body_type,character,水体类型：0 河流、1 湖泊,水体信息实体类,existing_comment,candidate_with_conflict_warning,medium,字段名 water_body_type 在库内其他表中存在不同注释（2种）。保留原始注释，训练时需带表上下文。
public,wm_waterbody_info,geom,text,几何信息,水体信息实体类,existing_comment,candidate_with_conflict_warning,medium,字段名 geom 在库内其他表中存在不同注释（9种）。保留原始注释，训练时需带表上下文。
public,wm_waterbody_info,img_url,character varying,照片地址,水体信息实体类,existing_comment,candidate_with_conflict_warning,medium,字段名 img_url 在库内其他表中存在不同注释（2种）。保留原始注释，训练时需带表上下文。
public,wm_waterbody_info,img_format,character varying,照片格式：img、png等,水体信息实体类,existing_comment,candidate_safe,low,字段已有注释，无同名字段冲突，可安全纳入训练候选。
public,wm_waterbody_info,img_name,character varying,照片名称,水体信息实体类,existing_comment,candidate_safe,low,字段已有注释，无同名字段冲突，可安全纳入训练候选。
public,wm_waterbody_info,control_unit_id,bigint,所属控制单元id,水体信息实体类,existing_comment,candidate_with_conflict_warning,medium,字段名 control_unit_id 在库内其他表中存在不同注释（2种）。保留原始注释，训练时需带表上下文。
public,wm_waterbody_info,length,double precision,水体长度（km）,水体信息实体类,existing_comment,candidate_with_conflict_warning,medium,字段名 length 在库内其他表中存在不同注释（2种）。保留原始注释，训练时需带表上下文。
public,wm_waterbody_info,width,character varying,水体宽度（m）,水体信息实体类,existing_comment,candidate_with_conflict_warning,medium,字段名 width 在库内其他表中存在不同注释（2种）。保留原始注释，训练时需带表上下文。
public,wm_waterbody_info,area,double precision,水体面积（km2）,水体信息实体类,existing_comment,candidate_with_conflict_warning,medium,字段名 area 在库内其他表中存在不同注释（9种）。保留原始注释，训练时需带表上下文。
public,wm_waterbody_info,bend_coefficient,double precision,弯曲系数,水体信息实体类,existing_comment,candidate_safe,low,字段已有注释，无同名字段冲突，可安全纳入训练候选。
public,wm_waterbody_info,storage,double precision,蓄水量（m3）,水体信息实体类,existing_comment,candidate_safe,low,字段已有注释，无同名字段冲突，可安全纳入训练候选。
public,wm_waterbody_info,create_by,bigint,创建人,水体信息实体类,existing_comment,candidate_with_conflict_warning,medium,字段名 create_by 在库内其他表中存在不同注释（4种）。保留原始注释，训练时需带表上下文。
public,wm_waterbody_info,create_time,timestamp without time zone,创建时间,水体信息实体类,existing_comment,candidate_with_conflict_warning,medium,字段名 create_time 在库内其他表中存在不同注释（2种）。保留原始注释，训练时需带表上下文。
public,wm_waterbody_info,update_by,bigint,更新人,水体信息实体类,existing_comment,candidate_with_conflict_warning,medium,字段名 update_by 在库内其他表中存在不同注释（5种）。保留原始注释，训练时需带表上下文。
public,wm_waterbody_info,update_time,timestamp without time zone,更新时间,水体信息实体类,existing_comment,candidate_with_conflict_warning,medium,字段名 update_time 在库内其他表中存在不同注释（2种）。保留原始注释，训练时需带表上下文。
public,wm_waterbody_info,del_flag,character,删除标记：0 未删除、1 已删除,水体信息实体类,existing_comment,candidate_with_conflict_warning,medium,字段名 del_flag 在库内其他表中存在不同注释（12种）。保留原始注释，训练时需带表上下文。
public,wm_waterquality_day_records,id,bigint,id,水质监测日记录表,existing_comment,candidate_with_conflict_warning,medium,字段名 id 在库内其他表中存在不同注释（10种）。保留原始注释，训练时需带表上下文。
public,wm_waterquality_day_records,station_id,bigint,站点id,水质监测日记录表,existing_comment,candidate_with_conflict_warning,medium,字段名 station_id 在库内其他表中存在不同注释（4种）。保留原始注释，训练时需带表上下文。
public,wm_waterquality_day_records,m1_value,double precision,水温监测值,水质监测日记录表,existing_comment,candidate_with_conflict_warning,medium,字段名 m1_value 在库内其他表中存在不同注释（8种）。保留原始注释，训练时需带表上下文。
public,wm_waterquality_day_records,m1_count,bigint,记录数1,水质监测日记录表,existing_comment,candidate_with_conflict_warning,medium,字段名 m1_count 在库内其他表中存在不同注释（3种）。保留原始注释，训练时需带表上下文。
public,wm_waterquality_day_records,m2_value,double precision,PH监测值,水质监测日记录表,existing_comment,candidate_with_conflict_warning,medium,字段名 m2_value 在库内其他表中存在不同注释（7种）。保留原始注释，训练时需带表上下文。
public,wm_waterquality_day_records,m2_count,bigint,记录数2,水质监测日记录表,existing_comment,candidate_with_conflict_warning,medium,字段名 m2_count 在库内其他表中存在不同注释（3种）。保留原始注释，训练时需带表上下文。
public,wm_waterquality_day_records,m3_value,double precision,溶解氧监测值,水质监测日记录表,existing_comment,candidate_with_conflict_warning,medium,字段名 m3_value 在库内其他表中存在不同注释（8种）。保留原始注释，训练时需带表上下文。
public,wm_waterquality_day_records,m3_count,bigint,记录数3,水质监测日记录表,existing_comment,candidate_with_conflict_warning,medium,字段名 m3_count 在库内其他表中存在不同注释（3种）。保留原始注释，训练时需带表上下文。
public,wm_waterquality_day_records,m4_value,double precision,浊度监测值,水质监测日记录表,existing_comment,candidate_with_conflict_warning,medium,字段名 m4_value 在库内其他表中存在不同注释（7种）。保留原始注释，训练时需带表上下文。
public,wm_waterquality_day_records,m4_count,bigint,记录数4,水质监测日记录表,existing_comment,candidate_with_conflict_warning,medium,字段名 m4_count 在库内其他表中存在不同注释（3种）。保留原始注释，训练时需带表上下文。
public,wm_waterquality_day_records,m5_value,double precision,电导率监测值,水质监测日记录表,existing_comment,candidate_with_conflict_warning,medium,字段名 m5_value 在库内其他表中存在不同注释（7种）。保留原始注释，训练时需带表上下文。
public,wm_waterquality_day_records,m5_count,bigint,记录数5,水质监测日记录表,existing_comment,candidate_with_conflict_warning,medium,字段名 m5_count 在库内其他表中存在不同注释（3种）。保留原始注释，训练时需带表上下文。
public,wm_waterquality_day_records,m6_value,double precision,氨氮监测值,水质监测日记录表,existing_comment,candidate_with_conflict_warning,medium,字段名 m6_value 在库内其他表中存在不同注释（7种）。保留原始注释，训练时需带表上下文。
public,wm_waterquality_day_records,m6_count,bigint,记录数6,水质监测日记录表,existing_comment,candidate_with_conflict_warning,medium,字段名 m6_count 在库内其他表中存在不同注释（3种）。保留原始注释，训练时需带表上下文。
public,wm_waterquality_day_records,m7_value,double precision,高锰酸盐指数监测值,水质监测日记录表,existing_comment,candidate_with_conflict_warning,medium,字段名 m7_value 在库内其他表中存在不同注释（6种）。保留原始注释，训练时需带表上下文。
public,wm_waterquality_day_records,m7_count,bigint,记录数7,水质监测日记录表,existing_comment,candidate_with_conflict_warning,medium,字段名 m7_count 在库内其他表中存在不同注释（3种）。保留原始注释，训练时需带表上下文。
public,wm_waterquality_day_records,m8_value,double precision,总磷监测值,水质监测日记录表,existing_comment,candidate_with_conflict_warning,medium,字段名 m8_value 在库内其他表中存在不同注释（6种）。保留原始注释，训练时需带表上下文。
public,wm_waterquality_day_records,m8_count,bigint,记录数8,水质监测日记录表,existing_comment,candidate_with_conflict_warning,medium,字段名 m8_count 在库内其他表中存在不同注释（3种）。保留原始注释，训练时需带表上下文。
public,wm_waterquality_day_records,m9_value,double precision,总氮监测值,水质监测日记录表,existing_comment,candidate_with_conflict_warning,medium,字段名 m9_value 在库内其他表中存在不同注释（6种）。保留原始注释，训练时需带表上下文。
public,wm_waterquality_day_records,m9_count,bigint,记录数9,水质监测日记录表,existing_comment,candidate_with_conflict_warning,medium,字段名 m9_count 在库内其他表中存在不同注释（3种）。保留原始注释，训练时需带表上下文。
public,wm_waterquality_day_records,m10_value,double precision,化学需氧量监测值,水质监测日记录表,existing_comment,candidate_with_conflict_warning,medium,字段名 m10_value 在库内其他表中存在不同注释（8种）。保留原始注释，训练时需带表上下文。
public,wm_waterquality_day_records,m10_count,bigint,记录数10,水质监测日记录表,existing_comment,candidate_with_conflict_warning,medium,字段名 m10_count 在库内其他表中存在不同注释（3种）。保留原始注释，训练时需带表上下文。
public,wm_waterquality_day_records,m11_value,double precision,监测值,水质监测日记录表,existing_comment,candidate_with_conflict_warning,medium,字段名 m11_value 在库内其他表中存在不同注释（7种）。保留原始注释，训练时需带表上下文。
public,wm_waterquality_day_records,m11_count,bigint,记录数11,水质监测日记录表,existing_comment,candidate_with_conflict_warning,medium,字段名 m11_count 在库内其他表中存在不同注释（3种）。保留原始注释，训练时需带表上下文。
public,wm_waterquality_day_records,m12_value,double precision,监测值,水质监测日记录表,existing_comment,candidate_with_conflict_warning,medium,字段名 m12_value 在库内其他表中存在不同注释（7种）。保留原始注释，训练时需带表上下文。
public,wm_waterquality_day_records,m12_count,bigint,记录数12,水质监测日记录表,existing_comment,candidate_with_conflict_warning,medium,字段名 m12_count 在库内其他表中存在不同注释（3种）。保留原始注释，训练时需带表上下文。
public,wm_waterquality_day_records,m13_value,double precision,监测值,水质监测日记录表,existing_comment,candidate_with_conflict_warning,medium,字段名 m13_value 在库内其他表中存在不同注释（7种）。保留原始注释，训练时需带表上下文。
public,wm_waterquality_day_records,m13_count,bigint,记录数13,水质监测日记录表,existing_comment,candidate_with_conflict_warning,medium,字段名 m13_count 在库内其他表中存在不同注释（3种）。保留原始注释，训练时需带表上下文。
public,wm_waterquality_day_records,m14_value,double precision,监测值,水质监测日记录表,existing_comment,candidate_with_conflict_warning,medium,字段名 m14_value 在库内其他表中存在不同注释（6种）。保留原始注释，训练时需带表上下文。
public,wm_waterquality_day_records,m14_count,bigint,记录数14,水质监测日记录表,existing_comment,candidate_with_conflict_warning,medium,字段名 m14_count 在库内其他表中存在不同注释（3种）。保留原始注释，训练时需带表上下文。
public,wm_waterquality_day_records,m15_value,double precision,监测值,水质监测日记录表,existing_comment,candidate_with_conflict_warning,medium,字段名 m15_value 在库内其他表中存在不同注释（6种）。保留原始注释，训练时需带表上下文。
public,wm_waterquality_day_records,m15_count,bigint,记录数15,水质监测日记录表,existing_comment,candidate_with_conflict_warning,medium,字段名 m15_count 在库内其他表中存在不同注释（3种）。保留原始注释，训练时需带表上下文。
public,wm_waterquality_day_records,m16_value,double precision,监测值,水质监测日记录表,existing_comment,candidate_with_conflict_warning,medium,字段名 m16_value 在库内其他表中存在不同注释（6种）。保留原始注释，训练时需带表上下文。
public,wm_waterquality_day_records,m16_count,bigint,记录数16,水质监测日记录表,existing_comment,candidate_with_conflict_warning,medium,字段名 m16_count 在库内其他表中存在不同注释（3种）。保留原始注释，训练时需带表上下文。
public,wm_waterquality_day_records,m17_value,double precision,监测值,水质监测日记录表,existing_comment,candidate_with_conflict_warning,medium,字段名 m17_value 在库内其他表中存在不同注释（6种）。保留原始注释，训练时需带表上下文。
public,wm_waterquality_day_records,m17_count,bigint,记录数17,水质监测日记录表,existing_comment,candidate_with_conflict_warning,medium,字段名 m17_count 在库内其他表中存在不同注释（3种）。保留原始注释，训练时需带表上下文。
public,wm_waterquality_day_records,m18_value,double precision,监测值,水质监测日记录表,existing_comment,candidate_with_conflict_warning,medium,字段名 m18_value 在库内其他表中存在不同注释（6种）。保留原始注释，训练时需带表上下文。
public,wm_waterquality_day_records,m18_count,bigint,记录数18,水质监测日记录表,existing_comment,candidate_with_conflict_warning,medium,字段名 m18_count 在库内其他表中存在不同注释（3种）。保留原始注释，训练时需带表上下文。
public,wm_waterquality_day_records,m19_value,double precision,监测值,水质监测日记录表,existing_comment,candidate_with_conflict_warning,medium,字段名 m19_value 在库内其他表中存在不同注释（6种）。保留原始注释，训练时需带表上下文。
public,wm_waterquality_day_records,m19_count,bigint,记录数19,水质监测日记录表,existing_comment,candidate_with_conflict_warning,medium,字段名 m19_count 在库内其他表中存在不同注释（3种）。保留原始注释，训练时需带表上下文。
public,wm_waterquality_day_records,m20_value,double precision,监测值,水质监测日记录表,existing_comment,candidate_with_conflict_warning,medium,字段名 m20_value 在库内其他表中存在不同注释（6种）。保留原始注释，训练时需带表上下文。
public,wm_waterquality_day_records,m20_count,bigint,记录数20,水质监测日记录表,existing_comment,candidate_with_conflict_warning,medium,字段名 m20_count 在库内其他表中存在不同注释（3种）。保留原始注释，训练时需带表上下文。
public,wm_waterquality_day_records,m21_value,double precision,监测值,水质监测日记录表,existing_comment,candidate_with_conflict_warning,medium,字段名 m21_value 在库内其他表中存在不同注释（6种）。保留原始注释，训练时需带表上下文。
public,wm_waterquality_day_records,m21_count,bigint,记录数21,水质监测日记录表,existing_comment,candidate_with_conflict_warning,medium,字段名 m21_count 在库内其他表中存在不同注释（3种）。保留原始注释，训练时需带表上下文。
public,wm_waterquality_day_records,m22_value,double precision,监测值,水质监测日记录表,existing_comment,candidate_with_conflict_warning,medium,字段名 m22_value 在库内其他表中存在不同注释（6种）。保留原始注释，训练时需带表上下文。
public,wm_waterquality_day_records,m22_count,bigint,记录数22,水质监测日记录表,existing_comment,candidate_with_conflict_warning,medium,字段名 m22_count 在库内其他表中存在不同注释（3种）。保留原始注释，训练时需带表上下文。
public,wm_waterquality_day_records,m23_value,double precision,监测值,水质监测日记录表,existing_comment,candidate_with_conflict_warning,medium,字段名 m23_value 在库内其他表中存在不同注释（3种）。保留原始注释，训练时需带表上下文。
public,wm_waterquality_day_records,m23_count,bigint,记录数23,水质监测日记录表,existing_comment,candidate_safe,low,字段已有注释，无同名字段冲突，可安全纳入训练候选。
public,wm_waterquality_day_records,m24_value,double precision,监测值,水质监测日记录表,existing_comment,candidate_with_conflict_warning,medium,字段名 m24_value 在库内其他表中存在不同注释（3种）。保留原始注释，训练时需带表上下文。
public,wm_waterquality_day_records,m24_count,bigint,记录数24,水质监测日记录表,existing_comment,candidate_safe,low,字段已有注释，无同名字段冲突，可安全纳入训练候选。
public,wm_waterquality_day_records,m25_value,double precision,监测值,水质监测日记录表,existing_comment,candidate_with_conflict_warning,medium,字段名 m25_value 在库内其他表中存在不同注释（3种）。保留原始注释，训练时需带表上下文。
public,wm_waterquality_day_records,m25_count,bigint,记录数25,水质监测日记录表,existing_comment,candidate_safe,low,字段已有注释，无同名字段冲突，可安全纳入训练候选。
public,wm_waterquality_day_records,m26_value,double precision,监测值,水质监测日记录表,existing_comment,candidate_with_conflict_warning,medium,字段名 m26_value 在库内其他表中存在不同注释（3种）。保留原始注释，训练时需带表上下文。
public,wm_waterquality_day_records,m26_count,bigint,记录数26,水质监测日记录表,existing_comment,candidate_safe,low,字段已有注释，无同名字段冲突，可安全纳入训练候选。
public,wm_waterquality_day_records,m27_value,double precision,监测值,水质监测日记录表,existing_comment,candidate_with_conflict_warning,medium,字段名 m27_value 在库内其他表中存在不同注释（3种）。保留原始注释，训练时需带表上下文。
public,wm_waterquality_day_records,m27_count,bigint,记录数27,水质监测日记录表,existing_comment,candidate_safe,low,字段已有注释，无同名字段冲突，可安全纳入训练候选。
public,wm_waterquality_day_records,m28_value,double precision,监测值,水质监测日记录表,existing_comment,candidate_with_conflict_warning,medium,字段名 m28_value 在库内其他表中存在不同注释（3种）。保留原始注释，训练时需带表上下文。
public,wm_waterquality_day_records,m28_count,bigint,记录数28,水质监测日记录表,existing_comment,candidate_safe,low,字段已有注释，无同名字段冲突，可安全纳入训练候选。
public,wm_waterquality_day_records,m29_value,double precision,监测值29,水质监测日记录表,existing_comment,candidate_with_conflict_warning,medium,字段名 m29_value 在库内其他表中存在不同注释（4种）。保留原始注释，训练时需带表上下文。
public,wm_waterquality_day_records,m29_count,bigint,记录数29,水质监测日记录表,existing_comment,candidate_safe,low,字段已有注释，无同名字段冲突，可安全纳入训练候选。
public,wm_waterquality_day_records,m30_value,double precision,监测值30,水质监测日记录表,existing_comment,candidate_with_conflict_warning,medium,字段名 m30_value 在库内其他表中存在不同注释（4种）。保留原始注释，训练时需带表上下文。
public,wm_waterquality_day_records,m30_count,bigint,记录数30,水质监测日记录表,existing_comment,candidate_safe,low,字段已有注释，无同名字段冲突，可安全纳入训练候选。
public,wm_waterquality_day_records,m31_value,double precision,监测值31,水质监测日记录表,existing_comment,candidate_with_conflict_warning,medium,字段名 m31_value 在库内其他表中存在不同注释（4种）。保留原始注释，训练时需带表上下文。
public,wm_waterquality_day_records,m31_count,bigint,记录数31,水质监测日记录表,existing_comment,candidate_safe,low,字段已有注释，无同名字段冲突，可安全纳入训练候选。
public,wm_waterquality_day_records,monitor_time,timestamp without time zone,监测时间,水质监测日记录表,existing_comment,candidate_with_conflict_warning,medium,字段名 monitor_time 在库内其他表中存在不同注释（2种）。保留原始注释，训练时需带表上下文。
public,wm_waterquality_day_records,water_quality_level,character varying,水质级别,水质监测日记录表,existing_comment,candidate_with_conflict_warning,medium,字段名 water_quality_level 在库内其他表中存在不同注释（3种）。保留原始注释，训练时需带表上下文。
public,wm_waterquality_day_records,create_by,bigint,创建人,水质监测日记录表,existing_comment,candidate_with_conflict_warning,medium,字段名 create_by 在库内其他表中存在不同注释（4种）。保留原始注释，训练时需带表上下文。
public,wm_waterquality_day_records,create_time,timestamp without time zone,创建时间,水质监测日记录表,existing_comment,candidate_with_conflict_warning,medium,字段名 create_time 在库内其他表中存在不同注释（2种）。保留原始注释，训练时需带表上下文。
public,wm_waterquality_day_records,update_by,bigint,更新人,水质监测日记录表,existing_comment,candidate_with_conflict_warning,medium,字段名 update_by 在库内其他表中存在不同注释（5种）。保留原始注释，训练时需带表上下文。
public,wm_waterquality_day_records,update_time,timestamp without time zone,更新时间,水质监测日记录表,existing_comment,candidate_with_conflict_warning,medium,字段名 update_time 在库内其他表中存在不同注释（2种）。保留原始注释，训练时需带表上下文。
public,wm_waterquality_day_records,del_flag,character,删除标记：0 未删除、1 已删除,水质监测日记录表,existing_comment,candidate_with_conflict_warning,medium,字段名 del_flag 在库内其他表中存在不同注释（12种）。保留原始注释，训练时需带表上下文。
public,wm_waterquality_hour_records,id,bigint,id,水质监测小时记录表,existing_comment,candidate_with_conflict_warning,medium,字段名 id 在库内其他表中存在不同注释（10种）。保留原始注释，训练时需带表上下文。
public,wm_waterquality_hour_records,station_id,bigint,监测站id,水质监测小时记录表,existing_comment,candidate_with_conflict_warning,medium,字段名 station_id 在库内其他表中存在不同注释（4种）。保留原始注释，训练时需带表上下文。
public,wm_waterquality_hour_records,m1_value,double precision,水温监测值,水质监测小时记录表,existing_comment,candidate_with_conflict_warning,medium,字段名 m1_value 在库内其他表中存在不同注释（8种）。保留原始注释，训练时需带表上下文。
public,wm_waterquality_hour_records,m1_status,character,监测结果：0 正常、1 超标,水质监测小时记录表,existing_comment,candidate_with_conflict_warning,medium,字段名 m1_status 在库内其他表中存在不同注释（2种）。保留原始注释，训练时需带表上下文。
public,wm_waterquality_hour_records,m1_level,character varying,水质级别：I、II、Ⅲ、IV、V、劣V,水质监测小时记录表,existing_comment,candidate_safe,low,字段已有注释，无同名字段冲突，可安全纳入训练候选。
public,wm_waterquality_hour_records,m2_value,double precision,PH监测值,水质监测小时记录表,existing_comment,candidate_with_conflict_warning,medium,字段名 m2_value 在库内其他表中存在不同注释（7种）。保留原始注释，训练时需带表上下文。
public,wm_waterquality_hour_records,m2_status,character,监测结果：0 正常、1 超标,水质监测小时记录表,existing_comment,candidate_with_conflict_warning,medium,字段名 m2_status 在库内其他表中存在不同注释（2种）。保留原始注释，训练时需带表上下文。
public,wm_waterquality_hour_records,m2_level,character varying,水质级别：I、II、Ⅲ、IV、V、劣V,水质监测小时记录表,existing_comment,candidate_safe,low,字段已有注释，无同名字段冲突，可安全纳入训练候选。
public,wm_waterquality_hour_records,m3_value,double precision,溶解氧监测值,水质监测小时记录表,existing_comment,candidate_with_conflict_warning,medium,字段名 m3_value 在库内其他表中存在不同注释（8种）。保留原始注释，训练时需带表上下文。
public,wm_waterquality_hour_records,m3_status,character,监测结果：0 正常、2 偏低,水质监测小时记录表,existing_comment,candidate_with_conflict_warning,medium,字段名 m3_status 在库内其他表中存在不同注释（2种）。保留原始注释，训练时需带表上下文。
public,wm_waterquality_hour_records,m3_level,character varying,水质级别：I、II、Ⅲ、IV、V、劣V,水质监测小时记录表,existing_comment,candidate_safe,low,字段已有注释，无同名字段冲突，可安全纳入训练候选。
public,wm_waterquality_hour_records,m4_value,double precision,浊度监测值,水质监测小时记录表,existing_comment,candidate_with_conflict_warning,medium,字段名 m4_value 在库内其他表中存在不同注释（7种）。保留原始注释，训练时需带表上下文。
public,wm_waterquality_hour_records,m4_status,character,监测结果：0 正常、1 超标,水质监测小时记录表,existing_comment,candidate_with_conflict_warning,medium,字段名 m4_status 在库内其他表中存在不同注释（2种）。保留原始注释，训练时需带表上下文。
public,wm_waterquality_hour_records,m5_value,double precision,电导率监测值,水质监测小时记录表,existing_comment,candidate_with_conflict_warning,medium,字段名 m5_value 在库内其他表中存在不同注释（7种）。保留原始注释，训练时需带表上下文。
public,wm_waterquality_hour_records,m5_status,character,监测结果：0 正常、1 超标,水质监测小时记录表,existing_comment,candidate_with_conflict_warning,medium,字段名 m5_status 在库内其他表中存在不同注释（2种）。保留原始注释，训练时需带表上下文。
public,wm_waterquality_hour_records,m6_value,double precision,氨氮监测值,水质监测小时记录表,existing_comment,candidate_with_conflict_warning,medium,字段名 m6_value 在库内其他表中存在不同注释（7种）。保留原始注释，训练时需带表上下文。
public,wm_waterquality_hour_records,m6_status,character,监测结果：0 正常、1 超标,水质监测小时记录表,existing_comment,candidate_with_conflict_warning,medium,字段名 m6_status 在库内其他表中存在不同注释（2种）。保留原始注释，训练时需带表上下文。
public,wm_waterquality_hour_records,m6_level,character varying,水质级别：I、II、Ⅲ、IV、V、劣V,水质监测小时记录表,existing_comment,candidate_safe,low,字段已有注释，无同名字段冲突，可安全纳入训练候选。
public,wm_waterquality_hour_records,m7_value,double precision,高锰酸盐指数监测值,水质监测小时记录表,existing_comment,candidate_with_conflict_warning,medium,字段名 m7_value 在库内其他表中存在不同注释（6种）。保留原始注释，训练时需带表上下文。
public,wm_waterquality_hour_records,m7_status,character,监测结果：0 正常、1 超标,水质监测小时记录表,existing_comment,candidate_with_conflict_warning,medium,字段名 m7_status 在库内其他表中存在不同注释（2种）。保留原始注释，训练时需带表上下文。
public,wm_waterquality_hour_records,m7_level,character varying,水质级别：I、II、Ⅲ、IV、V、劣V,水质监测小时记录表,existing_comment,candidate_safe,low,字段已有注释，无同名字段冲突，可安全纳入训练候选。
public,wm_waterquality_hour_records,m8_value,double precision,总磷监测值,水质监测小时记录表,existing_comment,candidate_with_conflict_warning,medium,字段名 m8_value 在库内其他表中存在不同注释（6种）。保留原始注释，训练时需带表上下文。
public,wm_waterquality_hour_records,m8_status,character,监测结果：0 正常、1 超标,水质监测小时记录表,existing_comment,candidate_with_conflict_warning,medium,字段名 m8_status 在库内其他表中存在不同注释（2种）。保留原始注释，训练时需带表上下文。
public,wm_waterquality_hour_records,m8_level,character varying,水质级别：I、II、Ⅲ、IV、V、劣V,水质监测小时记录表,existing_comment,candidate_safe,low,字段已有注释，无同名字段冲突，可安全纳入训练候选。
public,wm_waterquality_hour_records,m9_value,double precision,总氮监测值,水质监测小时记录表,existing_comment,candidate_with_conflict_warning,medium,字段名 m9_value 在库内其他表中存在不同注释（6种）。保留原始注释，训练时需带表上下文。
public,wm_waterquality_hour_records,m9_status,character,监测结果：0 正常、1 超标,水质监测小时记录表,existing_comment,candidate_with_conflict_warning,medium,字段名 m9_status 在库内其他表中存在不同注释（2种）。保留原始注释，训练时需带表上下文。
public,wm_waterquality_hour_records,m9_level,character varying,水质级别：I、II、Ⅲ、IV、V、劣V,水质监测小时记录表,existing_comment,candidate_safe,low,字段已有注释，无同名字段冲突，可安全纳入训练候选。
public,wm_waterquality_hour_records,m10_value,double precision,叶绿素a监测值,水质监测小时记录表,existing_comment,candidate_with_conflict_warning,medium,字段名 m10_value 在库内其他表中存在不同注释（8种）。保留原始注释，训练时需带表上下文。
public,wm_waterquality_hour_records,m10_status,character,监测结果：0 正常、1 超标,水质监测小时记录表,existing_comment,candidate_with_conflict_warning,medium,字段名 m10_status 在库内其他表中存在不同注释（2种）。保留原始注释，训练时需带表上下文。
public,wm_waterquality_hour_records,m11_value,double precision,藻密度监测值,水质监测小时记录表,existing_comment,candidate_with_conflict_warning,medium,字段名 m11_value 在库内其他表中存在不同注释（7种）。保留原始注释，训练时需带表上下文。
public,wm_waterquality_hour_records,m11_status,character,监测结果：0 正常、1 超标,水质监测小时记录表,existing_comment,candidate_with_conflict_warning,medium,字段名 m11_status 在库内其他表中存在不同注释（2种）。保留原始注释，训练时需带表上下文。
public,wm_waterquality_hour_records,m12_value,double precision,化学需氧量监测值,水质监测小时记录表,existing_comment,candidate_with_conflict_warning,medium,字段名 m12_value 在库内其他表中存在不同注释（7种）。保留原始注释，训练时需带表上下文。
public,wm_waterquality_hour_records,m12_status,character,监测结果：0 正常、1 超标,水质监测小时记录表,existing_comment,candidate_with_conflict_warning,medium,字段名 m12_status 在库内其他表中存在不同注释（2种）。保留原始注释，训练时需带表上下文。
public,wm_waterquality_hour_records,m12_level,character varying,水质级别：I、II、Ⅲ、IV、V、劣V,水质监测小时记录表,existing_comment,candidate_safe,low,字段已有注释，无同名字段冲突，可安全纳入训练候选。
public,wm_waterquality_hour_records,m13_value,double precision,五日生化需氧量监测值,水质监测小时记录表,existing_comment,candidate_with_conflict_warning,medium,字段名 m13_value 在库内其他表中存在不同注释（7种）。保留原始注释，训练时需带表上下文。
public,wm_waterquality_hour_records,m13_status,character,监测结果：0 正常、1 超标,水质监测小时记录表,existing_comment,candidate_with_conflict_warning,medium,字段名 m13_status 在库内其他表中存在不同注释（2种）。保留原始注释，训练时需带表上下文。
public,wm_waterquality_hour_records,m13_level,character varying,水质级别：I、II、Ⅲ、IV、V、劣V,水质监测小时记录表,existing_comment,candidate_safe,low,字段已有注释，无同名字段冲突，可安全纳入训练候选。
public,wm_waterquality_hour_records,m14_value,double precision,监测值,水质监测小时记录表,existing_comment,candidate_with_conflict_warning,medium,字段名 m14_value 在库内其他表中存在不同注释（6种）。保留原始注释，训练时需带表上下文。
public,wm_waterquality_hour_records,m14_status,character,监测结果：0 正常、1 超标,水质监测小时记录表,existing_comment,candidate_with_conflict_warning,medium,字段名 m14_status 在库内其他表中存在不同注释（2种）。保留原始注释，训练时需带表上下文。
public,wm_waterquality_hour_records,m15_value,double precision,监测值,水质监测小时记录表,existing_comment,candidate_with_conflict_warning,medium,字段名 m15_value 在库内其他表中存在不同注释（6种）。保留原始注释，训练时需带表上下文。
public,wm_waterquality_hour_records,m15_status,character,监测结果：0 正常、1 超标,水质监测小时记录表,existing_comment,candidate_with_conflict_warning,medium,字段名 m15_status 在库内其他表中存在不同注释（2种）。保留原始注释，训练时需带表上下文。
public,wm_waterquality_hour_records,m16_value,double precision,监测值,水质监测小时记录表,existing_comment,candidate_with_conflict_warning,medium,字段名 m16_value 在库内其他表中存在不同注释（6种）。保留原始注释，训练时需带表上下文。
public,wm_waterquality_hour_records,m16_status,character,监测结果：0 正常、1 超标,水质监测小时记录表,existing_comment,candidate_with_conflict_warning,medium,字段名 m16_status 在库内其他表中存在不同注释（2种）。保留原始注释，训练时需带表上下文。
public,wm_waterquality_hour_records,m17_value,double precision,监测值,水质监测小时记录表,existing_comment,candidate_with_conflict_warning,medium,字段名 m17_value 在库内其他表中存在不同注释（6种）。保留原始注释，训练时需带表上下文。
public,wm_waterquality_hour_records,m17_status,character,监测结果：0 正常、1 超标,水质监测小时记录表,existing_comment,candidate_with_conflict_warning,medium,字段名 m17_status 在库内其他表中存在不同注释（2种）。保留原始注释，训练时需带表上下文。
public,wm_waterquality_hour_records,m18_value,double precision,监测值,水质监测小时记录表,existing_comment,candidate_with_conflict_warning,medium,字段名 m18_value 在库内其他表中存在不同注释（6种）。保留原始注释，训练时需带表上下文。
public,wm_waterquality_hour_records,m18_status,character,监测结果：0 正常、1 超标,水质监测小时记录表,existing_comment,candidate_with_conflict_warning,medium,字段名 m18_status 在库内其他表中存在不同注释（2种）。保留原始注释，训练时需带表上下文。
public,wm_waterquality_hour_records,m19_value,double precision,监测值,水质监测小时记录表,existing_comment,candidate_with_conflict_warning,medium,字段名 m19_value 在库内其他表中存在不同注释（6种）。保留原始注释，训练时需带表上下文。
public,wm_waterquality_hour_records,m19_status,character,监测结果：0 正常、1 超标,水质监测小时记录表,existing_comment,candidate_with_conflict_warning,medium,字段名 m19_status 在库内其他表中存在不同注释（2种）。保留原始注释，训练时需带表上下文。
public,wm_waterquality_hour_records,m20_value,double precision,监测值,水质监测小时记录表,existing_comment,candidate_with_conflict_warning,medium,字段名 m20_value 在库内其他表中存在不同注释（6种）。保留原始注释，训练时需带表上下文。
public,wm_waterquality_hour_records,m20_status,character,监测结果：0 正常、1 超标,水质监测小时记录表,existing_comment,candidate_with_conflict_warning,medium,字段名 m20_status 在库内其他表中存在不同注释（2种）。保留原始注释，训练时需带表上下文。
public,wm_waterquality_hour_records,m21_value,double precision,监测值,水质监测小时记录表,existing_comment,candidate_with_conflict_warning,medium,字段名 m21_value 在库内其他表中存在不同注释（6种）。保留原始注释，训练时需带表上下文。
public,wm_waterquality_hour_records,m21_status,character,监测结果：0 正常、1 超标,水质监测小时记录表,existing_comment,candidate_with_conflict_warning,medium,字段名 m21_status 在库内其他表中存在不同注释（2种）。保留原始注释，训练时需带表上下文。
public,wm_waterquality_hour_records,m22_value,double precision,监测值,水质监测小时记录表,existing_comment,candidate_with_conflict_warning,medium,字段名 m22_value 在库内其他表中存在不同注释（6种）。保留原始注释，训练时需带表上下文。
public,wm_waterquality_hour_records,m22_status,character,监测结果：0 正常、1 超标,水质监测小时记录表,existing_comment,candidate_with_conflict_warning,medium,字段名 m22_status 在库内其他表中存在不同注释（2种）。保留原始注释，训练时需带表上下文。
public,wm_waterquality_hour_records,m23_value,double precision,监测值,水质监测小时记录表,existing_comment,candidate_with_conflict_warning,medium,字段名 m23_value 在库内其他表中存在不同注释（3种）。保留原始注释，训练时需带表上下文。
public,wm_waterquality_hour_records,m23_status,character,监测结果：0 正常、1 超标,水质监测小时记录表,existing_comment,candidate_safe,low,字段已有注释，无同名字段冲突，可安全纳入训练候选。
public,wm_waterquality_hour_records,m24_value,double precision,监测值,水质监测小时记录表,existing_comment,candidate_with_conflict_warning,medium,字段名 m24_value 在库内其他表中存在不同注释（3种）。保留原始注释，训练时需带表上下文。
public,wm_waterquality_hour_records,m24_status,character,监测结果：0 正常、1 超标,水质监测小时记录表,existing_comment,candidate_safe,low,字段已有注释，无同名字段冲突，可安全纳入训练候选。
public,wm_waterquality_hour_records,m25_value,double precision,监测值,水质监测小时记录表,existing_comment,candidate_with_conflict_warning,medium,字段名 m25_value 在库内其他表中存在不同注释（3种）。保留原始注释，训练时需带表上下文。
public,wm_waterquality_hour_records,m25_status,character,监测结果：0 正常、1 超标,水质监测小时记录表,existing_comment,candidate_safe,low,字段已有注释，无同名字段冲突，可安全纳入训练候选。
public,wm_waterquality_hour_records,m26_value,double precision,监测值,水质监测小时记录表,existing_comment,candidate_with_conflict_warning,medium,字段名 m26_value 在库内其他表中存在不同注释（3种）。保留原始注释，训练时需带表上下文。
public,wm_waterquality_hour_records,m26_status,character,监测结果：0 正常、1 超标,水质监测小时记录表,existing_comment,candidate_safe,low,字段已有注释，无同名字段冲突，可安全纳入训练候选。
public,wm_waterquality_hour_records,m27_value,double precision,监测值,水质监测小时记录表,existing_comment,candidate_with_conflict_warning,medium,字段名 m27_value 在库内其他表中存在不同注释（3种）。保留原始注释，训练时需带表上下文。
public,wm_waterquality_hour_records,m27_status,character,监测结果：0 正常、1 超标,水质监测小时记录表,existing_comment,candidate_safe,low,字段已有注释，无同名字段冲突，可安全纳入训练候选。
public,wm_waterquality_hour_records,m28_value,double precision,监测值,水质监测小时记录表,existing_comment,candidate_with_conflict_warning,medium,字段名 m28_value 在库内其他表中存在不同注释（3种）。保留原始注释，训练时需带表上下文。
public,wm_waterquality_hour_records,m28_status,character,监测结果：0 正常、1 超标,水质监测小时记录表,existing_comment,candidate_safe,low,字段已有注释，无同名字段冲突，可安全纳入训练候选。
public,wm_waterquality_hour_records,m29_value,double precision,监测值,水质监测小时记录表,existing_comment,candidate_with_conflict_warning,medium,字段名 m29_value 在库内其他表中存在不同注释（4种）。保留原始注释，训练时需带表上下文。
public,wm_waterquality_hour_records,m29_status,character,监测结果：0 正常、1 超标,水质监测小时记录表,existing_comment,candidate_safe,low,字段已有注释，无同名字段冲突，可安全纳入训练候选。
public,wm_waterquality_hour_records,m30_value,double precision,监测值,水质监测小时记录表,existing_comment,candidate_with_conflict_warning,medium,字段名 m30_value 在库内其他表中存在不同注释（4种）。保留原始注释，训练时需带表上下文。
public,wm_waterquality_hour_records,m30_status,character,监测结果：0 正常、1 超标,水质监测小时记录表,existing_comment,candidate_safe,low,字段已有注释，无同名字段冲突，可安全纳入训练候选。
public,wm_waterquality_hour_records,m31_value,double precision,监测值,水质监测小时记录表,existing_comment,candidate_with_conflict_warning,medium,字段名 m31_value 在库内其他表中存在不同注释（4种）。保留原始注释，训练时需带表上下文。
public,wm_waterquality_hour_records,m31_status,character,监测结果：0 正常、1 超标,水质监测小时记录表,existing_comment,candidate_safe,low,字段已有注释，无同名字段冲突，可安全纳入训练候选。
public,wm_waterquality_hour_records,monitor_time,timestamp without time zone,监测时间,水质监测小时记录表,existing_comment,candidate_with_conflict_warning,medium,字段名 monitor_time 在库内其他表中存在不同注释（2种）。保留原始注释，训练时需带表上下文。
public,wm_waterquality_hour_records,status,character,监测结果：0 正常、1 超标,水质监测小时记录表,existing_comment,candidate_with_conflict_warning,medium,字段名 status 在库内其他表中存在不同注释（16种）。保留原始注释，训练时需带表上下文。
public,wm_waterquality_hour_records,water_quality_level,character varying,水质级别：I、II、Ⅲ、IV、V、劣V,水质监测小时记录表,existing_comment,candidate_with_conflict_warning,medium,字段名 water_quality_level 在库内其他表中存在不同注释（3种）。保留原始注释，训练时需带表上下文。
public,wm_waterquality_hour_records,record_type,character,记录类型：0 自动、1 手工,水质监测小时记录表,existing_comment,candidate_with_conflict_warning,medium,字段名 record_type 在库内其他表中存在不同注释（4种）。保留原始注释，训练时需带表上下文。
public,wm_waterquality_hour_records,create_by,bigint,创建人,水质监测小时记录表,existing_comment,candidate_with_conflict_warning,medium,字段名 create_by 在库内其他表中存在不同注释（4种）。保留原始注释，训练时需带表上下文。
public,wm_waterquality_hour_records,create_time,timestamp without time zone,创建时间,水质监测小时记录表,existing_comment,candidate_with_conflict_warning,medium,字段名 create_time 在库内其他表中存在不同注释（2种）。保留原始注释，训练时需带表上下文。
public,wm_waterquality_hour_records,update_by,bigint,更新人,水质监测小时记录表,existing_comment,candidate_with_conflict_warning,medium,字段名 update_by 在库内其他表中存在不同注释（5种）。保留原始注释，训练时需带表上下文。
public,wm_waterquality_hour_records,update_time,timestamp without time zone,更新时间,水质监测小时记录表,existing_comment,candidate_with_conflict_warning,medium,字段名 update_time 在库内其他表中存在不同注释（2种）。保留原始注释，训练时需带表上下文。
public,wm_waterquality_hour_records,del_flag,character,删除标记：0 未删除、1 已删除,水质监测小时记录表,existing_comment,candidate_with_conflict_warning,medium,字段名 del_flag 在库内其他表中存在不同注释（12种）。保留原始注释，训练时需带表上下文。
public,wm_waterquality_month_records,id,bigint,id,水质监测月记录表,existing_comment,candidate_with_conflict_warning,medium,字段名 id 在库内其他表中存在不同注释（10种）。保留原始注释，训练时需带表上下文。
public,wm_waterquality_month_records,station_id,bigint,站点id,水质监测月记录表,existing_comment,candidate_with_conflict_warning,medium,字段名 station_id 在库内其他表中存在不同注释（4种）。保留原始注释，训练时需带表上下文。
public,wm_waterquality_month_records,section_id,bigint,断面id,水质监测月记录表,existing_comment,candidate_safe,low,字段已有注释，无同名字段冲突，可安全纳入训练候选。
public,wm_waterquality_month_records,m1_value,double precision,水温监测值,水质监测月记录表,existing_comment,candidate_with_conflict_warning,medium,字段名 m1_value 在库内其他表中存在不同注释（8种）。保留原始注释，训练时需带表上下文。
public,wm_waterquality_month_records,m1_count,bigint,记录数1,水质监测月记录表,existing_comment,candidate_with_conflict_warning,medium,字段名 m1_count 在库内其他表中存在不同注释（3种）。保留原始注释，训练时需带表上下文。
public,wm_waterquality_month_records,m2_value,double precision,PH监测值,水质监测月记录表,existing_comment,candidate_with_conflict_warning,medium,字段名 m2_value 在库内其他表中存在不同注释（7种）。保留原始注释，训练时需带表上下文。
public,wm_waterquality_month_records,m2_count,bigint,记录数2,水质监测月记录表,existing_comment,candidate_with_conflict_warning,medium,字段名 m2_count 在库内其他表中存在不同注释（3种）。保留原始注释，训练时需带表上下文。
public,wm_waterquality_month_records,m3_value,double precision,溶解氧监测值,水质监测月记录表,existing_comment,candidate_with_conflict_warning,medium,字段名 m3_value 在库内其他表中存在不同注释（8种）。保留原始注释，训练时需带表上下文。
public,wm_waterquality_month_records,m3_count,bigint,记录数3,水质监测月记录表,existing_comment,candidate_with_conflict_warning,medium,字段名 m3_count 在库内其他表中存在不同注释（3种）。保留原始注释，训练时需带表上下文。
public,wm_waterquality_month_records,m4_value,double precision,浊度监测值,水质监测月记录表,existing_comment,candidate_with_conflict_warning,medium,字段名 m4_value 在库内其他表中存在不同注释（7种）。保留原始注释，训练时需带表上下文。
public,wm_waterquality_month_records,m4_count,bigint,记录数4,水质监测月记录表,existing_comment,candidate_with_conflict_warning,medium,字段名 m4_count 在库内其他表中存在不同注释（3种）。保留原始注释，训练时需带表上下文。
public,wm_waterquality_month_records,m5_value,double precision,电导率监测值,水质监测月记录表,existing_comment,candidate_with_conflict_warning,medium,字段名 m5_value 在库内其他表中存在不同注释（7种）。保留原始注释，训练时需带表上下文。
public,wm_waterquality_month_records,m5_count,bigint,记录数5,水质监测月记录表,existing_comment,candidate_with_conflict_warning,medium,字段名 m5_count 在库内其他表中存在不同注释（3种）。保留原始注释，训练时需带表上下文。
public,wm_waterquality_month_records,m6_value,double precision,氨氮监测值,水质监测月记录表,existing_comment,candidate_with_conflict_warning,medium,字段名 m6_value 在库内其他表中存在不同注释（7种）。保留原始注释，训练时需带表上下文。
public,wm_waterquality_month_records,m6_count,bigint,记录数6,水质监测月记录表,existing_comment,candidate_with_conflict_warning,medium,字段名 m6_count 在库内其他表中存在不同注释（3种）。保留原始注释，训练时需带表上下文。
public,wm_waterquality_month_records,m7_value,double precision,高锰酸盐指数监测值,水质监测月记录表,existing_comment,candidate_with_conflict_warning,medium,字段名 m7_value 在库内其他表中存在不同注释（6种）。保留原始注释，训练时需带表上下文。
public,wm_waterquality_month_records,m7_count,bigint,记录数7,水质监测月记录表,existing_comment,candidate_with_conflict_warning,medium,字段名 m7_count 在库内其他表中存在不同注释（3种）。保留原始注释，训练时需带表上下文。
public,wm_waterquality_month_records,m8_value,double precision,总磷监测值,水质监测月记录表,existing_comment,candidate_with_conflict_warning,medium,字段名 m8_value 在库内其他表中存在不同注释（6种）。保留原始注释，训练时需带表上下文。
public,wm_waterquality_month_records,m8_count,bigint,记录数8,水质监测月记录表,existing_comment,candidate_with_conflict_warning,medium,字段名 m8_count 在库内其他表中存在不同注释（3种）。保留原始注释，训练时需带表上下文。
public,wm_waterquality_month_records,m9_value,double precision,总氮监测值,水质监测月记录表,existing_comment,candidate_with_conflict_warning,medium,字段名 m9_value 在库内其他表中存在不同注释（6种）。保留原始注释，训练时需带表上下文。
public,wm_waterquality_month_records,m9_count,bigint,记录数9,水质监测月记录表,existing_comment,candidate_with_conflict_warning,medium,字段名 m9_count 在库内其他表中存在不同注释（3种）。保留原始注释，训练时需带表上下文。
public,wm_waterquality_month_records,m10_value,double precision,叶绿素a,水质监测月记录表,existing_comment,candidate_with_conflict_warning,medium,字段名 m10_value 在库内其他表中存在不同注释（8种）。保留原始注释，训练时需带表上下文。
public,wm_waterquality_month_records,m10_count,bigint,记录数10,水质监测月记录表,existing_comment,candidate_with_conflict_warning,medium,字段名 m10_count 在库内其他表中存在不同注释（3种）。保留原始注释，训练时需带表上下文。
public,wm_waterquality_month_records,m11_value,double precision,藻密度,水质监测月记录表,existing_comment,candidate_with_conflict_warning,medium,字段名 m11_value 在库内其他表中存在不同注释（7种）。保留原始注释，训练时需带表上下文。
public,wm_waterquality_month_records,m11_count,bigint,记录数11,水质监测月记录表,existing_comment,candidate_with_conflict_warning,medium,字段名 m11_count 在库内其他表中存在不同注释（3种）。保留原始注释，训练时需带表上下文。
public,wm_waterquality_month_records,m12_value,double precision,化学需氧量,水质监测月记录表,existing_comment,candidate_with_conflict_warning,medium,字段名 m12_value 在库内其他表中存在不同注释（7种）。保留原始注释，训练时需带表上下文。
public,wm_waterquality_month_records,m12_count,bigint,记录数12,水质监测月记录表,existing_comment,candidate_with_conflict_warning,medium,字段名 m12_count 在库内其他表中存在不同注释（3种）。保留原始注释，训练时需带表上下文。
public,wm_waterquality_month_records,m13_value,double precision,五日生化需氧量,水质监测月记录表,existing_comment,candidate_with_conflict_warning,medium,字段名 m13_value 在库内其他表中存在不同注释（7种）。保留原始注释，训练时需带表上下文。
public,wm_waterquality_month_records,m13_count,bigint,记录数13,水质监测月记录表,existing_comment,candidate_with_conflict_warning,medium,字段名 m13_count 在库内其他表中存在不同注释（3种）。保留原始注释，训练时需带表上下文。
public,wm_waterquality_month_records,m14_value,double precision,铜,水质监测月记录表,existing_comment,candidate_with_conflict_warning,medium,字段名 m14_value 在库内其他表中存在不同注释（6种）。保留原始注释，训练时需带表上下文。
public,wm_waterquality_month_records,m14_count,bigint,记录数14,水质监测月记录表,existing_comment,candidate_with_conflict_warning,medium,字段名 m14_count 在库内其他表中存在不同注释（3种）。保留原始注释，训练时需带表上下文。
public,wm_waterquality_month_records,m15_value,double precision,锌,水质监测月记录表,existing_comment,candidate_with_conflict_warning,medium,字段名 m15_value 在库内其他表中存在不同注释（6种）。保留原始注释，训练时需带表上下文。
public,wm_waterquality_month_records,m15_count,bigint,记录数15,水质监测月记录表,existing_comment,candidate_with_conflict_warning,medium,字段名 m15_count 在库内其他表中存在不同注释（3种）。保留原始注释，训练时需带表上下文。
public,wm_waterquality_month_records,m16_value,double precision,氟化物,水质监测月记录表,existing_comment,candidate_with_conflict_warning,medium,字段名 m16_value 在库内其他表中存在不同注释（6种）。保留原始注释，训练时需带表上下文。
public,wm_waterquality_month_records,m16_count,bigint,记录数16,水质监测月记录表,existing_comment,candidate_with_conflict_warning,medium,字段名 m16_count 在库内其他表中存在不同注释（3种）。保留原始注释，训练时需带表上下文。
public,wm_waterquality_month_records,m17_value,double precision,硒,水质监测月记录表,existing_comment,candidate_with_conflict_warning,medium,字段名 m17_value 在库内其他表中存在不同注释（6种）。保留原始注释，训练时需带表上下文。
public,wm_waterquality_month_records,m17_count,bigint,记录数17,水质监测月记录表,existing_comment,candidate_with_conflict_warning,medium,字段名 m17_count 在库内其他表中存在不同注释（3种）。保留原始注释，训练时需带表上下文。
public,wm_waterquality_month_records,m18_value,double precision,砷,水质监测月记录表,existing_comment,candidate_with_conflict_warning,medium,字段名 m18_value 在库内其他表中存在不同注释（6种）。保留原始注释，训练时需带表上下文。
public,wm_waterquality_month_records,m18_count,bigint,记录数18,水质监测月记录表,existing_comment,candidate_with_conflict_warning,medium,字段名 m18_count 在库内其他表中存在不同注释（3种）。保留原始注释，训练时需带表上下文。
public,wm_waterquality_month_records,m19_value,double precision,汞,水质监测月记录表,existing_comment,candidate_with_conflict_warning,medium,字段名 m19_value 在库内其他表中存在不同注释（6种）。保留原始注释，训练时需带表上下文。
public,wm_waterquality_month_records,m19_count,bigint,记录数19,水质监测月记录表,existing_comment,candidate_with_conflict_warning,medium,字段名 m19_count 在库内其他表中存在不同注释（3种）。保留原始注释，训练时需带表上下文。
public,wm_waterquality_month_records,m20_value,double precision,镉,水质监测月记录表,existing_comment,candidate_with_conflict_warning,medium,字段名 m20_value 在库内其他表中存在不同注释（6种）。保留原始注释，训练时需带表上下文。
public,wm_waterquality_month_records,m20_count,bigint,记录数20,水质监测月记录表,existing_comment,candidate_with_conflict_warning,medium,字段名 m20_count 在库内其他表中存在不同注释（3种）。保留原始注释，训练时需带表上下文。
public,wm_waterquality_month_records,m21_value,double precision,铬,水质监测月记录表,existing_comment,candidate_with_conflict_warning,medium,字段名 m21_value 在库内其他表中存在不同注释（6种）。保留原始注释，训练时需带表上下文。
public,wm_waterquality_month_records,m21_count,bigint,记录数21,水质监测月记录表,existing_comment,candidate_with_conflict_warning,medium,字段名 m21_count 在库内其他表中存在不同注释（3种）。保留原始注释，训练时需带表上下文。
public,wm_waterquality_month_records,m22_value,double precision,铅,水质监测月记录表,existing_comment,candidate_with_conflict_warning,medium,字段名 m22_value 在库内其他表中存在不同注释（6种）。保留原始注释，训练时需带表上下文。
public,wm_waterquality_month_records,m22_count,bigint,记录数22,水质监测月记录表,existing_comment,candidate_with_conflict_warning,medium,字段名 m22_count 在库内其他表中存在不同注释（3种）。保留原始注释，训练时需带表上下文。
public,wm_waterquality_month_records,m23_value,double precision,氰化物,水质监测月记录表,existing_comment,candidate_with_conflict_warning,medium,字段名 m23_value 在库内其他表中存在不同注释（3种）。保留原始注释，训练时需带表上下文。
public,wm_waterquality_month_records,m23_count,bigint,记录数23,水质监测月记录表,existing_comment,candidate_safe,low,字段已有注释，无同名字段冲突，可安全纳入训练候选。
public,wm_waterquality_month_records,m24_value,double precision,挥发酚,水质监测月记录表,existing_comment,candidate_with_conflict_warning,medium,字段名 m24_value 在库内其他表中存在不同注释（3种）。保留原始注释，训练时需带表上下文。
public,wm_waterquality_month_records,m24_count,bigint,记录数24,水质监测月记录表,existing_comment,candidate_safe,low,字段已有注释，无同名字段冲突，可安全纳入训练候选。
public,wm_waterquality_month_records,m25_value,double precision,石油类,水质监测月记录表,existing_comment,candidate_with_conflict_warning,medium,字段名 m25_value 在库内其他表中存在不同注释（3种）。保留原始注释，训练时需带表上下文。
public,wm_waterquality_month_records,m25_count,bigint,记录数25,水质监测月记录表,existing_comment,candidate_safe,low,字段已有注释，无同名字段冲突，可安全纳入训练候选。
public,wm_waterquality_month_records,m26_value,double precision,阴离子表面活性剂,水质监测月记录表,existing_comment,candidate_with_conflict_warning,medium,字段名 m26_value 在库内其他表中存在不同注释（3种）。保留原始注释，训练时需带表上下文。
public,wm_waterquality_month_records,m26_count,bigint,记录数26,水质监测月记录表,existing_comment,candidate_safe,low,字段已有注释，无同名字段冲突，可安全纳入训练候选。
public,wm_waterquality_month_records,m27_value,double precision,硫化物,水质监测月记录表,existing_comment,candidate_with_conflict_warning,medium,字段名 m27_value 在库内其他表中存在不同注释（3种）。保留原始注释，训练时需带表上下文。
public,wm_waterquality_month_records,m27_count,bigint,记录数27,水质监测月记录表,existing_comment,candidate_safe,low,字段已有注释，无同名字段冲突，可安全纳入训练候选。
public,wm_waterquality_month_records,m28_value,double precision,水中油,水质监测月记录表,existing_comment,candidate_with_conflict_warning,medium,字段名 m28_value 在库内其他表中存在不同注释（3种）。保留原始注释，训练时需带表上下文。
public,wm_waterquality_month_records,m28_count,bigint,记录数28,水质监测月记录表,existing_comment,candidate_safe,low,字段已有注释，无同名字段冲突，可安全纳入训练候选。
public,wm_waterquality_month_records,m29_value,double precision,硝酸盐,水质监测月记录表,existing_comment,candidate_with_conflict_warning,medium,字段名 m29_value 在库内其他表中存在不同注释（4种）。保留原始注释，训练时需带表上下文。
public,wm_waterquality_month_records,m29_count,bigint,记录数29,水质监测月记录表,existing_comment,candidate_safe,low,字段已有注释，无同名字段冲突，可安全纳入训练候选。
public,wm_waterquality_month_records,m30_value,double precision,生物毒性,水质监测月记录表,existing_comment,candidate_with_conflict_warning,medium,字段名 m30_value 在库内其他表中存在不同注释（4种）。保留原始注释，训练时需带表上下文。
public,wm_waterquality_month_records,m30_count,bigint,记录数30,水质监测月记录表,existing_comment,candidate_safe,low,字段已有注释，无同名字段冲突，可安全纳入训练候选。
public,wm_waterquality_month_records,m31_value,double precision,大肠杆菌,水质监测月记录表,existing_comment,candidate_with_conflict_warning,medium,字段名 m31_value 在库内其他表中存在不同注释（4种）。保留原始注释，训练时需带表上下文。
public,wm_waterquality_month_records,m31_count,bigint,记录数31,水质监测月记录表,existing_comment,candidate_safe,low,字段已有注释，无同名字段冲突，可安全纳入训练候选。
public,wm_waterquality_month_records,monitor_time,timestamp without time zone,监测时间,水质监测月记录表,existing_comment,candidate_with_conflict_warning,medium,字段名 monitor_time 在库内其他表中存在不同注释（2种）。保留原始注释，训练时需带表上下文。
public,wm_waterquality_month_records,monitor_year,bigint,监测年份,水质监测月记录表,existing_comment,candidate_safe,low,字段已有注释，无同名字段冲突，可安全纳入训练候选。
public,wm_waterquality_month_records,monitor_month,bigint,监测月份,水质监测月记录表,existing_comment,candidate_safe,low,字段已有注释，无同名字段冲突，可安全纳入训练候选。
public,wm_waterquality_month_records,record_type,character,记录类型：0 自动、1 手工,水质监测月记录表,existing_comment,candidate_with_conflict_warning,medium,字段名 record_type 在库内其他表中存在不同注释（4种）。保留原始注释，训练时需带表上下文。
public,wm_waterquality_month_records,water_quality_level,character varying,水质级别,水质监测月记录表,existing_comment,candidate_with_conflict_warning,medium,字段名 water_quality_level 在库内其他表中存在不同注释（3种）。保留原始注释，训练时需带表上下文。
public,wm_waterquality_month_records,main_pollutant,character varying,主要污染物，逗号连接,水质监测月记录表,existing_comment,candidate_safe,low,字段已有注释，无同名字段冲突，可安全纳入训练候选。
public,wm_waterquality_month_records,remark,character varying,备注,水质监测月记录表,existing_comment,candidate_with_conflict_warning,medium,字段名 remark 在库内其他表中存在不同注释（2种）。保留原始注释，训练时需带表上下文。
public,wm_waterquality_month_records,create_by,bigint,创建人,水质监测月记录表,existing_comment,candidate_with_conflict_warning,medium,字段名 create_by 在库内其他表中存在不同注释（4种）。保留原始注释，训练时需带表上下文。
public,wm_waterquality_month_records,create_time,timestamp without time zone,创建时间,水质监测月记录表,existing_comment,candidate_with_conflict_warning,medium,字段名 create_time 在库内其他表中存在不同注释（2种）。保留原始注释，训练时需带表上下文。
public,wm_waterquality_month_records,update_by,bigint,更新人,水质监测月记录表,existing_comment,candidate_with_conflict_warning,medium,字段名 update_by 在库内其他表中存在不同注释（5种）。保留原始注释，训练时需带表上下文。
public,wm_waterquality_month_records,update_time,timestamp without time zone,更新时间,水质监测月记录表,existing_comment,candidate_with_conflict_warning,medium,字段名 update_time 在库内其他表中存在不同注释（2种）。保留原始注释，训练时需带表上下文。
public,wm_waterquality_month_records,del_flag,character,删除标记：0 未删除、1 已删除,水质监测月记录表,existing_comment,candidate_with_conflict_warning,medium,字段名 del_flag 在库内其他表中存在不同注释（12种）。保留原始注释，训练时需带表上下文。
public,wm_waterquality_threshold,id,text,id,站点水质指标阈值,existing_comment,candidate_with_conflict_warning,medium,字段名 id 在库内其他表中存在不同注释（10种）。保留原始注释，训练时需带表上下文。
public,wm_waterquality_threshold,station_id,bigint,监测站id,站点水质指标阈值,existing_comment,candidate_with_conflict_warning,medium,字段名 station_id 在库内其他表中存在不同注释（4种）。保留原始注释，训练时需带表上下文。
public,wm_waterquality_threshold,m1_value,double precision,水温阈值(℃),站点水质指标阈值,existing_comment,candidate_with_conflict_warning,medium,字段名 m1_value 在库内其他表中存在不同注释（8种）。保留原始注释，训练时需带表上下文。
public,wm_waterquality_threshold,m2_value,double precision,pH阈值(无量纲),站点水质指标阈值,existing_comment,candidate_with_conflict_warning,medium,字段名 m2_value 在库内其他表中存在不同注释（7种）。保留原始注释，训练时需带表上下文。
public,wm_waterquality_threshold,m3_value,double precision,溶解氧阈值(mg/L),站点水质指标阈值,existing_comment,candidate_with_conflict_warning,medium,字段名 m3_value 在库内其他表中存在不同注释（8种）。保留原始注释，训练时需带表上下文。
public,wm_waterquality_threshold,m4_value,double precision,浊度阈值(NTU),站点水质指标阈值,existing_comment,candidate_with_conflict_warning,medium,字段名 m4_value 在库内其他表中存在不同注释（7种）。保留原始注释，训练时需带表上下文。
public,wm_waterquality_threshold,m5_value,double precision,电导率阈值(μS/cm),站点水质指标阈值,existing_comment,candidate_with_conflict_warning,medium,字段名 m5_value 在库内其他表中存在不同注释（7种）。保留原始注释，训练时需带表上下文。
public,wm_waterquality_threshold,m6_value,double precision,氨氮阈值(mg/L),站点水质指标阈值,existing_comment,candidate_with_conflict_warning,medium,字段名 m6_value 在库内其他表中存在不同注释（7种）。保留原始注释，训练时需带表上下文。
public,wm_waterquality_threshold,m7_value,double precision,高锰酸盐指数阈值(mg/L),站点水质指标阈值,existing_comment,candidate_with_conflict_warning,medium,字段名 m7_value 在库内其他表中存在不同注释（6种）。保留原始注释，训练时需带表上下文。
public,wm_waterquality_threshold,m8_value,double precision,总磷阈值(mg/L),站点水质指标阈值,existing_comment,candidate_with_conflict_warning,medium,字段名 m8_value 在库内其他表中存在不同注释（6种）。保留原始注释，训练时需带表上下文。
public,wm_waterquality_threshold,m9_value,double precision,总氮阈值(mg/L),站点水质指标阈值,existing_comment,candidate_with_conflict_warning,medium,字段名 m9_value 在库内其他表中存在不同注释（6种）。保留原始注释，训练时需带表上下文。
public,wm_waterquality_threshold,m10_value,double precision,叶绿素a阈值(ug/L),站点水质指标阈值,existing_comment,candidate_with_conflict_warning,medium,字段名 m10_value 在库内其他表中存在不同注释（8种）。保留原始注释，训练时需带表上下文。
public,wm_waterquality_threshold,m11_value,double precision,藻密度阈值(cell/mL),站点水质指标阈值,existing_comment,candidate_with_conflict_warning,medium,字段名 m11_value 在库内其他表中存在不同注释（7种）。保留原始注释，训练时需带表上下文。
public,wm_waterquality_threshold,m12_value,double precision,化学需氧量阈值(mg/L),站点水质指标阈值,existing_comment,candidate_with_conflict_warning,medium,字段名 m12_value 在库内其他表中存在不同注释（7种）。保留原始注释，训练时需带表上下文。
public,wm_waterquality_threshold,m13_value,double precision,五日生化需氧量阈值(mg/L),站点水质指标阈值,existing_comment,candidate_with_conflict_warning,medium,字段名 m13_value 在库内其他表中存在不同注释（7种）。保留原始注释，训练时需带表上下文。
public,wm_waterquality_threshold,m14_value,double precision,铜阈值(mg/L),站点水质指标阈值,existing_comment,candidate_with_conflict_warning,medium,字段名 m14_value 在库内其他表中存在不同注释（6种）。保留原始注释，训练时需带表上下文。
public,wm_waterquality_threshold,m15_value,double precision,硒阈值(mg/L),站点水质指标阈值,existing_comment,candidate_with_conflict_warning,medium,字段名 m15_value 在库内其他表中存在不同注释（6种）。保留原始注释，训练时需带表上下文。
public,wm_waterquality_threshold,m16_value,double precision,锌阈值(mg/L),站点水质指标阈值,existing_comment,candidate_with_conflict_warning,medium,字段名 m16_value 在库内其他表中存在不同注释（6种）。保留原始注释，训练时需带表上下文。
public,wm_waterquality_threshold,m17_value,double precision,氟化物阈值(mg/L),站点水质指标阈值,existing_comment,candidate_with_conflict_warning,medium,字段名 m17_value 在库内其他表中存在不同注释（6种）。保留原始注释，训练时需带表上下文。
public,wm_waterquality_threshold,m18_value,double precision,砷阈值(mg/L),站点水质指标阈值,existing_comment,candidate_with_conflict_warning,medium,字段名 m18_value 在库内其他表中存在不同注释（6种）。保留原始注释，训练时需带表上下文。
public,wm_waterquality_threshold,m19_value,double precision,汞阈值(mg/L),站点水质指标阈值,existing_comment,candidate_with_conflict_warning,medium,字段名 m19_value 在库内其他表中存在不同注释（6种）。保留原始注释，训练时需带表上下文。
public,wm_waterquality_threshold,m20_value,double precision,镉阈值(mg/L),站点水质指标阈值,existing_comment,candidate_with_conflict_warning,medium,字段名 m20_value 在库内其他表中存在不同注释（6种）。保留原始注释，训练时需带表上下文。
public,wm_waterquality_threshold,m21_value,double precision,铬阈值(mg/L),站点水质指标阈值,existing_comment,candidate_with_conflict_warning,medium,字段名 m21_value 在库内其他表中存在不同注释（6种）。保留原始注释，训练时需带表上下文。
public,wm_waterquality_threshold,m22_value,double precision,铅阈值(mg/L),站点水质指标阈值,existing_comment,candidate_with_conflict_warning,medium,字段名 m22_value 在库内其他表中存在不同注释（6种）。保留原始注释，训练时需带表上下文。
public,wm_waterquality_threshold,m23_value,double precision,氰化物阈值(mg/L),站点水质指标阈值,existing_comment,candidate_with_conflict_warning,medium,字段名 m23_value 在库内其他表中存在不同注释（3种）。保留原始注释，训练时需带表上下文。
public,wm_waterquality_threshold,m24_value,double precision,挥发酚阈值(mg/L),站点水质指标阈值,existing_comment,candidate_with_conflict_warning,medium,字段名 m24_value 在库内其他表中存在不同注释（3种）。保留原始注释，训练时需带表上下文。
public,wm_waterquality_threshold,m25_value,double precision,石油类阈值(mg/L),站点水质指标阈值,existing_comment,candidate_with_conflict_warning,medium,字段名 m25_value 在库内其他表中存在不同注释（3种）。保留原始注释，训练时需带表上下文。
public,wm_waterquality_threshold,m26_value,double precision,阴离子表面活性剂阈值(mg/L),站点水质指标阈值,existing_comment,candidate_with_conflict_warning,medium,字段名 m26_value 在库内其他表中存在不同注释（3种）。保留原始注释，训练时需带表上下文。
public,wm_waterquality_threshold,m27_value,double precision,硫化物阈值(mg/L),站点水质指标阈值,existing_comment,candidate_with_conflict_warning,medium,字段名 m27_value 在库内其他表中存在不同注释（3种）。保留原始注释，训练时需带表上下文。
public,wm_waterquality_threshold,m28_value,double precision,水中油阈值(mg/L),站点水质指标阈值,existing_comment,candidate_with_conflict_warning,medium,字段名 m28_value 在库内其他表中存在不同注释（3种）。保留原始注释，训练时需带表上下文。
public,wm_waterquality_threshold,m29_value,double precision,硝酸盐阈值(mg/L),站点水质指标阈值,existing_comment,candidate_with_conflict_warning,medium,字段名 m29_value 在库内其他表中存在不同注释（4种）。保留原始注释，训练时需带表上下文。
public,wm_waterquality_threshold,m30_value,double precision,生物毒性阈值(%),站点水质指标阈值,existing_comment,candidate_with_conflict_warning,medium,字段名 m30_value 在库内其他表中存在不同注释（4种）。保留原始注释，训练时需带表上下文。
public,wm_waterquality_threshold,m31_value,double precision,大肠杆菌阈值(cell/L),站点水质指标阈值,existing_comment,candidate_with_conflict_warning,medium,字段名 m31_value 在库内其他表中存在不同注释（4种）。保留原始注释，训练时需带表上下文。
public,wm_waterquality_threshold,create_by,bigint,创建人,站点水质指标阈值,existing_comment,candidate_with_conflict_warning,medium,字段名 create_by 在库内其他表中存在不同注释（4种）。保留原始注释，训练时需带表上下文。
public,wm_waterquality_threshold,create_time,timestamp without time zone,创建时间,站点水质指标阈值,existing_comment,candidate_with_conflict_warning,medium,字段名 create_time 在库内其他表中存在不同注释（2种）。保留原始注释，训练时需带表上下文。
public,wm_waterquality_threshold,update_by,bigint,更新人,站点水质指标阈值,existing_comment,candidate_with_conflict_warning,medium,字段名 update_by 在库内其他表中存在不同注释（5种）。保留原始注释，训练时需带表上下文。
public,wm_waterquality_threshold,update_time,timestamp without time zone,更新时间,站点水质指标阈值,existing_comment,candidate_with_conflict_warning,medium,字段名 update_time 在库内其他表中存在不同注释（2种）。保留原始注释，训练时需带表上下文。
public,wm_waterquality_threshold,del_flag,character,删除标记：0 未删除、1 已删除,站点水质指标阈值,existing_comment,candidate_with_conflict_warning,medium,字段名 del_flag 在库内其他表中存在不同注释（12种）。保留原始注释，训练时需带表上下文。
public,wm_waterquality_year_records,id,bigint,id,水质监测年记录表,existing_comment,candidate_with_conflict_warning,medium,字段名 id 在库内其他表中存在不同注释（10种）。保留原始注释，训练时需带表上下文。
public,wm_waterquality_year_records,station_id,bigint,站点id,水质监测年记录表,existing_comment,candidate_with_conflict_warning,medium,字段名 station_id 在库内其他表中存在不同注释（4种）。保留原始注释，训练时需带表上下文。
public,wm_waterquality_year_records,section_id,bigint,断面id,水质监测年记录表,existing_comment,candidate_safe,low,字段已有注释，无同名字段冲突，可安全纳入训练候选。
public,wm_waterquality_year_records,m1_value,double precision,水温监测值,水质监测年记录表,existing_comment,candidate_with_conflict_warning,medium,字段名 m1_value 在库内其他表中存在不同注释（8种）。保留原始注释，训练时需带表上下文。
public,wm_waterquality_year_records,m1_count,bigint,记录数1,水质监测年记录表,existing_comment,candidate_with_conflict_warning,medium,字段名 m1_count 在库内其他表中存在不同注释（3种）。保留原始注释，训练时需带表上下文。
public,wm_waterquality_year_records,m2_value,double precision,PH监测值,水质监测年记录表,existing_comment,candidate_with_conflict_warning,medium,字段名 m2_value 在库内其他表中存在不同注释（7种）。保留原始注释，训练时需带表上下文。
public,wm_waterquality_year_records,m2_count,bigint,记录数2,水质监测年记录表,existing_comment,candidate_with_conflict_warning,medium,字段名 m2_count 在库内其他表中存在不同注释（3种）。保留原始注释，训练时需带表上下文。
public,wm_waterquality_year_records,m3_value,double precision,溶解氧监测值,水质监测年记录表,existing_comment,candidate_with_conflict_warning,medium,字段名 m3_value 在库内其他表中存在不同注释（8种）。保留原始注释，训练时需带表上下文。
public,wm_waterquality_year_records,m3_count,bigint,记录数3,水质监测年记录表,existing_comment,candidate_with_conflict_warning,medium,字段名 m3_count 在库内其他表中存在不同注释（3种）。保留原始注释，训练时需带表上下文。
public,wm_waterquality_year_records,m4_value,double precision,浊度监测值,水质监测年记录表,existing_comment,candidate_with_conflict_warning,medium,字段名 m4_value 在库内其他表中存在不同注释（7种）。保留原始注释，训练时需带表上下文。
public,wm_waterquality_year_records,m4_count,bigint,记录数4,水质监测年记录表,existing_comment,candidate_with_conflict_warning,medium,字段名 m4_count 在库内其他表中存在不同注释（3种）。保留原始注释，训练时需带表上下文。
public,wm_waterquality_year_records,m5_value,double precision,电导率监测值,水质监测年记录表,existing_comment,candidate_with_conflict_warning,medium,字段名 m5_value 在库内其他表中存在不同注释（7种）。保留原始注释，训练时需带表上下文。
public,wm_waterquality_year_records,m5_count,bigint,记录数5,水质监测年记录表,existing_comment,candidate_with_conflict_warning,medium,字段名 m5_count 在库内其他表中存在不同注释（3种）。保留原始注释，训练时需带表上下文。
public,wm_waterquality_year_records,m6_value,double precision,氨氮监测值,水质监测年记录表,existing_comment,candidate_with_conflict_warning,medium,字段名 m6_value 在库内其他表中存在不同注释（7种）。保留原始注释，训练时需带表上下文。
public,wm_waterquality_year_records,m6_count,bigint,记录数6,水质监测年记录表,existing_comment,candidate_with_conflict_warning,medium,字段名 m6_count 在库内其他表中存在不同注释（3种）。保留原始注释，训练时需带表上下文。
public,wm_waterquality_year_records,m7_value,double precision,高锰酸盐指数监测值,水质监测年记录表,existing_comment,candidate_with_conflict_warning,medium,字段名 m7_value 在库内其他表中存在不同注释（6种）。保留原始注释，训练时需带表上下文。
public,wm_waterquality_year_records,m7_count,bigint,记录数7,水质监测年记录表,existing_comment,candidate_with_conflict_warning,medium,字段名 m7_count 在库内其他表中存在不同注释（3种）。保留原始注释，训练时需带表上下文。
public,wm_waterquality_year_records,m8_value,double precision,总磷监测值,水质监测年记录表,existing_comment,candidate_with_conflict_warning,medium,字段名 m8_value 在库内其他表中存在不同注释（6种）。保留原始注释，训练时需带表上下文。
public,wm_waterquality_year_records,m8_count,bigint,记录数8,水质监测年记录表,existing_comment,candidate_with_conflict_warning,medium,字段名 m8_count 在库内其他表中存在不同注释（3种）。保留原始注释，训练时需带表上下文。
public,wm_waterquality_year_records,m9_value,double precision,总氮监测值,水质监测年记录表,existing_comment,candidate_with_conflict_warning,medium,字段名 m9_value 在库内其他表中存在不同注释（6种）。保留原始注释，训练时需带表上下文。
public,wm_waterquality_year_records,m9_count,bigint,记录数9,水质监测年记录表,existing_comment,candidate_with_conflict_warning,medium,字段名 m9_count 在库内其他表中存在不同注释（3种）。保留原始注释，训练时需带表上下文。
public,wm_waterquality_year_records,m10_value,double precision,化学需氧量监测值,水质监测年记录表,existing_comment,candidate_with_conflict_warning,medium,字段名 m10_value 在库内其他表中存在不同注释（8种）。保留原始注释，训练时需带表上下文。
public,wm_waterquality_year_records,m10_count,bigint,记录数10,水质监测年记录表,existing_comment,candidate_with_conflict_warning,medium,字段名 m10_count 在库内其他表中存在不同注释（3种）。保留原始注释，训练时需带表上下文。
public,wm_waterquality_year_records,m11_value,double precision,监测值,水质监测年记录表,existing_comment,candidate_with_conflict_warning,medium,字段名 m11_value 在库内其他表中存在不同注释（7种）。保留原始注释，训练时需带表上下文。
public,wm_waterquality_year_records,m11_count,bigint,记录数11,水质监测年记录表,existing_comment,candidate_with_conflict_warning,medium,字段名 m11_count 在库内其他表中存在不同注释（3种）。保留原始注释，训练时需带表上下文。
public,wm_waterquality_year_records,m12_value,double precision,监测值,水质监测年记录表,existing_comment,candidate_with_conflict_warning,medium,字段名 m12_value 在库内其他表中存在不同注释（7种）。保留原始注释，训练时需带表上下文。
public,wm_waterquality_year_records,m12_count,bigint,记录数12,水质监测年记录表,existing_comment,candidate_with_conflict_warning,medium,字段名 m12_count 在库内其他表中存在不同注释（3种）。保留原始注释，训练时需带表上下文。
public,wm_waterquality_year_records,m13_value,double precision,监测值,水质监测年记录表,existing_comment,candidate_with_conflict_warning,medium,字段名 m13_value 在库内其他表中存在不同注释（7种）。保留原始注释，训练时需带表上下文。
public,wm_waterquality_year_records,m13_count,bigint,记录数13,水质监测年记录表,existing_comment,candidate_with_conflict_warning,medium,字段名 m13_count 在库内其他表中存在不同注释（3种）。保留原始注释，训练时需带表上下文。
public,wm_waterquality_year_records,m14_value,double precision,监测值,水质监测年记录表,existing_comment,candidate_with_conflict_warning,medium,字段名 m14_value 在库内其他表中存在不同注释（6种）。保留原始注释，训练时需带表上下文。
public,wm_waterquality_year_records,m14_count,bigint,记录数14,水质监测年记录表,existing_comment,candidate_with_conflict_warning,medium,字段名 m14_count 在库内其他表中存在不同注释（3种）。保留原始注释，训练时需带表上下文。
public,wm_waterquality_year_records,m15_value,double precision,监测值,水质监测年记录表,existing_comment,candidate_with_conflict_warning,medium,字段名 m15_value 在库内其他表中存在不同注释（6种）。保留原始注释，训练时需带表上下文。
public,wm_waterquality_year_records,m15_count,bigint,记录数15,水质监测年记录表,existing_comment,candidate_with_conflict_warning,medium,字段名 m15_count 在库内其他表中存在不同注释（3种）。保留原始注释，训练时需带表上下文。
public,wm_waterquality_year_records,m16_value,double precision,监测值,水质监测年记录表,existing_comment,candidate_with_conflict_warning,medium,字段名 m16_value 在库内其他表中存在不同注释（6种）。保留原始注释，训练时需带表上下文。
public,wm_waterquality_year_records,m16_count,bigint,记录数16,水质监测年记录表,existing_comment,candidate_with_conflict_warning,medium,字段名 m16_count 在库内其他表中存在不同注释（3种）。保留原始注释，训练时需带表上下文。
public,wm_waterquality_year_records,m17_value,double precision,监测值,水质监测年记录表,existing_comment,candidate_with_conflict_warning,medium,字段名 m17_value 在库内其他表中存在不同注释（6种）。保留原始注释，训练时需带表上下文。
public,wm_waterquality_year_records,m17_count,bigint,记录数17,水质监测年记录表,existing_comment,candidate_with_conflict_warning,medium,字段名 m17_count 在库内其他表中存在不同注释（3种）。保留原始注释，训练时需带表上下文。
public,wm_waterquality_year_records,m18_value,double precision,监测值,水质监测年记录表,existing_comment,candidate_with_conflict_warning,medium,字段名 m18_value 在库内其他表中存在不同注释（6种）。保留原始注释，训练时需带表上下文。
public,wm_waterquality_year_records,m18_count,bigint,记录数18,水质监测年记录表,existing_comment,candidate_with_conflict_warning,medium,字段名 m18_count 在库内其他表中存在不同注释（3种）。保留原始注释，训练时需带表上下文。
public,wm_waterquality_year_records,m19_value,double precision,监测值,水质监测年记录表,existing_comment,candidate_with_conflict_warning,medium,字段名 m19_value 在库内其他表中存在不同注释（6种）。保留原始注释，训练时需带表上下文。
public,wm_waterquality_year_records,m19_count,bigint,记录数19,水质监测年记录表,existing_comment,candidate_with_conflict_warning,medium,字段名 m19_count 在库内其他表中存在不同注释（3种）。保留原始注释，训练时需带表上下文。
public,wm_waterquality_year_records,m20_value,double precision,监测值,水质监测年记录表,existing_comment,candidate_with_conflict_warning,medium,字段名 m20_value 在库内其他表中存在不同注释（6种）。保留原始注释，训练时需带表上下文。
public,wm_waterquality_year_records,m20_count,bigint,记录数20,水质监测年记录表,existing_comment,candidate_with_conflict_warning,medium,字段名 m20_count 在库内其他表中存在不同注释（3种）。保留原始注释，训练时需带表上下文。
public,wm_waterquality_year_records,m21_value,double precision,监测值,水质监测年记录表,existing_comment,candidate_with_conflict_warning,medium,字段名 m21_value 在库内其他表中存在不同注释（6种）。保留原始注释，训练时需带表上下文。
public,wm_waterquality_year_records,m21_count,bigint,记录数21,水质监测年记录表,existing_comment,candidate_with_conflict_warning,medium,字段名 m21_count 在库内其他表中存在不同注释（3种）。保留原始注释，训练时需带表上下文。
public,wm_waterquality_year_records,m22_value,double precision,监测值,水质监测年记录表,existing_comment,candidate_with_conflict_warning,medium,字段名 m22_value 在库内其他表中存在不同注释（6种）。保留原始注释，训练时需带表上下文。
public,wm_waterquality_year_records,m22_count,bigint,记录数22,水质监测年记录表,existing_comment,candidate_with_conflict_warning,medium,字段名 m22_count 在库内其他表中存在不同注释（3种）。保留原始注释，训练时需带表上下文。
public,wm_waterquality_year_records,m23_value,double precision,监测值,水质监测年记录表,existing_comment,candidate_with_conflict_warning,medium,字段名 m23_value 在库内其他表中存在不同注释（3种）。保留原始注释，训练时需带表上下文。
public,wm_waterquality_year_records,m23_count,bigint,记录数23,水质监测年记录表,existing_comment,candidate_safe,low,字段已有注释，无同名字段冲突，可安全纳入训练候选。
public,wm_waterquality_year_records,m24_value,double precision,监测值,水质监测年记录表,existing_comment,candidate_with_conflict_warning,medium,字段名 m24_value 在库内其他表中存在不同注释（3种）。保留原始注释，训练时需带表上下文。
public,wm_waterquality_year_records,m24_count,bigint,记录数24,水质监测年记录表,existing_comment,candidate_safe,low,字段已有注释，无同名字段冲突，可安全纳入训练候选。
public,wm_waterquality_year_records,m25_value,double precision,监测值,水质监测年记录表,existing_comment,candidate_with_conflict_warning,medium,字段名 m25_value 在库内其他表中存在不同注释（3种）。保留原始注释，训练时需带表上下文。
public,wm_waterquality_year_records,m25_count,bigint,记录数25,水质监测年记录表,existing_comment,candidate_safe,low,字段已有注释，无同名字段冲突，可安全纳入训练候选。
public,wm_waterquality_year_records,m26_value,double precision,监测值,水质监测年记录表,existing_comment,candidate_with_conflict_warning,medium,字段名 m26_value 在库内其他表中存在不同注释（3种）。保留原始注释，训练时需带表上下文。
public,wm_waterquality_year_records,m26_count,bigint,记录数26,水质监测年记录表,existing_comment,candidate_safe,low,字段已有注释，无同名字段冲突，可安全纳入训练候选。
public,wm_waterquality_year_records,m27_value,double precision,监测值,水质监测年记录表,existing_comment,candidate_with_conflict_warning,medium,字段名 m27_value 在库内其他表中存在不同注释（3种）。保留原始注释，训练时需带表上下文。
public,wm_waterquality_year_records,m27_count,bigint,记录数27,水质监测年记录表,existing_comment,candidate_safe,low,字段已有注释，无同名字段冲突，可安全纳入训练候选。
public,wm_waterquality_year_records,m28_value,double precision,监测值,水质监测年记录表,existing_comment,candidate_with_conflict_warning,medium,字段名 m28_value 在库内其他表中存在不同注释（3种）。保留原始注释，训练时需带表上下文。
public,wm_waterquality_year_records,m28_count,bigint,记录数28,水质监测年记录表,existing_comment,candidate_safe,low,字段已有注释，无同名字段冲突，可安全纳入训练候选。
public,wm_waterquality_year_records,monitor_time,timestamp without time zone,监测时间,水质监测年记录表,existing_comment,candidate_with_conflict_warning,medium,字段名 monitor_time 在库内其他表中存在不同注释（2种）。保留原始注释，训练时需带表上下文。
public,wm_waterquality_year_records,monitor_year,bigint,监测年份,水质监测年记录表,existing_comment,candidate_safe,low,字段已有注释，无同名字段冲突，可安全纳入训练候选。
public,wm_waterquality_year_records,monitor_month,bigint,监测月份,水质监测年记录表,existing_comment,candidate_safe,low,字段已有注释，无同名字段冲突，可安全纳入训练候选。
public,wm_waterquality_year_records,record_type,character,记录类型：0 自动、1 手工,水质监测年记录表,existing_comment,candidate_with_conflict_warning,medium,字段名 record_type 在库内其他表中存在不同注释（4种）。保留原始注释，训练时需带表上下文。
public,wm_waterquality_year_records,water_quality_level,character varying,水质级别,水质监测年记录表,existing_comment,candidate_with_conflict_warning,medium,字段名 water_quality_level 在库内其他表中存在不同注释（3种）。保留原始注释，训练时需带表上下文。
public,wm_waterquality_year_records,main_pollutant,character varying,主要污染物，逗号连接,水质监测年记录表,existing_comment,candidate_safe,low,字段已有注释，无同名字段冲突，可安全纳入训练候选。
public,wm_waterquality_year_records,remark,character varying,备注,水质监测年记录表,existing_comment,candidate_with_conflict_warning,medium,字段名 remark 在库内其他表中存在不同注释（2种）。保留原始注释，训练时需带表上下文。
public,wm_waterquality_year_records,create_by,bigint,创建人,水质监测年记录表,existing_comment,candidate_with_conflict_warning,medium,字段名 create_by 在库内其他表中存在不同注释（4种）。保留原始注释，训练时需带表上下文。
public,wm_waterquality_year_records,create_time,timestamp without time zone,创建时间,水质监测年记录表,existing_comment,candidate_with_conflict_warning,medium,字段名 create_time 在库内其他表中存在不同注释（2种）。保留原始注释，训练时需带表上下文。
public,wm_waterquality_year_records,update_by,bigint,更新人,水质监测年记录表,existing_comment,candidate_with_conflict_warning,medium,字段名 update_by 在库内其他表中存在不同注释（5种）。保留原始注释，训练时需带表上下文。
public,wm_waterquality_year_records,update_time,timestamp without time zone,更新时间,水质监测年记录表,existing_comment,candidate_with_conflict_warning,medium,字段名 update_time 在库内其他表中存在不同注释（2种）。保留原始注释，训练时需带表上下文。
public,wm_waterquality_year_records,del_flag,character,删除标记：0 未删除、1 已删除,水质监测年记录表,existing_comment,candidate_with_conflict_warning,medium,字段名 del_flag 在库内其他表中存在不同注释（12种）。保留原始注释，训练时需带表上下文。
public,wst_asset,id,bigint,主键ID,水安全溯源模块-统一资产表，存储断面、站点、排口、企业、园区、闸坝、管线、摄像头、事故池等可上图、可查询、可关联对象,existing_comment,candidate_with_conflict_warning,medium,字段名 id 在库内其他表中存在不同注释（10种）。保留原始注释，训练时需带表上下文。
public,wst_asset,asset_code,character varying,资产编码,水安全溯源模块-统一资产表，存储断面、站点、排口、企业、园区、闸坝、管线、摄像头、事故池等可上图、可查询、可关联对象,existing_comment,candidate_safe,low,字段已有注释，无同名字段冲突，可安全纳入训练候选。
public,wst_asset,asset_name,character varying,资产名称,水安全溯源模块-统一资产表，存储断面、站点、排口、企业、园区、闸坝、管线、摄像头、事故池等可上图、可查询、可关联对象,existing_comment,candidate_safe,low,字段已有注释，无同名字段冲突，可安全纳入训练候选。
public,wst_asset,asset_type,character varying,资产类型，例如 national_section、provincial_section、auto_station、outfall、water_enterprise、chemical_park、wwtp、water_intake、camera、accident_pool、park_pipe、park_river,水安全溯源模块-统一资产表，存储断面、站点、排口、企业、园区、闸坝、管线、摄像头、事故池等可上图、可查询、可关联对象,existing_comment,candidate_with_conflict_warning,medium,字段名 asset_type 在库内其他表中存在不同注释（2种）。保留原始注释，训练时需带表上下文。
public,wst_asset,asset_subtype,character varying,资产子类型，用于进一步细分资产类型，例如雨水排口、污水排口、永久闸、临时闸、主管、支管,水安全溯源模块-统一资产表，存储断面、站点、排口、企业、园区、闸坝、管线、摄像头、事故池等可上图、可查询、可关联对象,existing_comment,candidate_safe,low,字段已有注释，无同名字段冲突，可安全纳入训练候选。
public,wst_asset,zone_id,bigint,默认所属分区ID，关联 wst_control_zone.id，用于列表过滤、统计、权限、地图筛选,水安全溯源模块-统一资产表，存储断面、站点、排口、企业、园区、闸坝、管线、摄像头、事故池等可上图、可查询、可关联对象,existing_comment,candidate_with_conflict_warning,medium,字段名 zone_id 在库内其他表中存在不同注释（2种）。保留原始注释，训练时需带表上下文。
public,wst_asset,source_system,character varying,数据来源系统，例如 manual=手工录入，permit=排污许可系统，monitor=监测系统，gis=GIS导入,水安全溯源模块-统一资产表，存储断面、站点、排口、企业、园区、闸坝、管线、摄像头、事故池等可上图、可查询、可关联对象,existing_comment,candidate_with_conflict_warning,medium,字段名 source_system 在库内其他表中存在不同注释（2种）。保留原始注释，训练时需带表上下文。
public,wst_asset,source_id,character varying,来源系统中的原始ID,水安全溯源模块-统一资产表，存储断面、站点、排口、企业、园区、闸坝、管线、摄像头、事故池等可上图、可查询、可关联对象,existing_comment,candidate_safe,low,字段已有注释，无同名字段冲突，可安全纳入训练候选。
public,wst_asset,administrative_region_code,character varying,行政区划编码,水安全溯源模块-统一资产表，存储断面、站点、排口、企业、园区、闸坝、管线、摄像头、事故池等可上图、可查询、可关联对象,existing_comment,candidate_safe,low,字段已有注释，无同名字段冲突，可安全纳入训练候选。
public,wst_asset,administrative_region_name,character varying,行政区划名称,水安全溯源模块-统一资产表，存储断面、站点、排口、企业、园区、闸坝、管线、摄像头、事故池等可上图、可查询、可关联对象,existing_comment,candidate_safe,low,字段已有注释，无同名字段冲突，可安全纳入训练候选。
public,wst_asset,address,character varying,详细地址,水安全溯源模块-统一资产表，存储断面、站点、排口、企业、园区、闸坝、管线、摄像头、事故池等可上图、可查询、可关联对象,existing_comment,candidate_with_conflict_warning,medium,字段名 address 在库内其他表中存在不同注释（5种）。保留原始注释，训练时需带表上下文。
public,wst_asset,river_name,character varying,关联河流名称,水安全溯源模块-统一资产表，存储断面、站点、排口、企业、园区、闸坝、管线、摄像头、事故池等可上图、可查询、可关联对象,existing_comment,candidate_with_conflict_warning,medium,字段名 river_name 在库内其他表中存在不同注释（3种）。保留原始注释，训练时需带表上下文。
public,wst_asset,river_code,character varying,关联河流编码,水安全溯源模块-统一资产表，存储断面、站点、排口、企业、园区、闸坝、管线、摄像头、事故池等可上图、可查询、可关联对象,existing_comment,candidate_with_conflict_warning,medium,字段名 river_code 在库内其他表中存在不同注释（2种）。保留原始注释，训练时需带表上下文。
public,wst_asset,basin_code,character varying,所属流域编码,水安全溯源模块-统一资产表，存储断面、站点、排口、企业、园区、闸坝、管线、摄像头、事故池等可上图、可查询、可关联对象,existing_comment,candidate_with_conflict_warning,medium,字段名 basin_code 在库内其他表中存在不同注释（2种）。保留原始注释，训练时需带表上下文。
public,wst_asset,longitude,numeric,经度,水安全溯源模块-统一资产表，存储断面、站点、排口、企业、园区、闸坝、管线、摄像头、事故池等可上图、可查询、可关联对象,existing_comment,candidate_with_conflict_warning,medium,字段名 longitude 在库内其他表中存在不同注释（2种）。保留原始注释，训练时需带表上下文。
public,wst_asset,latitude,numeric,纬度,水安全溯源模块-统一资产表，存储断面、站点、排口、企业、园区、闸坝、管线、摄像头、事故池等可上图、可查询、可关联对象,existing_comment,candidate_with_conflict_warning,medium,字段名 latitude 在库内其他表中存在不同注释（2种）。保留原始注释，训练时需带表上下文。
public,wst_asset,elevation,numeric,高程，单位米,水安全溯源模块-统一资产表，存储断面、站点、排口、企业、园区、闸坝、管线、摄像头、事故池等可上图、可查询、可关联对象,existing_comment,candidate_safe,low,字段已有注释，无同名字段冲突，可安全纳入训练候选。
public,wst_asset,status,character varying,状态：active=启用，disabled=停用，candidate=候选，invalid=无效,水安全溯源模块-统一资产表，存储断面、站点、排口、企业、园区、闸坝、管线、摄像头、事故池等可上图、可查询、可关联对象,existing_comment,candidate_with_conflict_warning,medium,字段名 status 在库内其他表中存在不同注释（16种）。保留原始注释，训练时需带表上下文。
public,wst_asset,geom,USER-DEFINED,资产空间几何，点、线、面均可，坐标系SRID=4326,水安全溯源模块-统一资产表，存储断面、站点、排口、企业、园区、闸坝、管线、摄像头、事故池等可上图、可查询、可关联对象,existing_comment,candidate_with_conflict_warning,medium,字段名 geom 在库内其他表中存在不同注释（9种）。保留原始注释，训练时需带表上下文。
public,wst_asset,metadata_json,jsonb,扩展属性JSON，用于存储行业类型、污染物类型、许可证号、联系人、监测因子等扩展信息,水安全溯源模块-统一资产表，存储断面、站点、排口、企业、园区、闸坝、管线、摄像头、事故池等可上图、可查询、可关联对象,existing_comment,candidate_with_conflict_warning,medium,字段名 metadata_json 在库内其他表中存在不同注释（6种）。保留原始注释，训练时需带表上下文。
public,wst_asset,remark,text,备注,水安全溯源模块-统一资产表，存储断面、站点、排口、企业、园区、闸坝、管线、摄像头、事故池等可上图、可查询、可关联对象,existing_comment,candidate_with_conflict_warning,medium,字段名 remark 在库内其他表中存在不同注释（2种）。保留原始注释，训练时需带表上下文。
public,wst_asset,created_by,character varying,创建人,水安全溯源模块-统一资产表，存储断面、站点、排口、企业、园区、闸坝、管线、摄像头、事故池等可上图、可查询、可关联对象,existing_comment,candidate_safe,low,字段已有注释，无同名字段冲突，可安全纳入训练候选。
public,wst_asset,created_at,timestamp without time zone,创建时间,水安全溯源模块-统一资产表，存储断面、站点、排口、企业、园区、闸坝、管线、摄像头、事故池等可上图、可查询、可关联对象,existing_comment,candidate_safe,low,字段已有注释，无同名字段冲突，可安全纳入训练候选。
public,wst_asset,updated_by,character varying,更新人,水安全溯源模块-统一资产表，存储断面、站点、排口、企业、园区、闸坝、管线、摄像头、事故池等可上图、可查询、可关联对象,existing_comment,candidate_safe,low,字段已有注释，无同名字段冲突，可安全纳入训练候选。
public,wst_asset,updated_at,timestamp without time zone,更新时间,水安全溯源模块-统一资产表，存储断面、站点、排口、企业、园区、闸坝、管线、摄像头、事故池等可上图、可查询、可关联对象,existing_comment,candidate_safe,low,字段已有注释，无同名字段冲突，可安全纳入训练候选。
public,wst_asset,del_flag,smallint,逻辑删除标记：0=未删除，1=已删除,水安全溯源模块-统一资产表，存储断面、站点、排口、企业、园区、闸坝、管线、摄像头、事故池等可上图、可查询、可关联对象,existing_comment,candidate_with_conflict_warning,medium,字段名 del_flag 在库内其他表中存在不同注释（12种）。保留原始注释，训练时需带表上下文。
public,wst_asset_relation,id,bigint,主键ID,资产关系实例表，存储资产与资产之间的一度业务关系，不代表水流路径,existing_comment,candidate_with_conflict_warning,medium,字段名 id 在库内其他表中存在不同注释（10种）。保留原始注释，训练时需带表上下文。
public,wst_asset_relation,source_asset_id,bigint,源资产ID，对应 wst_asset.id,资产关系实例表，存储资产与资产之间的一度业务关系，不代表水流路径,existing_comment,candidate_with_conflict_warning,medium,字段名 source_asset_id 在库内其他表中存在不同注释（2种）。保留原始注释，训练时需带表上下文。
public,wst_asset_relation,target_asset_id,bigint,目标资产ID，对应 wst_asset.id,资产关系实例表，存储资产与资产之间的一度业务关系，不代表水流路径,existing_comment,candidate_safe,low,字段已有注释，无同名字段冲突，可安全纳入训练候选。
public,wst_asset_relation,relation_type,character varying,关系大类编码，对应 wst_relation_type_dict.type_code,资产关系实例表，存储资产与资产之间的一度业务关系，不代表水流路径,existing_comment,candidate_safe,low,字段已有注释，无同名字段冲突，可安全纳入训练候选。
public,wst_asset_relation,relation_subtype,character varying,关系子类编码，对应 wst_relation_subtype_dict.relation_subtype,资产关系实例表，存储资产与资产之间的一度业务关系，不代表水流路径,existing_comment,candidate_with_conflict_warning,medium,字段名 relation_subtype 在库内其他表中存在不同注释（2种）。保留原始注释，训练时需带表上下文。
public,wst_asset_relation,source_type,character varying,关系来源，可选 manual、import、spatial、system,资产关系实例表，存储资产与资产之间的一度业务关系，不代表水流路径,existing_comment,candidate_with_conflict_warning,medium,字段名 source_type 在库内其他表中存在不同注释（3种）。保留原始注释，训练时需带表上下文。
public,wst_asset_relation,confidence,numeric,置信度,资产关系实例表，存储资产与资产之间的一度业务关系，不代表水流路径,existing_comment,candidate_with_conflict_warning,medium,字段名 confidence 在库内其他表中存在不同注释（2种）。保留原始注释，训练时需带表上下文。
public,wst_asset_relation,status,character varying,状态，可选 confirmed、candidate、disabled,资产关系实例表，存储资产与资产之间的一度业务关系，不代表水流路径,existing_comment,candidate_with_conflict_warning,medium,字段名 status 在库内其他表中存在不同注释（16种）。保留原始注释，训练时需带表上下文。
public,wst_asset_relation,metadata_json,jsonb,扩展信息，例如备注、导入来源、原始字段等,资产关系实例表，存储资产与资产之间的一度业务关系，不代表水流路径,existing_comment,candidate_with_conflict_warning,medium,字段名 metadata_json 在库内其他表中存在不同注释（6种）。保留原始注释，训练时需带表上下文。
public,wst_asset_relation,created_at,timestamp without time zone,创建时间,资产关系实例表，存储资产与资产之间的一度业务关系，不代表水流路径,existing_comment,candidate_safe,low,字段已有注释，无同名字段冲突，可安全纳入训练候选。
public,wst_asset_relation,updated_at,timestamp without time zone,更新时间,资产关系实例表，存储资产与资产之间的一度业务关系，不代表水流路径,existing_comment,candidate_safe,low,字段已有注释，无同名字段冲突，可安全纳入训练候选。
public,wst_asset_trace_snap,id,bigint,主键ID,水安全溯源模块-资产拓扑挂接表，用于维护业务资产与溯源拓扑节点之间的挂接关系，是资产进入 pgRouting 网络计算的桥梁,existing_comment,candidate_with_conflict_warning,medium,字段名 id 在库内其他表中存在不同注释（10种）。保留原始注释，训练时需带表上下文。
public,wst_asset_trace_snap,asset_id,bigint,资产ID，关联 wst_asset.id,水安全溯源模块-资产拓扑挂接表，用于维护业务资产与溯源拓扑节点之间的挂接关系，是资产进入 pgRouting 网络计算的桥梁,existing_comment,candidate_safe,low,字段已有注释，无同名字段冲突，可安全纳入训练候选。
public,wst_asset_trace_snap,trace_node_id,bigint,挂接后的拓扑节点ID，关联 wst_trace_node.id，pgRouting 查询必须从该节点出发,水安全溯源模块-资产拓扑挂接表，用于维护业务资产与溯源拓扑节点之间的挂接关系，是资产进入 pgRouting 网络计算的桥梁,existing_comment,candidate_safe,low,字段已有注释，无同名字段冲突，可安全纳入训练候选。
public,wst_asset_trace_snap,trace_edge_id,bigint,原始挂接边ID，关联 wst_trace_edge.id，仅作为来源记录或展示辅助字段，不作为 pgRouting 起点,水安全溯源模块-资产拓扑挂接表，用于维护业务资产与溯源拓扑节点之间的挂接关系，是资产进入 pgRouting 网络计算的桥梁,existing_comment,candidate_safe,low,字段已有注释，无同名字段冲突，可安全纳入训练候选。
public,wst_asset_trace_snap,snap_point_geom,USER-DEFINED,资产在拓扑网络上的实际挂接点坐标，坐标系SRID=4326,水安全溯源模块-资产拓扑挂接表，用于维护业务资产与溯源拓扑节点之间的挂接关系，是资产进入 pgRouting 网络计算的桥梁,existing_comment,candidate_safe,low,字段已有注释，无同名字段冲突，可安全纳入训练候选。
public,wst_asset_trace_snap,asset_point_geom,USER-DEFINED,资产原始点坐标，主要用于记录资产原始位置,水安全溯源模块-资产拓扑挂接表，用于维护业务资产与溯源拓扑节点之间的挂接关系，是资产进入 pgRouting 网络计算的桥梁,existing_comment,candidate_safe,low,字段已有注释，无同名字段冲突，可安全纳入训练候选。
public,wst_asset_trace_snap,distance_m,numeric,资产原始位置到挂接点的距离，单位米,水安全溯源模块-资产拓扑挂接表，用于维护业务资产与溯源拓扑节点之间的挂接关系，是资产进入 pgRouting 网络计算的桥梁,existing_comment,candidate_safe,low,字段已有注释，无同名字段冲突，可安全纳入训练候选。
public,wst_asset_trace_snap,snap_type,character varying,挂接类型：node=挂接到已有节点，split_edge=挂接到边中间并拆边，manual=人工指定,水安全溯源模块-资产拓扑挂接表，用于维护业务资产与溯源拓扑节点之间的挂接关系，是资产进入 pgRouting 网络计算的桥梁,existing_comment,candidate_safe,low,字段已有注释，无同名字段冲突，可安全纳入训练候选。
public,wst_asset_trace_snap,snap_role,character varying,挂接角色，例如 discharge_point=排放进入点，monitor_point=监测点，intake_point=取水点，gate_control_point=闸口控制点，pipe_inlet=管网入口，pipe_outlet=管网出口，emergency_point=应急点,水安全溯源模块-资产拓扑挂接表，用于维护业务资产与溯源拓扑节点之间的挂接关系，是资产进入 pgRouting 网络计算的桥梁,existing_comment,candidate_safe,low,字段已有注释，无同名字段冲突，可安全纳入训练候选。
public,wst_asset_trace_snap,snap_method,character varying,挂接方法：nearest_node=最近节点，nearest_edge=最近边，manual=人工，import=导入,水安全溯源模块-资产拓扑挂接表，用于维护业务资产与溯源拓扑节点之间的挂接关系，是资产进入 pgRouting 网络计算的桥梁,existing_comment,candidate_safe,low,字段已有注释，无同名字段冲突，可安全纳入训练候选。
public,wst_asset_trace_snap,snap_status,character varying,挂接状态：candidate=候选，confirmed=已确认，invalid=无效,水安全溯源模块-资产拓扑挂接表，用于维护业务资产与溯源拓扑节点之间的挂接关系，是资产进入 pgRouting 网络计算的桥梁,existing_comment,candidate_safe,low,字段已有注释，无同名字段冲突，可安全纳入训练候选。
public,wst_asset_trace_snap,is_primary,boolean,是否主挂接点，同一个资产存在多个挂接点时用于标记主挂接点,水安全溯源模块-资产拓扑挂接表，用于维护业务资产与溯源拓扑节点之间的挂接关系，是资产进入 pgRouting 网络计算的桥梁,existing_comment,candidate_safe,low,字段已有注释，无同名字段冲突，可安全纳入训练候选。
public,wst_asset_trace_snap,confidence,numeric,挂接置信度，0-1之间,水安全溯源模块-资产拓扑挂接表，用于维护业务资产与溯源拓扑节点之间的挂接关系，是资产进入 pgRouting 网络计算的桥梁,existing_comment,candidate_with_conflict_warning,medium,字段名 confidence 在库内其他表中存在不同注释（2种）。保留原始注释，训练时需带表上下文。
public,wst_asset_trace_snap,confirmed_by,character varying,确认人,水安全溯源模块-资产拓扑挂接表，用于维护业务资产与溯源拓扑节点之间的挂接关系，是资产进入 pgRouting 网络计算的桥梁,existing_comment,candidate_safe,low,字段已有注释，无同名字段冲突，可安全纳入训练候选。
public,wst_asset_trace_snap,confirmed_at,timestamp without time zone,确认时间,水安全溯源模块-资产拓扑挂接表，用于维护业务资产与溯源拓扑节点之间的挂接关系，是资产进入 pgRouting 网络计算的桥梁,existing_comment,candidate_safe,low,字段已有注释，无同名字段冲突，可安全纳入训练候选。
public,wst_asset_trace_snap,metadata_json,jsonb,扩展属性JSON，用于存储挂接算法参数、候选边、候选节点等信息,水安全溯源模块-资产拓扑挂接表，用于维护业务资产与溯源拓扑节点之间的挂接关系，是资产进入 pgRouting 网络计算的桥梁,existing_comment,candidate_with_conflict_warning,medium,字段名 metadata_json 在库内其他表中存在不同注释（6种）。保留原始注释，训练时需带表上下文。
public,wst_asset_trace_snap,remark,text,备注,水安全溯源模块-资产拓扑挂接表，用于维护业务资产与溯源拓扑节点之间的挂接关系，是资产进入 pgRouting 网络计算的桥梁,existing_comment,candidate_with_conflict_warning,medium,字段名 remark 在库内其他表中存在不同注释（2种）。保留原始注释，训练时需带表上下文。
public,wst_asset_trace_snap,created_by,character varying,创建人,水安全溯源模块-资产拓扑挂接表，用于维护业务资产与溯源拓扑节点之间的挂接关系，是资产进入 pgRouting 网络计算的桥梁,existing_comment,candidate_safe,low,字段已有注释，无同名字段冲突，可安全纳入训练候选。
public,wst_asset_trace_snap,created_at,timestamp without time zone,创建时间,水安全溯源模块-资产拓扑挂接表，用于维护业务资产与溯源拓扑节点之间的挂接关系，是资产进入 pgRouting 网络计算的桥梁,existing_comment,candidate_safe,low,字段已有注释，无同名字段冲突，可安全纳入训练候选。
public,wst_asset_trace_snap,updated_by,character varying,更新人,水安全溯源模块-资产拓扑挂接表，用于维护业务资产与溯源拓扑节点之间的挂接关系，是资产进入 pgRouting 网络计算的桥梁,existing_comment,candidate_safe,low,字段已有注释，无同名字段冲突，可安全纳入训练候选。
public,wst_asset_trace_snap,updated_at,timestamp without time zone,更新时间,水安全溯源模块-资产拓扑挂接表，用于维护业务资产与溯源拓扑节点之间的挂接关系，是资产进入 pgRouting 网络计算的桥梁,existing_comment,candidate_safe,low,字段已有注释，无同名字段冲突，可安全纳入训练候选。
public,wst_asset_trace_snap,del_flag,smallint,逻辑删除标记：0=未删除，1=已删除,水安全溯源模块-资产拓扑挂接表，用于维护业务资产与溯源拓扑节点之间的挂接关系，是资产进入 pgRouting 网络计算的桥梁,existing_comment,candidate_with_conflict_warning,medium,字段名 del_flag 在库内其他表中存在不同注释（12种）。保留原始注释，训练时需带表上下文。
public,wst_asset_trace_snap,network_type,character varying,网络类型，例如 river=外部河网，park_pipe=园区管网，park_river=园区内部排污河流，mixed=混合衔接网络,水安全溯源模块-资产拓扑挂接表，用于维护业务资产与溯源拓扑节点之间的挂接关系，是资产进入 pgRouting 网络计算的桥梁,existing_comment,candidate_safe,low,字段已有注释，无同名字段冲突，可安全纳入训练候选。
public,wst_asset_type_dict,id,bigint,主键ID,水安全溯源模块-资产类型字典表，用于统一管理资产类型、图层、图标、几何类型和前端展示规则,existing_comment,candidate_with_conflict_warning,medium,字段名 id 在库内其他表中存在不同注释（10种）。保留原始注释，训练时需带表上下文。
public,wst_asset_type_dict,asset_type,character varying,资产类型编码，例如 national_section、auto_station、outfall、water_enterprise、chemical_park、camera,水安全溯源模块-资产类型字典表，用于统一管理资产类型、图层、图标、几何类型和前端展示规则,existing_comment,candidate_with_conflict_warning,medium,字段名 asset_type 在库内其他表中存在不同注释（2种）。保留原始注释，训练时需带表上下文。
public,wst_asset_type_dict,asset_type_name,character varying,资产类型名称，例如国控断面、自动站、排污口、涉水企业、化工园区、摄像头,水安全溯源模块-资产类型字典表，用于统一管理资产类型、图层、图标、几何类型和前端展示规则,existing_comment,candidate_safe,low,字段已有注释，无同名字段冲突，可安全纳入训练候选。
public,wst_asset_type_dict,parent_type,character varying,上级资产类型编码，用于资产类型分组,水安全溯源模块-资产类型字典表，用于统一管理资产类型、图层、图标、几何类型和前端展示规则,existing_comment,candidate_safe,low,字段已有注释，无同名字段冲突，可安全纳入训练候选。
public,wst_asset_type_dict,category,character varying,资产分类，例如 monitoring=监测类，pollution=污染源类，supervision=监管类，emergency=应急类，network=网络类,水安全溯源模块-资产类型字典表，用于统一管理资产类型、图层、图标、几何类型和前端展示规则,existing_comment,candidate_with_conflict_warning,medium,字段名 category 在库内其他表中存在不同注释（2种）。保留原始注释，训练时需带表上下文。
public,wst_asset_type_dict,geometry_type,character varying,默认几何类型：Point、LineString、Polygon、Geometry,水安全溯源模块-资产类型字典表，用于统一管理资产类型、图层、图标、几何类型和前端展示规则,existing_comment,candidate_with_conflict_warning,medium,字段名 geometry_type 在库内其他表中存在不同注释（2种）。保留原始注释，训练时需带表上下文。
public,wst_asset_type_dict,icon_name,character varying,前端图标名称,水安全溯源模块-资产类型字典表，用于统一管理资产类型、图层、图标、几何类型和前端展示规则,existing_comment,candidate_safe,low,字段已有注释，无同名字段冲突，可安全纳入训练候选。
public,wst_asset_type_dict,layer_name,character varying,前端图层名称,水安全溯源模块-资产类型字典表，用于统一管理资产类型、图层、图标、几何类型和前端展示规则,existing_comment,candidate_safe,low,字段已有注释，无同名字段冲突，可安全纳入训练候选。
public,wst_asset_type_dict,default_visible,boolean,地图上是否默认显示,水安全溯源模块-资产类型字典表，用于统一管理资产类型、图层、图标、几何类型和前端展示规则,existing_comment,candidate_safe,low,字段已有注释，无同名字段冲突，可安全纳入训练候选。
public,wst_asset_type_dict,sort_no,integer,排序号,水安全溯源模块-资产类型字典表，用于统一管理资产类型、图层、图标、几何类型和前端展示规则,existing_comment,candidate_safe,low,字段已有注释，无同名字段冲突，可安全纳入训练候选。
public,wst_asset_type_dict,status,character varying,状态：active=启用，disabled=停用,水安全溯源模块-资产类型字典表，用于统一管理资产类型、图层、图标、几何类型和前端展示规则,existing_comment,candidate_with_conflict_warning,medium,字段名 status 在库内其他表中存在不同注释（16种）。保留原始注释，训练时需带表上下文。
public,wst_asset_type_dict,metadata_json,jsonb,扩展属性JSON,水安全溯源模块-资产类型字典表，用于统一管理资产类型、图层、图标、几何类型和前端展示规则,existing_comment,candidate_with_conflict_warning,medium,字段名 metadata_json 在库内其他表中存在不同注释（6种）。保留原始注释，训练时需带表上下文。
public,wst_asset_type_dict,remark,text,备注,水安全溯源模块-资产类型字典表，用于统一管理资产类型、图层、图标、几何类型和前端展示规则,existing_comment,candidate_with_conflict_warning,medium,字段名 remark 在库内其他表中存在不同注释（2种）。保留原始注释，训练时需带表上下文。
public,wst_asset_type_dict,created_by,character varying,创建人,水安全溯源模块-资产类型字典表，用于统一管理资产类型、图层、图标、几何类型和前端展示规则,existing_comment,candidate_safe,low,字段已有注释，无同名字段冲突，可安全纳入训练候选。
public,wst_asset_type_dict,created_at,timestamp without time zone,创建时间,水安全溯源模块-资产类型字典表，用于统一管理资产类型、图层、图标、几何类型和前端展示规则,existing_comment,candidate_safe,low,字段已有注释，无同名字段冲突，可安全纳入训练候选。
public,wst_asset_type_dict,updated_by,character varying,更新人,水安全溯源模块-资产类型字典表，用于统一管理资产类型、图层、图标、几何类型和前端展示规则,existing_comment,candidate_safe,low,字段已有注释，无同名字段冲突，可安全纳入训练候选。
public,wst_asset_type_dict,updated_at,timestamp without time zone,更新时间,水安全溯源模块-资产类型字典表，用于统一管理资产类型、图层、图标、几何类型和前端展示规则,existing_comment,candidate_safe,low,字段已有注释，无同名字段冲突，可安全纳入训练候选。
public,wst_asset_type_dict,del_flag,smallint,逻辑删除标记：0=未删除，1=已删除,水安全溯源模块-资产类型字典表，用于统一管理资产类型、图层、图标、几何类型和前端展示规则,existing_comment,candidate_with_conflict_warning,medium,字段名 del_flag 在库内其他表中存在不同注释（12种）。保留原始注释，训练时需带表上下文。
public,wst_control_zone,id,bigint,主键ID,水安全溯源模块-三级分区表，用于管理国控断面控制单元、自动站分区、工业园区/分水岭分区,existing_comment,candidate_with_conflict_warning,medium,字段名 id 在库内其他表中存在不同注释（10种）。保留原始注释，训练时需带表上下文。
public,wst_control_zone,zone_code,character varying,分区编码,水安全溯源模块-三级分区表，用于管理国控断面控制单元、自动站分区、工业园区/分水岭分区,existing_comment,candidate_safe,low,字段已有注释，无同名字段冲突，可安全纳入训练候选。
public,wst_control_zone,zone_name,character varying,分区名称,水安全溯源模块-三级分区表，用于管理国控断面控制单元、自动站分区、工业园区/分水岭分区,existing_comment,candidate_safe,low,字段已有注释，无同名字段冲突，可安全纳入训练候选。
public,wst_control_zone,zone_level,integer,分区级别：1=一级国控断面控制单元，2=二级自动站分区，3=三级工业园区/分水岭分区,水安全溯源模块-三级分区表，用于管理国控断面控制单元、自动站分区、工业园区/分水岭分区,existing_comment,candidate_with_conflict_warning,medium,字段名 zone_level 在库内其他表中存在不同注释（2种）。保留原始注释，训练时需带表上下文。
public,wst_control_zone,parent_id,bigint,上级分区ID，一级分区为空,水安全溯源模块-三级分区表，用于管理国控断面控制单元、自动站分区、工业园区/分水岭分区,existing_comment,candidate_with_conflict_warning,medium,字段名 parent_id 在库内其他表中存在不同注释（2种）。保留原始注释，训练时需带表上下文。
public,wst_control_zone,divide_basis,character varying,分区划分依据，例如国控断面、自动站、工业园区、分水岭、排水片区,水安全溯源模块-三级分区表，用于管理国控断面控制单元、自动站分区、工业园区/分水岭分区,existing_comment,candidate_safe,low,字段已有注释，无同名字段冲突，可安全纳入训练候选。
public,wst_control_zone,zone_type,character varying,分区类型，例如 control_unit=控制单元，station_unit=自动站单元，park_unit=园区单元，watershed_unit=分水岭单元,水安全溯源模块-三级分区表，用于管理国控断面控制单元、自动站分区、工业园区/分水岭分区,existing_comment,candidate_safe,low,字段已有注释，无同名字段冲突，可安全纳入训练候选。
public,wst_control_zone,basin_code,character varying,流域编码,水安全溯源模块-三级分区表，用于管理国控断面控制单元、自动站分区、工业园区/分水岭分区,existing_comment,candidate_with_conflict_warning,medium,字段名 basin_code 在库内其他表中存在不同注释（2种）。保留原始注释，训练时需带表上下文。
public,wst_control_zone,river_system_code,character varying,水系编码,水安全溯源模块-三级分区表，用于管理国控断面控制单元、自动站分区、工业园区/分水岭分区,existing_comment,candidate_with_conflict_warning,medium,字段名 river_system_code 在库内其他表中存在不同注释（2种）。保留原始注释，训练时需带表上下文。
public,wst_control_zone,sort_no,integer,排序号,水安全溯源模块-三级分区表，用于管理国控断面控制单元、自动站分区、工业园区/分水岭分区,existing_comment,candidate_safe,low,字段已有注释，无同名字段冲突，可安全纳入训练候选。
public,wst_control_zone,status,character varying,状态：active=启用，disabled=停用,水安全溯源模块-三级分区表，用于管理国控断面控制单元、自动站分区、工业园区/分水岭分区,existing_comment,candidate_with_conflict_warning,medium,字段名 status 在库内其他表中存在不同注释（16种）。保留原始注释，训练时需带表上下文。
public,wst_control_zone,geom,USER-DEFINED,分区边界面几何，坐标系SRID=4326,水安全溯源模块-三级分区表，用于管理国控断面控制单元、自动站分区、工业园区/分水岭分区,existing_comment,candidate_with_conflict_warning,medium,字段名 geom 在库内其他表中存在不同注释（9种）。保留原始注释，训练时需带表上下文。
public,wst_control_zone,metadata_json,jsonb,扩展属性JSON，用于存储外部系统ID、原始导入字段等不常用于查询的内容,水安全溯源模块-三级分区表，用于管理国控断面控制单元、自动站分区、工业园区/分水岭分区,existing_comment,candidate_with_conflict_warning,medium,字段名 metadata_json 在库内其他表中存在不同注释（6种）。保留原始注释，训练时需带表上下文。
public,wst_control_zone,remark,text,备注,水安全溯源模块-三级分区表，用于管理国控断面控制单元、自动站分区、工业园区/分水岭分区,existing_comment,candidate_with_conflict_warning,medium,字段名 remark 在库内其他表中存在不同注释（2种）。保留原始注释，训练时需带表上下文。
public,wst_control_zone,created_by,character varying,创建人,水安全溯源模块-三级分区表，用于管理国控断面控制单元、自动站分区、工业园区/分水岭分区,existing_comment,candidate_safe,low,字段已有注释，无同名字段冲突，可安全纳入训练候选。
public,wst_control_zone,created_at,timestamp without time zone,创建时间,水安全溯源模块-三级分区表，用于管理国控断面控制单元、自动站分区、工业园区/分水岭分区,existing_comment,candidate_safe,low,字段已有注释，无同名字段冲突，可安全纳入训练候选。
public,wst_control_zone,updated_by,character varying,更新人,水安全溯源模块-三级分区表，用于管理国控断面控制单元、自动站分区、工业园区/分水岭分区,existing_comment,candidate_safe,low,字段已有注释，无同名字段冲突，可安全纳入训练候选。
public,wst_control_zone,updated_at,timestamp without time zone,更新时间,水安全溯源模块-三级分区表，用于管理国控断面控制单元、自动站分区、工业园区/分水岭分区,existing_comment,candidate_safe,low,字段已有注释，无同名字段冲突，可安全纳入训练候选。
public,wst_control_zone,del_flag,smallint,逻辑删除标记：0=未删除，1=已删除,水安全溯源模块-三级分区表，用于管理国控断面控制单元、自动站分区、工业园区/分水岭分区,existing_comment,candidate_with_conflict_warning,medium,字段名 del_flag 在库内其他表中存在不同注释（12种）。保留原始注释，训练时需带表上下文。
public,wst_layer_river,created_at,timestamp without time zone,创建时间,,existing_comment,candidate_safe,low,字段已有注释，无同名字段冲突，可安全纳入训练候选。
public,wst_layer_river,updated_at,timestamp without time zone,更新时间,,existing_comment,candidate_safe,low,字段已有注释，无同名字段冲突，可安全纳入训练候选。
public,wst_relation_subtype_dict,id,bigint,主键ID,关系子类字典表，维护具体业务关系类型、标准方向和允许资产类型,existing_comment,candidate_with_conflict_warning,medium,字段名 id 在库内其他表中存在不同注释（10种）。保留原始注释，训练时需带表上下文。
public,wst_relation_subtype_dict,relation_type,character varying,关系大类编码，对应 wst_relation_type_dict.type_code,关系子类字典表，维护具体业务关系类型、标准方向和允许资产类型,existing_comment,candidate_safe,low,字段已有注释，无同名字段冲突，可安全纳入训练候选。
public,wst_relation_subtype_dict,relation_subtype,character varying,关系子类编码，例如 enterprise_outfall,关系子类字典表，维护具体业务关系类型、标准方向和允许资产类型,existing_comment,candidate_with_conflict_warning,medium,字段名 relation_subtype 在库内其他表中存在不同注释（2种）。保留原始注释，训练时需带表上下文。
public,wst_relation_subtype_dict,relation_name,character varying,关系子类中文名称，例如 企业关联排污口,关系子类字典表，维护具体业务关系类型、标准方向和允许资产类型,existing_comment,candidate_safe,low,字段已有注释，无同名字段冲突，可安全纳入训练候选。
public,wst_relation_subtype_dict,source_type_codes,character varying,允许作为源对象的资产类型，多个用英文逗号分隔,关系子类字典表，维护具体业务关系类型、标准方向和允许资产类型,existing_comment,candidate_safe,low,字段已有注释，无同名字段冲突，可安全纳入训练候选。
public,wst_relation_subtype_dict,target_type_codes,character varying,允许作为目标对象的资产类型，多个用英文逗号分隔,关系子类字典表，维护具体业务关系类型、标准方向和允许资产类型,existing_comment,candidate_safe,low,字段已有注释，无同名字段冲突，可安全纳入训练候选。
public,wst_relation_subtype_dict,source_label,character varying,源对象中文标签,关系子类字典表，维护具体业务关系类型、标准方向和允许资产类型,existing_comment,candidate_safe,low,字段已有注释，无同名字段冲突，可安全纳入训练候选。
public,wst_relation_subtype_dict,target_label,character varying,目标对象中文标签,关系子类字典表，维护具体业务关系类型、标准方向和允许资产类型,existing_comment,candidate_safe,low,字段已有注释，无同名字段冲突，可安全纳入训练候选。
public,wst_relation_subtype_dict,direction_desc,character varying,标准方向说明，例如 企业 → 排污口,关系子类字典表，维护具体业务关系类型、标准方向和允许资产类型,existing_comment,candidate_safe,low,字段已有注释，无同名字段冲突，可安全纳入训练候选。
public,wst_relation_subtype_dict,allow_manual,boolean,是否允许人工录入,关系子类字典表，维护具体业务关系类型、标准方向和允许资产类型,existing_comment,candidate_safe,low,字段已有注释，无同名字段冲突，可安全纳入训练候选。
public,wst_relation_subtype_dict,allow_import,boolean,是否允许导入,关系子类字典表，维护具体业务关系类型、标准方向和允许资产类型,existing_comment,candidate_safe,low,字段已有注释，无同名字段冲突，可安全纳入训练候选。
public,wst_relation_subtype_dict,allow_graph_edit,boolean,是否允许图谱编辑,关系子类字典表，维护具体业务关系类型、标准方向和允许资产类型,existing_comment,candidate_safe,low,字段已有注释，无同名字段冲突，可安全纳入训练候选。
public,wst_relation_subtype_dict,allow_map_draw,boolean,是否允许地图连线绘制,关系子类字典表，维护具体业务关系类型、标准方向和允许资产类型,existing_comment,candidate_safe,low,字段已有注释，无同名字段冲突，可安全纳入训练候选。
public,wst_relation_subtype_dict,default_confidence,numeric,默认置信度,关系子类字典表，维护具体业务关系类型、标准方向和允许资产类型,existing_comment,candidate_safe,low,字段已有注释，无同名字段冲突，可安全纳入训练候选。
public,wst_relation_subtype_dict,sort_order,integer,排序号,关系子类字典表，维护具体业务关系类型、标准方向和允许资产类型,existing_comment,candidate_with_conflict_warning,medium,字段名 sort_order 在库内其他表中存在不同注释（2种）。保留原始注释，训练时需带表上下文。
public,wst_relation_subtype_dict,status,character varying,状态，active 表示启用,关系子类字典表，维护具体业务关系类型、标准方向和允许资产类型,existing_comment,candidate_with_conflict_warning,medium,字段名 status 在库内其他表中存在不同注释（16种）。保留原始注释，训练时需带表上下文。
public,wst_relation_subtype_dict,description,character varying,关系子类说明,关系子类字典表，维护具体业务关系类型、标准方向和允许资产类型,existing_comment,candidate_with_conflict_warning,medium,字段名 description 在库内其他表中存在不同注释（6种）。保留原始注释，训练时需带表上下文。
public,wst_relation_subtype_dict,created_at,timestamp without time zone,创建时间,关系子类字典表，维护具体业务关系类型、标准方向和允许资产类型,existing_comment,candidate_safe,low,字段已有注释，无同名字段冲突，可安全纳入训练候选。
public,wst_relation_subtype_dict,updated_at,timestamp without time zone,更新时间,关系子类字典表，维护具体业务关系类型、标准方向和允许资产类型,existing_comment,candidate_safe,low,字段已有注释，无同名字段冲突，可安全纳入训练候选。
public,wst_relation_type_dict,id,bigint,主键ID,关系大类字典表，用于维护资产关系的大类编码,existing_comment,candidate_with_conflict_warning,medium,字段名 id 在库内其他表中存在不同注释（10种）。保留原始注释，训练时需带表上下文。
public,wst_relation_type_dict,type_code,character varying,关系大类编码，例如 ownership、discharge、monitoring,关系大类字典表，用于维护资产关系的大类编码,existing_comment,candidate_safe,low,字段已有注释，无同名字段冲突，可安全纳入训练候选。
public,wst_relation_type_dict,type_name,character varying,关系大类名称,关系大类字典表，用于维护资产关系的大类编码,existing_comment,candidate_safe,low,字段已有注释，无同名字段冲突，可安全纳入训练候选。
public,wst_relation_type_dict,description,character varying,关系大类说明,关系大类字典表，用于维护资产关系的大类编码,existing_comment,candidate_with_conflict_warning,medium,字段名 description 在库内其他表中存在不同注释（6种）。保留原始注释，训练时需带表上下文。
public,wst_relation_type_dict,sort_order,integer,排序号,关系大类字典表，用于维护资产关系的大类编码,existing_comment,candidate_with_conflict_warning,medium,字段名 sort_order 在库内其他表中存在不同注释（2种）。保留原始注释，训练时需带表上下文。
public,wst_relation_type_dict,status,character varying,状态，active 表示启用,关系大类字典表，用于维护资产关系的大类编码,existing_comment,candidate_with_conflict_warning,medium,字段名 status 在库内其他表中存在不同注释（16种）。保留原始注释，训练时需带表上下文。
public,wst_relation_type_dict,created_at,timestamp without time zone,创建时间,关系大类字典表，用于维护资产关系的大类编码,existing_comment,candidate_safe,low,字段已有注释，无同名字段冲突，可安全纳入训练候选。
public,wst_relation_type_dict,updated_at,timestamp without time zone,更新时间,关系大类字典表，用于维护资产关系的大类编码,existing_comment,candidate_safe,low,字段已有注释，无同名字段冲突，可安全纳入训练候选。
public,wst_trace_edge,id,bigint,主键ID，同时作为 pgRouting 的边ID,水安全溯源模块-溯源拓扑边表，用于存储河网、管网、排水路径、园区内外衔接路径，是 pgRouting 上下游分析的核心边表,existing_comment,candidate_with_conflict_warning,medium,字段名 id 在库内其他表中存在不同注释（10种）。保留原始注释，训练时需带表上下文。
public,wst_trace_edge,edge_code,character varying,边编码,水安全溯源模块-溯源拓扑边表，用于存储河网、管网、排水路径、园区内外衔接路径，是 pgRouting 上下游分析的核心边表,existing_comment,candidate_safe,low,字段已有注释，无同名字段冲突，可安全纳入训练候选。
public,wst_trace_edge,edge_name,character varying,边名称,水安全溯源模块-溯源拓扑边表，用于存储河网、管网、排水路径、园区内外衔接路径，是 pgRouting 上下游分析的核心边表,existing_comment,candidate_safe,low,字段已有注释，无同名字段冲突，可安全纳入训练候选。
public,wst_trace_edge,source,bigint,起点拓扑节点ID，关联 wst_trace_node.id，约定为默认水流方向的上游节点,水安全溯源模块-溯源拓扑边表，用于存储河网、管网、排水路径、园区内外衔接路径，是 pgRouting 上下游分析的核心边表,existing_comment,candidate_with_conflict_warning,medium,字段名 source 在库内其他表中存在不同注释（4种）。保留原始注释，训练时需带表上下文。
public,wst_trace_edge,target,bigint,终点拓扑节点ID，关联 wst_trace_node.id，约定为默认水流方向的下游节点,水安全溯源模块-溯源拓扑边表，用于存储河网、管网、排水路径、园区内外衔接路径，是 pgRouting 上下游分析的核心边表,existing_comment,candidate_safe,low,字段已有注释，无同名字段冲突，可安全纳入训练候选。
public,wst_trace_edge,edge_type,character varying,边类型，例如 river=河道，pipe=管线，park_pipe=园区管网，park_river=园区内部排污河流，discharge=排放连接边，boundary=边界衔接边,水安全溯源模块-溯源拓扑边表，用于存储河网、管网、排水路径、园区内外衔接路径，是 pgRouting 上下游分析的核心边表,existing_comment,candidate_safe,low,字段已有注释，无同名字段冲突，可安全纳入训练候选。
public,wst_trace_edge,network_type,character varying,网络类型，例如 river=外部河网，park_pipe=园区管网，park_river=园区内部排污河流，mixed=混合衔接网络,水安全溯源模块-溯源拓扑边表，用于存储河网、管网、排水路径、园区内外衔接路径，是 pgRouting 上下游分析的核心边表,existing_comment,candidate_safe,low,字段已有注释，无同名字段冲突，可安全纳入训练候选。
public,wst_trace_edge,from_network,character varying,起点所属网络类型，用于表达园区管网到园区河流、园区河流到外部河网的衔接,水安全溯源模块-溯源拓扑边表，用于存储河网、管网、排水路径、园区内外衔接路径，是 pgRouting 上下游分析的核心边表,existing_comment,candidate_safe,low,字段已有注释，无同名字段冲突，可安全纳入训练候选。
public,wst_trace_edge,to_network,character varying,终点所属网络类型，用于表达网络转换关系,水安全溯源模块-溯源拓扑边表，用于存储河网、管网、排水路径、园区内外衔接路径，是 pgRouting 上下游分析的核心边表,existing_comment,candidate_safe,low,字段已有注释，无同名字段冲突，可安全纳入训练候选。
public,wst_trace_edge,zone_id,bigint,所属分区ID，关联 wst_control_zone.id,水安全溯源模块-溯源拓扑边表，用于存储河网、管网、排水路径、园区内外衔接路径，是 pgRouting 上下游分析的核心边表,existing_comment,candidate_with_conflict_warning,medium,字段名 zone_id 在库内其他表中存在不同注释（2种）。保留原始注释，训练时需带表上下文。
public,wst_trace_edge,river_name,character varying,河流名称,水安全溯源模块-溯源拓扑边表，用于存储河网、管网、排水路径、园区内外衔接路径，是 pgRouting 上下游分析的核心边表,existing_comment,candidate_with_conflict_warning,medium,字段名 river_name 在库内其他表中存在不同注释（3种）。保留原始注释，训练时需带表上下文。
public,wst_trace_edge,river_code,character varying,河流编码,水安全溯源模块-溯源拓扑边表，用于存储河网、管网、排水路径、园区内外衔接路径，是 pgRouting 上下游分析的核心边表,existing_comment,candidate_with_conflict_warning,medium,字段名 river_code 在库内其他表中存在不同注释（2种）。保留原始注释，训练时需带表上下文。
public,wst_trace_edge,pipe_code,character varying,管线编码,水安全溯源模块-溯源拓扑边表，用于存储河网、管网、排水路径、园区内外衔接路径，是 pgRouting 上下游分析的核心边表,existing_comment,candidate_safe,low,字段已有注释，无同名字段冲突，可安全纳入训练候选。
public,wst_trace_edge,cost,numeric,正向通行成本，通常为长度米；source->target 可通行时为正数，不可通行时为-1,水安全溯源模块-溯源拓扑边表，用于存储河网、管网、排水路径、园区内外衔接路径，是 pgRouting 上下游分析的核心边表,existing_comment,candidate_safe,low,字段已有注释，无同名字段冲突，可安全纳入训练候选。
public,wst_trace_edge,reverse_cost,numeric,反向通行成本；普通单向水流通常为-1，库区/回水/双向场景可设置为正数,水安全溯源模块-溯源拓扑边表，用于存储河网、管网、排水路径、园区内外衔接路径，是 pgRouting 上下游分析的核心边表,existing_comment,candidate_safe,low,字段已有注释，无同名字段冲突，可安全纳入训练候选。
public,wst_trace_edge,length_m,numeric,边长度，单位米,水安全溯源模块-溯源拓扑边表，用于存储河网、管网、排水路径、园区内外衔接路径，是 pgRouting 上下游分析的核心边表,existing_comment,candidate_safe,low,字段已有注释，无同名字段冲突，可安全纳入训练候选。
public,wst_trace_edge,flow_direction,character varying,流向说明，默认 source_to_target 表示 source 到 target 为水流方向,水安全溯源模块-溯源拓扑边表，用于存储河网、管网、排水路径、园区内外衔接路径，是 pgRouting 上下游分析的核心边表,existing_comment,candidate_safe,low,字段已有注释，无同名字段冲突，可安全纳入训练候选。
public,wst_trace_edge,flow_mode,character varying,流向模式：normal=正常单向，bidirectional=双向，controlled=受控，reservoir=库区/回水，unknown=未知,水安全溯源模块-溯源拓扑边表，用于存储河网、管网、排水路径、园区内外衔接路径，是 pgRouting 上下游分析的核心边表,existing_comment,candidate_safe,low,字段已有注释，无同名字段冲突，可安全纳入训练候选。
public,wst_trace_edge,control_mode,character varying,控制方式，例如 gate=闸门，pump=泵站，manual=人工控制，temporary_dam=临时筑坝,水安全溯源模块-溯源拓扑边表，用于存储河网、管网、排水路径、园区内外衔接路径，是 pgRouting 上下游分析的核心边表,existing_comment,candidate_safe,low,字段已有注释，无同名字段冲突，可安全纳入训练候选。
public,wst_trace_edge,gate_asset_id,bigint,关联闸门/闸坝资产ID，关联 wst_asset.id,水安全溯源模块-溯源拓扑边表，用于存储河网、管网、排水路径、园区内外衔接路径，是 pgRouting 上下游分析的核心边表,existing_comment,candidate_safe,low,字段已有注释，无同名字段冲突，可安全纳入训练候选。
public,wst_trace_edge,pump_asset_id,bigint,关联泵站资产ID，关联 wst_asset.id,水安全溯源模块-溯源拓扑边表，用于存储河网、管网、排水路径、园区内外衔接路径，是 pgRouting 上下游分析的核心边表,existing_comment,candidate_safe,low,字段已有注释，无同名字段冲突，可安全纳入训练候选。
public,wst_trace_edge,is_split_edge,boolean,是否由原始边拆分生成,水安全溯源模块-溯源拓扑边表，用于存储河网、管网、排水路径、园区内外衔接路径，是 pgRouting 上下游分析的核心边表,existing_comment,candidate_safe,low,字段已有注释，无同名字段冲突，可安全纳入训练候选。
public,wst_trace_edge,original_edge_id,bigint,原始边ID，资产挂接到边中间并拆边时记录来源边,水安全溯源模块-溯源拓扑边表，用于存储河网、管网、排水路径、园区内外衔接路径，是 pgRouting 上下游分析的核心边表,existing_comment,candidate_safe,low,字段已有注释，无同名字段冲突，可安全纳入训练候选。
public,wst_trace_edge,status,character varying,状态：active=启用，disabled=停用，split=已拆分，invalid=无效,水安全溯源模块-溯源拓扑边表，用于存储河网、管网、排水路径、园区内外衔接路径，是 pgRouting 上下游分析的核心边表,existing_comment,candidate_with_conflict_warning,medium,字段名 status 在库内其他表中存在不同注释（16种）。保留原始注释，训练时需带表上下文。
public,wst_trace_edge,geom,USER-DEFINED,边线几何，坐标系SRID=4326,水安全溯源模块-溯源拓扑边表，用于存储河网、管网、排水路径、园区内外衔接路径，是 pgRouting 上下游分析的核心边表,existing_comment,candidate_with_conflict_warning,medium,字段名 geom 在库内其他表中存在不同注释（9种）。保留原始注释，训练时需带表上下文。
public,wst_trace_edge,metadata_json,jsonb,扩展属性JSON，用于存储管径、材质、坡度、流速、原始河段编码等扩展信息,水安全溯源模块-溯源拓扑边表，用于存储河网、管网、排水路径、园区内外衔接路径，是 pgRouting 上下游分析的核心边表,existing_comment,candidate_with_conflict_warning,medium,字段名 metadata_json 在库内其他表中存在不同注释（6种）。保留原始注释，训练时需带表上下文。
public,wst_trace_edge,remark,text,备注,水安全溯源模块-溯源拓扑边表，用于存储河网、管网、排水路径、园区内外衔接路径，是 pgRouting 上下游分析的核心边表,existing_comment,candidate_with_conflict_warning,medium,字段名 remark 在库内其他表中存在不同注释（2种）。保留原始注释，训练时需带表上下文。
public,wst_trace_edge,created_by,character varying,创建人,水安全溯源模块-溯源拓扑边表，用于存储河网、管网、排水路径、园区内外衔接路径，是 pgRouting 上下游分析的核心边表,existing_comment,candidate_safe,low,字段已有注释，无同名字段冲突，可安全纳入训练候选。
public,wst_trace_edge,created_at,timestamp without time zone,创建时间,水安全溯源模块-溯源拓扑边表，用于存储河网、管网、排水路径、园区内外衔接路径，是 pgRouting 上下游分析的核心边表,existing_comment,candidate_safe,low,字段已有注释，无同名字段冲突，可安全纳入训练候选。
public,wst_trace_edge,updated_by,character varying,更新人,水安全溯源模块-溯源拓扑边表，用于存储河网、管网、排水路径、园区内外衔接路径，是 pgRouting 上下游分析的核心边表,existing_comment,candidate_safe,low,字段已有注释，无同名字段冲突，可安全纳入训练候选。
public,wst_trace_edge,updated_at,timestamp without time zone,更新时间,水安全溯源模块-溯源拓扑边表，用于存储河网、管网、排水路径、园区内外衔接路径，是 pgRouting 上下游分析的核心边表,existing_comment,candidate_safe,low,字段已有注释，无同名字段冲突，可安全纳入训练候选。
public,wst_trace_edge,del_flag,smallint,逻辑删除标记：0=未删除，1=已删除,水安全溯源模块-溯源拓扑边表，用于存储河网、管网、排水路径、园区内外衔接路径，是 pgRouting 上下游分析的核心边表,existing_comment,candidate_with_conflict_warning,medium,字段名 del_flag 在库内其他表中存在不同注释（12种）。保留原始注释，训练时需带表上下文。
public,wst_trace_node,id,bigint,主键ID，同时作为 pgRouting 的 source/target 节点ID,水安全溯源模块-溯源拓扑节点表，用于存储河网、管网、园区排污河流、排口挂接点、断面挂接点、园区出口等 pgRouting 节点,existing_comment,candidate_with_conflict_warning,medium,字段名 id 在库内其他表中存在不同注释（10种）。保留原始注释，训练时需带表上下文。
public,wst_trace_node,node_code,character varying,节点编码,水安全溯源模块-溯源拓扑节点表，用于存储河网、管网、园区排污河流、排口挂接点、断面挂接点、园区出口等 pgRouting 节点,existing_comment,candidate_safe,low,字段已有注释，无同名字段冲突，可安全纳入训练候选。
public,wst_trace_node,node_name,character varying,节点名称,水安全溯源模块-溯源拓扑节点表，用于存储河网、管网、园区排污河流、排口挂接点、断面挂接点、园区出口等 pgRouting 节点,existing_comment,candidate_safe,low,字段已有注释，无同名字段冲突，可安全纳入训练候选。
public,wst_trace_node,node_type,character varying,节点类型，例如 river_node、pipe_node、outfall_snap_node、section_snap_node、intake_snap_node、gate_node、park_outlet_node,水安全溯源模块-溯源拓扑节点表，用于存储河网、管网、园区排污河流、排口挂接点、断面挂接点、园区出口等 pgRouting 节点,existing_comment,candidate_with_conflict_warning,medium,字段名 node_type 在库内其他表中存在不同注释（2种）。保留原始注释，训练时需带表上下文。
public,wst_trace_node,network_type,character varying,网络类型，例如 river=外部河网，park_pipe=园区管网，park_river=园区内部排污河流，mixed=混合衔接网络,水安全溯源模块-溯源拓扑节点表，用于存储河网、管网、园区排污河流、排口挂接点、断面挂接点、园区出口等 pgRouting 节点,existing_comment,candidate_safe,low,字段已有注释，无同名字段冲突，可安全纳入训练候选。
public,wst_trace_node,zone_id,bigint,所属分区ID，关联 wst_control_zone.id,水安全溯源模块-溯源拓扑节点表，用于存储河网、管网、园区排污河流、排口挂接点、断面挂接点、园区出口等 pgRouting 节点,existing_comment,candidate_with_conflict_warning,medium,字段名 zone_id 在库内其他表中存在不同注释（2种）。保留原始注释，训练时需带表上下文。
public,wst_trace_node,is_boundary_node,boolean,是否边界节点，例如园区出口、管网入河口、内外网络衔接点,水安全溯源模块-溯源拓扑节点表，用于存储河网、管网、园区排污河流、排口挂接点、断面挂接点、园区出口等 pgRouting 节点,existing_comment,candidate_safe,low,字段已有注释，无同名字段冲突，可安全纳入训练候选。
public,wst_trace_node,boundary_type,character varying,边界节点类型，例如 park_outlet、pipe_to_river、river_inlet、external_river_join,水安全溯源模块-溯源拓扑节点表，用于存储河网、管网、园区排污河流、排口挂接点、断面挂接点、园区出口等 pgRouting 节点,existing_comment,candidate_safe,low,字段已有注释，无同名字段冲突，可安全纳入训练候选。
public,wst_trace_node,boundary_name,character varying,边界节点名称,水安全溯源模块-溯源拓扑节点表，用于存储河网、管网、园区排污河流、排口挂接点、断面挂接点、园区出口等 pgRouting 节点,existing_comment,candidate_safe,low,字段已有注释，无同名字段冲突，可安全纳入训练候选。
public,wst_trace_node,source_asset_id,bigint,来源资产ID，如果该节点由某个资产生成，可关联 wst_asset.id,水安全溯源模块-溯源拓扑节点表，用于存储河网、管网、园区排污河流、排口挂接点、断面挂接点、园区出口等 pgRouting 节点,existing_comment,candidate_with_conflict_warning,medium,字段名 source_asset_id 在库内其他表中存在不同注释（2种）。保留原始注释，训练时需带表上下文。
public,wst_trace_node,source_system,character varying,数据来源系统,水安全溯源模块-溯源拓扑节点表，用于存储河网、管网、园区排污河流、排口挂接点、断面挂接点、园区出口等 pgRouting 节点,existing_comment,candidate_with_conflict_warning,medium,字段名 source_system 在库内其他表中存在不同注释（2种）。保留原始注释，训练时需带表上下文。
public,wst_trace_node,source_id,character varying,来源系统中的原始ID,水安全溯源模块-溯源拓扑节点表，用于存储河网、管网、园区排污河流、排口挂接点、断面挂接点、园区出口等 pgRouting 节点,existing_comment,candidate_safe,low,字段已有注释，无同名字段冲突，可安全纳入训练候选。
public,wst_trace_node,longitude,numeric,经度,水安全溯源模块-溯源拓扑节点表，用于存储河网、管网、园区排污河流、排口挂接点、断面挂接点、园区出口等 pgRouting 节点,existing_comment,candidate_with_conflict_warning,medium,字段名 longitude 在库内其他表中存在不同注释（2种）。保留原始注释，训练时需带表上下文。
public,wst_trace_node,latitude,numeric,纬度,水安全溯源模块-溯源拓扑节点表，用于存储河网、管网、园区排污河流、排口挂接点、断面挂接点、园区出口等 pgRouting 节点,existing_comment,candidate_with_conflict_warning,medium,字段名 latitude 在库内其他表中存在不同注释（2种）。保留原始注释，训练时需带表上下文。
public,wst_trace_node,elevation,numeric,高程，单位米,水安全溯源模块-溯源拓扑节点表，用于存储河网、管网、园区排污河流、排口挂接点、断面挂接点、园区出口等 pgRouting 节点,existing_comment,candidate_safe,low,字段已有注释，无同名字段冲突，可安全纳入训练候选。
public,wst_trace_node,status,character varying,状态：active=启用，disabled=停用，candidate=候选，invalid=无效,水安全溯源模块-溯源拓扑节点表，用于存储河网、管网、园区排污河流、排口挂接点、断面挂接点、园区出口等 pgRouting 节点,existing_comment,candidate_with_conflict_warning,medium,字段名 status 在库内其他表中存在不同注释（16种）。保留原始注释，训练时需带表上下文。
public,wst_trace_node,geom,USER-DEFINED,节点点几何，坐标系SRID=4326,水安全溯源模块-溯源拓扑节点表，用于存储河网、管网、园区排污河流、排口挂接点、断面挂接点、园区出口等 pgRouting 节点,existing_comment,candidate_with_conflict_warning,medium,字段名 geom 在库内其他表中存在不同注释（9种）。保留原始注释，训练时需带表上下文。
public,wst_trace_node,metadata_json,jsonb,扩展属性JSON,水安全溯源模块-溯源拓扑节点表，用于存储河网、管网、园区排污河流、排口挂接点、断面挂接点、园区出口等 pgRouting 节点,existing_comment,candidate_with_conflict_warning,medium,字段名 metadata_json 在库内其他表中存在不同注释（6种）。保留原始注释，训练时需带表上下文。
public,wst_trace_node,remark,text,备注,水安全溯源模块-溯源拓扑节点表，用于存储河网、管网、园区排污河流、排口挂接点、断面挂接点、园区出口等 pgRouting 节点,existing_comment,candidate_with_conflict_warning,medium,字段名 remark 在库内其他表中存在不同注释（2种）。保留原始注释，训练时需带表上下文。
public,wst_trace_node,created_by,character varying,创建人,水安全溯源模块-溯源拓扑节点表，用于存储河网、管网、园区排污河流、排口挂接点、断面挂接点、园区出口等 pgRouting 节点,existing_comment,candidate_safe,low,字段已有注释，无同名字段冲突，可安全纳入训练候选。
public,wst_trace_node,created_at,timestamp without time zone,创建时间,水安全溯源模块-溯源拓扑节点表，用于存储河网、管网、园区排污河流、排口挂接点、断面挂接点、园区出口等 pgRouting 节点,existing_comment,candidate_safe,low,字段已有注释，无同名字段冲突，可安全纳入训练候选。
public,wst_trace_node,updated_by,character varying,更新人,水安全溯源模块-溯源拓扑节点表，用于存储河网、管网、园区排污河流、排口挂接点、断面挂接点、园区出口等 pgRouting 节点,existing_comment,candidate_safe,low,字段已有注释，无同名字段冲突，可安全纳入训练候选。
public,wst_trace_node,updated_at,timestamp without time zone,更新时间,水安全溯源模块-溯源拓扑节点表，用于存储河网、管网、园区排污河流、排口挂接点、断面挂接点、园区出口等 pgRouting 节点,existing_comment,candidate_safe,low,字段已有注释，无同名字段冲突，可安全纳入训练候选。
public,wst_trace_node,del_flag,smallint,逻辑删除标记：0=未删除，1=已删除,水安全溯源模块-溯源拓扑节点表，用于存储河网、管网、园区排污河流、排口挂接点、断面挂接点、园区出口等 pgRouting 节点,existing_comment,candidate_with_conflict_warning,medium,字段名 del_flag 在库内其他表中存在不同注释（12种）。保留原始注释，训练时需带表上下文。
public,wst_trace_topology_issue,object_code,character varying,监控对象编码,,existing_comment,candidate_safe,low,字段已有注释，无同名字段冲突，可安全纳入训练候选。
public,wst_trace_topology_issue,created_by,character varying,创建人,,existing_comment,candidate_safe,low,字段已有注释，无同名字段冲突，可安全纳入训练候选。
public,wst_trace_topology_issue,created_at,timestamp without time zone,创建时间,,existing_comment,candidate_safe,low,字段已有注释，无同名字段冲突，可安全纳入训练候选。
public,wst_trace_topology_issue,updated_by,character varying,更新人,,existing_comment,candidate_safe,low,字段已有注释，无同名字段冲突，可安全纳入训练候选。
public,wst_trace_topology_issue,updated_at,timestamp without time zone,更新时间,,existing_comment,candidate_safe,low,字段已有注释，无同名字段冲突，可安全纳入训练候选。
public,wt_service_directory,id,bigint,主键id,主键id,existing_comment,candidate_with_conflict_warning,medium,字段名 id 在库内其他表中存在不同注释（10种）。保留原始注释，训练时需带表上下文。
public,wt_service_directory,node_type,character,节点类型：0 目录、1 服务,主键id,existing_comment,candidate_with_conflict_warning,medium,字段名 node_type 在库内其他表中存在不同注释（2种）。保留原始注释，训练时需带表上下文。
public,wt_service_directory,code,character varying,code 唯一,主键id,existing_comment,candidate_with_conflict_warning,medium,字段名 code 在库内其他表中存在不同注释（5种）。保留原始注释，训练时需带表上下文。
public,wt_service_directory,pid,bigint,父id,主键id,existing_comment,candidate_with_conflict_warning,medium,字段名 pid 在库内其他表中存在不同注释（2种）。保留原始注释，训练时需带表上下文。
public,wt_service_directory,id_path,character varying,id路径，逗号连接,主键id,existing_comment,candidate_safe,low,字段已有注释，无同名字段冲突，可安全纳入训练候选。
public,wt_service_directory,name,character varying,服务名称,主键id,existing_comment,candidate_with_conflict_warning,medium,字段名 name 在库内其他表中存在不同注释（14种）。保留原始注释，训练时需带表上下文。
public,wt_service_directory,rest_url,character varying,接口服务地址,主键id,existing_comment,candidate_safe,low,字段已有注释，无同名字段冲突，可安全纳入训练候选。
public,wt_service_directory,service_type,character,服务类型：0 WMS、1 WMTS、2 REST接口 、3 公司出图服务 HGTWMS 4 arcgis服务、5 geoserver服务,主键id,existing_comment,candidate_safe,low,字段已有注释，无同名字段冲突，可安全纳入训练候选。
public,wt_service_directory,x_min,character varying,x最小值,主键id,existing_comment,candidate_safe,low,字段已有注释，无同名字段冲突，可安全纳入训练候选。
public,wt_service_directory,x_max,character varying,x最大值,主键id,existing_comment,candidate_safe,low,字段已有注释，无同名字段冲突，可安全纳入训练候选。
public,wt_service_directory,y_min,character varying,y最小值,主键id,existing_comment,candidate_safe,low,字段已有注释，无同名字段冲突，可安全纳入训练候选。
public,wt_service_directory,y_max,character varying,y最大值,主键id,existing_comment,candidate_safe,low,字段已有注释，无同名字段冲突，可安全纳入训练候选。
public,wt_service_directory,srs,character varying,坐标系，WKID表示,主键id,existing_comment,candidate_safe,low,字段已有注释，无同名字段冲突，可安全纳入训练候选。
public,wt_service_directory,scale,character varying,在一定比例尺下才显示,主键id,existing_comment,candidate_safe,low,字段已有注释，无同名字段冲突，可安全纳入训练候选。
public,wt_service_directory,method,character,接口服务请求方式：0 GET、1 POST,主键id,existing_comment,candidate_safe,low,字段已有注释，无同名字段冲突，可安全纳入训练候选。
public,wt_service_directory,geometry_type,character,几何类型：1 点、2 线、3 面、4 三维模型、5 影像,主键id,existing_comment,candidate_with_conflict_warning,medium,字段名 geometry_type 在库内其他表中存在不同注释（2种）。保留原始注释，训练时需带表上下文。
public,wt_service_directory,weidu,character,维度：0 二维、1 三维,主键id,existing_comment,candidate_safe,low,字段已有注释，无同名字段冲突，可安全纳入训练候选。
public,wt_service_directory,sort,bigint,排序号,主键id,existing_comment,candidate_with_conflict_warning,medium,字段名 sort 在库内其他表中存在不同注释（3种）。保留原始注释，训练时需带表上下文。
public,wt_service_directory,check_type,character,是否选中：0 未选中、1 已选中,主键id,existing_comment,candidate_safe,low,字段已有注释，无同名字段冲突，可安全纳入训练候选。
public,wt_service_directory,remark,text,备注,主键id,existing_comment,candidate_with_conflict_warning,medium,字段名 remark 在库内其他表中存在不同注释（2种）。保留原始注释，训练时需带表上下文。
public,wt_service_directory,create_by,bigint,创建人,主键id,existing_comment,candidate_with_conflict_warning,medium,字段名 create_by 在库内其他表中存在不同注释（4种）。保留原始注释，训练时需带表上下文。
public,wt_service_directory,create_time,timestamp without time zone,创建时间,主键id,existing_comment,candidate_with_conflict_warning,medium,字段名 create_time 在库内其他表中存在不同注释（2种）。保留原始注释，训练时需带表上下文。
public,wt_service_directory,update_by,bigint,更新人,主键id,existing_comment,candidate_with_conflict_warning,medium,字段名 update_by 在库内其他表中存在不同注释（5种）。保留原始注释，训练时需带表上下文。
public,wt_service_directory,update_time,timestamp without time zone,更新时间,主键id,existing_comment,candidate_with_conflict_warning,medium,字段名 update_time 在库内其他表中存在不同注释（2种）。保留原始注释，训练时需带表上下文。
public,wt_service_directory,del_flag,character,删除标记：0 未删除、1 已删除,主键id,existing_comment,candidate_with_conflict_warning,medium,字段名 del_flag 在库内其他表中存在不同注释（12种）。保留原始注释，训练时需带表上下文。
public,wt_warnparm_config,id,bigint,id,监测预警参数配置表,existing_comment,candidate_with_conflict_warning,medium,字段名 id 在库内其他表中存在不同注释（10种）。保留原始注释，训练时需带表上下文。
public,wt_warnparm_config,indicator_code,character varying,监测指标编号,监测预警参数配置表,existing_comment,candidate_with_conflict_warning,medium,字段名 indicator_code 在库内其他表中存在不同注释（3种）。保留原始注释，训练时需带表上下文。
public,wt_warnparm_config,l1_value,double precision,一级,监测预警参数配置表,existing_comment,candidate_with_conflict_warning,medium,字段名 l1_value 在库内其他表中存在不同注释（2种）。保留原始注释，训练时需带表上下文。
public,wt_warnparm_config,l2_value,double precision,二级,监测预警参数配置表,existing_comment,candidate_with_conflict_warning,medium,字段名 l2_value 在库内其他表中存在不同注释（2种）。保留原始注释，训练时需带表上下文。
public,wt_warnparm_config,l3_value,double precision,三级,监测预警参数配置表,existing_comment,candidate_with_conflict_warning,medium,字段名 l3_value 在库内其他表中存在不同注释（2种）。保留原始注释，训练时需带表上下文。
public,wt_warnparm_config,l4_value,double precision,四级,监测预警参数配置表,existing_comment,candidate_safe,low,字段已有注释，无同名字段冲突，可安全纳入训练候选。
public,wt_warnparm_config,l5_value,double precision,五级,监测预警参数配置表,existing_comment,candidate_safe,low,字段已有注释，无同名字段冲突，可安全纳入训练候选。
public,wt_warnparm_config,zero,double precision,零点核查,监测预警参数配置表,existing_comment,candidate_safe,low,字段已有注释，无同名字段冲突，可安全纳入训练候选。
public,wt_warnparm_config,zero_drift,double precision,24小时零点漂移,监测预警参数配置表,existing_comment,candidate_safe,low,字段已有注释，无同名字段冲突，可安全纳入训练候选。
public,wt_warnparm_config,span,double precision,跨度核查,监测预警参数配置表,existing_comment,candidate_safe,low,字段已有注释，无同名字段冲突，可安全纳入训练候选。
public,wt_warnparm_config,span_drift,double precision,24小时跨度漂移,监测预警参数配置表,existing_comment,candidate_safe,low,字段已有注释，无同名字段冲突，可安全纳入训练候选。
public,wt_warnparm_config,compare,character,比较方式：0 无；1 ≤；2 ≥,监测预警参数配置表,existing_comment,candidate_safe,low,字段已有注释，无同名字段冲突，可安全纳入训练候选。
public,wt_warnparm_config,type,character varying,0 河流，1 湖泊,监测预警参数配置表,existing_comment,candidate_with_conflict_warning,medium,字段名 type 在库内其他表中存在不同注释（10种）。保留原始注释，训练时需带表上下文。
public,wt_warnparm_config,possible_value,double precision,可能发生污染的告警值,监测预警参数配置表,existing_comment,candidate_safe,low,字段已有注释，无同名字段冲突，可安全纳入训练候选。
public,wt_warnparm_config,remove_warn_value,double precision,消除预警的参数值,监测预警参数配置表,existing_comment,candidate_safe,low,字段已有注释，无同名字段冲突，可安全纳入训练候选。
public,wt_warnparm_config,frequency,bigint,监测频率（小时计）,监测预警参数配置表,existing_comment,candidate_with_conflict_warning,medium,字段名 frequency 在库内其他表中存在不同注释（2种）。保留原始注释，训练时需带表上下文。
public,wt_warnparm_config,create_by,bigint,创建人,监测预警参数配置表,existing_comment,candidate_with_conflict_warning,medium,字段名 create_by 在库内其他表中存在不同注释（4种）。保留原始注释，训练时需带表上下文。
public,wt_warnparm_config,create_time,timestamp without time zone,创建时间,监测预警参数配置表,existing_comment,candidate_with_conflict_warning,medium,字段名 create_time 在库内其他表中存在不同注释（2种）。保留原始注释，训练时需带表上下文。
public,wt_warnparm_config,update_by,bigint,更新人,监测预警参数配置表,existing_comment,candidate_with_conflict_warning,medium,字段名 update_by 在库内其他表中存在不同注释（5种）。保留原始注释，训练时需带表上下文。
public,wt_warnparm_config,update_time,timestamp without time zone,更新时间,监测预警参数配置表,existing_comment,candidate_with_conflict_warning,medium,字段名 update_time 在库内其他表中存在不同注释（2种）。保留原始注释，训练时需带表上下文。
public,wt_warnparm_config,del_flag,character,删除标记：0 未删除、1 已删除,监测预警参数配置表,existing_comment,candidate_with_conflict_warning,medium,字段名 del_flag 在库内其他表中存在不同注释（12种）。保留原始注释，训练时需带表上下文。
