schema,table,column,type,has_comment,comment
public,_stg_yichang_river_counts,layer_inserted,integer,no,
public,_stg_yichang_river_counts,layer_updated,integer,no,
public,_stg_yichang_river_counts,asset_inserted,integer,no,
public,_stg_yichang_river_counts,asset_updated,integer,no,
public,_stg_yichang_river_counts,skipped,integer,no,
public,_stg_yichang_river_import,gid,integer,yes,地理要素唯一标识
public,_stg_yichang_river_import,OBJECTID,"numeric(18,0)",yes,对象唯一标识
public,_stg_yichang_river_import,Nextdown,"numeric(18,0)",yes,下游河流ID
public,_stg_yichang_river_import,MAINRIVID,"numeric(18,0)",yes,干流ID
public,_stg_yichang_river_import,Hydrocount,"numeric(18,0)",yes,水文计数
public,_stg_yichang_river_import,Rclass,"numeric(18,0)",yes,河流类别编码
public,_stg_yichang_river_import,Rlenth,"numeric(23,15)",yes,河流长度
public,_stg_yichang_river_import,Hydrolenth,"numeric(23,15)",yes,水文计算长度
public,_stg_yichang_river_import,Rcatch,"numeric(23,15)",yes,汇水面积
public,_stg_yichang_river_import,TCatch,"numeric(23,15)",yes,总汇水面积
public,_stg_yichang_river_import,Rname,character varying(80),yes,河流名称
public,_stg_yichang_river_import,Shape_Leng,"numeric(23,15)",yes,要素长度
public,_stg_yichang_river_import,RiverID,"numeric(18,0)",yes,河流ID
public,_stg_yichang_river_import,RclassDISP,"numeric(18,0)",no,
public,_stg_yichang_river_import,OSMratio,"numeric(23,15)",no,
public,_stg_yichang_river_import,GRITratio,"numeric(23,15)",no,
public,_stg_yichang_river_import,Hydroratio,"numeric(23,15)",no,
public,_stg_yichang_river_import,NameList,character varying(80),yes,河流名称列表
public,_stg_yichang_river_import,OrignCNT,character varying(80),no,
public,_stg_yichang_river_import,SEG_ID,"numeric(18,0)",yes,分段ID
public,_stg_yichang_river_import,LEN,"numeric(23,15)",yes,分段长度
public,_stg_yichang_river_import,FLIPPED,"numeric(18,0)",no,
public,_stg_yichang_river_import,FROM_Z,"numeric(23,15)",yes,起点高程
public,_stg_yichang_river_import,TO_Z,"numeric(23,15)",yes,终点高程
public,_stg_yichang_river_import,STR_ORD,"numeric(18,0)",yes,Strahler河流分级
public,_stg_yichang_river_import,SHR_ORD,"numeric(18,0)",yes,Shreve河流分级
public,_stg_yichang_river_import,geom,"geometry(MultiLineString,4326)",yes,空间几何数据
public,_stg_yichang_river_std,gid,integer,yes,地理要素唯一标识
public,_stg_yichang_river_std,river_code,text,yes,河流编码
public,_stg_yichang_river_std,river_name,text,yes,河流名称
public,_stg_yichang_river_std,next_down,bigint,yes,下游河流ID
public,_stg_yichang_river_std,river_class,text,yes,河流类别
public,_stg_yichang_river_std,length_km,numeric,yes,河流长度（公里）
public,_stg_yichang_river_std,from_z,numeric,yes,起点高程
public,_stg_yichang_river_std,to_z,numeric,yes,终点高程
public,_stg_yichang_river_std,geom,"geometry(MultiLineString,4326)",yes,空间几何数据
public,_stg_yichang_river_std,metadata_json,jsonb,no,
public,ad_dict,row_id,bigint,yes,ROW_ID
public,ad_dict,list_type,character varying(32),yes,列表类型
public,ad_dict,list_type_desc,character varying(255),yes,列表描述
public,ad_dict,item_code,character varying(32),yes,列表项代码
public,ad_dict,item_name,character varying(100),yes,列表项名称
public,ad_dict,taxis_no,integer,yes,排序码
public,ad_dict,origin_flag,character(1),yes,数据来源的标志：[]或[I]-(Input)系统录入;[O]-(Out)外部接口导入;[S]-(System)系统保留。本标志不能挪为它用。
public,ad_dict,origin_app,character varying(32),yes,数据来源应用的代码
public,ad_dict,modification_num,integer,yes,记录修改次数
public,ad_dict,create_time,timestamp without time zone,yes,创建时间
public,ad_dict,update_time,timestamp without time zone,yes,修改时间
public,ad_dict,del_flag,character(1),yes,删除标志：0-正常，1-已删除
public,ad_dict,create_by,bigint,yes,创建人
public,ad_dict,update_by,bigint,yes,修改人
public,cf_auto_build_flag,id,bigint,yes,主键id
public,cf_auto_build_flag,manual_auto,character(1),yes,0 手动处理、1 自动处理
public,cf_auto_build_flag,create_by,bigint,yes,创建人
public,cf_auto_build_flag,create_time,timestamp without time zone,yes,创建时间
public,cf_auto_build_flag,update_by,bigint,yes,更新人
public,cf_auto_build_flag,update_time,timestamp without time zone,yes,更新时间
public,cf_auto_build_flag,del_flag,character(1),yes,删除标记：0 未删除、1 已删除
public,day_quality_records,id,bigint,yes,主键id
public,day_quality_records,station_id,bigint,yes,站点id
public,day_quality_records,type,character(1),yes,类型：0 零点核查数据、1 跨度核查数据
public,day_quality_records,span_value5,double precision,yes,氨氮仪器跨度值
public,day_quality_records,check_value5,double precision,yes,氨氮零点/跨度核查数据
public,day_quality_records,standard_value5,double precision,yes,氨氮标准样浓度
public,day_quality_records,monitor_time5,timestamp without time zone,yes,氨氮监测时间
public,day_quality_records,span_value6,double precision,yes,高锰酸盐指数仪器跨度值
public,day_quality_records,check_value6,double precision,yes,高锰酸盐指数零点/跨度核查数据
public,day_quality_records,standard_value6,double precision,yes,高锰酸盐指数标准样浓度
public,day_quality_records,monitor_time6,timestamp without time zone,yes,高锰酸盐指数监测时间
public,day_quality_records,span_value7,double precision,yes,总磷仪器跨度值
public,day_quality_records,check_value7,double precision,yes,总磷零点/跨度核查数据
public,day_quality_records,standard_value7,double precision,yes,总磷标准样浓度
public,day_quality_records,monitor_time7,timestamp without time zone,yes,总磷监测时间
public,day_quality_records,span_value8,double precision,yes,总氮仪器跨度值
public,day_quality_records,check_value8,double precision,yes,总氮零点/跨度核查数据
public,day_quality_records,standard_value8,double precision,yes,总氮标准样浓度
public,day_quality_records,monitor_time8,timestamp without time zone,yes,总氮监测时间
public,day_quality_records,monitor_time,timestamp without time zone,yes,最新时间
public,day_quality_records,create_by,bigint,yes,创建人
public,day_quality_records,create_time,timestamp without time zone,yes,创建时间
public,day_quality_records,update_by,bigint,yes,更新人
public,day_quality_records,update_time,timestamp without time zone,yes,更新时间
public,day_quality_records,del_flag,character(1),yes,删除标记：0 未删除、1 已删除
public,day_quality_setting,id,bigint,yes,主键id
public,day_quality_setting,station_id,bigint,yes,站点id
public,day_quality_setting,indicator_code,character varying(100),yes,监测指标编号
public,day_quality_setting,span_value,double precision,no,
public,day_quality_setting,zero_standard_value,double precision,no,
public,day_quality_setting,span_standard_value,double precision,no,
public,day_quality_setting,audit_by,bigint,yes,审核人
public,day_quality_setting,audit_time,timestamp without time zone,yes,审核时间
public,day_quality_setting,create_by,bigint,yes,创建人
public,day_quality_setting,create_time,timestamp without time zone,yes,创建时间
public,day_quality_setting,update_by,bigint,yes,更新人
public,day_quality_setting,update_time,timestamp without time zone,yes,更新时间
public,day_quality_setting,del_flag,character(1),yes,删除标记：0 未删除、1 已删除
public,dc_survey_app,id,bigint,yes,主键ID
public,dc_survey_app,version_code,character varying(50),yes,APP版本号：V1.0.0、1.0.0、100
public,dc_survey_app,version_name,character varying(100),yes,APP版本名称: 如果有多个APP保证每一类名称一致
public,dc_survey_app,update_type,smallint,yes,更新类型：1-强制更新，2-可选更新
public,dc_survey_app,download_url,character varying(500),yes,安装包下载地址
public,dc_survey_app,file_size,bigint,yes,安装包文件大小（字节）
public,dc_survey_app,file_md5,character varying(32),yes,安装包MD5值，用于校验文件完整性
public,dc_survey_app,update_log,text,yes,更新日志
public,dc_survey_app,platform_type,smallint,yes,平台类型：1-Android，2-iOS
public,dc_survey_app,create_by,bigint,yes,创建人
public,dc_survey_app,create_time,timestamp without time zone,yes,创建时间
public,dc_survey_info,id,bigint,yes,主键ID
public,dc_survey_info,watershed_partition_id,bigint,yes,流域分区ID
public,dc_survey_info,title,character varying(50),yes,标题：对应调研的名称
public,dc_survey_info,upload_time,character varying(50),yes,上传时间：每次上传都记录时间  20251128
public,dc_survey_info,name,character varying(50),yes,名称
public,dc_survey_info,type,character varying(50),yes,类型（工业、规上畜禽、规下畜禽、水产养殖、排污口、污水处理厂、厕污垃、河道情况、其他）
public,dc_survey_info,lon,double precision,yes,经度
public,dc_survey_info,lat,double precision,yes,纬度
public,dc_survey_info,description,character varying(200),yes,现场核查情况信息（是否有污水产生、污水流向）
public,dc_survey_info,image_path,character varying(200),yes,图片地址：图片在minIO存储
public,dc_survey_info,monitor_info,character varying(100),yes,监测信息（是否监测，结果如何）
public,dc_survey_info,monitor_level,character varying(10),yes,管控级别：一级（常年有水，肯定对水体有影响），二级（下雨时肯定对水体影响），三级（可能有影响），四级（无影响）
public,dc_survey_info,remark,character varying(200),yes,备注
public,dc_survey_info,create_by,bigint,yes,创建人
public,dc_survey_info,create_time,timestamp without time zone,yes,创建时间
public,dc_survey_info,update_by,bigint,yes,更新人
public,dc_survey_info,update_time,timestamp without time zone,yes,更新时间
public,dc_survey_info,del_flag,character(1),yes,删除标记：0 未删除、1 已删除
public,dc_survey_info,survey_type,smallint,yes,调查类型：0-excel调查信息、1-word小结
public,dc_survey_info,image_path_2,character varying(200),yes,图片2
public,dc_survey_info,image_path_3,character varying(200),yes,图片3
public,dc_survey_info,task_id,bigint,yes,APP巡查：任务id
public,dc_survey_info,task_instance_id,bigint,yes,APP巡查：巡查任务实例id
public,dc_survey_offline_sync,id,bigint,yes,主键
public,dc_survey_offline_sync,cache_id,character varying(64),yes,缓存ID：APP端维护，用于关联提交数据
public,dc_survey_offline_sync,sync_status,integer,yes,同步状态：0-待同步，1-同步中，2-同步成功，3-同步失败
public,dc_survey_offline_sync,sync_progress,integer,yes,同步进度：0-100
public,dc_survey_offline_sync,total_steps,integer,yes,总步骤数
public,dc_survey_offline_sync,current_step,integer,yes,当前步骤
public,dc_survey_offline_sync,sync_start_time,timestamp without time zone,yes,同步开始时间
public,dc_survey_offline_sync,sync_end_time,timestamp without time zone,yes,同步结束时间
public,dc_survey_offline_sync,task_id,bigint,yes,任务ID：关联的巡查任务ID
public,dc_survey_offline_sync,sync_result,character varying(500),yes,同步结果信息
public,dc_survey_offline_sync,error_message,text,yes,错误信息
public,dc_survey_offline_sync,create_by,bigint,yes,创建人
public,dc_survey_offline_sync,create_time,timestamp without time zone,yes,创建时间
public,dc_survey_offline_sync,del_flag,character varying(1),yes,删除标记：0 未删除、1 已删除
public,dc_survey_offline_upload,id,bigint,yes,主键ID
public,dc_survey_offline_upload,cache_id,character varying(64),yes,缓存ID：与离线同步任务的cacheId对应，用于批量文件管理
public,dc_survey_offline_upload,file_md5,character varying(32),yes,文件标识：MD5值，用于唯一标识文件和完整性校验
public,dc_survey_offline_upload,file_type,character varying(20),yes,文件类型：json-JSON数据文件，image-图片文件
public,dc_survey_offline_upload,file_name,character varying(255),yes,文件名
public,dc_survey_offline_upload,file_size,bigint,yes,文件总大小：字节
public,dc_survey_offline_upload,uploaded_size,bigint,yes,已上传大小：字节
public,dc_survey_offline_upload,total_chunks,integer,yes,总分块数
public,dc_survey_offline_upload,uploaded_chunks,text,yes,已上传分块列表：JSON数组，记录已完成的分块序号
public,dc_survey_offline_upload,file_path,character varying(500),yes,文件存储路径：上传完成后的完整路径
public,dc_survey_offline_upload,upload_status,smallint,yes,上传状态：0-待上传，1-上传中，2-上传完成，3-合并失败
public,dc_survey_offline_upload,message,text,yes,执行信息：错误日志
public,dc_survey_offline_upload,create_by,bigint,yes,创建人
public,dc_survey_offline_upload,create_time,timestamp without time zone,yes,创建时间
public,dc_survey_offline_upload,update_time,timestamp without time zone,yes,更新时间
public,dc_survey_offline_upload,clean_flag,character(1),yes,本地文件清理标记：0 未删除、1 已删除
public,dc_survey_task,id,bigint,yes,主键
public,dc_survey_task,title,character varying(255),yes,巡查标题
public,dc_survey_task,survey_time,character varying(20),yes,巡查时间: yyyyMMdd
public,dc_survey_task,watershed_partition_id,bigint,yes,流域分区ID
public,dc_survey_task,status,integer,yes,"任务状态: 0-进行中, 1-已暂停, 2-已结束"
public,dc_survey_task,point_count,integer,yes,点位数量
public,dc_survey_task,remark,character varying(500),yes,备注
public,dc_survey_task,create_by,bigint,yes,创建人
public,dc_survey_task,create_time,timestamp without time zone,yes,创建时间
public,dc_survey_task,update_by,bigint,yes,更新人
public,dc_survey_task,update_time,timestamp without time zone,yes,更新时间
public,dc_survey_task,del_flag,character varying(1),yes,删除标记：0 未删除、1 已删除
public,dc_survey_task,image_count,integer,yes,照片数量
public,dc_survey_task,duration,bigint,yes,巡查时长: 单位秒
public,dc_survey_task,distance,"numeric(20,3)",yes,巡查距离: 单位km
public,dc_survey_task,current_point_count,integer,yes,本次巡查点位数量: 重新开启后自动清零
public,dc_survey_task,update_name,character varying(100),yes,更新人名称：当前巡查人员
public,dc_survey_task,cache_id,character varying(100),yes,本地缓存ID：APP端维护
public,dc_survey_task_instance,id,bigint,yes,主键
public,dc_survey_task_instance,task_id,bigint,yes,任务ID
public,dc_survey_task_instance,start_time,timestamp without time zone,yes,执行开始时间
public,dc_survey_task_instance,end_time,timestamp without time zone,yes,执行结束时间
public,dc_survey_task_instance,duration,bigint,yes,执行时长（秒）
public,dc_survey_task_instance,create_time,timestamp without time zone,yes,创建时间
public,dc_survey_track,id,bigint,yes,主键
public,dc_survey_track,task_id,bigint,yes,巡查任务ID
public,dc_survey_track,lat,double precision,yes,纬度
public,dc_survey_track,lon,double precision,yes,经度
public,dc_survey_track,distance,"numeric(20,3)",yes,距离上一个点的距离（米）
public,dc_survey_track,create_by,bigint,yes,创建人
public,dc_survey_track,create_time,timestamp without time zone,yes,创建时间
public,dc_survey_track,num,integer,yes,点位编号
public,dc_survey_track,task_instance_id,bigint,yes,实例ID
public,gis_control_unit,id,bigint,yes,主键
public,gis_control_unit,geom,"geometry(MultiPolygon,4326)",yes,几何信息
public,gis_control_unit,control_unit_name,character varying(254),yes,控制单元名称
public,gis_control_unit,area,double precision,yes,面积（km2）
public,gis_control_unit,control_unit_code,character varying(100),yes,控制单元编码
public,gis_control_unit,basin,character varying(200),yes,所属流域
public,gis_control_unit,remark,character varying(255),yes,备注
public,gis_control_unit,create_time,timestamp without time zone,yes,创建时间
public,gis_control_unit,update_time,timestamp without time zone,yes,更新时间
public,gis_control_unit,del_flag,character(1),yes,删除标志：0-正常、1-删除
public,gis_control_unit,create_by,bigint,yes,创建人
public,gis_control_unit,update_by,bigint,yes,修改人
public,gis_ecologicalregion,id,bigint,yes,主键ID
public,gis_ecologicalregion,ecological_region_name,character varying(255),yes,生态红线区域名称
public,gis_ecologicalregion,ecological_region_code,character varying(32),yes,生态红线区域编码
public,gis_ecologicalregion,address,character varying(255),yes,地址
public,gis_ecologicalregion,geom,"geometry(Geometry,4326)",yes,空间几何数据
public,gis_ecologicalregion,population,bigint,yes,人口数量
public,gis_ecologicalregion,type,character(1),yes,类型
public,gis_ecologicalregion,service_target,character varying(255),yes,生态服务目标
public,gis_ecologicalregion,area,double precision,no,
public,gis_ecologicalregion,ecosystem_vegetation,character varying(255),yes,生态系统植被概况
public,gis_ecologicalregion,human_activities,character varying(255),yes,人类活动影响描述
public,gis_ecologicalregion,environment_problems,character varying(255),yes,生态环境问题描述
public,gis_ecologicalregion,control_measures,character varying(255),yes,管控措施描述
public,gis_ecologicalregion,remark,character varying(255),yes,备注
public,gis_ecologicalregion,create_by,bigint,yes,创建人
public,gis_ecologicalregion,create_time,timestamp without time zone,yes,创建时间
public,gis_ecologicalregion,update_by,bigint,yes,修改人
public,gis_ecologicalregion,update_time,timestamp without time zone,yes,修改时间
public,gis_ecologicalregion,del_flag,character(1),yes,删除标志：0-正常，1-已删除
public,gis_headwaters,id,bigint,yes,主键ID
public,gis_headwaters,headwaters_name,character varying(255),yes,水源地名称
public,gis_headwaters,headwaters_code,character varying(32),yes,水源地编码
public,gis_headwaters,address,character varying(255),yes,地址
public,gis_headwaters,geom,"geometry(Geometry,4326)",yes,空间几何数据
public,gis_headwaters,level,character varying(8),yes,级别
public,gis_headwaters,type,character(1),yes,类型
public,gis_headwaters,water_intake_quantity,double precision,yes,年取水量
public,gis_headwaters,water_supply_population,bigint,yes,供水人口数
public,gis_headwaters,is_protect_region,character(1),yes,是否在保护区范围内
public,gis_headwaters,remark,character varying(255),yes,备注
public,gis_headwaters,create_by,bigint,yes,创建人
public,gis_headwaters,create_time,timestamp without time zone,yes,创建时间
public,gis_headwaters,update_by,bigint,yes,修改人
public,gis_headwaters,update_time,timestamp without time zone,yes,修改时间
public,gis_headwaters,del_flag,character(1),yes,删除标志：0-正常，1-已删除
public,gis_naturereserve,id,bigint,yes,主键ID
public,gis_naturereserve,nature_reserve_name,character varying(255),yes,自然保护区名称
public,gis_naturereserve,nature_reserve_code,character varying(32),yes,自然保护区编码
public,gis_naturereserve,address,character varying(255),yes,地址
public,gis_naturereserve,geom,"geometry(Geometry,4326)",yes,空间几何数据
public,gis_naturereserve,department,character varying(100),yes,主管部门
public,gis_naturereserve,type,character(1),yes,类型
public,gis_naturereserve,level,character varying(8),yes,级别
public,gis_naturereserve,protect_target,character varying(255),yes,主要保护对象
public,gis_naturereserve,total_area,double precision,no,
public,gis_naturereserve,core_area,double precision,no,
public,gis_naturereserve,buffer_area,double precision,no,
public,gis_naturereserve,manage_org_name,character varying(100),yes,管理机构名称
public,gis_naturereserve,manage_org_type,character varying(8),yes,管理机构类型
public,gis_naturereserve,manage_org_level,character varying(8),yes,管理机构级别
public,gis_naturereserve,population,bigint,yes,人口数量
public,gis_naturereserve,first_protect_animals,character varying(255),yes,国家一级保护动物
public,gis_naturereserve,second_protect_animals,character varying(255),yes,国家二级保护动物
public,gis_naturereserve,first_protect_plants,character varying(255),yes,国家一级保护植物
public,gis_naturereserve,second_protect_plants,character varying(255),yes,国家二级保护植物
public,gis_naturereserve,create_by,bigint,yes,创建人
public,gis_naturereserve,create_time,timestamp without time zone,yes,创建时间
public,gis_naturereserve,update_by,bigint,yes,修改人
public,gis_naturereserve,update_time,timestamp without time zone,yes,修改时间
public,gis_naturereserve,del_flag,character(1),yes,删除标志：0-正常，1-已删除
public,gis_poi,id,bigint,yes,主键id
public,gis_poi,code,bigint,yes,poi标识码
public,gis_poi,name,character varying(100),yes,名称
public,gis_poi,address,character varying(255),yes,地址
public,gis_poi,category,character varying(100),yes,分类
public,gis_poi,region_code,character varying(32),yes,行政区编码
public,gis_poi,region_province,character varying(30),yes,行政区省
public,gis_poi,region_city,character varying(50),yes,行政区城市
public,gis_poi,lon,double precision,yes,经度
public,gis_poi,lat,double precision,yes,纬度
public,gis_poi,telephone,character varying(11),yes,电话
public,gis_poi,remark,character varying(255),yes,备注
public,gis_poi,create_time,timestamp without time zone,yes,创建时间
public,gis_poi,update_time,timestamp without time zone,yes,修改时间
public,gis_poi,del_flag,character(1),yes,删除标志：0-正常，1-已删除
public,gis_poi,create_by,bigint,yes,创建人
public,gis_poi,update_by,bigint,yes,修改人
public,gis_region,id,bigint,yes,主键id
public,gis_region,region_code,character varying(32),yes,行政区划编码
public,gis_region,region_name,character varying(100),yes,行政区划名称
public,gis_region,control_unit_id,bigint,yes,管控单元ID
public,gis_region,region_level,character varying(4),yes,区划级别
public,gis_region,parent_code,character varying(60),yes,父级区划编码
public,gis_region,code,character varying(32),yes,编码
public,gis_region,address,character varying(255),yes,地址
public,gis_region,remark,character varying(255),yes,备注
public,gis_region,create_by,bigint,yes,创建人
public,gis_region,create_time,timestamp without time zone,yes,创建时间
public,gis_region,update_by,bigint,yes,更新人
public,gis_region,update_time,timestamp without time zone,yes,更新时间
public,gis_region,del_flag,character(1),yes,删除标记：0 未删除、1 已删除
public,gis_region_city,id,integer,yes,主键ID
public,gis_region_city,geom,"geometry(MultiPolygon,4326)",yes,空间几何数据
public,gis_region_city,region_name,character varying(50),yes,行政区划名称
public,gis_region_city,region_code,character varying(20),yes,行政区划编码
public,gis_region_county,id,integer,yes,主键ID
public,gis_region_county,geom,"geometry(MultiPolygon,4326)",yes,空间几何数据
public,gis_region_county,region_name,character varying(60),yes,行政区名称
public,gis_region_county,city,character varying(50),yes,市级名称
public,gis_region_county,region_code,character varying(50),yes,行政区编码
public,gis_region_population,id,bigint,yes,主键ID
public,gis_region_population,region_id,bigint,yes,区域ID
public,gis_region_population,city_population,double precision,yes,城镇人口
public,gis_region_population,city_area,double precision,yes,城镇面积
public,gis_region_population,city_quantity,double precision,yes,城镇数量
public,gis_region_population,rural_population,double precision,yes,农村人口
public,gis_region_population,rural_area,double precision,yes,农村面积
public,gis_region_population,rural_quantity,double precision,yes,农村数量
public,gis_region_population,year,bigint,yes,年份
public,gis_region_population,create_by,bigint,yes,创建人
public,gis_region_population,create_time,timestamp without time zone,yes,创建时间
public,gis_region_population,update_by,bigint,yes,修改人
public,gis_region_population,update_time,timestamp without time zone,yes,修改时间
public,gis_region_population,del_flag,character(1),yes,删除标志：0-正常，1-已删除
public,gis_region_township,id,integer,yes,主键ID
public,gis_region_township,geom,"geometry(MultiPolygon,4326)",yes,空间几何数据
public,gis_region_township,region_code,character varying(20),yes,行政区划编码
public,gis_region_township,county,character varying(60),yes,区县名称
public,gis_region_township,region_name,character varying(50),yes,行政区划名称
public,gis_region_township,city,character varying(50),yes,市级名称
public,gis_watershed_partition,id,bigint,yes,主键ID
public,gis_watershed_partition,name,character varying(100),yes,名称
public,gis_watershed_partition,name_alias,character varying(100),yes,别名
public,gis_watershed_partition,area,double precision,yes,面积：平方千米
public,gis_watershed_partition,remark,character varying(255),yes,备注
public,gis_watershed_partition,code,character varying(100),yes,编码
public,gis_watershed_partition,create_by,bigint,yes,创建人
public,gis_watershed_partition,create_time,timestamp without time zone,yes,创建时间
public,gis_watershed_partition,update_by,bigint,yes,更新人
public,gis_watershed_partition,update_time,timestamp without time zone,yes,更新时间
public,gis_watershed_partition,del_flag,character(1),yes,删除标记: 0-未删除、1-已删除
public,gis_watershed_partition,geom,"geometry(MultiPolygon,4326)",yes,图形
public,gis_watershed_partition,version,smallint,yes,当前版本：从0开始递增
public,gis_watershed_partition_3,id,integer,yes,主键ID
public,gis_watershed_partition_3,geom,"geometry(MultiPolygon,4326)",yes,空间几何数据
public,gis_watershed_partition_3,basin,character varying(50),yes,流域
public,gis_watershed_partition_3,name,character varying(50),yes,名称
public,gis_watershed_partition_3,area,double precision,yes,面积：平方米
public,gis_watershed_partition_4,id,integer,yes,主键ID
public,gis_watershed_partition_4,geom,"geometry(MultiPolygon,4326)",yes,空间几何数据
public,gis_watershed_partition_4,basin,character varying(50),yes,流域
public,gis_watershed_partition_4,last_name,character varying(50),yes,上一级流域名称
public,gis_watershed_partition_4,poly_area,double precision,yes,多边形面积
public,gis_watershed_partition_4,name,character varying(50),yes,名称
public,gis_watershed_partition_4,area,double precision,yes,面积：平方米
public,gis_watershed_partition_4,section_name,character varying(50),yes,对应断面名称
public,gis_watershed_partition_4,2021,character varying(50),no,
public,gis_watershed_partition_4,2025,character varying(50),no,
public,gis_watershed_partition_4,2035,character varying(50),no,
public,layer_boundary_enterprise,id,integer,yes,主键ID
public,layer_boundary_enterprise,name,character varying,yes,名称
public,layer_boundary_enterprise,code,character varying,yes,编码
public,layer_boundary_enterprise,geom,"geometry(MultiLineString,4326)",yes,空间几何数据
public,layer_boundary_park,id,integer,yes,主键ID
public,layer_boundary_park,geom,"geometry(MultiPolygon,4326)",yes,空间几何数据
public,layer_boundary_park,name,character varying(28),yes,名称
public,layer_boundary_park,code,character varying(50),yes,编码
public,layer_boundary_park,name_part,character varying(255),yes,分园名称
public,layer_boundary_park,region_name,character varying(100),yes,行政区名称
public,layer_boundary_park,park_level,integer,yes,园区级别：0-未知、1-国家级、2-省级、3-市级
public,layer_entity_process,id,bigint,yes,主键
public,layer_entity_process,process_type,character varying(100),yes,溯源查询类型：industrial-工业园区
public,layer_entity_process,layer_type,smallint,yes,溯源查询类型：0-查询图层、1-静态图层...
public,layer_entity_process,layer_name_en,character varying(100),yes,图层英文名称
public,layer_entity_process,layer_name_cn,character varying(150),yes,图层中文名称
public,layer_entity_process,geom_type,character varying(50),yes,图形类型：点、线、面
public,layer_entity_process,layer_level,smallint,yes,图层层级：查询过程的级别
public,layer_entity_process,query_expand_mark,smallint,yes,扩展查询标记：关联查询相关属性
public,layer_entity_process,remark,character varying(255),yes,备注
public,layer_entity_relation,id,bigint,yes,主键
public,layer_entity_relation,entity_code_1,character varying(100),yes,要素编码1
public,layer_entity_relation,layer_name_1,character varying(100),yes,图层名称1
public,layer_entity_relation,relation,character varying(50),yes,关系名称
public,layer_entity_relation,entity_code_2,character varying(100),yes,要素编码2
public,layer_entity_relation,layer_name_2,character varying(100),yes,图层名称2
public,layer_entity_relation,create_date,timestamp without time zone,yes,创建时间
public,layer_entity_relation,delete_mark,smallint,yes,删除标志：0-正常、1-删除
public,layer_industrial_ghysgw,id,integer,yes,主键ID
public,layer_industrial_ghysgw,geom,"geometry(MultiLineString,4326)",yes,空间几何数据
public,layer_industrial_ghysgw,name,character varying(10),yes,名称
public,layer_industrial_ghysgw,code,character varying(50),yes,编码
public,layer_industrial_lsf,id,integer,yes,主键ID
public,layer_industrial_lsf,geom,"geometry(Point,4326)",yes,空间几何数据
public,layer_industrial_lsf,name,character varying(10),yes,名称
public,layer_industrial_lsf,code,character varying(50),yes,编码
public,layer_industrial_xzysgw,id,integer,yes,主键ID
public,layer_industrial_xzysgw,geom,"geometry(MultiLineString,4326)",yes,空间几何数据
public,layer_industrial_xzysgw,name,character varying(10),yes,名称
public,layer_industrial_xzysgw,code,character varying(50),yes,编码
public,layer_industrial_yjf,id,integer,yes,主键ID
public,layer_industrial_yjf,geom,"geometry(Point,4326)",yes,空间几何数据
public,layer_industrial_yjf,name,character varying(10),yes,名称
public,layer_industrial_yjf,code,character varying(50),yes,编码
public,layer_industrial_yjsgc,id,integer,yes,主键ID
public,layer_industrial_yjsgc,geom,"geometry(Point,4326)",yes,空间几何数据
public,layer_industrial_yjsgc,x,double precision,yes,X坐标
public,layer_industrial_yjsgc,y,double precision,yes,Y坐标
public,layer_industrial_yjsgc,name,character varying(100),yes,名称
public,layer_industrial_yjsgc,code,character varying(50),yes,编码
public,layer_industrial_ysc,id,integer,yes,主键ID
public,layer_industrial_ysc,geom,"geometry(Point,4326)",yes,空间几何数据
public,layer_industrial_ysc,x,double precision,yes,X坐标
public,layer_industrial_ysc,y,double precision,yes,Y坐标
public,layer_industrial_ysc,name,character varying(10),yes,名称
public,layer_industrial_ysc,code,character varying(50),yes,编码
public,layer_outlet_sewage,id,integer,yes,主键ID
public,layer_outlet_sewage,x,double precision,yes,X坐标
public,layer_outlet_sewage,y,double precision,yes,Y坐标
public,layer_outlet_sewage,name,character varying,yes,名称
public,layer_outlet_sewage,code,character varying,yes,编码
public,layer_outlet_sewage,jcdbh,character varying,yes,监测点编号
public,layer_outlet_sewage,geom,"geometry(Point,4326)",yes,空间几何数据
public,layer_partition_2,id,integer,yes,主键ID
public,layer_partition_2,geom,"geometry(MultiPolygon,4326)",yes,空间几何数据
public,layer_partition_2,name,character varying(50),yes,分区名称
public,layer_partition_2,name_1,character varying(50),yes,一级分区名称
public,layer_partition_2,area,double precision,yes,面积
public,layer_partition_3,id,integer,yes,主键ID
public,layer_partition_3,geom,"geometry(MultiPolygon,4326)",yes,空间几何数据
public,layer_partition_3,name,character varying(50),yes,分区名称
public,layer_partition_3,name_2,character varying(50),yes,二级分区名称
public,layer_partition_3,name_1,character varying(50),yes,一级分区名称
public,layer_partition_3,area,double precision,yes,面积
public,layer_reservoir_provincial,id,integer,yes,主键ID
public,layer_reservoir_provincial,geom,"geometry(MultiPolygon,4326)",yes,空间几何数据
public,layer_reservoir_provincial,objectid,bigint,yes,对象唯一标识
public,layer_reservoir_provincial,cc,character varying(8),yes,行政区划编码
public,layer_reservoir_provincial,gb,character varying(16),yes,国标编码
public,layer_reservoir_provincial,bas,character varying(16),yes,流域编码
public,layer_reservoir_provincial,name,character varying(64),yes,名称
public,layer_reservoir_provincial,period,character varying(16),yes,时期/阶段
public,layer_reservoir_provincial,type,character varying(32),yes,类型
public,layer_reservoir_provincial,wq,character varying(8),yes,水质类别
public,layer_reservoir_provincial,aheight,double precision,yes,坝高
public,layer_reservoir_provincial,parea,double precision,yes,永久占地面积
public,layer_reservoir_provincial,ec,character varying(16),yes,生态分区编码
public,layer_reservoir_provincial,grade,character varying(8),yes,等级/级别
public,layer_reservoir_provincial,length,double precision,yes,长度
public,layer_reservoir_provincial,mheight,double precision,yes,最大坝高
public,layer_reservoir_provincial,sdtf,character varying(4),yes,水系特征码
public,layer_reservoir_provincial,shrc,character varying(64),yes,所属河湖编码
public,layer_reservoir_provincial,vol,double precision,yes,库容
public,layer_reservoir_provincial,featid,character varying(16),yes,要素唯一标识
public,layer_reservoir_provincial,elemstime,character varying(8),no,
public,layer_reservoir_provincial,elemetime,character varying(8),no,
public,layer_reservoir_provincial,ecrm,integer,no,
public,layer_reservoir_provincial,wrid,character varying(16),no,
public,layer_reservoir_provincial,wrgr,integer,no,
public,layer_reservoir_provincial,areacode,bigint,yes,行政区划代码
public,layer_reservoir_provincial,changetype,integer,yes,变更类型
public,layer_reservoir_provincial,changeatt,character varying(64),no,
public,layer_reservoir_provincial,shape_leng,double precision,yes,要素长度
public,layer_reservoir_provincial,shape_area,double precision,yes,要素面积
public,layer_reservoir_provincial_label,geom,"geometry(Point,4326)",yes,空间几何数据
public,layer_reservoir_provincial_label,cc,character varying(8),yes,行政区划编码
public,layer_reservoir_provincial_label,gb,character varying(16),yes,国标编码
public,layer_reservoir_provincial_label,bas,character varying(16),yes,流域编码
public,layer_reservoir_provincial_label,name,character varying(64),yes,名称
public,layer_reservoir_provincial_label,period,character varying(16),yes,时期/阶段
public,layer_reservoir_provincial_label,type,character varying(32),yes,类型
public,layer_reservoir_provincial_label,wq,character varying(8),yes,水质类别
public,layer_reservoir_provincial_label,aheight,double precision,yes,坝高
public,layer_reservoir_provincial_label,parea,double precision,yes,永久占地面积
public,layer_reservoir_provincial_label,ec,character varying(16),yes,生态分区编码
public,layer_reservoir_provincial_label,grade,character varying(8),yes,等级/级别
public,layer_reservoir_provincial_label,length,double precision,yes,长度
public,layer_reservoir_provincial_label,mheight,double precision,yes,最大坝高
public,layer_reservoir_provincial_label,sdtf,character varying(4),yes,水系特征码
public,layer_reservoir_provincial_label,shrc,character varying(64),yes,所属河湖编码
public,layer_reservoir_provincial_label,vol,double precision,yes,库容
public,layer_reservoir_provincial_label,featid,character varying(16),yes,要素唯一标识
public,layer_reservoir_provincial_label,elemstime,character varying(8),no,
public,layer_reservoir_provincial_label,elemetime,character varying(8),no,
public,layer_reservoir_provincial_label,ecrm,integer,no,
public,layer_reservoir_provincial_label,wrid,character varying(16),no,
public,layer_reservoir_provincial_label,wrgr,integer,no,
public,layer_reservoir_provincial_label,areacode,bigint,yes,行政区划代码
public,layer_reservoir_provincial_label,changetype,integer,yes,变更类型
public,layer_reservoir_provincial_label,changeatt,character varying(64),no,
public,layer_reservoir_provincial_label,id,integer,yes,主键ID
public,layer_reservoir_provincial_合并,geom,"geometry(MultiPolygon,4326)",yes,空间几何数据
public,layer_reservoir_provincial_合并,cc,character varying(8),yes,行政区划编码
public,layer_reservoir_provincial_合并,gb,character varying(16),yes,国标编码
public,layer_reservoir_provincial_合并,bas,character varying(16),yes,流域编码
public,layer_reservoir_provincial_合并,name,character varying(64),yes,名称
public,layer_reservoir_provincial_合并,period,character varying(16),yes,时期/阶段
public,layer_reservoir_provincial_合并,type,character varying(32),yes,类型
public,layer_reservoir_provincial_合并,wq,character varying(8),yes,水质类别
public,layer_reservoir_provincial_合并,aheight,double precision,yes,坝高
public,layer_reservoir_provincial_合并,parea,double precision,yes,永久占地面积
public,layer_reservoir_provincial_合并,ec,character varying(16),yes,生态分区编码
public,layer_reservoir_provincial_合并,grade,character varying(8),yes,等级/级别
public,layer_reservoir_provincial_合并,length,double precision,yes,长度
public,layer_reservoir_provincial_合并,mheight,double precision,yes,最大坝高
public,layer_reservoir_provincial_合并,sdtf,character varying(4),yes,水系特征码
public,layer_reservoir_provincial_合并,shrc,character varying(64),yes,所属河湖编码
public,layer_reservoir_provincial_合并,vol,double precision,yes,库容
public,layer_reservoir_provincial_合并,featid,character varying(16),yes,要素唯一标识
public,layer_reservoir_provincial_合并,elemstime,character varying(8),no,
public,layer_reservoir_provincial_合并,elemetime,character varying(8),no,
public,layer_reservoir_provincial_合并,ecrm,integer,no,
public,layer_reservoir_provincial_合并,wrid,character varying(16),no,
public,layer_reservoir_provincial_合并,wrgr,integer,no,
public,layer_reservoir_provincial_合并,areacode,bigint,yes,行政区划代码
public,layer_reservoir_provincial_合并,changetype,integer,yes,变更类型
public,layer_reservoir_provincial_合并,changeatt,character varying(64),no,
public,layer_reservoir_provincial_合并,id,integer,yes,主键ID
public,layer_river_provincial,geom,"geometry(MultiLineString,4326)",yes,空间几何数据
public,layer_river_provincial,cc,character varying(8),yes,行政区划编码
public,layer_river_provincial,gb,character varying(16),yes,国标编码
public,layer_river_provincial,bas,character varying(16),yes,流域编码
public,layer_river_provincial,type,character varying(32),yes,类型
public,layer_river_provincial,ec,character varying(16),yes,生态分区编码
public,layer_river_provincial,grade,character varying(8),yes,等级/级别
public,layer_river_provincial,length,double precision,yes,长度
public,layer_river_provincial,period,character varying(16),yes,时期/阶段
public,layer_river_provincial,shrc,character varying(64),yes,所属河湖编码
public,layer_river_provincial,sdtf,character varying(4),yes,水系特征码
public,layer_river_provincial,width,double precision,yes,宽度
public,layer_river_provincial,featid,character varying(16),yes,要素唯一标识
public,layer_river_provincial,elemstime,character varying(8),no,
public,layer_river_provincial,elemetime,character varying(8),no,
public,layer_river_provincial,ecrm,integer,no,
public,layer_river_provincial,wrid,character varying(16),no,
public,layer_river_provincial,wrgr,integer,no,
public,layer_river_provincial,areacode,bigint,yes,行政区划代码
public,layer_river_provincial,name,character varying(64),yes,名称
public,layer_river_provincial,changetype,integer,yes,变更类型
public,layer_river_provincial,changeatt,character varying(64),no,
public,layer_river_provincial,id,integer,yes,主键ID
public,layer_river_provincial_bak0617,id,integer,yes,主键ID
public,layer_river_provincial_bak0617,geom,"geometry(MultiLineString,4326)",yes,空间几何数据
public,layer_river_provincial_bak0617,cc,character varying(8),yes,行政区划编码
public,layer_river_provincial_bak0617,gb,character varying(16),yes,国标编码
public,layer_river_provincial_bak0617,bas,character varying(16),yes,流域编码
public,layer_river_provincial_bak0617,type,character varying(32),yes,类型
public,layer_river_provincial_bak0617,ec,character varying(16),yes,生态分区编码
public,layer_river_provincial_bak0617,grade,character varying(8),yes,等级/级别
public,layer_river_provincial_bak0617,length,double precision,yes,长度
public,layer_river_provincial_bak0617,period,character varying(16),yes,时期/阶段
public,layer_river_provincial_bak0617,shrc,character varying(64),yes,所属河湖编码
public,layer_river_provincial_bak0617,sdtf,character varying(4),yes,水系特征码
public,layer_river_provincial_bak0617,width,double precision,yes,宽度
public,layer_river_provincial_bak0617,featid,character varying(16),yes,要素唯一标识
public,layer_river_provincial_bak0617,elemstime,character varying(8),no,
public,layer_river_provincial_bak0617,elemetime,character varying(8),no,
public,layer_river_provincial_bak0617,ecrm,integer,no,
public,layer_river_provincial_bak0617,wrid,character varying(16),no,
public,layer_river_provincial_bak0617,wrgr,integer,no,
public,layer_river_provincial_bak0617,areacode,bigint,yes,行政区划代码
public,layer_river_provincial_bak0617,name,character varying(64),yes,名称
public,layer_river_provincial_bak0617,changetype,integer,yes,变更类型
public,layer_river_provincial_bak0617,changeatt,character varying(64),no,
public,layer_section,id,integer,yes,主键ID
public,layer_section,x,double precision,yes,X坐标
public,layer_section,y,double precision,yes,Y坐标
public,layer_section,name,character varying,yes,名称
public,layer_section,code,character varying,yes,编码
public,layer_section,geom,"geometry(Point,4326)",yes,空间几何数据
public,layer_watershed,id,integer,yes,主键ID
public,layer_watershed,name,character varying,yes,名称
public,layer_watershed,code,character varying,yes,编码
public,layer_watershed,geom,"geometry(MultiLineString,4326)",yes,空间几何数据
public,metadata_view,code,character varying(255),yes,编码
public,metadata_view,parent_id,character varying(255),yes,父级ID
public,metadata_view,name,character varying(255),yes,关键字或文件名(不含后缀)
public,metadata_view,aliasname,character varying(255),yes,别名
public,metadata_view,type,character varying(255),yes,类型
public,metadata_view,LayerName,character varying(255),yes,图层名称
public,metadata_view,LayerType,character varying(255),yes,图层类型
public,metadata_view,create_date,timestamp without time zone,yes,创建时间
public,metadata_view,table_name,character varying(21),yes,表名
public,min_value_setting,id,bigint,yes,主键id
public,min_value_setting,indicator_code,character varying(100),yes,监测指标编号
public,min_value_setting,value,double precision,yes,最低检出限（mg/L）
public,min_value_setting,create_by,bigint,yes,创建人
public,min_value_setting,create_time,timestamp without time zone,yes,创建时间
public,min_value_setting,update_by,bigint,yes,更新人
public,min_value_setting,update_time,timestamp without time zone,yes,更新时间
public,min_value_setting,del_flag,character(1),yes,删除标记：0 未删除、1 已删除
public,rs_enterprise_info_lsg,id,bigint,yes,主键id
public,rs_enterprise_info_lsg,name,character varying(100),yes,磷石膏库名称
public,rs_enterprise_info_lsg,mine_name,character varying(100),yes,矿山名称
public,rs_enterprise_info_lsg,enterprise,character varying(100),yes,所属企业
public,rs_enterprise_info_lsg,city,character varying(32),yes,市
public,rs_enterprise_info_lsg,county,character varying(32),yes,县
public,rs_enterprise_info_lsg,address,character varying(255),yes,污染源地址
public,rs_enterprise_info_lsg,region_code,character varying(32),yes,行政区编码
public,rs_enterprise_info_lsg,region_name,character varying(32),yes,行政区名称
public,rs_enterprise_info_lsg,out_type,character varying(32),yes,排渣方式
public,rs_enterprise_info_lsg,design_storage,double precision,yes,设计库容（单位：万立方米）
public,rs_enterprise_info_lsg,existed_storage,double precision,yes,现有堆量（单位：万立方米）
public,rs_enterprise_info_lsg,floor_area,double precision,yes,占地面积（单位平方公里）
public,rs_enterprise_info_lsg,product_status,character varying(32),yes,目前生产情况
public,rs_enterprise_info_lsg,lon,double precision,yes,经度
public,rs_enterprise_info_lsg,lat,double precision,yes,纬度
public,rs_enterprise_info_lsg,create_by,bigint,yes,创建人
public,rs_enterprise_info_lsg,create_time,timestamp without time zone,yes,创建时间
public,rs_enterprise_info_lsg,update_by,bigint,yes,更新人
public,rs_enterprise_info_lsg,update_time,timestamp without time zone,yes,更新时间
public,rs_enterprise_info_lsg,del_flag,character(1),yes,删除标记
public,rs_enterprise_info_lsg,product_capacity,double precision,yes,磷酸产能（万吨/年）
public,rs_enterprise_info_wade,id,bigint,yes,主键id
public,rs_enterprise_info_wade,name,character varying(100),yes,污染源名称
public,rs_enterprise_info_wade,address,character varying(255),yes,污染源地址
public,rs_enterprise_info_wade,region_code,character varying(32),yes,行政区编码
public,rs_enterprise_info_wade,region_name,character varying(32),yes,行政区名称
public,rs_enterprise_info_wade,liaison,character varying(32),yes,环保联系人
public,rs_enterprise_info_wade,liaison_tel,character varying(100),yes,环保联系人电话
public,rs_enterprise_info_wade,supervision_level,smallint,yes,监管级别：0-一般、1-重点
public,rs_enterprise_info_wade,industry_type,character varying(32),yes,行业类型
public,rs_enterprise_info_wade,lon,double precision,yes,经度
public,rs_enterprise_info_wade,lat,double precision,yes,纬度
public,rs_enterprise_info_wade,create_by,bigint,yes,创建人
public,rs_enterprise_info_wade,create_time,timestamp without time zone,yes,创建时间
public,rs_enterprise_info_wade,update_by,bigint,yes,更新人
public,rs_enterprise_info_wade,update_time,timestamp without time zone,yes,更新时间
public,rs_enterprise_info_wade,del_flag,character(1),yes,删除标记
public,rs_industrial_info_yc,id,bigint,yes,主键
public,rs_industrial_info_yc,name,character varying(255),yes,名称
public,rs_industrial_info_yc,name_part,character varying(255),yes,分园名称
public,rs_industrial_info_yc,region_code,character varying(20),yes,行政区划编码
public,rs_industrial_info_yc,region_name,character varying(100),yes,行政区名称
public,rs_industrial_info_yc,park_level,integer,yes,园区级别：0-未知、1-国家级、2-省级、3-市级
public,rs_industrial_info_yc,lon,double precision,yes,经度
public,rs_industrial_info_yc,lat,double precision,yes,纬度
public,rs_industrial_info_yc,belong_watershed,character varying(255),yes,所属流域
public,rs_industrial_info_yc,is_within_1km_yangtze_mainstream,character varying(255),yes,是否在长江干流岸线一公里范围内
public,rs_industrial_info_yc,is_within_1km_yangtze_tributary,character varying(255),yes,是否在长江重要支流岸线一公里范围内
public,rs_industrial_info_yc,important_tributary,character varying(255),yes,所属重要支流
public,rs_industrial_info_yc,is_chemical_park,character varying(255),yes,是否为化工园区
public,rs_industrial_info_yc,park_development_status,character varying(255),yes,园区发展现状
public,rs_industrial_info_yc,leading_industry,text,yes,主导产业
public,rs_industrial_info_yc,total_industrial_output_value_10k_yuan,character varying(255),yes,调度期内工业总产值（万元）
public,rs_industrial_info_yc,industrial_value_added_10k_yuan,character varying(255),yes,调度期内工业增加值（万元）
public,rs_industrial_info_yc,industrial_land_area_sqkm,character varying(255),yes,工业用地面积（平方千米）
public,rs_industrial_info_yc,enterprises_above_designated_count,character varying(255),yes,规上企业数量（个）
public,rs_industrial_info_yc,cumulative_investment_wastewater_treatment_10k_yuan,character varying(255),yes,工业园区对污水集中处理设施累计投资（万元）
public,rs_industrial_info_yc,cumulative_investment_sewer_network_10k_yuan,character varying(255),yes,工业园区对污水管网累计投资（万元）
public,rs_industrial_info_yc,sewer_network_length_km,character varying(255),yes,污水管网长度（千米）
public,rs_industrial_info_yc,new_sewer_network_length_km,character varying(255),yes,新增管网长度（千米）
public,rs_industrial_info_yc,park_drainage_status,character varying(255),yes,工业园区排水现状
public,rs_industrial_info_yc,sewer_inspection_rectification_since_2020,text,yes,2020年以来污水管网排查整治情况管网排查情况
public,rs_industrial_info_yc,sewer_inspection_length_km,character varying(255),yes,管网排查长度（千米）
public,rs_industrial_info_yc,treatment_facility_name,character varying(255),yes,污水处理设施名称
public,rs_industrial_info_yc,pollution_discharge_permit_code,character varying(255),yes,排污许可证编码
public,rs_industrial_info_yc,treatment_facility_type,character varying(255),yes,污水处理设施类型
public,rs_industrial_info_yc,treatment_cost_yuan_per_ton,character varying(255),yes,吨水处理费用（元/吨）
public,rs_industrial_info_yc,is_industrial_wastewater_pipe_access_assessment,character varying(255),yes,（排入城镇污水集中处理设施）是否开展园区工业废水纳管评估
public,rs_industrial_info_yc,designed_treatment_capacity_10k_tons_per_day,character varying(255),yes,设计处理能力（万吨/日）
public,rs_industrial_info_yc,actual_treatment_volume_10k_tons,character varying(255),yes,实际处理水量（万吨）
public,rs_industrial_info_yc,treatment_process_name,character varying(255),yes,污水处理工艺名称
public,rs_industrial_info_yc,emission_standard,character varying(255),yes,执行排放标准
public,rs_industrial_info_yc,designed_influent_cod_mg_l,character varying(255),yes,设计进水浓度（COD）
public,rs_industrial_info_yc,designed_influent_ammonia_nitrogen_mg_l,character varying(255),yes,设计进水浓度（氨氮）
public,rs_industrial_info_yc,influent_cod_daily_avg_mg_l,character varying(255),yes,进水COD日均值（mg/L）
public,rs_industrial_info_yc,influent_ammonia_nitrogen_daily_avg_mg_l,character varying(255),yes,进水氨氮日均值（mg/L）
public,rs_industrial_info_yc,influent_total_nitrogen_daily_avg_mg_l,character varying(255),yes,进水总氮日均值（mg/L）
public,rs_industrial_info_yc,influent_total_phosphorus_daily_avg_mg_l,character varying(255),yes,进水总磷日均值（mg/L）
public,rs_industrial_info_yc,effluent_cod_daily_avg_mg_l,character varying(255),yes,出水COD日均值（mg/L）
public,rs_industrial_info_yc,effluent_ammonia_nitrogen_daily_avg_mg_l,character varying(255),yes,出水氨氮日均值（mg/L）
public,rs_industrial_info_yc,effluent_total_nitrogen_daily_avg_mg_l,character varying(255),yes,出水总氮日均值（mg/L）
public,rs_industrial_info_yc,effluent_total_phosphorus_daily_avg_mg_l,character varying(255),yes,出水总磷日均值（mg/L）
public,rs_industrial_info_yc,is_key_pollution_source,character varying(255),yes,是否重点排污单位
public,rs_industrial_info_yc,ecology_dept_networking_influent_effluent,character varying(255),yes,与生态环境部门联网情况（进出水）
public,rs_industrial_info_yc,auto_monitoring_system_level,character varying(255),yes,重点污染源自动监控系统（部、省、市、县）
public,rs_industrial_info_yc,auto_monitoring_compliance_rate_pct,character varying(255),yes,自动在线监控达标率（%）
public,rs_industrial_info_yc,manual_monitoring_compliance_rate_pct,character varying(255),yes,手工监测达标率（%）
public,rs_industrial_info_yc,exceedance_factor_and_multiplier,character varying(255),yes,超标因子及超标倍数
public,rs_industrial_info_yc,exceedance_days,character varying(255),yes,超标天数
public,rs_industrial_info_yc,exceedance_reason,text,yes,超标原因
public,rs_industrial_info_yc,treatment_plant_power_consumption_kwh,character varying(255),yes,污水厂耗电量
public,rs_industrial_info_yc,is_photovoltaic_station_built,character varying(255),yes,是否建设光伏电站
public,rs_industrial_info_yc,chemical_addition_type,character varying(255),yes,药剂添加类型
public,rs_industrial_info_yc,chemical_addition_quantity_tons,character varying(255),yes,药剂添加数量（吨）
public,rs_industrial_info_yc,is_precision_aeration,character varying(255),yes,是否精准曝气
public,rs_industrial_info_yc,is_negotiated_pipe_access_standard,character varying(255),yes,园区企业与污水处理厂是否协商制定纳管标准
public,rs_industrial_info_yc,system_issues,text,yes,系统上存在的问题
public,rs_industrial_info_yc,rectification_status,text,yes,整改情况
public,rs_industrial_info_yc,create_by,bigint,yes,创建人
public,rs_industrial_info_yc,create_time,timestamp without time zone,yes,创建时间
public,rs_industrial_info_yc,update_by,bigint,yes,修改人
public,rs_industrial_info_yc,update_time,timestamp without time zone,yes,修改时间
public,rs_industrial_info_yc,del_flag,character(1),yes,删除标志：0-正常，1-已删除
public,rs_industrial_info_yc_bak0305,id,bigint,yes,主键ID
public,rs_industrial_info_yc_bak0305,name,character varying(255),yes,名称
public,rs_industrial_info_yc_bak0305,name_part,character varying(255),yes,分园名称
public,rs_industrial_info_yc_bak0305,region_code,character varying(32),yes,行政区划编码
public,rs_industrial_info_yc_bak0305,region_name,character varying(50),yes,行政区名称
public,rs_industrial_info_yc_bak0305,park_level,character(1),yes,园区级别：0-未知、1-国家级、2-省级、3-市级
public,rs_industrial_info_yc_bak0305,lon,double precision,yes,经度
public,rs_industrial_info_yc_bak0305,lat,double precision,yes,纬度
public,rs_industrial_info_yc_bak0305,create_by,bigint,yes,创建人
public,rs_industrial_info_yc_bak0305,create_time,timestamp without time zone,yes,创建时间
public,rs_industrial_info_yc_bak0305,update_by,bigint,yes,修改人
public,rs_industrial_info_yc_bak0305,update_time,timestamp without time zone,yes,修改时间
public,rs_industrial_info_yc_bak0305,del_flag,character(1),yes,删除标志：0-正常，1-已删除
public,rs_livestock_info_yc,id,bigint,yes,主键id
public,rs_livestock_info_yc,name,character varying(100),yes,养殖场名称
public,rs_livestock_info_yc,name_old,character varying(100),yes,曾用名
public,rs_livestock_info_yc,representative,character varying(100),yes,法定代表人
public,rs_livestock_info_yc,community_code,character varying(100),yes,普查小区代码
public,rs_livestock_info_yc,year,character varying(10),yes,年份
public,rs_livestock_info_yc,credit_code,character varying(100),yes,统一社会信用代码
public,rs_livestock_info_yc,organize_code,character varying(100),yes,组织机构代码
public,rs_livestock_info_yc,city,character varying(32),yes,市
public,rs_livestock_info_yc,county,character varying(32),yes,县
public,rs_livestock_info_yc,town,character varying(32),yes,乡镇
public,rs_livestock_info_yc,village,character varying(255),yes,村、街、门牌号
public,rs_livestock_info_yc,region_code,character varying(32),yes,行政区编码
public,rs_livestock_info_yc,region_name,character varying(32),yes,行政区名称
public,rs_livestock_info_yc,liaison,character varying(32),yes,联系人
public,rs_livestock_info_yc,liaison_tel,character varying(32),yes,联系人电话
public,rs_livestock_info_yc,livestock_type,character varying(20),yes,养殖类型
public,rs_livestock_info_yc,clean_type,character varying(20),yes,圈舍清理方式
public,rs_livestock_info_yc,intake_type,character varying(20),yes,圈舍通风方式
public,rs_livestock_info_yc,water_store_type,character varying(20),yes,原水存储设施类型
public,rs_livestock_info_yc,water_store_outlet,character varying(20),yes,原水存储设施池口方式
public,rs_livestock_info_yc,water_store_area,double precision,yes,原水存储设施池口面积（平方米）
public,rs_livestock_info_yc,water_store_volume,double precision,yes,原水存储设施池口体积（立方米）
public,rs_livestock_info_yc,n_technique_1,character varying(50),yes,尿液废水处理工艺
public,rs_livestock_info_yc,n_technique_2,character varying(50),yes,尿液废水处理工艺其他
public,rs_livestock_info_yc,n_facility_1,character varying(50),yes,尿液废水处理设施
public,rs_livestock_info_yc,n_facility_2,character varying(50),yes,尿液废水处理设施其他
public,rs_livestock_info_yc,n_deal_use_scale,character varying(50),yes,尿液废水处理利用方式及比例
public,rs_livestock_info_yc,n_scale_1,double precision,yes,尿液废水处理_肥水利用比例
public,rs_livestock_info_yc,n_scale_2,double precision,yes,尿液废水处理_沼液还田比例
public,rs_livestock_info_yc,n_scale_3,double precision,yes,尿液废水处理_场内生产液体有机肥比例
public,rs_livestock_info_yc,n_scale_4,double precision,yes,尿液废水处理_异位发酵床比例
public,rs_livestock_info_yc,n_scale_5,double precision,yes,尿液废水处理_鱼塘养殖比例
public,rs_livestock_info_yc,n_scale_6,double precision,yes,尿液废水处理_场区循环利用比例
public,rs_livestock_info_yc,n_scale_7,double precision,yes,尿液废水处理_委托处理比例
public,rs_livestock_info_yc,n_scale_8,double precision,yes,尿液废水处理_达标排放比例
public,rs_livestock_info_yc,n_scale_9,double precision,yes,尿液废水处理_直接排放比例
public,rs_livestock_info_yc,n_scale_10,double precision,yes,尿液废水处理_其他
public,rs_livestock_info_yc,f_store_flag1,smallint,yes,粪便存储设施是否防水
public,rs_livestock_info_yc,f_store_flag2,smallint,yes,粪便存储设施是否防渗
public,rs_livestock_info_yc,f_store_volume,double precision,yes,粪便存储设施容积_立方米
public,rs_livestock_info_yc,f_technique_1,character varying(50),yes,粪便处理工艺
public,rs_livestock_info_yc,f_technique_2,character varying(50),yes,粪便处理工艺其他
public,rs_livestock_info_yc,f_deal_use_scale,character varying(50),yes,粪便处理利用方式及比例
public,rs_livestock_info_yc,f_scale_1,double precision,yes,粪便处理利用_农家肥比例
public,rs_livestock_info_yc,f_scale_2,double precision,yes,粪便处理利用_场内生产有机肥比例
public,rs_livestock_info_yc,f_scale_3,double precision,yes,粪便处理利用_沼泽还田比例
public,rs_livestock_info_yc,f_scale_4,double precision,yes,粪便处理利用_生产牛床垫料比例
public,rs_livestock_info_yc,f_scale_5,double precision,yes,粪便处理利用_作为栽培基质比例
public,rs_livestock_info_yc,f_scale_6,double precision,yes,粪便处理利用_作为燃料比例
public,rs_livestock_info_yc,f_scale_7,double precision,yes,粪便处理利用_鱼塘养殖比例
public,rs_livestock_info_yc,f_scale_8,double precision,yes,粪便处理利用_委托处理比例
public,rs_livestock_info_yc,f_scale_9,double precision,yes,粪便处理利用_场外丢弃比例
public,rs_livestock_info_yc,f_scale_10,double precision,yes,粪便处理利用_其他方式
public,rs_livestock_info_yc,water_name,character varying(32),yes,受纳水体名称
public,rs_livestock_info_yc,water_code,character varying(32),yes,受纳水体代码
public,rs_livestock_info_yc,glbh_flag,smallint,yes,养殖场是否有锅炉
public,rs_livestock_info_yc,fzr,character varying(32),yes,单位负责人
public,rs_livestock_info_yc,tjr,character varying(32),yes,统计负责人
public,rs_livestock_info_yc,shr,character varying(32),yes,审核人
public,rs_livestock_info_yc,bcrq,timestamp without time zone,yes,报出日期
public,rs_livestock_info_yc,lon,double precision,yes,经度
public,rs_livestock_info_yc,lat,double precision,yes,纬度
public,rs_livestock_info_yc,create_by,bigint,yes,创建人
public,rs_livestock_info_yc,create_time,timestamp without time zone,yes,创建时间
public,rs_livestock_info_yc,update_by,bigint,yes,更新人
public,rs_livestock_info_yc,update_time,timestamp without time zone,yes,更新时间
public,rs_livestock_info_yc,del_flag,character(1),yes,删除标记
public,rs_outlet,id,bigint,yes,主键id
public,rs_outlet,area_code,character varying(19),yes,行政区代码
public,rs_outlet,area_name,character varying(100),yes,行政区名称：乡镇（街道）
public,rs_outlet,county_name,character varying(100),yes,县(区)名称
public,rs_outlet,outlet_code,character varying(100),yes,排污口编码：国家级
public,rs_outlet,outlet_name,character varying(200),yes,排污口名称
public,rs_outlet,river_basin,character varying(60),yes,流域名称
public,rs_outlet,outlet_address,character varying(150),yes,排污口地址
public,rs_outlet,outlet_lon,double precision,yes,排污口经度
public,rs_outlet,outlet_lat,double precision,yes,排污口纬度
public,rs_outlet,catalog_level_1,character varying(30),yes,排污口分类-一级分类
public,rs_outlet,catalog_level_2,character varying(50),yes,排污口分类-二级分类
public,rs_outlet,catalog_level_3,character varying(60),yes,排污口分类-三级分类
public,rs_outlet,river_system,character varying(150),yes,所属水系
public,rs_outlet,outlet_owner_river,character varying(100),yes,排出口归属水系
public,rs_outlet,is_flow_lake,character(2),yes,是否入湖河流
public,rs_outlet,lake_name,character varying(100),yes,湖泊名称
public,rs_outlet,is_key_river,character(1),yes,是否为重点河湖
public,rs_outlet,key_river_name,character varying(100),yes,重点河名称
public,rs_outlet,is_water_function,character(10),yes,是否位于水功能区
public,rs_outlet,water_function_level1,character varying(100),yes,一级水功能区名称
public,rs_outlet,water_quality_target1,character varying(20),yes,水功能区水质目标
public,rs_outlet,water_function_level2,character varying(100),yes,二级水功能区名称
public,rs_outlet,water_quality_target2,character varying(20),yes,二级水功能区水质目标
public,rs_outlet,is_water_environment,character(1),yes,是否位于水环境功能区
public,rs_outlet,water_enviroment_function,character varying(100),yes,水环境功能区名称
public,rs_outlet,water_enviroment_target,character varying(10),yes,水环境功能区目标
public,rs_outlet,country_section_name,character varying(100),yes,国控断面名称
public,rs_outlet,province_section_name,character varying(100),yes,省控断面名称
public,rs_outlet,city_section_name,character varying(100),yes,市控断面名称
public,rs_outlet,river_info,character varying(100),yes,河长信息
public,rs_outlet,outlet_shape,character varying(20),yes,口门形态（明渠、管道、泵站、涵闸、闸泵联用、箱涵、潜没、其他，单选）
public,rs_outlet,drain_feature,character varying(16),yes,排水特征（排水、无水、有死水、闸断、不确定，单选）
public,rs_outlet,is_drain_abnormal,character(2),yes,有无异常状况（有、无）
public,rs_outlet,drain_abnormal_desc,character varying(100),yes,异常状况说明
public,rs_outlet,is_monitor_sample,character(1),yes,是否监测采样
public,rs_outlet,primary_obligor,character varying(100),yes,主要责任主体名称
public,rs_outlet,primary_obligor_address,character varying(200),yes,主要责任体详细地址
public,rs_outlet,other_obligor,character varying(300),yes,其他责任主体名称（多个用英文逗号拼接）
public,rs_outlet,primary_obligor_lon,double precision,yes,主要责任体经度
public,rs_outlet,primary_obligor_lat,double precision,yes,主要责任体纬度
public,rs_outlet,primary_obligor_contact,character varying(100),yes,主要责任主体联系人
public,rs_outlet,primary_obligor_phone,character varying(100),yes,主要责任主体联系方式
public,rs_outlet,is_drain_toxic,character(1),yes,是否排放有毒有害污染物
public,rs_outlet,sewage_type,character varying(100),yes,污水类型
public,rs_outlet,is_large,character varying(10),yes,是否为规模以上排口
public,rs_outlet,handle_type,character varying(100),yes,整治类型（依法取缔、清理合并、规范整治、无需整治，单选）
public,rs_outlet,is_finish_standard,character(1),yes,是否完成规范化建设：是、否
public,rs_outlet,standard_content,character varying(300),yes,规范化建设内容
public,rs_outlet,repair_judge_criteria,character varying(500),yes,完成整治判定条件
public,rs_outlet,exist_problem,character varying(300),yes,排污口存在的问题
public,rs_outlet,other_problem,character varying(300),yes,其他问题描述
public,rs_outlet,specific_requirement,character varying(500),yes,具体情形和技术要求
public,rs_outlet,handle_method,character varying(255),yes,整治措施（多选用英文逗号分隔）
public,rs_outlet,finish_date,timestamp without time zone,yes,完成时限
public,rs_outlet,handle_stage,character varying(100),yes,整治阶段（选项为：未整治、整治中、完成整治）
public,rs_outlet,handle_result,character varying(300),yes,整治成效
public,rs_outlet,approve_advice,character varying(100),yes,审批意见
public,rs_outlet,approve_node,character varying(100),yes,审批标记
public,rs_outlet,create_by,character varying(18),yes,创建人
public,rs_outlet,create_time,timestamp without time zone,yes,创建时间
public,rs_outlet,update_by,character varying(18),yes,更新人
public,rs_outlet,update_time,timestamp without time zone,yes,更新时间
public,rs_outlet,del_flag,character(1),yes,删除标记（0-正常，1-删除）
public,rs_outlet,is_quick_detect,character varying(10),yes,水质快速检测-是否具备采样条件
public,rs_outlet,other_sewage_type,character varying(255),yes,其他污水类型
public,rs_outlet,drain_standard,character varying(300),yes,排放标准（国家或地方发布的行业标准）
public,rs_outlet,approve_status,character varying(100),yes,审批登记情况（已审批、已登记、未审批、未登记）
public,rs_outlet,quick_detect_ph,character varying(60),yes,水质快速检测-pH值
public,rs_outlet,quick_detect_cod,character varying(50),yes,水质快速检测-COD（mg/L）
public,rs_outlet,quick_detect_ad,character varying(50),yes,水质快速检测-氨氮（mg/L）
public,rs_outlet,quick_detect_zl,character varying(50),yes,水质快速检测-总磷（mg/L）
public,rs_outlet,quick_detect_sl,character varying(50),yes,水质快速检测-流量(m^3/D)
public,rs_outlet,quick_detect_desc,character varying(255),no,
public,rs_outlet,monitor_sample_date,character varying(100),yes,采样时间（yyyy-MM-dd）
public,rs_outlet,monitor_sample_sl,character varying(100),yes,实验室监测-流量(m^3/D)
public,rs_outlet,monitor_sample_sw,character varying(50),yes,实验室监测-水温（℃）
public,rs_outlet,monitor_sample_bod,character varying(50),yes,实验室监测-BOD
public,rs_outlet,monitor_sample_hff,character varying(50),yes,实验室监测-挥发酚
public,rs_outlet,monitor_sample_ph,character varying(50),yes,实验室监测-pH值
public,rs_outlet,monitor_sample_cod,character varying(100),yes,实验室监测-COD值
public,rs_outlet,monitor_sample_ad,character varying(50),yes,实验室监测-氨氮（mg/L）
public,rs_outlet,monitor_sample_zl,character varying(50),yes,实验室监测-总磷（mg/L）
public,rs_outlet,monitor_sample_zd,character varying(50),yes,实验室监测-总氮(mg/L)
public,rs_outlet,photo_close_path,character varying(1024),yes,排污口近景照片
public,rs_outlet,photo_distant_path,character varying(1024),yes,排污口远景照片
public,rs_outlet,photo_main_path,character varying(1024),yes,责任主体照片
public,rs_outlet,photo_handle_finish_path,character varying(1024),yes,整治完成后的照片
public,rs_outlet,outlet_code_province,character varying(32),yes,排污口编码：省级
public,rs_outlet,waterbody_manager_level,character varying(10),yes,水体管理级别
public,rs_outlet,waterbody_name_in,character varying(32),yes,受纳水体名称
public,rs_outlet,key_river_name_province,character varying(50),yes,省级重点河湖名称
public,rs_outlet,drain_abnormal_other,character varying(100),yes,其他状况
public,rs_outlet,primary_obligor_code,character varying(50),yes,主要责任主体排污许可证号或排污登记号
public,rs_outlet,unified_credit_code,character varying(50),yes,统一信用代码
public,rs_outlet,pollutant_name,character varying(200),yes,污染物（多个用英文逗号拼接）
public,rs_outlet,pollutant_density,character varying(100),yes,污染物浓度（污染物对应浓度，多个用英文逗号拼接）
public,rs_outlet,sewage_emission,character varying(100),yes,年污水排放量(t)（污染物对应排放量，多个用英文逗号拼接）
public,rs_outlet,pollutant_emission,character varying(100),yes,年污染物排放总量(t)（污染物对应排放量，多个用英文逗号拼接）
public,rs_outlet,handle_result_condition,character(1),yes,是否已满足整治总则中完成整治的判定条件
public,rs_outlet,monitor_sample_type,character varying(100),yes,采样类型
public,rs_outlet,monitor_sample_mark,character varying(255),yes,采样备注
public,rs_outlet,has_sample_condition,character(1),yes,是否具备采样条件（默认无）
public,rs_outlet,primary_table_id,character varying(100),yes,主表ID
public,rs_outlet,sfzdjg,character varying(50),yes,是否重点监管排污口
public,rs_outlet,geom,"geometry(Point,4326)",yes,几何信息
public,rs_outlet_info_v2,id,bigint,yes,主键ID
public,rs_outlet_info_v2,outlet_code_national,character varying(100),yes,排污口编码(国家统一赋码)
public,rs_outlet_info_v2,outlet_code_local,character varying(100),yes,排污口编码(省市系统自有编码)
public,rs_outlet_info_v2,is_key_river_outlet,character varying(10),yes,是否为重点河湖排污口
public,rs_outlet_info_v2,key_river_name,character varying(200),yes,重点河湖名称
public,rs_outlet_info_v2,river_system,character varying(200),yes,所属水系
public,rs_outlet_info_v2,province_city_district,character varying(200),yes,省市区县
public,rs_outlet_info_v2,township,character varying(200),yes,乡镇(街道)
public,rs_outlet_info_v2,outlet_name,character varying(200),yes,排污口名称
public,rs_outlet_info_v2,watershed_name,character varying(200),yes,流域名称
public,rs_outlet_info_v2,outlet_category,character varying(100),yes,排污口分类
public,rs_outlet_info_v2,is_lake_inflow,character varying(10),yes,是否为入湖河流
public,rs_outlet_info_v2,is_water_func_zone,character varying(10),yes,是否位于水功能区
public,rs_outlet_info_v2,level1_water_func_zone,character varying(200),yes,一级水功能区名称
public,rs_outlet_info_v2,level1_water_quality_target,character varying(50),yes,一级水功能区水质目标
public,rs_outlet_info_v2,level2_water_func_zone,character varying(200),yes,二级水功能区名称
public,rs_outlet_info_v2,level2_water_quality_target,character varying(50),yes,二级水功能区水质目标
public,rs_outlet_info_v2,is_water_env_func_zone,character varying(10),yes,是否位于水环境功能区
public,rs_outlet_info_v2,water_env_func_zone_name,character varying(200),yes,水环境功能区名称
public,rs_outlet_info_v2,water_env_func_zone_target,character varying(50),yes,水环境功能区目标
public,rs_outlet_info_v2,national_section_name,character varying(200),yes,国控断面名称
public,rs_outlet_info_v2,provincial_section_name,character varying(200),yes,省控断面名称
public,rs_outlet_info_v2,municipal_section_name,character varying(200),yes,市控断面名称
public,rs_outlet_info_v2,river_chief_info,character varying(500),yes,河长信息
public,rs_outlet_info_v2,create_by,bigint,yes,创建人
public,rs_outlet_info_v2,create_time,timestamp without time zone,yes,创建时间
public,rs_outlet_info_v2,update_by,bigint,yes,修改人
public,rs_outlet_info_v2,update_time,timestamp without time zone,yes,修改时间
public,rs_outlet_info_v2,del_flag,character varying(1),yes,删除标志：0-正常，1-已删除
public,rs_outlet_info_v2,geom,"geometry(Point,4326)",yes,图形信息
public,rs_outlet_live_v2,id,bigint,yes,主键ID
public,rs_outlet_live_v2,outlet_id,bigint,yes,关联排污口ID
public,rs_outlet_live_v2,geom,"geometry(Point,4326)",yes,排污口所在位置
public,rs_outlet_live_v2,gate_morphology,character varying(100),yes,口门形态
public,rs_outlet_live_v2,drainage_feature,character varying(100),yes,排水特征
public,rs_outlet_live_v2,has_abnormal,character varying(10),yes,有无异常状况
public,rs_outlet_live_v2,has_online_monitor,character varying(10),yes,是否实现在线监测
public,rs_outlet_live_v2,has_sampling_condition,character varying(10),yes,是否具备采样条件
public,rs_outlet_live_v2,create_by,bigint,yes,创建人
public,rs_outlet_live_v2,create_time,timestamp without time zone,yes,创建时间
public,rs_outlet_live_v2,update_by,bigint,yes,修改人
public,rs_outlet_live_v2,update_time,timestamp without time zone,yes,修改时间
public,rs_outlet_live_v2,del_flag,character varying(1),yes,删除标志：0-正常，1-已删除
public,rs_outlet_live_v2,outlet_name,character varying(200),yes,排污口名称
public,rs_outlet_monitor_v2,id,bigint,yes,主键ID
public,rs_outlet_monitor_v2,outlet_id,bigint,yes,关联排污口ID
public,rs_outlet_monitor_v2,sampling_time,timestamp without time zone,yes,采样时间
public,rs_outlet_monitor_v2,monitor_type,character varying(100),yes,监测类型
public,rs_outlet_monitor_v2,flow,"numeric(12,2)",yes,流量(立方米/天)
public,rs_outlet_monitor_v2,water_temp,"numeric(6,2)",yes,水温(℃)
public,rs_outlet_monitor_v2,bod,"numeric(12,4)",yes,BOD(mg/L)
public,rs_outlet_monitor_v2,cod,"numeric(12,4)",yes,COD(mg/L)
public,rs_outlet_monitor_v2,ph,"numeric(6,2)",yes,pH
public,rs_outlet_monitor_v2,ammonia_nitrogen,"numeric(12,4)",yes,氨氮(mg/L)
public,rs_outlet_monitor_v2,total_phosphorus,"numeric(12,4)",yes,总磷(mg/L)
public,rs_outlet_monitor_v2,total_nitrogen,"numeric(12,4)",yes,总氮(mg/L)
public,rs_outlet_monitor_v2,remark,character varying(500),yes,备注
public,rs_outlet_monitor_v2,create_by,bigint,yes,创建人
public,rs_outlet_monitor_v2,create_time,timestamp without time zone,yes,创建时间
public,rs_outlet_monitor_v2,update_by,bigint,yes,修改人
public,rs_outlet_monitor_v2,update_time,timestamp without time zone,yes,修改时间
public,rs_outlet_monitor_v2,del_flag,character varying(1),yes,删除标志：0-正常，1-已删除
public,rs_outlet_monitor_v2,outlet_name,character varying(200),yes,排污口名称
public,rs_outlet_remediation_v2,id,bigint,yes,主键ID
public,rs_outlet_remediation_v2,outlet_id,bigint,yes,关联排污口ID
public,rs_outlet_remediation_v2,is_remediated,character varying(10),yes,是否完成整治
public,rs_outlet_remediation_v2,remediation_type,character varying(100),yes,整治类型
public,rs_outlet_remediation_v2,remediation_video,character varying(500),yes,整治视频
public,rs_outlet_remediation_v2,supporting_docs,character varying(500),yes,证明材料
public,rs_outlet_remediation_v2,is_standardized,character varying(10),yes,是否完成规范化建设
public,rs_outlet_remediation_v2,standardization_content,character varying(500),yes,规范化建设内容
public,rs_outlet_remediation_v2,create_by,bigint,yes,创建人
public,rs_outlet_remediation_v2,create_time,timestamp without time zone,yes,创建时间
public,rs_outlet_remediation_v2,update_by,bigint,yes,修改人
public,rs_outlet_remediation_v2,update_time,timestamp without time zone,yes,修改时间
public,rs_outlet_remediation_v2,del_flag,character varying(1),yes,删除标志：0-正常，1-已删除
public,rs_outlet_remediation_v2,outlet_name,character varying(200),yes,排污口名称
public,rs_outlet_trace_v2,id,bigint,yes,主键ID
public,rs_outlet_trace_v2,outlet_id,bigint,yes,关联排污口ID
public,rs_outlet_trace_v2,primary_entity_name,character varying(200),yes,主要责任主体名称
public,rs_outlet_trace_v2,other_entity_name,character varying(200),yes,其他责任主体名称
public,rs_outlet_trace_v2,address,character varying(500),yes,详细地址
public,rs_outlet_trace_v2,primary_contact,character varying(100),yes,主要责任主体联系人
public,rs_outlet_trace_v2,primary_phone,character varying(100),yes,主要责任主体联系电话
public,rs_outlet_trace_v2,discharge_permit_no,character varying(100),yes,排污许可证号或排污登记号
public,rs_outlet_trace_v2,credit_code,character varying(100),yes,统一信用代码
public,rs_outlet_trace_v2,emission_standard,character varying(200),yes,排放标准
public,rs_outlet_trace_v2,has_toxic_pollutant,character varying(10),yes,是否排放有毒有害污染物
public,rs_outlet_trace_v2,wastewater_type,character varying(100),yes,污水类型
public,rs_outlet_trace_v2,other_wastewater_type,character varying(200),yes,其他污水类型
public,rs_outlet_trace_v2,is_above_scale,character varying(10),yes,是否为规模以上排污口
public,rs_outlet_trace_v2,approval_status,character varying(200),yes,审批登记情况
public,rs_outlet_trace_v2,pollutant_info,text,yes,污染物及排放量(JSON)
public,rs_outlet_trace_v2,create_by,bigint,yes,创建人
public,rs_outlet_trace_v2,create_time,timestamp without time zone,yes,创建时间
public,rs_outlet_trace_v2,update_by,bigint,yes,修改人
public,rs_outlet_trace_v2,update_time,timestamp without time zone,yes,修改时间
public,rs_outlet_trace_v2,del_flag,character varying(1),yes,删除标志：0-正常，1-已删除
public,rs_outlet_trace_v2,geom,"geometry(Point,4326)",yes,排污口所在位置
public,rs_outlet_trace_v2,outlet_name,character varying(200),yes,排污口名称
public,rs_pollutant_enterprise,id,bigint,yes,主键
public,rs_pollutant_enterprise,wrybh,character varying(50),yes,污染源编号
public,rs_pollutant_enterprise,wrymc,character varying(100),yes,污染源名称
public,rs_pollutant_enterprise,tyshxydm,character varying(50),yes,统一社会信用代码
public,rs_pollutant_enterprise,zzjgdm,character varying(50),yes,组织机构代码
public,rs_pollutant_enterprise,pwxkzbh,character varying(50),yes,排污许可证编号
public,rs_pollutant_enterprise,frmc,character varying(50),yes,法人名称
public,rs_pollutant_enterprise,lxdh,character varying(50),yes,联系电话
public,rs_pollutant_enterprise,zcdz,character varying(500),yes,注册地址
public,rs_pollutant_enterprise,jycsdz,character varying(500),yes,经营场所地址
public,rs_pollutant_enterprise,jd,double precision,yes,经度
public,rs_pollutant_enterprise,wd,double precision,yes,纬度
public,rs_pollutant_enterprise,hblxr,character varying(50),yes,环保联系人
public,rs_pollutant_enterprise,hbrlxdh,character varying(50),yes,环保联系人电话
public,rs_pollutant_enterprise,ssqx,character varying(50),yes,所属区县
public,rs_pollutant_enterprise,hymc,character varying(50),yes,行业名称
public,rs_pollutant_enterprise,zdlxmc,character varying(200),yes,重点污染源类型名称
public,rs_pollutant_enterprise,jgjb,character varying(50),yes,监管级别（代码集：ZXJC_WRYJGJB）：ZDWRY、YBWRY
public,rs_pollutant_enterprise,ywgs,character varying(255),yes,运维公司
public,rs_pollutant_enterprise,geom,"geometry(Point,4326)",yes,图形
public,rs_pollutant_enterprise,create_by,bigint,yes,创建人
public,rs_pollutant_enterprise,create_time,timestamp without time zone,yes,创建时间
public,rs_pollutant_enterprise,update_by,bigint,yes,更新人
public,rs_pollutant_enterprise,update_time,timestamp without time zone,yes,更新时间
public,rs_pollutant_enterprise,del_flag,character(1),yes,删除标记: 0-未删除、1-已删除
public,rs_pollutant_enterprise,record_type,smallint,yes,记录类型：0-自动、1-手动
public,rs_pollutant_enterprise,ssqxmc,character varying(100),yes,区县名称
public,rs_pollutant_info,id,bigint,yes,主键
public,rs_pollutant_info,xh,character varying(255),yes,序号：用于查询数据=driveId
public,rs_pollutant_info,jcdbh,character varying(50),yes,监测点编号
public,rs_pollutant_info,jcdmc,character varying(200),yes,监测点名称
public,rs_pollutant_info,wrybh,character varying(50),yes,污染源编号
public,rs_pollutant_info,pwkwz,character varying(200),yes,排放口位置
public,rs_pollutant_info,jgjb,character varying(10),yes,监管级别：ZD-重点、YB-一般
public,rs_pollutant_info,sfjsk,character varying(50),yes,是否进水口（0：否；1：是）
public,rs_pollutant_info,sfzs,character(1),yes,是否烧结等无需折算（0：否；1：是）
public,rs_pollutant_info,zsxs,character varying(50),yes,折算系数
public,rs_pollutant_info,jd,double precision,yes,经度
public,rs_pollutant_info,wd,double precision,yes,纬度
public,rs_pollutant_info,geom,"geometry(Point,4326)",yes,图形
public,rs_pollutant_info,create_by,bigint,yes,创建人
public,rs_pollutant_info,create_time,timestamp without time zone,yes,创建时间
public,rs_pollutant_info,update_by,bigint,yes,更新人
public,rs_pollutant_info,update_time,timestamp without time zone,yes,更新时间
public,rs_pollutant_info,del_flag,character(1),yes,删除标记: 0-未删除、1-已删除
public,rs_pollutant_info,record_type,smallint,yes,记录类型：0-自动、1-手动
public,rs_pollutant_info,wrlx,character varying(10),yes,污染类型：FS-废水、FQ-废气
public,rs_pollutant_info,outlet_id,bigint,yes,污染源id
public,rs_sewage_info_v2,id,bigint,yes,主键ID
public,rs_sewage_info_v2,admin_division,character varying(200),yes,行政区划
public,rs_sewage_info_v2,project_name,character varying(200),yes,项目名称
public,rs_sewage_info_v2,run_status,character varying(50),yes,运行状态
public,rs_sewage_info_v2,treatment_process,character varying(200),yes,处理工艺
public,rs_sewage_info_v2,project_location_lng,"numeric(12,6)",yes,项目所在地经度
public,rs_sewage_info_v2,project_location_lat,"numeric(12,6)",yes,项目所在地纬度
public,rs_sewage_info_v2,outlet_total_lng,"numeric(12,6)",yes,污水总排放口经度
public,rs_sewage_info_v2,outlet_total_lat,"numeric(12,6)",yes,污水总排放口纬度
public,rs_sewage_info_v2,design_scale,"numeric(12,2)",yes,设计规模(t/d)
public,rs_sewage_info_v2,actual_assess_scale,"numeric(12,2)",yes,实际考核规模(t/d)
public,rs_sewage_info_v2,load_rate,"numeric(6,2)",yes,负荷率(%)
public,rs_sewage_info_v2,influent_flow,"numeric(12,2)",yes,进水流量(m3/d)
public,rs_sewage_info_v2,influent_cod,"numeric(12,4)",yes,进水COD(mg/L)
public,rs_sewage_info_v2,influent_ph,"numeric(6,2)",yes,进水pH
public,rs_sewage_info_v2,influent_ammonia,"numeric(12,4)",yes,进水氨氮(mg/L)
public,rs_sewage_info_v2,influent_tp,"numeric(12,4)",yes,进水总磷(mg/L)
public,rs_sewage_info_v2,influent_tn,"numeric(12,4)",yes,进水总氮(mg/L)
public,rs_sewage_info_v2,effluent_flow,"numeric(12,2)",yes,出水流量(m3/d)
public,rs_sewage_info_v2,effluent_cod,"numeric(12,4)",yes,出水COD(mg/L)
public,rs_sewage_info_v2,effluent_ph,"numeric(6,2)",yes,出水pH
public,rs_sewage_info_v2,effluent_ammonia,"numeric(12,4)",yes,出水氨氮(mg/L)
public,rs_sewage_info_v2,effluent_tp,"numeric(12,4)",yes,出水总磷(mg/L)
public,rs_sewage_info_v2,effluent_tn,"numeric(12,4)",yes,出水总氮(mg/L)
public,rs_sewage_info_v2,cod_daily_reduction,"numeric(12,4)",yes,COD日削减量(t/d)
public,rs_sewage_info_v2,cod_annual_reduction,"numeric(12,4)",yes,COD年削减量(t/a)
public,rs_sewage_info_v2,pipe_total_length,"numeric(12,2)",yes,园区管网总长(km)
public,rs_sewage_info_v2,well_count,integer,yes,管井数量(个)
public,rs_sewage_info_v2,pump_station_count,integer,yes,提升泵站数量(个)
public,rs_sewage_info_v2,enterprise_total,integer,yes,园区企业总数(家)
public,rs_sewage_info_v2,connected_enterprise,integer,yes,已接入企业数(家)
public,rs_sewage_info_v2,connection_rate,"numeric(6,2)",yes,接入率(%)
public,rs_sewage_info_v2,enterprise_drainage,"numeric(12,2)",yes,企业排水总量(m3/d)
public,rs_sewage_info_v2,key_pollution_enterprise,integer,yes,重点排污企业数(家)
public,rs_sewage_info_v2,online_monitor_enterprise,integer,yes,在线监测企业数(家)
public,rs_sewage_info_v2,monitor_coverage_rate,"numeric(6,2)",yes,监测覆盖率(%)
public,rs_sewage_info_v2,monthly_fee_total,"numeric(12,2)",yes,月污水处理费总额(元)
public,rs_sewage_info_v2,should_collect_enterprise,integer,yes,应征企业数(家)
public,rs_sewage_info_v2,actual_collect_enterprise,integer,yes,实征企业数(家)
public,rs_sewage_info_v2,collection_rate,"numeric(6,2)",yes,征收率(%)
public,rs_sewage_info_v2,operation_unit,character varying(200),yes,运营单位
public,rs_sewage_info_v2,plan_total_invest,"numeric(14,2)",yes,计划总投资(万元)
public,rs_sewage_info_v2,plan_station_invest,"numeric(14,2)",yes,计划厂站投资(万元)
public,rs_sewage_info_v2,plan_pipe_invest,"numeric(14,2)",yes,计划管网投资(万元)
public,rs_sewage_info_v2,done_total_invest,"numeric(14,2)",yes,已完成总投资(万元)
public,rs_sewage_info_v2,done_station_invest,"numeric(14,2)",yes,已完成厂站投资(万元)
public,rs_sewage_info_v2,done_pipe_invest,"numeric(14,2)",yes,已完成管网投资(万元)
public,rs_sewage_info_v2,total_invest_rate,"numeric(6,2)",yes,总投资完成率(%)
public,rs_sewage_info_v2,built_pipe_length,"numeric(12,2)",yes,已建管网长度(km)
public,rs_sewage_info_v2,collection_rate_efficiency,"numeric(6,2)",yes,污水收集率(%)
public,rs_sewage_info_v2,treatment_rate,"numeric(6,2)",yes,污水处理率(%)
public,rs_sewage_info_v2,compliance_rate,"numeric(6,2)",yes,达标排放率(%)
public,rs_sewage_info_v2,operation_load_rate,"numeric(6,2)",yes,运行负荷率(%)
public,rs_sewage_info_v2,center_lng,"numeric(12,6)",yes,企业中心经度
public,rs_sewage_info_v2,center_lat,"numeric(12,6)",yes,企业中心纬度
public,rs_sewage_info_v2,total_outlet_lng,"numeric(12,6)",yes,污水处理设施总排口经度
public,rs_sewage_info_v2,total_outlet_lat,"numeric(12,6)",yes,污水处理设施总排口纬度
public,rs_sewage_info_v2,tail_water_destination,character varying(200),yes,尾水排放去向
public,rs_sewage_info_v2,outlet_photo,character varying(500),yes,排口照片
public,rs_sewage_info_v2,create_by,bigint,yes,创建人
public,rs_sewage_info_v2,create_time,timestamp without time zone,yes,创建时间
public,rs_sewage_info_v2,update_by,bigint,yes,修改人
public,rs_sewage_info_v2,update_time,timestamp without time zone,yes,修改时间
public,rs_sewage_info_v2,del_flag,character varying(1),yes,删除标志：0-正常，1-已删除
public,rs_sewage_info_yc,id,bigint,yes,主键id
public,rs_sewage_info_yc,name,character varying(255),yes,企业名称
public,rs_sewage_info_yc,monitor_name,character varying(255),yes,检测点名称
public,rs_sewage_info_yc,region_code,character varying(32),yes,行政区编码
public,rs_sewage_info_yc,region_name,character varying(32),yes,行政区名称
public,rs_sewage_info_yc,emission_type,character(1),yes,排放类型：0-废水
public,rs_sewage_info_yc,supervision_level,character(1),yes,监管级别：0-一般、1-重点
public,rs_sewage_info_yc,outlet_location,character varying(32),yes,排污口位置
public,rs_sewage_info_yc,lon,double precision,yes,经度
public,rs_sewage_info_yc,lat,double precision,yes,纬度
public,rs_sewage_info_yc,create_by,bigint,yes,创建人
public,rs_sewage_info_yc,create_time,timestamp without time zone,yes,创建时间
public,rs_sewage_info_yc,update_by,bigint,yes,更新人
public,rs_sewage_info_yc,update_time,timestamp without time zone,yes,更新时间
public,rs_sewage_info_yc,del_flag,character(1),yes,删除标记
public,rs_sewage_info_yc,town_flag,boolean,yes,是否城镇污水处理厂
public,rs_sewage_info_yc,industrial_flag,boolean,yes,是否工业污水处理厂
public,rs_sewage_park_info,id,bigint,yes,主键id
public,rs_sewage_park_info,region_code,character varying(32),yes,行政区编码
public,rs_sewage_park_info,region_name,character varying(32),yes,行政区名称
public,rs_sewage_park_info,sewage_name,character varying(200),yes,污水处理厂名称
public,rs_sewage_park_info,sewage_id,bigint,yes,污水厂ID
public,rs_sewage_park_info,throughput,double precision,yes,处理能力（万吨/日）
public,rs_sewage_park_info,park_id,bigint,yes,配套园区ID
public,rs_sewage_park_info,park_name,character varying(200),yes,配套园区名称
public,rs_sewage_park_info,lon,double precision,yes,经度
public,rs_sewage_park_info,lat,double precision,yes,纬度
public,rs_sewage_park_info,geom,"geometry(Point,4326)",yes,图形信息
public,rs_sewage_park_info,remark,character varying(500),yes,备注
public,rs_sewage_park_info,create_by,bigint,yes,创建人
public,rs_sewage_park_info,create_time,timestamp without time zone,yes,创建时间
public,rs_sewage_park_info,update_by,bigint,yes,修改人
public,rs_sewage_park_info,update_time,timestamp without time zone,yes,修改时间
public,rs_sewage_park_info,del_flag,character varying(1),yes,删除标志：0-正常，1-已删除
public,rs_sewage_park_info,sewage_type,smallint,yes,污水处理厂类型：0-工业、1-生活
public,rs_warn_records,id,bigint,yes,主键id
public,rs_warn_records,station_id,bigint,yes,站点id，warn_type为0时
public,rs_warn_records,pollutant_id,bigint,yes,污染源id，warn_type为3时
public,rs_warn_records,key_point_id,bigint,yes,"关键点id, warn_type为6时"
public,rs_warn_records,warn_indicator,character varying(100),yes,预警指标
public,rs_warn_records,warn_type,character(1),yes,预警类型：0 水质预警、1 水文预警、2 气象预警、3 污染源预警、4 网络异常、5 仪器异常
public,rs_warn_records,warn_value,double precision,yes,预警值
public,rs_warn_records,standard_value,double precision,yes,标准值
public,rs_warn_records,unit,character varying(32),yes,单位
public,rs_warn_records,water_quality_level,character varying(4),yes,水质监测指标等级
public,rs_warn_records,warn_level,character(1),yes,告警等级：0 一般、1 严重、2 重度
public,rs_warn_records,warn_content,character varying(255),yes,预警内容
public,rs_warn_records,warn_time,timestamp without time zone,yes,预警时间
public,rs_warn_records,publish_status,character(1),yes,是否发布：0 未发布、1 已发布
public,rs_warn_records,publish_time,timestamp without time zone,yes,发布时间
public,rs_warn_records,check_status,character(1),yes,是否审核：0 未审核、1 已审核
public,rs_warn_records,check_time,timestamp without time zone,yes,审核时间
public,rs_warn_records,manual_auto,character(1),yes,0 手动处理、1 自动处理
public,rs_warn_records,release_status,character(1),yes,是否解除：0 未解除、1 已解除
public,rs_warn_records,release_time,timestamp without time zone,yes,解除时间
public,rs_warn_records,create_by,bigint,yes,创建人
public,rs_warn_records,create_time,timestamp without time zone,yes,创建时间
public,rs_warn_records,update_by,bigint,yes,更新人
public,rs_warn_records,update_time,timestamp without time zone,yes,更新时间
public,rs_warn_records,del_flag,character(1),yes,删除标记：0 未删除、1 已删除
public,rs_wastewater_day_records,id,bigint,yes,主键ID
public,rs_wastewater_day_records,timestamp,timestamp without time zone,yes,统计日期（当日00:00:00）
public,rs_wastewater_day_records,type,character varying(10),yes,类型：PS-排水口，PQ-排气口
public,rs_wastewater_day_records,pollutant_id,bigint,yes,排污口/排气口ID（关联\r                                                                                                                                                               +
,,,,yes,rs_pollutant_info.id）
public,rs_wastewater_day_records,status,character varying(10),yes,当日综合状态：nobeyond-正常，below-偏低\r                                                                                                                                             +
,,,,yes,，beyond-超标
public,rs_wastewater_day_records,record_type,character varying(10),yes,记录类型：0-正常统计，1-补录
public,rs_wastewater_day_records,ll,double precision,yes,日流量（各小时流量的平均值）
public,rs_wastewater_day_records,ll_count,integer,yes,日流量有效数据计数（参与平均的小时数）
public,rs_wastewater_day_records,pfl,double precision,yes,日排流量（各小时排流量的累加值）
public,rs_wastewater_day_records,pfl_count,integer,yes,日排流量有效数据计数（参与累加的小时数）
public,rs_wastewater_day_records,m1_value,double precision,yes,【PS】化学需氧量(COD)日平均值 / 【PQ】烟尘日\r                                                                                                                                        +
,,,,yes,平均值
public,rs_wastewater_day_records,m1_count,integer,yes,m1 当日有效数据计数
public,rs_wastewater_day_records,m2_value,double precision,yes,【PS】总氮(TN)日平均值 / 【PQ】二氧化硫日平均\r                                                                                                                                       +
,,,,yes,值
public,rs_wastewater_day_records,m2_count,integer,yes,m2 当日有效数据计数
public,rs_wastewater_day_records,m3_value,double precision,yes,【PS】pH日平均值 / 【PQ】氮氧化物日平均值
public,rs_wastewater_day_records,m3_count,integer,yes,m3 当日有效数据计数
public,rs_wastewater_day_records,m4_value,double precision,yes,【PS】氨氮日平均值 / 【PQ】一氧化氮日平均值
public,rs_wastewater_day_records,m4_count,integer,yes,m4 当日有效数据计数
public,rs_wastewater_day_records,m5_value,double precision,yes,【PS】水温日平均值 / 【PQ】二氧化氮日平均值
public,rs_wastewater_day_records,m5_count,integer,yes,m5 当日有效数据计数
public,rs_wastewater_day_records,m6_value,double precision,yes,【PS】总磷日平均值 / 【PQ】一氧化碳日平均值
public,rs_wastewater_day_records,m6_count,integer,yes,m6 当日有效数据计数
public,rs_wastewater_day_records,m7_value,double precision,yes,【PS】悬浮物日平均值 / 【PQ】氯化氢日平均值
public,rs_wastewater_day_records,m7_count,integer,yes,m7 当日有效数据计数
public,rs_wastewater_day_records,m8_value,double precision,yes,【PS】余氯日平均值 / 【PQ】非甲烷总烃日平均值\r                                                                                                                                       +
,,,,no,
public,rs_wastewater_day_records,m8_count,integer,yes,m8 当日有效数据计数
public,rs_wastewater_day_records,m9_value,double precision,yes,【PS】六价铬日平均值 / 【PQ】苯日平均值
public,rs_wastewater_day_records,m9_count,integer,yes,m9 当日有效数据计数
public,rs_wastewater_day_records,m10_value,double precision,yes,【PS】石油类日平均值 / 【PQ】甲苯日平均值
public,rs_wastewater_day_records,m10_count,integer,yes,m10 当日有效数据计数
public,rs_wastewater_day_records,m11_value,double precision,yes,【PS】氟化物日平均值 / 【PQ】二甲苯日平均值\r                                                                                                                                         +
,,,,no,
public,rs_wastewater_day_records,m11_count,integer,yes,m11 当日有效数据计数
public,rs_wastewater_day_records,m12_value,double precision,yes,【PS】总铬日平均值 / 【PQ】碳氢化合物日平均\r                                                                                                                                         +
,,,,yes,值
public,rs_wastewater_day_records,m12_count,integer,yes,m12 当日有效数据计数
public,rs_wastewater_day_records,m13_value,double precision,yes,【PS】氰化物日平均值 / 【PQ】甲烷日平均值
public,rs_wastewater_day_records,m13_count,integer,yes,m13 当日有效数据计数
public,rs_wastewater_day_records,m14_value,double precision,yes,【PS】总锰日平均值 / 【PQ】氟化氢日平均值
public,rs_wastewater_day_records,m14_count,integer,yes,m14 当日有效数据计数
public,rs_wastewater_day_records,m15_value,double precision,yes,【PS】总银日平均值 / 【PQ】二氧化碳日平均值\r                                                                                                                                         +
,,,,no,
public,rs_wastewater_day_records,m15_count,integer,yes,m15 当日有效数据计数
public,rs_wastewater_day_records,m16_value,double precision,yes,"【PS】总铜日平均值 / 【PQ】1,3-二甲基苯日平\r                                                                                                                                         +"
,,,,yes,均值
public,rs_wastewater_day_records,m16_count,integer,yes,m16 当日有效数据计数
public,rs_wastewater_day_records,m17_value,double precision,yes,【PS】总镍日平均值 / 【PQ】乙烯基苯(苯乙烯)\r                                                                                                                                         +
,,,,yes,日平均值
public,rs_wastewater_day_records,m17_count,integer,yes,m17 当日有效数据计数
public,rs_wastewater_day_records,m18_value,double precision,yes,【PS】总镉日平均值 / 【PQ】乙苯日平均值
public,rs_wastewater_day_records,m18_count,integer,yes,m18 当日有效数据计数
public,rs_wastewater_day_records,m19_value,double precision,yes,"【PS】总砷日平均值 / 【PQ】1,2-二甲基苯日平\r                                                                                                                                         +"
,,,,yes,均值
public,rs_wastewater_day_records,m19_count,integer,yes,m19 当日有效数据计数
public,rs_wastewater_day_records,m20_value,double precision,yes,【PS】总铅日平均值 / 【PQ】氨(NH3)日平均值
public,rs_wastewater_day_records,m20_count,integer,yes,m20 当日有效数据计数
public,rs_wastewater_day_records,m21_value,double precision,yes,【PS】浊度日平均值（仅排水口）
public,rs_wastewater_day_records,m21_count,integer,yes,m21 当日有效数据计数（仅排水口）
public,rs_wastewater_day_records,m22_value,double precision,yes,【PS】总锌日平均值（仅排水口）
public,rs_wastewater_day_records,m22_count,integer,yes,m22 当日有效数据计数（仅排水口）
public,rs_wastewater_day_records,create_by,bigint,yes,创建人ID
public,rs_wastewater_day_records,create_time,timestamp without time zone,yes,创建时间
public,rs_wastewater_day_records,update_by,bigint,yes,更新人ID
public,rs_wastewater_day_records,update_time,timestamp without time zone,yes,更新时间
public,rs_wastewater_day_records,del_flag,character varying(10),yes,删除标记：0-正常，1-删除
public,rs_wastewater_hour_records,id,bigint,yes,主键id
public,rs_wastewater_hour_records,timestamp,timestamp without time zone,yes,数据时间
public,rs_wastewater_hour_records,type,character varying(10),yes,类型：PS-排水口、PQ-排气口
public,rs_wastewater_hour_records,pollutant_id,bigint,yes,污染源id
public,rs_wastewater_hour_records,status,character varying(10),yes,监测结果：0正常、1偏高、2偏低
public,rs_wastewater_hour_records,record_type,character varying(10),yes,记录类型：0自动、1手工
public,rs_wastewater_hour_records,ll,double precision,yes,流量
public,rs_wastewater_hour_records,pfl,double precision,yes,排放量
public,rs_wastewater_hour_records,m1_value,double precision,yes,m1_value
public,rs_wastewater_hour_records,m1_status,character varying(10),yes,m1_status
public,rs_wastewater_hour_records,m2_value,double precision,yes,m2_value
public,rs_wastewater_hour_records,m2_status,character varying(10),yes,m2_status
public,rs_wastewater_hour_records,m3_value,double precision,yes,m3_value
public,rs_wastewater_hour_records,m3_status,character varying(10),yes,m3_status
public,rs_wastewater_hour_records,m4_value,double precision,yes,m4_value
public,rs_wastewater_hour_records,m4_status,character varying(10),yes,m4_status
public,rs_wastewater_hour_records,m5_value,double precision,yes,m5_value
public,rs_wastewater_hour_records,m5_status,character varying(10),yes,m5_status
public,rs_wastewater_hour_records,m6_value,double precision,yes,m6_value
public,rs_wastewater_hour_records,m6_status,character varying(10),yes,m6_status
public,rs_wastewater_hour_records,m7_value,double precision,yes,m7_value
public,rs_wastewater_hour_records,m7_status,character varying(10),yes,m7_status
public,rs_wastewater_hour_records,m8_value,double precision,yes,m8_value
public,rs_wastewater_hour_records,m8_status,character varying(10),yes,m8_status
public,rs_wastewater_hour_records,m9_value,double precision,yes,m9_value
public,rs_wastewater_hour_records,m9_status,character varying(10),yes,m9_status
public,rs_wastewater_hour_records,m10_value,double precision,yes,m10_value
public,rs_wastewater_hour_records,m10_status,character varying(10),yes,m10_status
public,rs_wastewater_hour_records,m11_value,double precision,yes,m11_value
public,rs_wastewater_hour_records,m11_status,character varying(10),yes,m11_status
public,rs_wastewater_hour_records,m12_value,double precision,yes,m12_value
public,rs_wastewater_hour_records,m12_status,character varying(10),yes,m12_status
public,rs_wastewater_hour_records,m13_value,double precision,yes,m13_value
public,rs_wastewater_hour_records,m13_status,character varying(10),yes,m13_status
public,rs_wastewater_hour_records,m14_value,double precision,yes,m14_value
public,rs_wastewater_hour_records,m14_status,character varying(10),yes,m14_status
public,rs_wastewater_hour_records,m15_value,double precision,yes,m15_value
public,rs_wastewater_hour_records,m15_status,character varying(10),yes,m15_status
public,rs_wastewater_hour_records,m16_value,double precision,yes,m16_value
public,rs_wastewater_hour_records,m16_status,character varying(10),yes,m16_status
public,rs_wastewater_hour_records,m17_value,double precision,yes,m17_value
public,rs_wastewater_hour_records,m17_status,character varying(10),yes,m17_status
public,rs_wastewater_hour_records,m18_value,double precision,yes,m18_value
public,rs_wastewater_hour_records,m18_status,character varying(10),yes,m18_status
public,rs_wastewater_hour_records,m19_value,double precision,yes,m19_value
public,rs_wastewater_hour_records,m19_status,character varying(10),yes,m19_status
public,rs_wastewater_hour_records,m20_value,double precision,yes,m20_value
public,rs_wastewater_hour_records,m20_status,character varying(10),yes,m20_status
public,rs_wastewater_hour_records,m21_value,double precision,yes,m21_value
public,rs_wastewater_hour_records,m21_status,character varying(10),yes,m21_status
public,rs_wastewater_hour_records,m22_value,double precision,yes,m22_value
public,rs_wastewater_hour_records,m22_status,character varying(10),yes,m22_status
public,rs_wastewater_hour_records,create_by,bigint,yes,创建人
public,rs_wastewater_hour_records,create_time,timestamp without time zone,yes,创建时间
public,rs_wastewater_hour_records,update_by,bigint,yes,更新人
public,rs_wastewater_hour_records,update_time,timestamp without time zone,yes,更新时间
public,rs_wastewater_hour_records,del_flag,character varying(10),yes,删除标记：0未删除、1已删除
public,rs_wastewater_month_records,id,bigint,yes,主键ID
public,rs_wastewater_month_records,timestamp,timestamp without time zone,yes,统计月份起始时间（当月第一天00:00:00）
public,rs_wastewater_month_records,type,character varying(10),yes,类型：PS-排水口，PQ-排气口
public,rs_wastewater_month_records,pollutant_id,bigint,yes,排污口/排气口ID（关联\r                                                                                                                                                               +
,,,,yes,rs_pollutant_info.id）
public,rs_wastewater_month_records,status,character varying(10),yes,当月综合状态：nobeyond-正常，below-偏低\r                                                                                                                                             +
,,,,yes,，beyond-超标
public,rs_wastewater_month_records,record_type,character varying(10),yes,记录类型：0-正常统计，1-补录
public,rs_wastewater_month_records,monitor_year,integer,yes,监测年份
public,rs_wastewater_month_records,monitor_month,integer,yes,监测月份
public,rs_wastewater_month_records,remark,character varying(500),yes,备注
public,rs_wastewater_month_records,ll,double precision,yes,月流量（各日流量的平均值）
public,rs_wastewater_month_records,ll_count,integer,yes,月流量有效数据计数（参与平均的天数）
public,rs_wastewater_month_records,pfl,double precision,yes,月排流量（各日排流量的累加值）
public,rs_wastewater_month_records,pfl_count,integer,yes,月排流量有效数据计数（参与累加的天数）
public,rs_wastewater_month_records,m1_value,double precision,yes,【PS】化学需氧量(COD)月平均值 / 【PQ】烟尘\r                                                                                                                                          +
,,,,yes,月平均值
public,rs_wastewater_month_records,m1_count,integer,yes,m1 当月有效数据计数
public,rs_wastewater_month_records,m2_value,double precision,yes,【PS】总氮(TN)月平均值 / 【PQ】二氧化硫月平\r                                                                                                                                         +
,,,,yes,均值
public,rs_wastewater_month_records,m2_count,integer,yes,m2 当月有效数据计数
public,rs_wastewater_month_records,m3_value,double precision,yes,【PS】pH月平均值 / 【PQ】氮氧化物月平均值
public,rs_wastewater_month_records,m3_count,integer,yes,m3 当月有效数据计数
public,rs_wastewater_month_records,m4_value,double precision,yes,【PS】氨氮月平均值 / 【PQ】一氧化氮月平均值\r                                                                                                                                         +
,,,,no,
public,rs_wastewater_month_records,m4_count,integer,yes,m4 当月有效数据计数
public,rs_wastewater_month_records,m5_value,double precision,yes,【PS】水温月平均值 / 【PQ】二氧化氮月平均值\r                                                                                                                                         +
,,,,no,
public,rs_wastewater_month_records,m5_count,integer,yes,m5 当月有效数据计数
public,rs_wastewater_month_records,m6_value,double precision,yes,【PS】总磷月平均值 / 【PQ】一氧化碳月平均值\r                                                                                                                                         +
,,,,no,
public,rs_wastewater_month_records,m6_count,integer,yes,m6 当月有效数据计数
public,rs_wastewater_month_records,m7_value,double precision,yes,【PS】悬浮物月平均值 / 【PQ】氯化氢月平均值\r                                                                                                                                         +
,,,,no,
public,rs_wastewater_month_records,m7_count,integer,yes,m7 当月有效数据计数
public,rs_wastewater_month_records,m8_value,double precision,yes,【PS】余氯月平均值 / 【PQ】非甲烷总烃月平均\r                                                                                                                                         +
,,,,yes,值
public,rs_wastewater_month_records,m8_count,integer,yes,m8 当月有效数据计数
public,rs_wastewater_month_records,m9_value,double precision,yes,【PS】六价铬月平均值 / 【PQ】苯月平均值
public,rs_wastewater_month_records,m9_count,integer,yes,m9 当月有效数据计数
public,rs_wastewater_month_records,m10_value,double precision,yes,【PS】石油类月平均值 / 【PQ】甲苯月平均值\r                                                                                                                                           +
,,,,no,
public,rs_wastewater_month_records,m10_count,integer,yes,m10 当月有效数据计数
public,rs_wastewater_month_records,m11_value,double precision,yes,【PS】氟化物月平均值 / 【PQ】二甲苯月平均\r                                                                                                                                           +
,,,,yes,值
public,rs_wastewater_month_records,m11_count,integer,yes,m11 当月有效数据计数
public,rs_wastewater_month_records,m12_value,double precision,yes,【PS】总铬月平均值 / 【PQ】碳氢化合物月平\r                                                                                                                                           +
,,,,yes,均值
public,rs_wastewater_month_records,m12_count,integer,yes,m12 当月有效数据计数
public,rs_wastewater_month_records,m13_value,double precision,yes,【PS】氰化物月平均值 / 【PQ】甲烷月平均值\r                                                                                                                                           +
,,,,no,
public,rs_wastewater_month_records,m13_count,integer,yes,m13 当月有效数据计数
public,rs_wastewater_month_records,m14_value,double precision,yes,【PS】总锰月平均值 / 【PQ】氟化氢月平均值\r                                                                                                                                           +
,,,,no,
public,rs_wastewater_month_records,m14_count,integer,yes,m14 当月有效数据计数
public,rs_wastewater_month_records,m15_value,double precision,yes,【PS】总银月平均值 / 【PQ】二氧化碳月平均\r                                                                                                                                           +
,,,,yes,值
public,rs_wastewater_month_records,m15_count,integer,yes,m15 当月有效数据计数
public,rs_wastewater_month_records,m16_value,double precision,yes,"【PS】总铜月平均值 / 【PQ】1,3-二甲基苯月\r                                                                                                                                           +"
,,,,yes,平均值
public,rs_wastewater_month_records,m16_count,integer,yes,m16 当月有效数据计数
public,rs_wastewater_month_records,m17_value,double precision,yes,【PS】总镍月平均值 / 【PQ】乙烯基苯(苯乙烯\r                                                                                                                                          +
,,,,yes,)月平均值
public,rs_wastewater_month_records,m17_count,integer,yes,m17 当月有效数据计数
public,rs_wastewater_month_records,m18_value,double precision,yes,【PS】总镉月平均值 / 【PQ】乙苯月平均值
public,rs_wastewater_month_records,m18_count,integer,yes,m18 当月有效数据计数
public,rs_wastewater_month_records,m19_value,double precision,yes,"【PS】总砷月平均值 / 【PQ】1,2-二甲基苯月\r                                                                                                                                           +"
,,,,yes,平均值
public,rs_wastewater_month_records,m19_count,integer,yes,m19 当月有效数据计数
public,rs_wastewater_month_records,m20_value,double precision,yes,【PS】总铅月平均值 / 【PQ】氨(NH3)月平均值\r                                                                                                                                          +
,,,,no,
public,rs_wastewater_month_records,m20_count,integer,yes,m20 当月有效数据计数
public,rs_wastewater_month_records,m21_value,double precision,yes,【PS】浊度月平均值（仅排水口）
public,rs_wastewater_month_records,m21_count,integer,yes,m21 当月有效数据计数（仅排水口）
public,rs_wastewater_month_records,m22_value,double precision,yes,【PS】总锌月平均值（仅排水口）
public,rs_wastewater_month_records,m22_count,integer,yes,m22 当月有效数据计数（仅排水口）
public,rs_wastewater_month_records,create_by,bigint,yes,创建人ID
public,rs_wastewater_month_records,create_time,timestamp without time zone,yes,创建时间
public,rs_wastewater_month_records,update_by,bigint,yes,更新人ID
public,rs_wastewater_month_records,update_time,timestamp without time zone,yes,更新时间
public,rs_wastewater_month_records,del_flag,character varying(10),yes,删除标记：0-正常，1-删除
public,rs_wastewater_standard,id,bigint,yes,主键id
public,rs_wastewater_standard,indicator_name,character varying(64),yes,指标名称
public,rs_wastewater_standard,apply_type,character(1),yes,适用类型：0 污水处理厂、1 其他
public,rs_wastewater_standard,l1_value,double precision,yes,最低标准
public,rs_wastewater_standard,l2_value,double precision,yes,小时标准
public,rs_wastewater_standard,l3_value,double precision,yes,日标准
public,rs_wastewater_standard,max_value,double precision,yes,最高允许排放浓度
public,rs_wastewater_standard,create_by,bigint,yes,创建人
public,rs_wastewater_standard,create_time,timestamp without time zone,yes,创建时间
public,rs_wastewater_standard,update_by,bigint,yes,更新人
public,rs_wastewater_standard,update_time,timestamp without time zone,yes,更新时间
public,rs_wastewater_standard,del_flag,character(1),yes,删除标记：0 未删除、1 已删除
public,rs_wastewater_standard,jcdbh,character varying(64),yes,监测点编号
public,rs_wastewater_standard,indicator_code,character varying(20),yes,指标编码
public,rs_wastewater_standard,type,character varying(10),yes,排放口类型：PS 排水口、PQ 排气口
public,se_watershed,id,bigint,yes,主键ID
public,se_watershed,region_code,character varying(100),yes,所属区域Code
public,se_watershed,total_population,double precision,yes,总人口
public,se_watershed,total_product_value,double precision,yes,地区生产总值
public,se_watershed,total_river_area,double precision,yes,水面面积：k㎡
public,se_watershed,total_watershed_area,double precision,yes,流域面积：k㎡
public,se_watershed,water_depth_avg,double precision,yes,年平均水深：m
public,se_watershed,runoff_value,double precision,yes,径流量：亿m³
public,se_watershed,statistic_year,bigint,yes,统计年份
public,se_watershed,update_by,bigint,yes,创建人
public,se_watershed,update_time,timestamp without time zone,yes,创建时间
public,se_watershed,del_flag,character(1),yes,删除标记：0 未删除、1 已删除
public,se_watershed,name,character varying(100),yes,流域名称
public,se_watershed,mark,character varying(255),yes,备注
public,se_watershed_river,id,bigint,yes,主键id
public,se_watershed_river,serial_no,integer,yes,序号
public,se_watershed_river,river_name,character varying(100),yes,河流名称
public,se_watershed_river,river_alias,character varying(500),yes,河流别称
public,se_watershed_river,river_level,integer,yes,河流级别
public,se_watershed_river,parent_river_name,character varying(100),yes,上一级河流名称
public,se_watershed_river,river_length,double precision,yes,河流长度(km)
public,se_watershed_river,hubei_length,double precision,yes,湖北长度(km)
public,se_watershed_river,yichang_length,double precision,yes,宜昌长度(km)
public,se_watershed_river,watershed_area,double precision,yes,流域面积(km2)
public,se_watershed_river,hubei_area,double precision,yes,湖北面积(km2)
public,se_watershed_river,yichang_area,double precision,yes,宜昌面积(km2)
public,se_watershed_river,flow_districts,character varying(1000),yes,流经市内行政区
public,se_watershed_river,source_province,character varying(50),yes,源头省
public,se_watershed_river,source_county,character varying(100),yes,源头县（市）
public,se_watershed_river,source_town,character varying(100),yes,源头乡镇
public,se_watershed_river,source_village,character varying(300),yes,源头村
public,se_watershed_river,mouth_province,character varying(50),yes,河口省
public,se_watershed_river,mouth_county,character varying(100),yes,河口县（市）
public,se_watershed_river,mouth_town,character varying(100),yes,河口乡镇
public,se_watershed_river,mouth_village,character varying(300),yes,河口村
public,se_watershed_river,create_by,bigint,yes,创建人
public,se_watershed_river,create_time,timestamp without time zone,yes,创建时间
public,se_watershed_river,update_by,bigint,yes,更新人
public,se_watershed_river,update_time,timestamp without time zone,yes,更新时间
public,se_watershed_river,del_flag,character(1),yes,删除标记: 0-未删除、1-已删除
public,spatial_ref_sys,srid,integer,yes,空间参考标识符
public,spatial_ref_sys,auth_name,character varying(256),yes,空间参考系授权机构名称
public,spatial_ref_sys,auth_srid,integer,yes,空间参考系授权机构SRID
public,spatial_ref_sys,srtext,character varying(2048),yes,空间参考系WKT描述
public,spatial_ref_sys,proj4text,character varying(2048),yes,空间参考系Proj4描述
public,stg_sjtj_sxhysjzxpt_dbo_operator_day_burnup_df,b_date,character varying(500),yes,日期
public,stg_sjtj_sxhysjzxpt_dbo_operator_day_burnup_df,operator,character varying(500),yes,船运公司
public,stg_sjtj_sxhysjzxpt_dbo_operator_day_burnup_df,burnup,double precision,yes,燃耗值
public,stg_sjtj_sxhysjzxpt_dbo_operator_day_burnup_df,dt,character varying(255),yes,分区日期
public,stg_sjtj_sxhysjzxpt_t_vessel_info_df,declareno,character varying(500),yes,船舶报港号
public,stg_sjtj_sxhysjzxpt_t_vessel_info_df,portname,character varying(500),yes,港口
public,stg_sjtj_sxhysjzxpt_t_vessel_info_df,voyname,character varying(500),yes,航线
public,stg_sjtj_sxhysjzxpt_t_vessel_info_df,vslname,character varying(500),yes,船号
public,stg_sjtj_sxhysjzxpt_t_vessel_info_df,declaretime,character varying(500),yes,报港时间
public,stg_sjtj_sxhysjzxpt_t_vessel_info_df,levelporttime,character varying(500),yes,离港时间
public,stg_sjtj_sxhysjzxpt_t_vessel_info_df,companyname,character varying(500),yes,航运企业
public,stg_sjtj_sxhysjzxpt_t_vessel_info_df,dt,character varying(255),yes,分区日期
public,stg_sjtysj_cbwrwxtzlxxxt_b_anchorage_clean_company_df,id,bigint,yes,id
public,stg_sjtysj_cbwrwxtzlxxxt_b_anchorage_clean_company_df,anchorage_id,bigint,yes,锚地id
public,stg_sjtysj_cbwrwxtzlxxxt_b_anchorage_clean_company_df,company_id,bigint,yes,清洁公司id
public,stg_sjtysj_cbwrwxtzlxxxt_b_anchorage_clean_company_df,dt,character varying(255),yes,分区日期
public,stg_sjtysj_cbwrwxtzlxxxt_b_anchorage_info_df,id,bigint,yes,id
public,stg_sjtysj_cbwrwxtzlxxxt_b_anchorage_info_df,area,character varying(500),yes,省
public,stg_sjtysj_cbwrwxtzlxxxt_b_anchorage_info_df,address,character varying(500),yes,详细地址
public,stg_sjtysj_cbwrwxtzlxxxt_b_anchorage_info_df,anchorage_name,character varying(500),yes,锚地名称
public,stg_sjtysj_cbwrwxtzlxxxt_b_anchorage_info_df,lon,double precision,yes,经度
public,stg_sjtysj_cbwrwxtzlxxxt_b_anchorage_info_df,lat,double precision,yes,纬度
public,stg_sjtysj_cbwrwxtzlxxxt_b_anchorage_info_df,corp_code,character varying(500),yes,所属管理机构code
public,stg_sjtysj_cbwrwxtzlxxxt_b_anchorage_info_df,corp_codes,character varying(500),yes,所属管理机构多级关系
public,stg_sjtysj_cbwrwxtzlxxxt_b_anchorage_info_df,create_by,character varying(500),yes,创建人
public,stg_sjtysj_cbwrwxtzlxxxt_b_anchorage_info_df,create_date,timestamp without time zone,yes,创建日期
public,stg_sjtysj_cbwrwxtzlxxxt_b_anchorage_info_df,update_by,character varying(500),yes,修改人
public,stg_sjtysj_cbwrwxtzlxxxt_b_anchorage_info_df,update_date,timestamp without time zone,yes,修改日期
public,stg_sjtysj_cbwrwxtzlxxxt_b_anchorage_info_df,river_area,character varying(500),yes,流域
public,stg_sjtysj_cbwrwxtzlxxxt_b_anchorage_info_df,dam,character varying(500),yes,（0坝上，1坝下）
public,stg_sjtysj_cbwrwxtzlxxxt_b_anchorage_info_df,dt,character varying(255),yes,分区日期
public,stg_sjtysj_cbwrwxtzlxxxt_b_clean_company_df,id,bigint,yes,id
public,stg_sjtysj_cbwrwxtzlxxxt_b_clean_company_df,comp_name,character varying(500),yes,清洁公司名称
public,stg_sjtysj_cbwrwxtzlxxxt_b_clean_company_df,comp_code,character varying(500),yes,组织机构代码
public,stg_sjtysj_cbwrwxtzlxxxt_b_clean_company_df,legal_person,character varying(500),yes,法人
public,stg_sjtysj_cbwrwxtzlxxxt_b_clean_company_df,tel,character varying(500),yes,联系电话
public,stg_sjtysj_cbwrwxtzlxxxt_b_clean_company_df,area,character varying(500),yes,省，市，区
public,stg_sjtysj_cbwrwxtzlxxxt_b_clean_company_df,address,character varying(500),yes,详细地址
public,stg_sjtysj_cbwrwxtzlxxxt_b_clean_company_df,business_scope,character varying(500),yes,经营范围:生活垃圾、生活污水、油污水
public,stg_sjtysj_cbwrwxtzlxxxt_b_clean_company_df,validity_end,timestamp without time zone,yes,经营许可有效期
public,stg_sjtysj_cbwrwxtzlxxxt_b_clean_company_df,create_by,character varying(500),yes,创建者
public,stg_sjtysj_cbwrwxtzlxxxt_b_clean_company_df,create_date,timestamp without time zone,yes,创建日期
public,stg_sjtysj_cbwrwxtzlxxxt_b_clean_company_df,update_by,character varying(500),yes,更新人
public,stg_sjtysj_cbwrwxtzlxxxt_b_clean_company_df,update_date,timestamp without time zone,yes,更新日期
public,stg_sjtysj_cbwrwxtzlxxxt_b_clean_company_df,seal_img_url,character varying(500),yes,图片路径
public,stg_sjtysj_cbwrwxtzlxxxt_b_clean_company_df,dt,character varying(255),yes,分区日期
public,stg_sjtysj_cbwrwxtzlxxxt_b_coordination_index_df,id,bigint,yes,主键
public,stg_sjtysj_cbwrwxtzlxxxt_b_coordination_index_df,on_duty_receive_ship_count,bigint,yes,出勤清洁船舶数
public,stg_sjtysj_cbwrwxtzlxxxt_b_coordination_index_df,apply_num,bigint,yes,申请提交单次
public,stg_sjtysj_cbwrwxtzlxxxt_b_coordination_index_df,receive_num,bigint,yes,接受单次
public,stg_sjtysj_cbwrwxtzlxxxt_b_coordination_index_df,transfer_num,bigint,yes,转运单次
public,stg_sjtysj_cbwrwxtzlxxxt_b_coordination_index_df,process_num,bigint,yes,处置单次
public,stg_sjtysj_cbwrwxtzlxxxt_b_coordination_index_df,day,character varying(500),yes,日期
public,stg_sjtysj_cbwrwxtzlxxxt_b_coordination_index_df,coordination_index,numeric,yes,协同指数
public,stg_sjtysj_cbwrwxtzlxxxt_b_coordination_index_df,dt,character varying(255),yes,分区日期
public,stg_sjtysj_cbwrwxtzlxxxt_b_day_pollution_weight_df,id,bigint,yes,主键
public,stg_sjtysj_cbwrwxtzlxxxt_b_day_pollution_weight_df,date,timestamp without time zone,yes,日期
public,stg_sjtysj_cbwrwxtzlxxxt_b_day_pollution_weight_df,kc_shlj,character varying(500),yes,客船生活垃圾重量
public,stg_sjtysj_cbwrwxtzlxxxt_b_day_pollution_weight_df,kc_shws,character varying(500),yes,客船生活污水重量
public,stg_sjtysj_cbwrwxtzlxxxt_b_day_pollution_weight_df,kc_hyws,character varying(500),yes,客船含油污水重量
public,stg_sjtysj_cbwrwxtzlxxxt_b_day_pollution_weight_df,kc_fy,character varying(500),yes,客船废油重量
public,stg_sjtysj_cbwrwxtzlxxxt_b_day_pollution_weight_df,hc_shlj,character varying(500),yes,货船生活垃圾重量
public,stg_sjtysj_cbwrwxtzlxxxt_b_day_pollution_weight_df,hc_shws,character varying(500),yes,货船生活污水重量
public,stg_sjtysj_cbwrwxtzlxxxt_b_day_pollution_weight_df,hc_hyws,character varying(500),yes,货船含油污水重量
public,stg_sjtysj_cbwrwxtzlxxxt_b_day_pollution_weight_df,hc_fy,character varying(500),yes,货船废油重量
public,stg_sjtysj_cbwrwxtzlxxxt_b_day_pollution_weight_df,qt_shlj,character varying(500),yes,其他类型船生活垃圾重量
public,stg_sjtysj_cbwrwxtzlxxxt_b_day_pollution_weight_df,qt_shws,character varying(500),yes,其他类型船生活污水重量
public,stg_sjtysj_cbwrwxtzlxxxt_b_day_pollution_weight_df,qt_hyws,character varying(500),yes,其他类型船含油污水重量
public,stg_sjtysj_cbwrwxtzlxxxt_b_day_pollution_weight_df,qt_fy,character varying(500),yes,其他类型船废油重量
public,stg_sjtysj_cbwrwxtzlxxxt_b_day_pollution_weight_df,dt,character varying(255),yes,分区日期
public,stg_sjtysj_cbwrwxtzlxxxt_b_day_receive_ship_kpi_df,id,bigint,yes,主键
public,stg_sjtysj_cbwrwxtzlxxxt_b_day_receive_ship_kpi_df,day,character varying(500),yes,日期
public,stg_sjtysj_cbwrwxtzlxxxt_b_day_receive_ship_kpi_df,receive_ship_id,bigint,yes,接收船舶id
public,stg_sjtysj_cbwrwxtzlxxxt_b_day_receive_ship_kpi_df,receive_ship_name,character varying(500),yes,接收船舶名称
public,stg_sjtysj_cbwrwxtzlxxxt_b_day_receive_ship_kpi_df,company_id,bigint,yes,清洁公司id
public,stg_sjtysj_cbwrwxtzlxxxt_b_day_receive_ship_kpi_df,company_name,character varying(500),yes,清洁公司名称
public,stg_sjtysj_cbwrwxtzlxxxt_b_day_receive_ship_kpi_df,ship_select_count,bigint,yes,行船选择数
public,stg_sjtysj_cbwrwxtzlxxxt_b_day_receive_ship_kpi_df,qrcode_js_count,bigint,yes,扫码接单数
public,stg_sjtysj_cbwrwxtzlxxxt_b_day_receive_ship_kpi_df,subscribe_js_count,bigint,yes,预约接单数
public,stg_sjtysj_cbwrwxtzlxxxt_b_day_receive_ship_kpi_df,js_poll_num,numeric,yes,接收污染物数量
public,stg_sjtysj_cbwrwxtzlxxxt_b_day_receive_ship_kpi_df,dt,character varying(255),yes,分区日期
public,stg_sjtysj_cbwrwxtzlxxxt_b_day_subject_num_df,id,bigint,yes,主键
public,stg_sjtysj_cbwrwxtzlxxxt_b_day_subject_num_df,day,character varying(500),yes,日期
public,stg_sjtysj_cbwrwxtzlxxxt_b_day_subject_num_df,receive_ship_num,bigint,yes,清洁船舶数量
public,stg_sjtysj_cbwrwxtzlxxxt_b_day_subject_num_df,wharf_num,bigint,yes,码头数量
public,stg_sjtysj_cbwrwxtzlxxxt_b_day_subject_num_df,transfer_car_num,bigint,yes,转运车辆数量
public,stg_sjtysj_cbwrwxtzlxxxt_b_day_subject_num_df,process_unit_num,bigint,yes,处置单位数量
public,stg_sjtysj_cbwrwxtzlxxxt_b_day_subject_num_df,supervise_org_num,bigint,yes,监管单位数量
public,stg_sjtysj_cbwrwxtzlxxxt_b_day_subject_num_df,dt,character varying(255),yes,分区日期
public,stg_sjtysj_cbwrwxtzlxxxt_b_day_sxhy_df,id,bigint,yes,主键
public,stg_sjtysj_cbwrwxtzlxxxt_b_day_sxhy_df,day,character varying(500),yes,日期
public,stg_sjtysj_cbwrwxtzlxxxt_b_day_sxhy_df,xcs_order_cnt,bigint,yes,洗舱水艘次
public,stg_sjtysj_cbwrwxtzlxxxt_b_day_sxhy_df,xcs_vol,numeric,yes,洗舱水量 (m?)
public,stg_sjtysj_cbwrwxtzlxxxt_b_day_sxhy_df,order_cnt,bigint,yes,污染物交付总单次
public,stg_sjtysj_cbwrwxtzlxxxt_b_day_sxhy_df,order_weight,numeric,yes,污染物交付总重量(吨)
public,stg_sjtysj_cbwrwxtzlxxxt_b_day_sxhy_df,ship_cnt_td,bigint,yes,污染物交付行船数td值
public,stg_sjtysj_cbwrwxtzlxxxt_b_day_sxhy_df,ship_cnt_mtd,bigint,yes,污染物交付行船数mtd值
public,stg_sjtysj_cbwrwxtzlxxxt_b_day_sxhy_df,ship_cnt_ytd,bigint,yes,污染物交付行船数ytd值
public,stg_sjtysj_cbwrwxtzlxxxt_b_day_sxhy_df,dt,character varying(255),yes,分区日期
public,stg_sjtysj_cbwrwxtzlxxxt_b_month_receive_ship_kpi_df,id,bigint,yes,主键
public,stg_sjtysj_cbwrwxtzlxxxt_b_month_receive_ship_kpi_df,month,character varying(500),yes,日期
public,stg_sjtysj_cbwrwxtzlxxxt_b_month_receive_ship_kpi_df,receive_ship_id,bigint,yes,接收船舶id
public,stg_sjtysj_cbwrwxtzlxxxt_b_month_receive_ship_kpi_df,receive_ship_name,character varying(500),yes,接收船舶名称
public,stg_sjtysj_cbwrwxtzlxxxt_b_month_receive_ship_kpi_df,company_id,bigint,yes,接收船舶所属清洁公司id
public,stg_sjtysj_cbwrwxtzlxxxt_b_month_receive_ship_kpi_df,company_name,character varying(500),yes,接收船舶所属清洁公司名称
public,stg_sjtysj_cbwrwxtzlxxxt_b_month_receive_ship_kpi_df,subsidy_amount,numeric,yes,补贴金额
public,stg_sjtysj_cbwrwxtzlxxxt_b_month_receive_ship_kpi_df,receive_order_count,bigint,yes,接单数
public,stg_sjtysj_cbwrwxtzlxxxt_b_month_receive_ship_kpi_df,receive_poll_num,numeric,yes,污染物接收量
public,stg_sjtysj_cbwrwxtzlxxxt_b_month_receive_ship_kpi_df,receive_shlj_num,numeric,yes,生活垃圾接收量
public,stg_sjtysj_cbwrwxtzlxxxt_b_month_receive_ship_kpi_df,receive_shws_num,numeric,yes,生活污水接收量
public,stg_sjtysj_cbwrwxtzlxxxt_b_month_receive_ship_kpi_df,receive_hyws_num,numeric,yes,含油污水接收量
public,stg_sjtysj_cbwrwxtzlxxxt_b_month_receive_ship_kpi_df,receive_fy_num,numeric,yes,废油接收量
public,stg_sjtysj_cbwrwxtzlxxxt_b_month_receive_ship_kpi_df,receive_shlj_order_count,bigint,yes,生活垃圾接单数
public,stg_sjtysj_cbwrwxtzlxxxt_b_month_receive_ship_kpi_df,receive_shws_order_count,bigint,yes,生活污水接单数
public,stg_sjtysj_cbwrwxtzlxxxt_b_month_receive_ship_kpi_df,receive_hyws_order_count,bigint,yes,含油污水接单数
public,stg_sjtysj_cbwrwxtzlxxxt_b_month_receive_ship_kpi_df,receive_fy_order_count,bigint,yes,废油接单数
public,stg_sjtysj_cbwrwxtzlxxxt_b_month_receive_ship_kpi_df,create_time,character varying(500),yes,创建时间
public,stg_sjtysj_cbwrwxtzlxxxt_b_month_receive_ship_kpi_df,update_time,character varying(500),yes,更新时间
public,stg_sjtysj_cbwrwxtzlxxxt_b_month_receive_ship_kpi_df,dt,character varying(255),yes,分区日期
public,stg_sjtysj_cbwrwxtzlxxxt_b_order_receive_minute_df,id,bigint,yes,主键id
public,stg_sjtysj_cbwrwxtzlxxxt_b_order_receive_minute_df,day,character varying(500),yes,日期
public,stg_sjtysj_cbwrwxtzlxxxt_b_order_receive_minute_df,clean_company_name,character varying(500),yes,清洁公司名称
public,stg_sjtysj_cbwrwxtzlxxxt_b_order_receive_minute_df,order_minute,numeric,yes,接单时效
public,stg_sjtysj_cbwrwxtzlxxxt_b_order_receive_minute_df,order_num,bigint,yes,接单单数
public,stg_sjtysj_cbwrwxtzlxxxt_b_order_receive_minute_df,receive_minute,numeric,yes,接收时效
public,stg_sjtysj_cbwrwxtzlxxxt_b_order_receive_minute_df,receive_num,bigint,yes,接收单数
public,stg_sjtysj_cbwrwxtzlxxxt_b_order_receive_minute_df,dt,character varying(255),yes,分区日期
public,stg_sjtysj_cbwrwxtzlxxxt_b_process_unit_info_df,id,bigint,yes,id
public,stg_sjtysj_cbwrwxtzlxxxt_b_process_unit_info_df,unit_name,character varying(500),yes,处置单位名称
public,stg_sjtysj_cbwrwxtzlxxxt_b_process_unit_info_df,unit_code,character varying(500),yes,组织机构代码
public,stg_sjtysj_cbwrwxtzlxxxt_b_process_unit_info_df,unit_type,character varying(500),yes,"单位类型:转运单位,处置单位"
public,stg_sjtysj_cbwrwxtzlxxxt_b_process_unit_info_df,legal_person,character varying(500),yes,法人代表
public,stg_sjtysj_cbwrwxtzlxxxt_b_process_unit_info_df,phone,character varying(500),yes,联系电话
public,stg_sjtysj_cbwrwxtzlxxxt_b_process_unit_info_df,address,character varying(500),yes,地址
public,stg_sjtysj_cbwrwxtzlxxxt_b_process_unit_info_df,address_name,character varying(500),yes,省，市，区，地址名称
public,stg_sjtysj_cbwrwxtzlxxxt_b_process_unit_info_df,detail,character varying(500),yes,地址详情
public,stg_sjtysj_cbwrwxtzlxxxt_b_process_unit_info_df,process_unit_type,character varying(500),yes,处置单位类型，1：固废处置场，2:污水处理场，3炼油场
public,stg_sjtysj_cbwrwxtzlxxxt_b_process_unit_info_df,create_by,character varying(500),yes,创建者
public,stg_sjtysj_cbwrwxtzlxxxt_b_process_unit_info_df,create_date,timestamp without time zone,yes,创建时间
public,stg_sjtysj_cbwrwxtzlxxxt_b_process_unit_info_df,update_by,character varying(500),yes,更新人
public,stg_sjtysj_cbwrwxtzlxxxt_b_process_unit_info_df,update_date,timestamp without time zone,yes,更新时间
public,stg_sjtysj_cbwrwxtzlxxxt_b_process_unit_info_df,seal_img_url,character varying(500),yes,印章图片路径
public,stg_sjtysj_cbwrwxtzlxxxt_b_process_unit_info_df,manager_unit,character varying(500),yes,主管单位
public,stg_sjtysj_cbwrwxtzlxxxt_b_process_unit_info_df,business_scope,character varying(500),yes,业务范围
public,stg_sjtysj_cbwrwxtzlxxxt_b_process_unit_info_df,business_scope_name,character varying(500),yes,业务范围名称
public,stg_sjtysj_cbwrwxtzlxxxt_b_process_unit_info_df,dt,character varying(255),yes,分区日期
public,stg_sjtysj_cbwrwxtzlxxxt_b_receive_ship_assessment_df,id,bigint,yes,主键ID
public,stg_sjtysj_cbwrwxtzlxxxt_b_receive_ship_assessment_df,resiveshipid,bigint,yes,接收船舶id
public,stg_sjtysj_cbwrwxtzlxxxt_b_receive_ship_assessment_df,resiveshipname,character varying(500),yes,接收船舶名称
public,stg_sjtysj_cbwrwxtzlxxxt_b_receive_ship_assessment_df,cleancompayid,bigint,yes,清洁公司id
public,stg_sjtysj_cbwrwxtzlxxxt_b_receive_ship_assessment_df,shipnum,bigint,yes,行船选择
public,stg_sjtysj_cbwrwxtzlxxxt_b_receive_ship_assessment_df,billnum,bigint,yes,按时接单
public,stg_sjtysj_cbwrwxtzlxxxt_b_receive_ship_assessment_df,ontimes,bigint,yes,按时接收
public,stg_sjtysj_cbwrwxtzlxxxt_b_receive_ship_assessment_df,unbillnum,bigint,yes,未按时接单
public,stg_sjtysj_cbwrwxtzlxxxt_b_receive_ship_assessment_df,untimes,bigint,yes,未按时接收
public,stg_sjtysj_cbwrwxtzlxxxt_b_receive_ship_assessment_df,evaluation,bigint,yes,服务评分
public,stg_sjtysj_cbwrwxtzlxxxt_b_receive_ship_assessment_df,createtime,character varying(500),yes,时间
public,stg_sjtysj_cbwrwxtzlxxxt_b_receive_ship_assessment_df,countevaluation,bigint,yes,服务总平均分
public,stg_sjtysj_cbwrwxtzlxxxt_b_receive_ship_assessment_df,dt,character varying(255),yes,分区日期
public,stg_sjtysj_cbwrwxtzlxxxt_b_receive_ship_info_df,id,bigint,yes,id
public,stg_sjtysj_cbwrwxtzlxxxt_b_receive_ship_info_df,ship_name,character varying(500),yes,船名
public,stg_sjtysj_cbwrwxtzlxxxt_b_receive_ship_info_df,clean_company_id,bigint,yes,所属公司id
public,stg_sjtysj_cbwrwxtzlxxxt_b_receive_ship_info_df,registry_port,character varying(500),yes,船籍港
public,stg_sjtysj_cbwrwxtzlxxxt_b_receive_ship_info_df,ship_owner,character varying(500),yes,船舶所有人
public,stg_sjtysj_cbwrwxtzlxxxt_b_receive_ship_info_df,ship_operator,character varying(500),yes,船舶经营人
public,stg_sjtysj_cbwrwxtzlxxxt_b_receive_ship_info_df,captain,character varying(500),yes,船长
public,stg_sjtysj_cbwrwxtzlxxxt_b_receive_ship_info_df,captain_phone,character varying(500),yes,船长电话
public,stg_sjtysj_cbwrwxtzlxxxt_b_receive_ship_info_df,ship_type,character varying(500),yes,船舶类型：生活垃圾、生活污水、油污水、多功能
public,stg_sjtysj_cbwrwxtzlxxxt_b_receive_ship_info_df,aircert_validity,timestamp without time zone,yes,船舶适航证书有效期
public,stg_sjtysj_cbwrwxtzlxxxt_b_receive_ship_info_df,mmsi,character varying(500),yes,海上移动识别码
public,stg_sjtysj_cbwrwxtzlxxxt_b_receive_ship_info_df,load_weight,numeric,yes,核载重量
public,stg_sjtysj_cbwrwxtzlxxxt_b_receive_ship_info_df,carrier_volume,numeric,yes,核载体积
public,stg_sjtysj_cbwrwxtzlxxxt_b_receive_ship_info_df,status,character varying(500),yes,0冻结、1离线、2空闲、3作业中
public,stg_sjtysj_cbwrwxtzlxxxt_b_receive_ship_info_df,create_by,character varying(500),yes,创建者
public,stg_sjtysj_cbwrwxtzlxxxt_b_receive_ship_info_df,create_date,timestamp without time zone,yes,创建时间
public,stg_sjtysj_cbwrwxtzlxxxt_b_receive_ship_info_df,update_by,character varying(500),yes,更新人
public,stg_sjtysj_cbwrwxtzlxxxt_b_receive_ship_info_df,update_date,timestamp without time zone,yes,更新时间
public,stg_sjtysj_cbwrwxtzlxxxt_b_receive_ship_info_df,fee_standard_status,character varying(500),yes,收费标准申请状态，0为审批中，1为已完成
public,stg_sjtysj_cbwrwxtzlxxxt_b_receive_ship_info_df,anchoring_distance,bigint,yes,锚定距离
public,stg_sjtysj_cbwrwxtzlxxxt_b_receive_ship_info_df,free_flag,bigint,yes,是否从事免费接收
public,stg_sjtysj_cbwrwxtzlxxxt_b_receive_ship_info_df,dt,character varying(255),yes,分区日期
public,stg_sjtysj_cbwrwxtzlxxxt_b_transfer_car_df,id,bigint,yes,id
public,stg_sjtysj_cbwrwxtzlxxxt_b_transfer_car_df,car_num,character varying(500),yes,车牌号
public,stg_sjtysj_cbwrwxtzlxxxt_b_transfer_car_df,process_unit_id,bigint,yes,所属单位id
public,stg_sjtysj_cbwrwxtzlxxxt_b_transfer_car_df,driver,character varying(500),yes,主要司机
public,stg_sjtysj_cbwrwxtzlxxxt_b_transfer_car_df,phone,character varying(500),yes,联系电话
public,stg_sjtysj_cbwrwxtzlxxxt_b_transfer_car_df,car_type,character varying(500),yes,车辆类型
public,stg_sjtysj_cbwrwxtzlxxxt_b_transfer_car_df,auto_trans_flag,bigint,yes,上岸即处置开关
public,stg_sjtysj_cbwrwxtzlxxxt_b_transfer_car_df,create_by,character varying(500),yes,创建者
public,stg_sjtysj_cbwrwxtzlxxxt_b_transfer_car_df,create_date,timestamp without time zone,yes,创建时间
public,stg_sjtysj_cbwrwxtzlxxxt_b_transfer_car_df,update_by,character varying(500),yes,更新者
public,stg_sjtysj_cbwrwxtzlxxxt_b_transfer_car_df,update_date,timestamp without time zone,yes,更新时间
public,stg_sjtysj_cbwrwxtzlxxxt_b_transfer_car_df,dt,character varying(255),yes,分区日期
public,stg_sjtysj_cbwrwxtzlxxxt_b_wharf_info_df,id,bigint,yes,主键ID
public,stg_sjtysj_cbwrwxtzlxxxt_b_wharf_info_df,wharf_name,character varying(500),yes,码头公司名称
public,stg_sjtysj_cbwrwxtzlxxxt_b_wharf_info_df,wharf_code,character varying(500),yes,码头代码
public,stg_sjtysj_cbwrwxtzlxxxt_b_wharf_info_df,legal_person,character varying(500),yes,法人代表
public,stg_sjtysj_cbwrwxtzlxxxt_b_wharf_info_df,phone,character varying(500),yes,联系电话
public,stg_sjtysj_cbwrwxtzlxxxt_b_wharf_info_df,area,character varying(500),yes,省，市，区
public,stg_sjtysj_cbwrwxtzlxxxt_b_wharf_info_df,address,character varying(500),yes,详细地址
public,stg_sjtysj_cbwrwxtzlxxxt_b_wharf_info_df,validity_end,timestamp without time zone,yes,经营许可有效期
public,stg_sjtysj_cbwrwxtzlxxxt_b_wharf_info_df,receive_range,character varying(500),yes,接收范围(0为生活垃圾，1为生活污水，2为含油污水，3为废油)
public,stg_sjtysj_cbwrwxtzlxxxt_b_wharf_info_df,anchorage_id,bigint,yes,关联接收区域id
public,stg_sjtysj_cbwrwxtzlxxxt_b_wharf_info_df,create_by,character varying(500),yes,创建者
public,stg_sjtysj_cbwrwxtzlxxxt_b_wharf_info_df,create_date,timestamp without time zone,yes,创建时间
public,stg_sjtysj_cbwrwxtzlxxxt_b_wharf_info_df,update_by,character varying(500),yes,更新人
public,stg_sjtysj_cbwrwxtzlxxxt_b_wharf_info_df,update_date,timestamp without time zone,yes,更新时间
public,stg_sjtysj_cbwrwxtzlxxxt_b_wharf_info_df,seal_img_url,character varying(500),yes,印章图片路径
public,stg_sjtysj_cbwrwxtzlxxxt_b_wharf_info_df,pipe_network,character varying(500),yes,管网是否接入，0为未接入，1为接入
public,stg_sjtysj_cbwrwxtzlxxxt_b_wharf_info_df,process_id,bigint,yes,处置单位id
public,stg_sjtysj_cbwrwxtzlxxxt_b_wharf_info_df,only_jxy_flag,bigint,yes,是否只用于净小宜
public,stg_sjtysj_cbwrwxtzlxxxt_b_wharf_info_df,dt,character varying(255),yes,分区日期
public,stg_sjtysj_cbwrwxtzlxxxt_b_wharf_info_df,geom,"geometry(Point,4326)",yes,空间几何数据
public,stg_sjtysj_cbwrwxtzlxxxt_b_wharf_kpi_df,id,bigint,yes,主键
public,stg_sjtysj_cbwrwxtzlxxxt_b_wharf_kpi_df,day,character varying(500),yes,日期
public,stg_sjtysj_cbwrwxtzlxxxt_b_wharf_kpi_df,wharf_name,character varying(500),yes,码头名称
public,stg_sjtysj_cbwrwxtzlxxxt_b_wharf_kpi_df,shlj_num,numeric,yes,生活垃圾接收量
public,stg_sjtysj_cbwrwxtzlxxxt_b_wharf_kpi_df,shws_num,numeric,yes,生活污水接收量
public,stg_sjtysj_cbwrwxtzlxxxt_b_wharf_kpi_df,hyws_num,numeric,yes,含油污水接收量
public,stg_sjtysj_cbwrwxtzlxxxt_b_wharf_kpi_df,fy_num,numeric,yes,废油接收量
public,stg_sjtysj_cbwrwxtzlxxxt_b_wharf_kpi_df,order_count,bigint,yes,接收单数
public,stg_sjtysj_cbwrwxtzlxxxt_b_wharf_kpi_df,dt,character varying(255),yes,分区日期
public,stg_sjtysj_cbwrwxtzlxxxt_p_apply_detail_df,id,bigint,yes,id
public,stg_sjtysj_cbwrwxtzlxxxt_p_apply_detail_df,apply_no,character varying(500),yes,接受申请号
public,stg_sjtysj_cbwrwxtzlxxxt_p_apply_detail_df,poll_type,character varying(500),yes,污染物类型
public,stg_sjtysj_cbwrwxtzlxxxt_p_apply_detail_df,num,character varying(500),yes,数量
public,stg_sjtysj_cbwrwxtzlxxxt_p_apply_detail_df,remain_num,character varying(500),yes,剩余数量
public,stg_sjtysj_cbwrwxtzlxxxt_p_apply_detail_df,unit,character varying(500),yes,单位
public,stg_sjtysj_cbwrwxtzlxxxt_p_apply_detail_df,amount,numeric,yes,金额
public,stg_sjtysj_cbwrwxtzlxxxt_p_apply_detail_df,apply_picture,character varying(500),yes,申请照
public,stg_sjtysj_cbwrwxtzlxxxt_p_apply_detail_df,receive_picture,character varying(500),yes,接收船舶照片
public,stg_sjtysj_cbwrwxtzlxxxt_p_apply_detail_df,apply_trans_picture,character varying(500),yes,接收船舶申请转运照片
public,stg_sjtysj_cbwrwxtzlxxxt_p_apply_detail_df,trans_picture,character varying(500),yes,转运车辆照片
public,stg_sjtysj_cbwrwxtzlxxxt_p_apply_detail_df,handle_picture,character varying(500),yes,处理照片
public,stg_sjtysj_cbwrwxtzlxxxt_p_apply_detail_df,remark,character varying(500),yes,备注
public,stg_sjtysj_cbwrwxtzlxxxt_p_apply_detail_df,trans_status,bigint,yes,转运状态
public,stg_sjtysj_cbwrwxtzlxxxt_p_apply_detail_df,apply_szy_status,bigint,yes,申请szy单状态  收转运
public,stg_sjtysj_cbwrwxtzlxxxt_p_apply_detail_df,dt,character varying(255),yes,分区日期
public,stg_sjtysj_cbwrwxtzlxxxt_p_ashore_apply_df,apply_no,character varying(500),yes,上岸申请编号
public,stg_sjtysj_cbwrwxtzlxxxt_p_ashore_apply_df,status,character varying(500),yes,垃圾申请状态\r                                                                                                                                                                        +
,,,,yes,djd: 待接单\r                                                                                                                                                                         +
,,,,yes,yjd:已接单\r                                                                                                                                                                          +
,,,,yes,yjs:已接收\r                                                                                                                                                                          +
,,,,yes,ycjt:已处结\r                                                                                                                                                                         +
,,,,yes,qx:取消\r                                                                                                                                                                             +
,,,,yes,yzy:已转运\r                                                                                                                                                                          +
,,,,yes,bfzy:不转运
public,stg_sjtysj_cbwrwxtzlxxxt_p_ashore_apply_df,anchorage_name,character varying(500),yes,锚地名
public,stg_sjtysj_cbwrwxtzlxxxt_p_ashore_apply_df,port_id,bigint,yes,港口id
public,stg_sjtysj_cbwrwxtzlxxxt_p_ashore_apply_df,ship_name,character varying(500),yes,船名
public,stg_sjtysj_cbwrwxtzlxxxt_p_ashore_apply_df,ship_nation,character varying(500),yes,船舶国籍
public,stg_sjtysj_cbwrwxtzlxxxt_p_ashore_apply_df,poll_type,character varying(500),yes,船舶类型
public,stg_sjtysj_cbwrwxtzlxxxt_p_ashore_apply_df,num,numeric,yes,数量
public,stg_sjtysj_cbwrwxtzlxxxt_p_ashore_apply_df,unit,character varying(500),yes,单位
public,stg_sjtysj_cbwrwxtzlxxxt_p_ashore_apply_df,amount,numeric,yes,金额
public,stg_sjtysj_cbwrwxtzlxxxt_p_ashore_apply_df,app_id,character varying(500),yes,申请照id
public,stg_sjtysj_cbwrwxtzlxxxt_p_ashore_apply_df,remark,character varying(500),yes,备注
public,stg_sjtysj_cbwrwxtzlxxxt_p_ashore_apply_df,source,character varying(500),yes,来源
public,stg_sjtysj_cbwrwxtzlxxxt_p_ashore_apply_df,create_by,character varying(500),yes,创建者
public,stg_sjtysj_cbwrwxtzlxxxt_p_ashore_apply_df,create_date,timestamp without time zone,yes,创建时间
public,stg_sjtysj_cbwrwxtzlxxxt_p_ashore_apply_df,update_by,character varying(500),yes,更新者
public,stg_sjtysj_cbwrwxtzlxxxt_p_ashore_apply_df,update_date,timestamp without time zone,yes,更新时间
public,stg_sjtysj_cbwrwxtzlxxxt_p_ashore_apply_df,confirm_by,character varying(500),yes,确认者
public,stg_sjtysj_cbwrwxtzlxxxt_p_ashore_apply_df,confirm_date,timestamp without time zone,yes,确认时间
public,stg_sjtysj_cbwrwxtzlxxxt_p_ashore_apply_df,confirm_id,character varying(500),yes,确认照id
public,stg_sjtysj_cbwrwxtzlxxxt_p_ashore_apply_df,receive_num,character varying(500),yes,接收工单号
public,stg_sjtysj_cbwrwxtzlxxxt_p_ashore_apply_df,wharf_id,bigint,yes,码头id
public,stg_sjtysj_cbwrwxtzlxxxt_p_ashore_apply_df,receive_ship_id,bigint,yes,接收船舶id
public,stg_sjtysj_cbwrwxtzlxxxt_p_ashore_apply_df,receive_ship_name,character varying(500),yes,接收船舶名
public,stg_sjtysj_cbwrwxtzlxxxt_p_ashore_apply_df,receive_ship_nation,character varying(500),yes,接收船舶国籍
public,stg_sjtysj_cbwrwxtzlxxxt_p_ashore_apply_df,delivery_ship_captain,character varying(500),yes,交付船舶船长
public,stg_sjtysj_cbwrwxtzlxxxt_p_ashore_apply_df,captain_phone,character varying(500),yes,船长联系方式
public,stg_sjtysj_cbwrwxtzlxxxt_p_ashore_apply_df,receive_ship_captain,character varying(500),yes,接收船舶船长
public,stg_sjtysj_cbwrwxtzlxxxt_p_ashore_apply_df,receive_ship_captain_phone,character varying(500),yes,接收船舶船长联系方式
public,stg_sjtysj_cbwrwxtzlxxxt_p_ashore_apply_df,receive_company,character varying(500),yes,接收单位
public,stg_sjtysj_cbwrwxtzlxxxt_p_ashore_apply_df,receive_person,character varying(500),yes,接收人
public,stg_sjtysj_cbwrwxtzlxxxt_p_ashore_apply_df,receive_date,timestamp without time zone,yes,接收时间：当状态为：yjs
public,stg_sjtysj_cbwrwxtzlxxxt_p_ashore_apply_df,complete_receive_date,timestamp without time zone,yes,完成接收时间
public,stg_sjtysj_cbwrwxtzlxxxt_p_ashore_apply_df,goods_type,character varying(500),yes,货物种类
public,stg_sjtysj_cbwrwxtzlxxxt_p_ashore_apply_df,actual_tons,numeric,yes,实载吨位
public,stg_sjtysj_cbwrwxtzlxxxt_p_ashore_apply_df,standard_container_num,numeric,yes,标箱数量
public,stg_sjtysj_cbwrwxtzlxxxt_p_ashore_apply_df,domestic_trade_num,numeric,yes,内贸数量
public,stg_sjtysj_cbwrwxtzlxxxt_p_ashore_apply_df,foreign_trade_num,numeric,yes,外贸数量
public,stg_sjtysj_cbwrwxtzlxxxt_p_ashore_apply_df,actual_crew_num,bigint,yes,实际船员人数
public,stg_sjtysj_cbwrwxtzlxxxt_p_ashore_apply_df,actual_poll_type,character varying(500),yes,实际污染物类型
public,stg_sjtysj_cbwrwxtzlxxxt_p_ashore_apply_df,actual_poll_num,numeric,yes,实际污染物数量
public,stg_sjtysj_cbwrwxtzlxxxt_p_ashore_apply_df,actual_poll_unit,character varying(500),yes,实际污染物单位
public,stg_sjtysj_cbwrwxtzlxxxt_p_ashore_apply_df,evaluation,bigint,yes,本次服务评价
public,stg_sjtysj_cbwrwxtzlxxxt_p_ashore_apply_df,expected_delivery_time,timestamp without time zone,yes,期望交付时间
public,stg_sjtysj_cbwrwxtzlxxxt_p_ashore_apply_df,reject_reason,character varying(500),yes,拒收理由
public,stg_sjtysj_cbwrwxtzlxxxt_p_ashore_apply_df,pdf_img_url,character varying(500),yes,pdf图片地址
public,stg_sjtysj_cbwrwxtzlxxxt_p_ashore_apply_df,shlj_text,character varying(500),no,
public,stg_sjtysj_cbwrwxtzlxxxt_p_ashore_apply_df,shlj_time,character varying(500),yes,生活垃圾说明
public,stg_sjtysj_cbwrwxtzlxxxt_p_ashore_apply_df,fy_text,character varying(500),yes,费油说明
public,stg_sjtysj_cbwrwxtzlxxxt_p_ashore_apply_df,fy_time,character varying(500),no,
public,stg_sjtysj_cbwrwxtzlxxxt_p_ashore_apply_df,hyws_text,character varying(500),yes,含油污水
public,stg_sjtysj_cbwrwxtzlxxxt_p_ashore_apply_df,hyws_time,character varying(500),no,
public,stg_sjtysj_cbwrwxtzlxxxt_p_ashore_apply_df,shws_text,character varying(500),yes,生活污水说明
public,stg_sjtysj_cbwrwxtzlxxxt_p_ashore_apply_df,shws_time,character varying(500),no,
public,stg_sjtysj_cbwrwxtzlxxxt_p_ashore_apply_df,ypj_status,character varying(500),yes,是否已评价状态
public,stg_sjtysj_cbwrwxtzlxxxt_p_ashore_apply_df,deliverer,character varying(500),yes,交付人
public,stg_sjtysj_cbwrwxtzlxxxt_p_ashore_apply_df,cex_data_source,bigint,yes,0:预约 1:扫码（码头） 3: 扫码(车船)
public,stg_sjtysj_cbwrwxtzlxxxt_p_ashore_apply_df,qrcode_confirm_flag,bigint,yes,扫码交互，是否确认过 0：未确认 1：已确认 是否有填报货种货量标志
public,stg_sjtysj_cbwrwxtzlxxxt_p_ashore_apply_df,qrcode_confirm_time,timestamp without time zone,yes,扫码交互确认时间（填报货种货量时间）
public,stg_sjtysj_cbwrwxtzlxxxt_p_ashore_apply_df,from_port_province,character varying(500),no,
public,stg_sjtysj_cbwrwxtzlxxxt_p_ashore_apply_df,from_port_city,character varying(500),no,
public,stg_sjtysj_cbwrwxtzlxxxt_p_ashore_apply_df,to_port_province,character varying(500),no,
public,stg_sjtysj_cbwrwxtzlxxxt_p_ashore_apply_df,to_port_city,character varying(500),no,
public,stg_sjtysj_cbwrwxtzlxxxt_p_ashore_apply_df,dt,character varying(255),yes,分区日期
public,stg_sjtysj_cbwrwxtzlxxxt_p_handover_trans_detail_df,id,bigint,yes,主键
public,stg_sjtysj_cbwrwxtzlxxxt_p_handover_trans_detail_df,trans_no,character varying(500),no,
public,stg_sjtysj_cbwrwxtzlxxxt_p_handover_trans_detail_df,type,character varying(500),yes,js:接收行明细、cc:存储单
public,stg_sjtysj_cbwrwxtzlxxxt_p_handover_trans_detail_df,js_apply_no,character varying(500),no,
public,stg_sjtysj_cbwrwxtzlxxxt_p_handover_trans_detail_df,js_detail_id,bigint,no,
public,stg_sjtysj_cbwrwxtzlxxxt_p_handover_trans_detail_df,cc_store_no,character varying(500),yes,存储单单号，可能没有
public,stg_sjtysj_cbwrwxtzlxxxt_p_handover_trans_detail_df,create_time,character varying(500),yes,创建时间
public,stg_sjtysj_cbwrwxtzlxxxt_p_handover_trans_detail_df,dt,character varying(255),yes,分区日期
public,stg_sjtysj_cbwrwxtzlxxxt_p_handover_trans_df,id,bigint,yes,主键
public,stg_sjtysj_cbwrwxtzlxxxt_p_handover_trans_df,trans_no,character varying(500),yes,转运单号
public,stg_sjtysj_cbwrwxtzlxxxt_p_handover_trans_df,status,character varying(500),yes,状态： dzy、yjs、yzy
public,stg_sjtysj_cbwrwxtzlxxxt_p_handover_trans_df,cc_status,character varying(500),yes,后续存储状态 wsq：未申请， dcc : 待存储，ycc : 已存储
public,stg_sjtysj_cbwrwxtzlxxxt_p_handover_trans_df,trans_subject_type,character varying(500),yes,转运主体类型 0:接收船舶 1:转运车辆
public,stg_sjtysj_cbwrwxtzlxxxt_p_handover_trans_df,trans_subject_id,bigint,yes,转运主体id
public,stg_sjtysj_cbwrwxtzlxxxt_p_handover_trans_df,trans_subject_name,character varying(500),yes,转运主体名称（船名、车牌号）
public,stg_sjtysj_cbwrwxtzlxxxt_p_handover_trans_df,trans_subject_contact_person,character varying(500),yes,转运主体联系人
public,stg_sjtysj_cbwrwxtzlxxxt_p_handover_trans_df,trans_subject_contact_telephone,character varying(500),yes,转运主体联系方式
public,stg_sjtysj_cbwrwxtzlxxxt_p_handover_trans_df,trans_subject_company,character varying(500),yes,转运主体所属公司
public,stg_sjtysj_cbwrwxtzlxxxt_p_handover_trans_df,confirm_receive_time,character varying(500),yes,转运主体确认接收完成时间（点击按钮的时间）
public,stg_sjtysj_cbwrwxtzlxxxt_p_handover_trans_df,receive_complete_time,character varying(500),yes,接收完成时间
public,stg_sjtysj_cbwrwxtzlxxxt_p_handover_trans_df,poll_type,character varying(500),yes,污染物类型
public,stg_sjtysj_cbwrwxtzlxxxt_p_handover_trans_df,poll_weight_num,numeric,yes,污染物数量
public,stg_sjtysj_cbwrwxtzlxxxt_p_handover_trans_df,apply_wharf_id,bigint,yes,申请码头id
public,stg_sjtysj_cbwrwxtzlxxxt_p_handover_trans_df,apply_wharf_name,character varying(500),yes,申请码头名称
public,stg_sjtysj_cbwrwxtzlxxxt_p_handover_trans_df,apply_wharf_company,character varying(500),yes,申请码头所属公司 （没有的填入码头名称）
public,stg_sjtysj_cbwrwxtzlxxxt_p_handover_trans_df,apply_anchorage_name,character varying(500),yes,交互水域
public,stg_sjtysj_cbwrwxtzlxxxt_p_handover_trans_df,apply_contact_person,character varying(500),yes,申请-联系人
public,stg_sjtysj_cbwrwxtzlxxxt_p_handover_trans_df,apply_contact_telephone,character varying(500),yes,申请-联系人手机号
public,stg_sjtysj_cbwrwxtzlxxxt_p_handover_trans_df,target_wharf_id,bigint,yes,目的地码头id （注：目的码头界面上看不到该单据）
public,stg_sjtysj_cbwrwxtzlxxxt_p_handover_trans_df,target_wharf_name,character varying(500),yes,目的地码头名称
public,stg_sjtysj_cbwrwxtzlxxxt_p_handover_trans_df,trans_start_time,character varying(500),yes,交互时间（转运开始时间）
public,stg_sjtysj_cbwrwxtzlxxxt_p_handover_trans_df,trans_complete_time,character varying(500),yes,转运完成时间
public,stg_sjtysj_cbwrwxtzlxxxt_p_handover_trans_df,apply_img_path,character varying(500),yes,申请转运照片
public,stg_sjtysj_cbwrwxtzlxxxt_p_handover_trans_df,cc_store_no,character varying(500),yes,后续存储单单号
public,stg_sjtysj_cbwrwxtzlxxxt_p_handover_trans_df,create_time,character varying(500),yes,申请时间
public,stg_sjtysj_cbwrwxtzlxxxt_p_handover_trans_df,create_by,character varying(500),yes,申请账号
public,stg_sjtysj_cbwrwxtzlxxxt_p_handover_trans_df,remarks,character varying(500),yes,备注
public,stg_sjtysj_cbwrwxtzlxxxt_p_handover_trans_df,pdf_img_url,character varying(500),yes,联单图片
public,stg_sjtysj_cbwrwxtzlxxxt_p_handover_trans_df,dt,character varying(255),yes,分区日期
public,stg_sjtysj_cbwrwxtzlxxxt_p_receive_storage_df,apply_detail_id,bigint,yes,id
public,stg_sjtysj_cbwrwxtzlxxxt_p_receive_storage_df,wharf_id,bigint,yes,存储码头id
public,stg_sjtysj_cbwrwxtzlxxxt_p_receive_storage_df,apply_no,character varying(500),yes,申请单号
public,stg_sjtysj_cbwrwxtzlxxxt_p_receive_storage_df,storage_no,character varying(500),yes,存储单号
public,stg_sjtysj_cbwrwxtzlxxxt_p_receive_storage_df,dt,character varying(255),yes,分区日期
public,stg_sjtysj_cbwrwxtzlxxxt_p_trans_apply_detail_df,trans_no,character varying(500),yes,转运申请编号
public,stg_sjtysj_cbwrwxtzlxxxt_p_trans_apply_detail_df,trans_apply_line,bigint,yes,转运申请行
public,stg_sjtysj_cbwrwxtzlxxxt_p_trans_apply_detail_df,receive_line,bigint,yes,接收申请行
public,stg_sjtysj_cbwrwxtzlxxxt_p_trans_apply_detail_df,ashore_apply_no,character varying(500),yes,接收申请号
public,stg_sjtysj_cbwrwxtzlxxxt_p_trans_apply_detail_df,dt,character varying(255),yes,分区日期
public,stg_sjtysj_cbwrwxtzlxxxt_p_trans_apply_df,trans_no,character varying(500),yes,转运编号
public,stg_sjtysj_cbwrwxtzlxxxt_p_trans_apply_df,status,character varying(500),yes,待转运：创建完成后变成待转运状态，只有此状态下可修改
public,stg_sjtysj_cbwrwxtzlxxxt_p_trans_apply_df,delivery_company_name,character varying(500),yes,交付单位
public,stg_sjtysj_cbwrwxtzlxxxt_p_trans_apply_df,delivery_ship_name,character varying(500),yes,交付船舶名
public,stg_sjtysj_cbwrwxtzlxxxt_p_trans_apply_df,delivery_ship_nation,character varying(500),yes,船舶国籍
public,stg_sjtysj_cbwrwxtzlxxxt_p_trans_apply_df,delivery_ship_caption,character varying(500),yes,交付船舶船长
public,stg_sjtysj_cbwrwxtzlxxxt_p_trans_apply_df,delivery_ship_caption_tel,character varying(500),yes,船长联系方式
public,stg_sjtysj_cbwrwxtzlxxxt_p_trans_apply_df,car_id,bigint,yes,车辆id
public,stg_sjtysj_cbwrwxtzlxxxt_p_trans_apply_df,car_num,character varying(500),yes,转运车牌号
public,stg_sjtysj_cbwrwxtzlxxxt_p_trans_apply_df,car_driver,character varying(500),yes,转运车辆驾驶员姓名：
public,stg_sjtysj_cbwrwxtzlxxxt_p_trans_apply_df,car_driver_tel,character varying(500),yes,联系方式
public,stg_sjtysj_cbwrwxtzlxxxt_p_trans_apply_df,unit,character varying(500),yes,转运单位
public,stg_sjtysj_cbwrwxtzlxxxt_p_trans_apply_df,trans_address,character varying(500),yes,转运地址
public,stg_sjtysj_cbwrwxtzlxxxt_p_trans_apply_df,commit_num,numeric,yes,提交数
public,stg_sjtysj_cbwrwxtzlxxxt_p_trans_apply_df,trans_num,numeric,yes,转运数
public,stg_sjtysj_cbwrwxtzlxxxt_p_trans_apply_df,hander_num,numeric,yes,处置数
public,stg_sjtysj_cbwrwxtzlxxxt_p_trans_apply_df,create_by,character varying(500),yes,创建者
public,stg_sjtysj_cbwrwxtzlxxxt_p_trans_apply_df,create_date,timestamp without time zone,yes,创建时间
public,stg_sjtysj_cbwrwxtzlxxxt_p_trans_apply_df,update_by,character varying(500),yes,更新者
public,stg_sjtysj_cbwrwxtzlxxxt_p_trans_apply_df,update_date,timestamp without time zone,yes,更新时间
public,stg_sjtysj_cbwrwxtzlxxxt_p_trans_apply_df,confirm_by,character varying(500),yes,确认者
public,stg_sjtysj_cbwrwxtzlxxxt_p_trans_apply_df,confirm_date,timestamp without time zone,yes,确认时间
public,stg_sjtysj_cbwrwxtzlxxxt_p_trans_apply_df,recycle_company_id,bigint,yes,回收单位id
public,stg_sjtysj_cbwrwxtzlxxxt_p_trans_apply_df,recycle_company_name,character varying(500),yes,回收单位名
public,stg_sjtysj_cbwrwxtzlxxxt_p_trans_apply_df,recycle_person,character varying(500),yes,回收人
public,stg_sjtysj_cbwrwxtzlxxxt_p_trans_apply_df,recycle_phone,character varying(500),yes,回收人联系方式
public,stg_sjtysj_cbwrwxtzlxxxt_p_trans_apply_df,delivery_address,character varying(500),yes,交付地点
public,stg_sjtysj_cbwrwxtzlxxxt_p_trans_apply_df,process_unit_id,bigint,yes,处置单位id
public,stg_sjtysj_cbwrwxtzlxxxt_p_trans_apply_df,hander_by,character varying(500),yes,处置人
public,stg_sjtysj_cbwrwxtzlxxxt_p_trans_apply_df,hander_date,timestamp without time zone,yes,处置时间
public,stg_sjtysj_cbwrwxtzlxxxt_p_trans_apply_df,hander_comp,character varying(500),yes,处置单位
public,stg_sjtysj_cbwrwxtzlxxxt_p_trans_apply_df,hander_tel,character varying(500),yes,处置人联系方式
public,stg_sjtysj_cbwrwxtzlxxxt_p_trans_apply_df,process_address,character varying(500),yes,处置地址
public,stg_sjtysj_cbwrwxtzlxxxt_p_trans_apply_df,poll_type,character varying(500),yes,垃圾类型
public,stg_sjtysj_cbwrwxtzlxxxt_p_trans_apply_df,poll_num,numeric,yes,垃圾数量
public,stg_sjtysj_cbwrwxtzlxxxt_p_trans_apply_df,poll_unit,character varying(500),yes,垃圾数量单位
public,stg_sjtysj_cbwrwxtzlxxxt_p_trans_apply_df,apply_recyclable_trash,numeric,yes,申请可回收垃圾数量
public,stg_sjtysj_cbwrwxtzlxxxt_p_trans_apply_df,apply_kitchen_trash,numeric,yes,申请厨余垃圾数量
public,stg_sjtysj_cbwrwxtzlxxxt_p_trans_apply_df,apply_other_trash,numeric,yes,申请其他垃圾数量
public,stg_sjtysj_cbwrwxtzlxxxt_p_trans_apply_df,apply_harmful_trash,numeric,yes,申请有害垃圾数量
public,stg_sjtysj_cbwrwxtzlxxxt_p_trans_apply_df,receive_recyclable_trash,numeric,yes,接收可回收垃圾数量
public,stg_sjtysj_cbwrwxtzlxxxt_p_trans_apply_df,trans_kitchen_trash,numeric,yes,转运厨余垃圾数量
public,stg_sjtysj_cbwrwxtzlxxxt_p_trans_apply_df,trans_other_trash,numeric,yes,转运其他垃圾数量
public,stg_sjtysj_cbwrwxtzlxxxt_p_trans_apply_df,trans_harmful_trash,numeric,yes,转运有害垃圾数量
public,stg_sjtysj_cbwrwxtzlxxxt_p_trans_apply_df,process_kitchen_trash,numeric,yes,处置厨余垃圾数量
public,stg_sjtysj_cbwrwxtzlxxxt_p_trans_apply_df,process_other_trash,numeric,yes,处置其他垃圾数量
public,stg_sjtysj_cbwrwxtzlxxxt_p_trans_apply_df,process_harmful_trash,numeric,yes,处置有害垃圾数量
public,stg_sjtysj_cbwrwxtzlxxxt_p_trans_apply_df,recycle_pic,character varying(500),yes,回收照片
public,stg_sjtysj_cbwrwxtzlxxxt_p_trans_apply_df,recycle_remarks,character varying(500),yes,回收备注
public,stg_sjtysj_cbwrwxtzlxxxt_p_trans_apply_df,apply_trans_pic,character varying(500),yes,接收船舶申请转运照片
public,stg_sjtysj_cbwrwxtzlxxxt_p_trans_apply_df,car_trans_pic,character varying(500),yes,车辆转运作业照片
public,stg_sjtysj_cbwrwxtzlxxxt_p_trans_apply_df,car_trans_remarks,character varying(500),yes,转运车辆备注
public,stg_sjtysj_cbwrwxtzlxxxt_p_trans_apply_df,handle_pic,character varying(500),yes,实际处置照片
public,stg_sjtysj_cbwrwxtzlxxxt_p_trans_apply_df,handle_remarks,character varying(500),yes,实际处置备注
public,stg_sjtysj_cbwrwxtzlxxxt_p_trans_apply_df,process_pdf,character varying(500),yes,处置pdf
public,stg_sjtysj_cbwrwxtzlxxxt_p_trans_apply_df,pdf_img_url,character varying(500),yes,pdf处置联单图片地址
public,stg_sjtysj_cbwrwxtzlxxxt_p_trans_apply_df,pdf_trans_img_url,character varying(500),yes,转运时生成pdf转图片地址
public,stg_sjtysj_cbwrwxtzlxxxt_p_trans_apply_df,landing_time,timestamp without time zone,yes,靠岸时间
public,stg_sjtysj_cbwrwxtzlxxxt_p_trans_apply_df,withdrawal_stats,character varying(500),yes,撤回状态:1.待转运撤回，2.待转运修改
public,stg_sjtysj_cbwrwxtzlxxxt_p_trans_apply_df,pipe_network,character varying(500),yes,管网
public,stg_sjtysj_cbwrwxtzlxxxt_p_trans_apply_df,wharf_name,character varying(500),yes,码头名称
public,stg_sjtysj_cbwrwxtzlxxxt_p_trans_apply_df,wharf_id,bigint,yes,码头id
public,stg_sjtysj_cbwrwxtzlxxxt_p_trans_apply_df,wharf_mobile,character varying(500),yes,码头联系方式
public,stg_sjtysj_cbwrwxtzlxxxt_p_trans_apply_df,trans_vo,character varying(500),yes,船e行转运单证号
public,stg_sjtysj_cbwrwxtzlxxxt_p_trans_apply_df,process_vo,character varying(500),yes,船e行处置单证号
public,stg_sjtysj_cbwrwxtzlxxxt_p_trans_apply_df,trans_vo_time,character varying(500),yes,推送船e行转运时间
public,stg_sjtysj_cbwrwxtzlxxxt_p_trans_apply_df,process_vo_time,character varying(500),yes,推送船e行处置时间
public,stg_sjtysj_cbwrwxtzlxxxt_p_trans_apply_df,delivery_subject_type,character varying(500),yes,申请主体类型 4: 码头; 0:接收船舶
public,stg_sjtysj_cbwrwxtzlxxxt_p_trans_apply_df,delivery_subject_id,bigint,yes,申请主体id
public,stg_sjtysj_cbwrwxtzlxxxt_p_trans_apply_df,confirm_trans_time,timestamp without time zone,yes,确认转运时间
public,stg_sjtysj_cbwrwxtzlxxxt_p_trans_apply_df,confirm_process_time,timestamp without time zone,yes,确认处置时间
public,stg_sjtysj_cbwrwxtzlxxxt_p_trans_apply_df,dt,character varying(255),yes,分区日期
public,stg_sjtysj_cbwrwxtzlxxxt_p_wharf_storage_df,storage_no,character varying(500),yes,存储编号
public,stg_sjtysj_cbwrwxtzlxxxt_p_wharf_storage_df,status,character varying(500),yes,转运状态
public,stg_sjtysj_cbwrwxtzlxxxt_p_wharf_storage_df,receive_company_name,character varying(500),yes,接收船舶公司名
public,stg_sjtysj_cbwrwxtzlxxxt_p_wharf_storage_df,receive_ship_name,character varying(500),yes,接收船名
public,stg_sjtysj_cbwrwxtzlxxxt_p_wharf_storage_df,receive_ship_caption,character varying(500),yes,接收船船长
public,stg_sjtysj_cbwrwxtzlxxxt_p_wharf_storage_df,receive_ship_caption_tel,character varying(500),yes,接收船船长电话
public,stg_sjtysj_cbwrwxtzlxxxt_p_wharf_storage_df,create_by,character varying(500),yes,创建者
public,stg_sjtysj_cbwrwxtzlxxxt_p_wharf_storage_df,create_date,timestamp without time zone,yes,创建时间
public,stg_sjtysj_cbwrwxtzlxxxt_p_wharf_storage_df,update_by,character varying(500),yes,更新者
public,stg_sjtysj_cbwrwxtzlxxxt_p_wharf_storage_df,update_date,timestamp without time zone,yes,更新时间
public,stg_sjtysj_cbwrwxtzlxxxt_p_wharf_storage_df,confirm_by,character varying(500),yes,确认人
public,stg_sjtysj_cbwrwxtzlxxxt_p_wharf_storage_df,confirm_date,timestamp without time zone,yes,确认时间
public,stg_sjtysj_cbwrwxtzlxxxt_p_wharf_storage_df,wharf_name,character varying(500),yes,码头名称
public,stg_sjtysj_cbwrwxtzlxxxt_p_wharf_storage_df,wharf_id,bigint,yes,码头id
public,stg_sjtysj_cbwrwxtzlxxxt_p_wharf_storage_df,poll_type,character varying(500),yes,污染物类型
public,stg_sjtysj_cbwrwxtzlxxxt_p_wharf_storage_df,poll_num,numeric,yes,污染物数据量
public,stg_sjtysj_cbwrwxtzlxxxt_p_wharf_storage_df,poll_unit,character varying(500),yes,污染物单位
public,stg_sjtysj_cbwrwxtzlxxxt_p_wharf_storage_df,remarks,character varying(500),yes,备注
public,stg_sjtysj_cbwrwxtzlxxxt_p_wharf_storage_df,picture,character varying(500),yes,图片地址
public,stg_sjtysj_cbwrwxtzlxxxt_p_wharf_storage_df,receive_area,character varying(500),yes,接收水域
public,stg_sjtysj_cbwrwxtzlxxxt_p_wharf_storage_df,storage_order_pdf,character varying(500),yes,存储联单地址
public,stg_sjtysj_cbwrwxtzlxxxt_p_wharf_storage_df,storage_order_img,character varying(500),yes,存储联单图片地址
public,stg_sjtysj_cbwrwxtzlxxxt_p_wharf_storage_df,handover_trans_no,character varying(500),yes,前置szy单单号（可空）
public,stg_sjtysj_cbwrwxtzlxxxt_p_wharf_storage_df,apply_szy_status,bigint,yes,是否申请了szy单 0：未申请 1：已申请
public,stg_sjtysj_cbwrwxtzlxxxt_p_wharf_storage_df,dt,character varying(255),yes,分区日期
public,stg_sslhhpj_hbsxkqycszhslzhglptjsxm_att_bas_base_df,bas_code,character varying(500),yes,流域代码
public,stg_sslhhpj_hbsxkqycszhslzhglptjsxm_att_bas_base_df,bas_name,character varying(500),yes,流域名称
public,stg_sslhhpj_hbsxkqycszhslzhglptjsxm_att_bas_base_df,parent_bas_code,character varying(500),yes,父级流域代码
public,stg_sslhhpj_hbsxkqycszhslzhglptjsxm_att_bas_base_df,businessid,character varying(500),yes,统一编码
public,stg_sslhhpj_hbsxkqycszhslzhglptjsxm_att_bas_base_df,low_left_long,numeric,yes,左下角经度
public,stg_sslhhpj_hbsxkqycszhslzhglptjsxm_att_bas_base_df,low_left_lat,numeric,yes,左下角纬度
public,stg_sslhhpj_hbsxkqycszhslzhglptjsxm_att_bas_base_df,up_right_long,numeric,yes,右上角经度
public,stg_sslhhpj_hbsxkqycszhslzhglptjsxm_att_bas_base_df,up_right_lat,numeric,yes,右上角纬度
public,stg_sslhhpj_hbsxkqycszhslzhglptjsxm_att_bas_base_df,cr_over_type,character varying(500),yes,跨界类型 0未知 1跨国并跨省 2跨国 3跨省 4跨市 5跨县 6县界内
public,stg_sslhhpj_hbsxkqycszhslzhglptjsxm_att_bas_base_df,adcd,character varying(500),yes,所属行政区划编码
public,stg_sslhhpj_hbsxkqycszhslzhglptjsxm_att_bas_base_df,bas_ad_name,character varying(500),yes,流域所属行政区
public,stg_sslhhpj_hbsxkqycszhslzhglptjsxm_att_bas_base_df,bas_grad,character varying(500),yes,流域级别 1 一级流域 2二级流域 3三级流域 4四级流域 5五级流域 6六级流域 ..... .......以此类推
public,stg_sslhhpj_hbsxkqycszhslzhglptjsxm_att_bas_base_df,bas_area,numeric,yes,流域面积
public,stg_sslhhpj_hbsxkqycszhslzhglptjsxm_att_bas_base_df,sort,bigint,yes,排序
public,stg_sslhhpj_hbsxkqycszhslzhglptjsxm_att_bas_base_df,bas_source,character varying(500),yes,流域来源：0-自然资源 1-流域治理划分流域
public,stg_sslhhpj_hbsxkqycszhslzhglptjsxm_att_bas_base_df,note,character varying(500),yes,流域介绍
public,stg_sslhhpj_hbsxkqycszhslzhglptjsxm_att_bas_base_df,coordinates,character varying(500),yes,地理坐标
public,stg_sslhhpj_hbsxkqycszhslzhglptjsxm_att_bas_base_df,optype,character varying(500),yes,操作类型:(0-初始 1-新增 2-修改 3-删除)
public,stg_sslhhpj_hbsxkqycszhslzhglptjsxm_att_bas_base_df,source,character varying(500),yes,"数据来源:(数据中台,水旱灾害防御)"
public,stg_sslhhpj_hbsxkqycszhslzhglptjsxm_att_bas_base_df,optime,timestamp without time zone,yes,操作时间
public,stg_sslhhpj_hbsxkqycszhslzhglptjsxm_att_bas_base_df,dt,character varying(255),yes,分区日期
public,stg_sslhhpj_hbsxkqycszhslzhglptjsxm_att_wmst_base_df,wmst_code,character varying(500),yes,监视点代码
public,stg_sslhhpj_hbsxkqycszhslzhglptjsxm_att_wmst_base_df,wmst_name,character varying(500),yes,监视点名称
public,stg_sslhhpj_hbsxkqycszhslzhglptjsxm_att_wmst_base_df,businessid,character varying(500),yes,统一编码
public,stg_sslhhpj_hbsxkqycszhslzhglptjsxm_att_wmst_base_df,wmst_type,character varying(500),yes,监视点类型(1-图像站 2-视频站)
public,stg_sslhhpj_hbsxkqycszhslzhglptjsxm_att_wmst_base_df,wmst_lon,numeric,yes,监视点经度
public,stg_sslhhpj_hbsxkqycszhslzhglptjsxm_att_wmst_base_df,wmst_lat,numeric,yes,监视点纬度
public,stg_sslhhpj_hbsxkqycszhslzhglptjsxm_att_wmst_base_df,wmst_xzc,character varying(500),yes,监视点所在县镇村
public,stg_sslhhpj_hbsxkqycszhslzhglptjsxm_att_wmst_base_df,wmst_loc,character varying(500),yes,监视点所在位置(组)
public,stg_sslhhpj_hbsxkqycszhslzhglptjsxm_att_wmst_base_df,adcd,character varying(500),yes,行政区划编码
public,stg_sslhhpj_hbsxkqycszhslzhglptjsxm_att_wmst_base_df,rv_name,character varying(500),yes,所在河流名称
public,stg_sslhhpj_hbsxkqycszhslzhglptjsxm_att_wmst_base_df,wmst_obj,character varying(500),yes,监视对象(水库 河道 湖泊 电站 施工现场)
public,stg_sslhhpj_hbsxkqycszhslzhglptjsxm_att_wmst_base_df,object_code,character varying(500),yes,监控对象编码
public,stg_sslhhpj_hbsxkqycszhslzhglptjsxm_att_wmst_base_df,device_type,character varying(500),yes,设备类型(枪机，半球，球机，云台枪机)
public,stg_sslhhpj_hbsxkqycszhslzhglptjsxm_att_wmst_base_df,wmst_status,character varying(500),yes,设备状态(0-离线 1-在线)
public,stg_sslhhpj_hbsxkqycszhslzhglptjsxm_att_wmst_base_df,sbcs,character varying(500),yes,设备厂商
public,stg_sslhhpj_hbsxkqycszhslzhglptjsxm_att_wmst_base_df,bmgs,character varying(500),yes,编码格式
public,stg_sslhhpj_hbsxkqycszhslzhglptjsxm_att_wmst_base_df,fbl,character varying(500),yes,分辨率
public,stg_sslhhpj_hbsxkqycszhslzhglptjsxm_att_wmst_base_df,ktjjfw,character varying(500),yes,可调焦距范围
public,stg_sslhhpj_hbsxkqycszhslzhglptjsxm_att_wmst_base_df,adminunit,character varying(500),yes,管理单位
public,stg_sslhhpj_hbsxkqycszhslzhglptjsxm_att_wmst_base_df,drctrdpt,character varying(500),yes,主管部门
public,stg_sslhhpj_hbsxkqycszhslzhglptjsxm_att_wmst_base_df,adm_dep,character varying(500),yes,归口管理部门(1-水利部门 2-电力部门 3-农业部门 4-林业部门 5-城建部门 6-航运部门 7-环保部门 9-其他)
public,stg_sslhhpj_hbsxkqycszhslzhglptjsxm_att_wmst_base_df,note,character varying(500),yes,监视点介绍
public,stg_sslhhpj_hbsxkqycszhslzhglptjsxm_att_wmst_base_df,region_source,character varying(500),yes,组织来源分类
public,stg_sslhhpj_hbsxkqycszhslzhglptjsxm_att_wmst_base_df,sfxs,character varying(500),yes,是否显示：0-不显示 1-显示
public,stg_sslhhpj_hbsxkqycszhslzhglptjsxm_att_wmst_base_df,optype,character varying(500),yes,操作类型(0-初始 1-新增 2-修改 3-删除)
public,stg_sslhhpj_hbsxkqycszhslzhglptjsxm_att_wmst_base_df,source,character varying(500),yes,"数据来源名称(数据中台,数据填报)"
public,stg_sslhhpj_hbsxkqycszhslzhglptjsxm_att_wmst_base_df,optime,timestamp without time zone,yes,操作时间
public,stg_sslhhpj_hbsxkqycszhslzhglptjsxm_att_wmst_base_df,dt,character varying(255),yes,分区日期
public,stg_sslhhpj_hbsxkqycszhslzhglptjsxm_rcm_rv_lk_res_df,id,character varying(500),yes,主键id
public,stg_sslhhpj_hbsxkqycszhslzhglptjsxm_rcm_rv_lk_res_df,obj_id,character varying(500),yes,河流id/湖泊id/水库id
public,stg_sslhhpj_hbsxkqycszhslzhglptjsxm_rcm_rv_lk_res_df,obj_type,character varying(500),yes,河湖库类型
public,stg_sslhhpj_hbsxkqycszhslzhglptjsxm_rcm_rv_lk_res_df,obj_code,character varying(500),yes,河湖库编号
public,stg_sslhhpj_hbsxkqycszhslzhglptjsxm_rcm_rv_lk_res_df,obj_name,character varying(500),yes,河湖库名称
public,stg_sslhhpj_hbsxkqycszhslzhglptjsxm_rcm_rv_lk_res_df,basin_id,character varying(500),yes,流域id
public,stg_sslhhpj_hbsxkqycszhslzhglptjsxm_rcm_rv_lk_res_df,note,character varying(500),yes,备注
public,stg_sslhhpj_hbsxkqycszhslzhglptjsxm_rcm_rv_lk_res_df,sort_order,bigint,yes,序号
public,stg_sslhhpj_hbsxkqycszhslzhglptjsxm_rcm_rv_lk_res_df,create_by,character varying(500),yes,创建人
public,stg_sslhhpj_hbsxkqycszhslzhglptjsxm_rcm_rv_lk_res_df,create_time,timestamp without time zone,yes,创建时间
public,stg_sslhhpj_hbsxkqycszhslzhglptjsxm_rcm_rv_lk_res_df,update_by,character varying(500),yes,更新人
public,stg_sslhhpj_hbsxkqycszhslzhglptjsxm_rcm_rv_lk_res_df,update_time,timestamp without time zone,yes,更新时间
public,stg_sslhhpj_hbsxkqycszhslzhglptjsxm_rcm_rv_lk_res_df,iz_del,character varying(500),yes,是否删除
public,stg_sslhhpj_hbsxkqycszhslzhglptjsxm_rcm_rv_lk_res_df,water_system,character varying(500),yes,水系
public,stg_sslhhpj_hbsxkqycszhslzhglptjsxm_rcm_rv_lk_res_df,dt,character varying(255),yes,分区日期
public,stg_sslhhpj_hbsxkqycszhslzhglptjsxm_rel_st_source_df,st_code,character varying(500),yes,监测站编码
public,stg_sslhhpj_hbsxkqycszhslzhglptjsxm_rel_st_source_df,atcunit,character varying(500),yes,来源分类：水文，山洪，气象，中小水库，三峡库区
public,stg_sslhhpj_hbsxkqycszhslzhglptjsxm_rel_st_source_df,dt,character varying(255),yes,分区日期
public,stg_sslhhpj_hbsxkqycszhslzhglptjsxm_warn_stcd_r_df,countywarnid,character varying(500),yes,countywarnid
public,stg_sslhhpj_hbsxkqycszhslzhglptjsxm_warn_stcd_r_df,warnid,character varying(500),yes,预警id
public,stg_sslhhpj_hbsxkqycszhslzhglptjsxm_warn_stcd_r_df,stcd,character varying(500),yes,测站编码
public,stg_sslhhpj_hbsxkqycszhslzhglptjsxm_warn_stcd_r_df,stwarnid,character varying(500),yes,全局预警编码
public,stg_sslhhpj_hbsxkqycszhslzhglptjsxm_warn_stcd_r_df,countystwarnid,character varying(500),yes,测站预警编码
public,stg_sslhhpj_hbsxkqycszhslzhglptjsxm_warn_stcd_r_df,dt,character varying(255),yes,分区日期
public,stg_sslhhpj_hbsxkqycszhslzhglptjsxm_wr_mp_b_df,mp_cd,character varying(500),yes,监测点代码
public,stg_sslhhpj_hbsxkqycszhslzhglptjsxm_wr_mp_b_df,mp_nm,character varying(500),yes,监测点名称
public,stg_sslhhpj_hbsxkqycszhslzhglptjsxm_wr_mp_b_df,mp_addr,character varying(500),yes,监测点地址
public,stg_sslhhpj_hbsxkqycszhslzhglptjsxm_wr_mp_b_df,mp_item,character varying(500),yes,监测项目
public,stg_sslhhpj_hbsxkqycszhslzhglptjsxm_wr_mp_b_df,sour_tp,character varying(500),yes,水源类型
public,stg_sslhhpj_hbsxkqycszhslzhglptjsxm_wr_mp_b_df,is_auto,character varying(500),yes,是否为直接监测
public,stg_sslhhpj_hbsxkqycszhslzhglptjsxm_wr_mp_b_df,ts,timestamp without time zone,yes,时间戳
public,stg_sslhhpj_hbsxkqycszhslzhglptjsxm_wr_mp_b_df,nt,character varying(500),yes,备注
public,stg_sslhhpj_hbsxkqycszhslzhglptjsxm_wr_mp_b_df,is_argw,character varying(500),yes,是否为纯农业用水
public,stg_sslhhpj_hbsxkqycszhslzhglptjsxm_wr_mp_b_df,is_stat,character varying(500),yes,是否参与统计(9:单独过滤掉的站点)
public,stg_sslhhpj_hbsxkqycszhslzhglptjsxm_wr_mp_b_df,use_type,character varying(500),yes,用水类型
public,stg_sslhhpj_hbsxkqycszhslzhglptjsxm_wr_mp_b_df,mon_g,character varying(500),yes,监控级别
public,stg_sslhhpj_hbsxkqycszhslzhglptjsxm_wr_mp_b_df,wi_type,character varying(500),yes,取水特征类型
public,stg_sslhhpj_hbsxkqycszhslzhglptjsxm_wr_mp_b_df,mon_rat,numeric,yes,监控比例
public,stg_sslhhpj_hbsxkqycszhslzhglptjsxm_wr_mp_b_df,use_dt,timestamp without time zone,yes,投入使用日期
public,stg_sslhhpj_hbsxkqycszhslzhglptjsxm_wr_mp_b_df,day_max,numeric,yes,日最大取水能力
public,stg_sslhhpj_hbsxkqycszhslzhglptjsxm_wr_mp_b_df,gq_tp,character varying(500),yes,流量获取方式
public,stg_sslhhpj_hbsxkqycszhslzhglptjsxm_wr_mp_b_df,isuse,character varying(500),yes,是否启用: 0 停用 1 启用
public,stg_sslhhpj_hbsxkqycszhslzhglptjsxm_wr_mp_b_df,phase,character varying(500),yes,时期 1 表示一期工程(相应测站设站年月为2016年1月1日前的为一期工程) 2 表示二期工程
public,stg_sslhhpj_hbsxkqycszhslzhglptjsxm_wr_mp_b_df,is_rep_dww,character varying(500),yes,是否仅报送日水量
public,stg_sslhhpj_hbsxkqycszhslzhglptjsxm_wr_mp_b_df,type,character varying(500),yes,"取水管道类型（1.主管,2.备管,3.季节性取水）"
public,stg_sslhhpj_hbsxkqycszhslzhglptjsxm_wr_mp_b_df,lon,character varying(500),yes,经度
public,stg_sslhhpj_hbsxkqycszhslzhglptjsxm_wr_mp_b_df,lat,character varying(500),yes,纬度
public,stg_sslhhpj_hbsxkqycszhslzhglptjsxm_wr_mp_b_df,dt,character varying(255),yes,分区日期
public,stg_ycsjtysj_sxhyzssj_base_channel_df,id,bigint,yes,主键
public,stg_ycsjtysj_sxhyzssj_base_channel_df,channel_name,character varying(500),yes,航道名
public,stg_ycsjtysj_sxhyzssj_base_channel_df,river_name,character varying(500),yes,河流名
public,stg_ycsjtysj_sxhyzssj_base_channel_df,channel_start_point,character varying(500),yes,航道起点
public,stg_ycsjtysj_sxhyzssj_base_channel_df,channel_end_point,character varying(500),yes,航道终点
public,stg_ycsjtysj_sxhyzssj_base_channel_df,of_branch,character varying(500),yes,所属支流
public,stg_ycsjtysj_sxhyzssj_base_channel_df,design_channel_mileage,character varying(500),yes,规划航道里程(公里)
public,stg_ycsjtysj_sxhyzssj_base_channel_df,delete_flag,bigint,yes,逻辑删除标志位
public,stg_ycsjtysj_sxhyzssj_base_channel_df,dt,character varying(255),yes,分区日期
public,stg_ycsjtysj_sxhyzssj_base_channel_level_df,id,bigint,yes,主键
public,stg_ycsjtysj_sxhyzssj_base_channel_level_df,channel_id,bigint,yes,航道id
public,stg_ycsjtysj_sxhyzssj_base_channel_level_df,channel_name,character varying(500),yes,航道名称
public,stg_ycsjtysj_sxhyzssj_base_channel_level_df,channel_river,character varying(500),yes,航道河流名称
public,stg_ycsjtysj_sxhyzssj_base_channel_level_df,channel_of_branch,character varying(500),yes,航道所属支流
public,stg_ycsjtysj_sxhyzssj_base_channel_level_df,level,character varying(500),yes,航道等级
public,stg_ycsjtysj_sxhyzssj_base_channel_level_df,level_num,bigint,yes,航道等级
public,stg_ycsjtysj_sxhyzssj_base_channel_level_df,mileage,numeric,yes,里程
public,stg_ycsjtysj_sxhyzssj_base_channel_level_df,area,character varying(500),yes,县市区
public,stg_ycsjtysj_sxhyzssj_base_channel_level_df,dt,character varying(255),yes,分区日期
public,stg_ycsjtysj_sxhyzssj_base_ship_df,id,bigint,yes,主键
public,stg_ycsjtysj_sxhyzssj_base_ship_df,mmsi,character varying(500),no,
public,stg_ycsjtysj_sxhyzssj_base_ship_df,custom_ship_type,character varying(500),yes,船舶类型(集装箱船/滚装船/货船/客船/清洁船/公务船)
public,stg_ycsjtysj_sxhyzssj_base_ship_df,name_en,character varying(500),yes,英文船名
public,stg_ycsjtysj_sxhyzssj_base_ship_df,name_cn,character varying(500),yes,中文船名
public,stg_ycsjtysj_sxhyzssj_base_ship_df,ship_length,numeric,yes,船长
public,stg_ycsjtysj_sxhyzssj_base_ship_df,ship_width,numeric,yes,船宽
public,stg_ycsjtysj_sxhyzssj_base_ship_df,ship_left,numeric,yes,左舷距
public,stg_ycsjtysj_sxhyzssj_base_ship_df,ship_trail,numeric,yes,尾距
public,stg_ycsjtysj_sxhyzssj_base_ship_df,ship_draft,numeric,yes,吃水
public,stg_ycsjtysj_sxhyzssj_base_ship_df,guest_amount,character varying(500),yes,客位数
public,stg_ycsjtysj_sxhyzssj_base_ship_df,poll_scope,character varying(500),yes,污染物接收范围（生活垃圾、生活垃圾，油污水）
public,stg_ycsjtysj_sxhyzssj_base_ship_df,org,character varying(500),yes,所属机构
public,stg_ycsjtysj_sxhyzssj_base_ship_df,jxy_receive_ship_id,bigint,yes,清洁船净小宜id
public,stg_ycsjtysj_sxhyzssj_base_ship_df,delete_flag,character varying(500),yes,逻辑删除标志位
public,stg_ycsjtysj_sxhyzssj_base_ship_df,create_time,timestamp without time zone,yes,创建时间
public,stg_ycsjtysj_sxhyzssj_base_ship_df,update_time,timestamp without time zone,yes,修改时间
public,stg_ycsjtysj_sxhyzssj_base_ship_df,dt,character varying(255),yes,分区日期
public,stg_ycsjtysj_sxhyzssj_data_coverage_wharf_df,id,bigint,yes,主键
public,stg_ycsjtysj_sxhyzssj_data_coverage_wharf_df,wharf_type,character varying(500),yes,码头类型(客运码头/货运码头/环保专业码头)
public,stg_ycsjtysj_sxhyzssj_data_coverage_wharf_df,build_scale,character varying(500),yes,建设规模
public,stg_ycsjtysj_sxhyzssj_data_coverage_wharf_df,shoreline_length,character varying(500),yes,岸线长度
public,stg_ycsjtysj_sxhyzssj_data_coverage_wharf_df,pass_power,character varying(500),yes,设计年通过能力
public,stg_ycsjtysj_sxhyzssj_data_coverage_wharf_df,pollutant_scope,character varying(500),yes,污染物接收范围
public,stg_ycsjtysj_sxhyzssj_data_coverage_wharf_df,wharf_name,character varying(500),yes,码头简称
public,stg_ycsjtysj_sxhyzssj_data_coverage_wharf_df,wharf_full_name,character varying(500),yes,码头全称
public,stg_ycsjtysj_sxhyzssj_data_coverage_wharf_df,jxy_wharf_id,bigint,yes,净小宜码头 id
public,stg_ycsjtysj_sxhyzssj_data_coverage_wharf_df,longitude,character varying(500),yes,经度
public,stg_ycsjtysj_sxhyzssj_data_coverage_wharf_df,latitude,character varying(500),yes,纬度
public,stg_ycsjtysj_sxhyzssj_data_coverage_wharf_df,img_url,character varying(500),yes,码头图片
public,stg_ycsjtysj_sxhyzssj_data_coverage_wharf_df,dt,character varying(255),yes,分区日期
public,stg_ycsjtysj_sxhyzssj_data_ship_info_df,mmsi,character varying(500),yes,mmsi
public,stg_ycsjtysj_sxhyzssj_data_ship_info_df,name,character varying(500),yes,船名
public,stg_ycsjtysj_sxhyzssj_data_ship_info_df,cnname,character varying(500),yes,中文船名
public,stg_ycsjtysj_sxhyzssj_data_ship_info_df,type,character varying(500),yes,船舶大类
public,stg_ycsjtysj_sxhyzssj_data_ship_info_df,jxy_receive_ship_id,bigint,yes,清洁船净小宜id
public,stg_ycsjtysj_sxhyzssj_data_ship_info_df,draught,character varying(500),yes,吃水
public,stg_ycsjtysj_sxhyzssj_data_ship_info_df,length,character varying(500),yes,船长
public,stg_ycsjtysj_sxhyzssj_data_ship_info_df,width,character varying(500),yes,船宽
public,stg_ycsjtysj_sxhyzssj_data_ship_info_df,type_other,character varying(500),yes,船舶小类
public,stg_ycsjtysj_sxhyzssj_data_ship_info_df,seat,character varying(500),yes,座位数
public,stg_ycsjtysj_sxhyzssj_data_ship_info_df,dt,character varying(255),yes,分区日期
public,stg_ycssthjj_ltwsjgpt_t_sjzx_wry_jbxx_df,xh,character varying(500),yes,数据唯一标识
public,stg_ycssthjj_ltwsjgpt_t_sjzx_wry_jbxx_df,entercode,character varying(500),yes,符合HJ 608-2017第6部分的编码规则要求，用于标识唯一固定污染源
public,stg_ycssthjj_ltwsjgpt_t_sjzx_wry_jbxx_df,entername,character varying(500),yes,固定源名称
public,stg_ycssthjj_ltwsjgpt_t_sjzx_wry_jbxx_df,companyname,character varying(500),yes,固定源对应的企业名称
public,stg_ycssthjj_ltwsjgpt_t_sjzx_wry_jbxx_df,tyshxydm,character varying(500),yes,统一社会信用代码
public,stg_ycssthjj_ltwsjgpt_t_sjzx_wry_jbxx_df,corpcode,character varying(500),yes,组织机构代码
public,stg_ycssthjj_ltwsjgpt_t_sjzx_wry_jbxx_df,registrationid,character varying(500),yes,税务注册号
public,stg_ycssthjj_ltwsjgpt_t_sjzx_wry_jbxx_df,licensenum,character varying(500),yes,排污许可证代码
public,stg_ycssthjj_ltwsjgpt_t_sjzx_wry_jbxx_df,code_region,character varying(500),yes,符合GB/T 2260-2019行政区代码表
public,stg_ycssthjj_ltwsjgpt_t_sjzx_wry_jbxx_df,regionname,character varying(500),yes,符合GB/T 2260-2019行政区代码表
public,stg_ycssthjj_ltwsjgpt_t_sjzx_wry_jbxx_df,sssf,character varying(500),yes,符合GB/T 2260-2019行政区代码表，如：440000
public,stg_ycssthjj_ltwsjgpt_t_sjzx_wry_jbxx_df,ssds,character varying(500),yes,符合GB/T 2260-2019行政区代码表，如：440300
public,stg_ycssthjj_ltwsjgpt_t_sjzx_wry_jbxx_df,ssqx,character varying(500),yes,符合GB/T 2260-2019行政区代码表，如：440305
public,stg_ycssthjj_ltwsjgpt_t_sjzx_wry_jbxx_df,code_trade,character varying(500),yes,符合GB/T 4754-2017行业代码表
public,stg_ycssthjj_ltwsjgpt_t_sjzx_wry_jbxx_df,tradename,character varying(500),yes,符合GB/T 4754-2017行业代码表
public,stg_ycssthjj_ltwsjgpt_t_sjzx_wry_jbxx_df,enteraddress,character varying(500),yes,经营场所地址
public,stg_ycssthjj_ltwsjgpt_t_sjzx_wry_jbxx_df,longitude,character varying(500),yes,WGS-84坐标系，如：116.681291
public,stg_ycssthjj_ltwsjgpt_t_sjzx_wry_jbxx_df,latitude,character varying(500),yes,WGS-84坐标系，如：39.780852
public,stg_ycssthjj_ltwsjgpt_t_sjzx_wry_jbxx_df,lydm,character varying(500),yes,所属流域代码
public,stg_ycssthjj_ltwsjgpt_t_sjzx_wry_jbxx_df,lymc,character varying(500),yes,所属流域名称
public,stg_ycssthjj_ltwsjgpt_t_sjzx_wry_jbxx_df,szgyyq,character varying(500),yes,所在工业园区
public,stg_ycssthjj_ltwsjgpt_t_sjzx_wry_jbxx_df,snstdm,character varying(500),yes,受纳水体代码
public,stg_ycssthjj_ltwsjgpt_t_sjzx_wry_jbxx_df,snstmc,character varying(500),yes,受纳水体名称
public,stg_ycssthjj_ltwsjgpt_t_sjzx_wry_jbxx_df,status,character varying(500),yes,固定源状态（代码集：WRY_GDYZT）
public,stg_ycssthjj_ltwsjgpt_t_sjzx_wry_jbxx_df,regaddress,character varying(500),yes,注册地址
public,stg_ycssthjj_ltwsjgpt_t_sjzx_wry_jbxx_df,corpname,character varying(500),yes,法人名称
public,stg_ycssthjj_ltwsjgpt_t_sjzx_wry_jbxx_df,telephone,character varying(500),yes,固定电话
public,stg_ycssthjj_ltwsjgpt_t_sjzx_wry_jbxx_df,environlinkmen,character varying(500),yes,环保联系人
public,stg_ycssthjj_ltwsjgpt_t_sjzx_wry_jbxx_df,environtel,character varying(500),yes,环保联系人电话
public,stg_ycssthjj_ltwsjgpt_t_sjzx_wry_jbxx_df,entersize,character varying(500),yes,企业规模（代码集：WRY_QYGM）
public,stg_ycssthjj_ltwsjgpt_t_sjzx_wry_jbxx_df,jyfw,character varying(500),yes,经营范围
public,stg_ycssthjj_ltwsjgpt_t_sjzx_wry_jbxx_df,createtime,timestamp without time zone,yes,投运时间
public,stg_ycssthjj_ltwsjgpt_t_sjzx_wry_jbxx_df,fax,character varying(500),yes,传真
public,stg_ycssthjj_ltwsjgpt_t_sjzx_wry_jbxx_df,website,character varying(500),yes,网址
public,stg_ycssthjj_ltwsjgpt_t_sjzx_wry_jbxx_df,email,character varying(500),yes,邮箱
public,stg_ycssthjj_ltwsjgpt_t_sjzx_wry_jbxx_df,description,character varying(500),yes,污染源简介
public,stg_ycssthjj_ltwsjgpt_t_sjzx_wry_jbxx_df,datasource,character varying(500),yes,数据来源（代码集：WRY_SJLY）
public,stg_ycssthjj_ltwsjgpt_t_sjzx_wry_jbxx_df,orgid,character varying(500),yes,用于数据权限，取行政区代码，省级用2位，地市用4位，区县用6位
public,stg_ycssthjj_ltwsjgpt_t_sjzx_wry_jbxx_df,cjr,character varying(500),yes,创建人
public,stg_ycssthjj_ltwsjgpt_t_sjzx_wry_jbxx_df,cjsj,timestamp without time zone,yes,创建时间
public,stg_ycssthjj_ltwsjgpt_t_sjzx_wry_jbxx_df,xgr,character varying(500),yes,修改人
public,stg_ycssthjj_ltwsjgpt_t_sjzx_wry_jbxx_df,xgsj,timestamp without time zone,yes,修改时间
public,stg_ycssthjj_ltwsjgpt_t_sjzx_wry_jbxx_df,sjly,character varying(500),yes,数据采集来源（代码集：SJGL_SJLY）
public,stg_ycssthjj_ltwsjgpt_t_sjzx_wry_jbxx_df,rksj,timestamp without time zone,yes,默认取当前时间
public,stg_ycssthjj_ltwsjgpt_t_sjzx_wry_jbxx_df,gxsj,timestamp without time zone,yes,数据修改后需要更新此时间
public,stg_ycssthjj_ltwsjgpt_t_sjzx_wry_jbxx_df,czbj,character varying(500),yes,操作标记（I：插入；U：更新；D：删除）
public,stg_ycssthjj_ltwsjgpt_t_sjzx_wry_jbxx_df,dt,character varying(255),yes,分区日期
public,stg_ycssthjj_lysthjjkyjpt_t_sjzx_szzdjcz_df,ywid,character varying(500),yes,业务id
public,stg_ycssthjj_lysthjjkyjpt_t_sjzx_szzdjcz_df,ywmc,character varying(500),yes,业务名称
public,stg_ycssthjj_lysthjjkyjpt_t_sjzx_szzdjcz_df,qxbm,character varying(500),yes,区县编码
public,stg_ycssthjj_lysthjjkyjpt_t_sjzx_szzdjcz_df,ssqx,character varying(500),yes,所属区县
public,stg_ycssthjj_lysthjjkyjpt_t_sjzx_szzdjcz_df,flbm,character varying(500),yes,分类编码
public,stg_ycssthjj_lysthjjkyjpt_t_sjzx_szzdjcz_df,flmc,character varying(500),yes,分类名称
public,stg_ycssthjj_lysthjjkyjpt_t_sjzx_szzdjcz_df,21bsm,character varying(500),yes,21位标识码
public,stg_ycssthjj_lysthjjkyjpt_t_sjzx_szzdjcz_df,zcbm,character varying(500),yes,注册部门
public,stg_ycssthjj_lysthjjkyjpt_t_sjzx_szzdjcz_df,dm,character varying(500),yes,短码
public,stg_ycssthjj_lysthjjkyjpt_t_sjzx_szzdjcz_df,bdm,character varying(500),yes,北斗码
public,stg_ycssthjj_lysthjjkyjpt_t_sjzx_szzdjcz_df,19bsm,character varying(500),yes,19位标识码
public,stg_ycssthjj_lysthjjkyjpt_t_sjzx_szzdjcz_df,dt,character varying(255),yes,分区日期
public,stg_ycssthjj_wryzxjkpt_t_zxjc_s_w_1_df,xh,character varying(500),yes,序号
public,stg_ycssthjj_wryzxjkpt_t_zxjc_s_w_1_df,jcdxh,character varying(500),yes,监测点序号
public,stg_ycssthjj_wryzxjkpt_t_zxjc_s_w_1_df,jcsj,timestamp without time zone,yes,监测时间
public,stg_ycssthjj_wryzxjkpt_t_zxjc_s_w_1_df,wrwbh,character varying(500),yes,污染源编号
public,stg_ycssthjj_wryzxjkpt_t_zxjc_s_w_1_df,zxjcz,numeric,yes,最新监测值
public,stg_ycssthjj_wryzxjkpt_t_zxjc_s_w_1_df,pjjcz,numeric,yes,平均监测值
public,stg_ycssthjj_wryzxjkpt_t_zxjc_s_w_1_df,zdjcz,numeric,yes,最大监测值
public,stg_ycssthjj_wryzxjkpt_t_zxjc_s_w_1_df,xyz,numeric,yes,最小监测值
public,stg_ycssthjj_wryzxjkpt_t_zxjc_s_w_1_df,zxzsz,numeric,yes,最新指数值
public,stg_ycssthjj_wryzxjkpt_t_zxjc_s_w_1_df,pjzsz,numeric,yes,平均指数值
public,stg_ycssthjj_wryzxjkpt_t_zxjc_s_w_1_df,zdzsz,numeric,yes,最大指数值
public,stg_ycssthjj_wryzxjkpt_t_zxjc_s_w_1_df,xyzsz,numeric,yes,最小指数值
public,stg_ycssthjj_wryzxjkpt_t_zxjc_s_w_1_df,wrwpfl,numeric,yes,污染物排放量
public,stg_ycssthjj_wryzxjkpt_t_zxjc_s_w_1_df,xywrwpfl,numeric,yes,小时污染物排放量
public,stg_ycssthjj_wryzxjkpt_t_zxjc_s_w_1_df,sjly,character varying(500),yes,数据来源
public,stg_ycssthjj_wryzxjkpt_t_zxjc_s_w_1_df,sjzt,character varying(500),yes,数据状态
public,stg_ycssthjj_wryzxjkpt_t_zxjc_s_w_1_df,zt,character varying(500),yes,记录状态
public,stg_ycssthjj_wryzxjkpt_t_zxjc_s_w_1_df,orgid,character varying(500),yes,所属机构ID
public,stg_ycssthjj_wryzxjkpt_t_zxjc_s_w_1_df,cjr,character varying(500),yes,创建人
public,stg_ycssthjj_wryzxjkpt_t_zxjc_s_w_1_df,cjsj,timestamp without time zone,yes,创建时间
public,stg_ycssthjj_wryzxjkpt_t_zxjc_s_w_1_df,xgr,character varying(500),yes,修改人
public,stg_ycssthjj_wryzxjkpt_t_zxjc_s_w_1_df,xgsj,timestamp without time zone,yes,修改时间
public,stg_ycssthjj_wryzxjkpt_t_zxjc_s_w_1_df,dt,character varying(255),yes,分区日期
public,wh_hydrological_day_records,id,bigint,yes,id
public,wh_hydrological_day_records,station_id,bigint,yes,所属站点id
public,wh_hydrological_day_records,m1_value,double precision,yes,水深（单位米）
public,wh_hydrological_day_records,m1_count,bigint,yes,记录数1
public,wh_hydrological_day_records,m2_value,double precision,yes,流速（单位m/s）
public,wh_hydrological_day_records,m2_count,bigint,yes,记录数2
public,wh_hydrological_day_records,m3_value,double precision,yes,流量（单位m3/s）
public,wh_hydrological_day_records,m3_count,bigint,yes,记录数3
public,wh_hydrological_day_records,m4_value,double precision,yes,m4_value
public,wh_hydrological_day_records,m4_count,bigint,yes,记录数4
public,wh_hydrological_day_records,m5_value,double precision,yes,m5_value
public,wh_hydrological_day_records,m5_count,bigint,yes,记录数5
public,wh_hydrological_day_records,m6_value,double precision,yes,m6_value
public,wh_hydrological_day_records,m6_count,bigint,yes,记录数6
public,wh_hydrological_day_records,m7_value,double precision,yes,m7_value
public,wh_hydrological_day_records,m7_count,bigint,yes,记录数7
public,wh_hydrological_day_records,m8_value,double precision,yes,m8_value
public,wh_hydrological_day_records,m8_count,bigint,yes,记录数8
public,wh_hydrological_day_records,m9_value,double precision,yes,m9_value
public,wh_hydrological_day_records,m9_count,bigint,yes,记录数9
public,wh_hydrological_day_records,m10_value,double precision,yes,m10_value
public,wh_hydrological_day_records,m10_count,bigint,yes,记录数10
public,wh_hydrological_day_records,record_type,character(1),yes,记录类型：0 自动、1 手工
public,wh_hydrological_day_records,monitor_time,timestamp without time zone,yes,监测时间
public,wh_hydrological_day_records,create_by,bigint,yes,创建人
public,wh_hydrological_day_records,create_time,timestamp without time zone,yes,创建时间
public,wh_hydrological_day_records,update_by,bigint,yes,更新人
public,wh_hydrological_day_records,update_time,timestamp without time zone,yes,更新时间
public,wh_hydrological_day_records,del_flag,character(1),yes,删除标记：0 未删除、1 已删除
public,wh_hydrological_hour_records,id,bigint,yes,id
public,wh_hydrological_hour_records,station_id,bigint,yes,所属站点id
public,wh_hydrological_hour_records,m1_value,double precision,yes,水深（单位米）
public,wh_hydrological_hour_records,m2_value,double precision,yes,流速（单位m/s）
public,wh_hydrological_hour_records,m3_value,double precision,yes,流量（单位m3/s）
public,wh_hydrological_hour_records,m4_value,double precision,yes,m4_value
public,wh_hydrological_hour_records,m5_value,double precision,yes,m5_value
public,wh_hydrological_hour_records,m6_value,double precision,yes,m6_value
public,wh_hydrological_hour_records,m7_value,double precision,yes,m7_value
public,wh_hydrological_hour_records,m8_value,double precision,yes,m8_value
public,wh_hydrological_hour_records,m9_value,double precision,yes,m9_value
public,wh_hydrological_hour_records,m10_value,double precision,yes,m10_value
public,wh_hydrological_hour_records,record_type,character(1),yes,记录类型：0 自动、1 手工
public,wh_hydrological_hour_records,monitor_time,timestamp without time zone,yes,监测时间
public,wh_hydrological_hour_records,create_by,bigint,yes,创建人
public,wh_hydrological_hour_records,create_time,timestamp without time zone,yes,创建时间
public,wh_hydrological_hour_records,update_by,bigint,yes,更新人
public,wh_hydrological_hour_records,update_time,timestamp without time zone,yes,更新时间
public,wh_hydrological_hour_records,del_flag,character(1),yes,删除标记：0 未删除、1 已删除
public,wh_hydrological_records_1,id,bigint,yes,主键id
public,wh_hydrological_records_1,station_id,bigint,yes,所属站点id
public,wh_hydrological_records_1,indicator_code,character varying(100),yes,监测指标编号
public,wh_hydrological_records_1,monitor_value,double precision,yes,监测值
public,wh_hydrological_records_1,monitor_time,timestamp without time zone,yes,监测时间
public,wh_hydrological_records_1,record_type,character(1),yes,记录类型：0 自动、1 手工
public,wh_hydrological_records_1,create_by,bigint,yes,创建人
public,wh_hydrological_records_1,create_time,timestamp without time zone,yes,创建时间
public,wh_hydrological_records_1,update_by,bigint,yes,更新人
public,wh_hydrological_records_1,update_time,timestamp without time zone,yes,更新时间
public,wh_hydrological_records_1,del_flag,character(1),yes,删除标记：0 未删除、1 已删除
public,wh_meteorological_day_records,id,bigint,yes,id
public,wh_meteorological_day_records,station_id,bigint,yes,所属站点id
public,wh_meteorological_day_records,m1_value,double precision,yes,风速（单位m/s）
public,wh_meteorological_day_records,m1_count,bigint,yes,记录数1
public,wh_meteorological_day_records,m2_value,double precision,yes,风向
public,wh_meteorological_day_records,m2_count,bigint,yes,记录数2
public,wh_meteorological_day_records,m3_value,double precision,yes,气压（单位hPa）
public,wh_meteorological_day_records,m3_count,bigint,yes,记录数3
public,wh_meteorological_day_records,m4_value,double precision,yes,气温（单位℃）
public,wh_meteorological_day_records,m4_count,bigint,yes,记录数4
public,wh_meteorological_day_records,m5_value,double precision,yes,相对湿度（单位RH）
public,wh_meteorological_day_records,m5_count,bigint,yes,记录数5
public,wh_meteorological_day_records,m6_value,double precision,yes,雨量（单位mm/m2）
public,wh_meteorological_day_records,m6_count,bigint,yes,记录数6
public,wh_meteorological_day_records,m7_value,double precision,yes,蒸发量（单位mm/m2）
public,wh_meteorological_day_records,m7_count,bigint,yes,记录数7
public,wh_meteorological_day_records,m8_value,double precision,yes,小时降雨量（mm）
public,wh_meteorological_day_records,m8_count,bigint,yes,记录数8
public,wh_meteorological_day_records,m9_value,double precision,yes,24小时降雨量（mm）
public,wh_meteorological_day_records,m9_count,bigint,yes,记录数9
public,wh_meteorological_day_records,m10_value,double precision,yes,累计降雨量（mm）
public,wh_meteorological_day_records,m10_count,bigint,yes,记录数10
public,wh_meteorological_day_records,m11_value,double precision,yes,m11_value
public,wh_meteorological_day_records,m11_count,bigint,yes,记录数11
public,wh_meteorological_day_records,m12_value,double precision,yes,m12_value
public,wh_meteorological_day_records,m12_count,bigint,yes,记录数12
public,wh_meteorological_day_records,m13_value,double precision,yes,m13_value
public,wh_meteorological_day_records,m13_count,bigint,yes,记录数13
public,wh_meteorological_day_records,m14_value,double precision,yes,m14_value
public,wh_meteorological_day_records,m14_count,bigint,yes,记录数14
public,wh_meteorological_day_records,m15_value,double precision,yes,m15_value
public,wh_meteorological_day_records,m15_count,bigint,yes,记录数15
public,wh_meteorological_day_records,rain_fall,double precision,yes,8-20时降水量（mm）
public,wh_meteorological_day_records,high_temp,double precision,yes,日最高气温（℃）
public,wh_meteorological_day_records,low_temp,double precision,yes,日最低气温（℃）
public,wh_meteorological_day_records,record_type,character(1),yes,记录类型：0 自动、1 手工
public,wh_meteorological_day_records,monitor_time,timestamp without time zone,yes,监测时间
public,wh_meteorological_day_records,create_by,bigint,yes,创建人
public,wh_meteorological_day_records,create_time,timestamp without time zone,yes,创建时间
public,wh_meteorological_day_records,update_by,bigint,yes,更新人
public,wh_meteorological_day_records,update_time,timestamp without time zone,yes,更新时间
public,wh_meteorological_day_records,del_flag,character(1),yes,删除标记：0 未删除、1 已删除
public,wh_meteorological_hour_records,id,bigint,yes,id
public,wh_meteorological_hour_records,station_id,bigint,yes,所属站点id
public,wh_meteorological_hour_records,m1_value,double precision,yes,风速（m/s）
public,wh_meteorological_hour_records,m2_value,double precision,yes,风向
public,wh_meteorological_hour_records,m3_value,double precision,yes,气压（hPa）
public,wh_meteorological_hour_records,m4_value,double precision,yes,气温（℃）
public,wh_meteorological_hour_records,m5_value,double precision,yes,相对湿度（%）
public,wh_meteorological_hour_records,m6_value,double precision,yes,分钟降雨量（mm）
public,wh_meteorological_hour_records,m7_value,double precision,yes,蒸发量（单位mm/m2）
public,wh_meteorological_hour_records,m8_value,double precision,yes,小时降雨量（mm）
public,wh_meteorological_hour_records,m9_value,double precision,yes,24小时降雨量（mm）
public,wh_meteorological_hour_records,m10_value,double precision,yes,累计降雨量（mm）
public,wh_meteorological_hour_records,m11_value,double precision,yes,m11_value
public,wh_meteorological_hour_records,m12_value,double precision,yes,m12_value
public,wh_meteorological_hour_records,m13_value,double precision,yes,m13_value
public,wh_meteorological_hour_records,m14_value,double precision,yes,m14_value
public,wh_meteorological_hour_records,m15_value,double precision,yes,m15_value
public,wh_meteorological_hour_records,record_type,character(1),yes,记录类型：0 自动、1 手工
public,wh_meteorological_hour_records,monitor_time,timestamp without time zone,yes,监测时间
public,wh_meteorological_hour_records,create_by,bigint,yes,创建人
public,wh_meteorological_hour_records,create_time,timestamp without time zone,yes,创建时间
public,wh_meteorological_hour_records,update_by,bigint,yes,更新人
public,wh_meteorological_hour_records,update_time,timestamp without time zone,yes,更新时间
public,wh_meteorological_hour_records,del_flag,character(1),yes,删除标记：0 未删除、1 已删除
public,wh_meteorological_predict_day_records,id,text,yes,id
public,wh_meteorological_predict_day_records,station_id,bigint,yes,所属站点id
public,wh_meteorological_predict_day_records,winddirect_10m_24h,double precision,yes,10米风向（24小时平均）
public,wh_meteorological_predict_day_records,winddirect8_10m_24h,character varying(16),yes,10米8方位风向（24小时）
public,wh_meteorological_predict_day_records,winddirect16_10m_24h,character varying(16),yes,10米16方位风向（24小时）
public,wh_meteorological_predict_day_records,hum_2m_24h,double precision,yes,2米湿度（24小时平均）
public,wh_meteorological_predict_day_records,hum_2m_24h_min,double precision,yes,2米湿度最小值（24小时）
public,wh_meteorological_predict_day_records,hum_2m_24h_max,double precision,yes,2米湿度最大值（24小时）
public,wh_meteorological_predict_day_records,stapress_24h,double precision,yes,地面气压（24小时平均）
public,wh_meteorological_predict_day_records,pressure_24h,double precision,yes,海平面气压（24小时平均）
public,wh_meteorological_predict_day_records,p850inver_24h,double precision,yes,850hPa逆温层高度（24小时）
public,wh_meteorological_predict_day_records,p925inver_24h,double precision,yes,925hPa逆温层高度（24小时）
public,wh_meteorological_predict_day_records,swdown_24h,double precision,yes,短波辐射通量（24小时平均）
public,wh_meteorological_predict_day_records,glw_24h,double precision,yes,长波辐射通量（24小时平均）
public,wh_meteorological_predict_day_records,height_24h,double precision,yes,边界层高度（24小时）
public,wh_meteorological_predict_day_records,rain_24h_total,double precision,yes,24小时总降雨量
public,wh_meteorological_predict_day_records,dewpoint_24h,double precision,yes,露点温度（24小时）
public,wh_meteorological_predict_day_records,lowcloud_24h,double precision,yes,低云量（24小时）
public,wh_meteorological_predict_day_records,midcloud_24h,double precision,yes,中云量（24小时）
public,wh_meteorological_predict_day_records,highcloud_24h,double precision,yes,高云量（24小时）
public,wh_meteorological_predict_day_records,totalcloud_24h,double precision,yes,总云量（24小时）
public,wh_meteorological_predict_day_records,tem_2m_24h,double precision,yes,2米温度（24小时平均）
public,wh_meteorological_predict_day_records,tem_2m_24h_min,double precision,yes,2米温度最小值（24小时）
public,wh_meteorological_predict_day_records,tem_2m_24h_max,double precision,yes,2米温度最大值（24小时）
public,wh_meteorological_predict_day_records,visib_24h,double precision,yes,能见度（24小时）
public,wh_meteorological_predict_day_records,pbl_24h,double precision,yes,行星边界层高度（24小时平均）
public,wh_meteorological_predict_day_records,pbl_24h_min,double precision,yes,行星边界层高度最小值（24小时）
public,wh_meteorological_predict_day_records,pbl_24h_max,double precision,yes,行星边界层高度最大值（24小时）
public,wh_meteorological_predict_day_records,windspeed_10m_24h,double precision,yes,10米风速（24小时平均）
public,wh_meteorological_predict_day_records,windspeed_10m_24h_min,double precision,yes,10米风速最小值（24小时）
public,wh_meteorological_predict_day_records,windspeed_10m_24h_max,double precision,yes,10米风速最大值（24小时）
public,wh_meteorological_predict_day_records,predictiontime,timestamp without time zone,yes,预测时间
public,wh_meteorological_predict_day_records,time,bigint,yes,"预报时次,如08时、20时"
public,wh_meteorological_predict_day_records,predictioninterval,bigint,yes,预测间隔（小时）
public,wh_meteorological_predict_day_records,datadate,timestamp without time zone,yes,数据日期
public,wh_meteorological_predict_day_records,create_by,bigint,yes,创建人
public,wh_meteorological_predict_day_records,create_time,timestamp without time zone,yes,创建时间
public,wh_meteorological_predict_day_records,update_by,bigint,yes,更新人
public,wh_meteorological_predict_day_records,update_time,timestamp without time zone,yes,更新时间
public,wh_meteorological_predict_day_records,del_flag,character(1),yes,删除标记：0 未删除、1 已删除
public,wh_meteorological_predict_hour_records,id,text,yes,id
public,wh_meteorological_predict_hour_records,station_id,bigint,yes,所属站点id
public,wh_meteorological_predict_hour_records,winddirect_10m_1h,double precision,yes,10米风向（小时）
public,wh_meteorological_predict_hour_records,winddirect8_10m_1h,character varying(16),yes,10米8方位风向（小时）
public,wh_meteorological_predict_hour_records,winddirect16_10m_1h,character varying(16),yes,10米16方位风向（小时）
public,wh_meteorological_predict_hour_records,windspeed_10m_1h,double precision,yes,10米风速（小时）
public,wh_meteorological_predict_hour_records,tem_2m_1h,double precision,yes,2米温度（小时）
public,wh_meteorological_predict_hour_records,hum_2m_1h,double precision,yes,2米湿度（小时）
public,wh_meteorological_predict_hour_records,dewpoint_1h,double precision,yes,露点温度（小时）
public,wh_meteorological_predict_hour_records,dtem_2m_1h,double precision,yes,2米温度1小时变化
public,wh_meteorological_predict_hour_records,dtem_2m_3h,double precision,yes,2米温度3小时变化
public,wh_meteorological_predict_hour_records,dtem_2m_6h,double precision,yes,2米温度6小时变化
public,wh_meteorological_predict_hour_records,dtem_2m_12h,double precision,yes,2米温度12小时变化
public,wh_meteorological_predict_hour_records,dtem_2m_24h,double precision,yes,2米温度24小时变化
public,wh_meteorological_predict_hour_records,rain_1h,double precision,yes,小时降雨量
public,wh_meteorological_predict_hour_records,rain_3h,double precision,yes,3小时累计降雨量
public,wh_meteorological_predict_hour_records,rain_6h,double precision,yes,6小时累计降雨量
public,wh_meteorological_predict_hour_records,rain_12h,double precision,yes,12小时累计降雨量
public,wh_meteorological_predict_hour_records,rain_24h,double precision,yes,24小时累计降雨量
public,wh_meteorological_predict_hour_records,lowcloud_1h,double precision,yes,低云量（小时）
public,wh_meteorological_predict_hour_records,midcloud_1h,double precision,yes,中云量（小时）
public,wh_meteorological_predict_hour_records,highcloud_1h,double precision,yes,高云量（小时）
public,wh_meteorological_predict_hour_records,totalcloud_1h,double precision,yes,总云量（小时）
public,wh_meteorological_predict_hour_records,pbl_1h,double precision,yes,行星边界层高度（小时）
public,wh_meteorological_predict_hour_records,height_1h,double precision,yes,边界层高度（小时）
public,wh_meteorological_predict_hour_records,pressure_1h,double precision,yes,海平面气压（小时）
public,wh_meteorological_predict_hour_records,stapress_1h,double precision,yes,地面气压（小时）
public,wh_meteorological_predict_hour_records,glw_1h,double precision,yes,长波辐射通量（小时）
public,wh_meteorological_predict_hour_records,swdown_1h,double precision,yes,短波辐射通量（小时）
public,wh_meteorological_predict_hour_records,p850inver_1h,double precision,yes,850hPa逆温层高度（小时）
public,wh_meteorological_predict_hour_records,p925inver_1h,double precision,yes,925hPa逆温层高度（小时）
public,wh_meteorological_predict_hour_records,visib_1h,double precision,yes,能见度（小时）
public,wh_meteorological_predict_hour_records,predictiontime,timestamp without time zone,yes,预测时间
public,wh_meteorological_predict_hour_records,time,bigint,yes,"预报时次,如08时、20时"
public,wh_meteorological_predict_hour_records,predictioninterval,bigint,yes,预测间隔（小时）
public,wh_meteorological_predict_hour_records,datadate,timestamp without time zone,yes,数据日期
public,wh_meteorological_predict_hour_records,create_by,bigint,yes,创建人
public,wh_meteorological_predict_hour_records,create_time,timestamp without time zone,yes,创建时间
public,wh_meteorological_predict_hour_records,update_by,bigint,yes,更新人
public,wh_meteorological_predict_hour_records,update_time,timestamp without time zone,yes,更新时间
public,wh_meteorological_predict_hour_records,del_flag,character(1),yes,删除标记：0 未删除、1 已删除
public,wh_meteorological_records_1,id,bigint,yes,数据id
public,wh_meteorological_records_1,station_id,bigint,yes,所属站点id
public,wh_meteorological_records_1,indicator_code,character varying(100),yes,监测指标编号
public,wh_meteorological_records_1,monitor_value,double precision,yes,监测值
public,wh_meteorological_records_1,monitor_time,timestamp without time zone,yes,监测时间
public,wh_meteorological_records_1,record_type,character(1),yes,记录类型：0 自动、1 手工
public,wh_meteorological_records_1,create_by,bigint,yes,创建人
public,wh_meteorological_records_1,create_time,timestamp without time zone,yes,创建时间
public,wh_meteorological_records_1,update_by,bigint,yes,更新人
public,wh_meteorological_records_1,update_time,timestamp without time zone,yes,更新时间
public,wh_meteorological_records_1,del_flag,character(1),yes,删除标记：0 未删除、1 已删除
public,wm_camera_info,id,bigint,yes,主键
public,wm_camera_info,camera_name,character varying(100),yes,摄像头名称
public,wm_camera_info,device_type,character varying(100),yes,设备类型
public,wm_camera_info,device_code,character varying(100),yes,设备编号
public,wm_camera_info,device_supplier,character varying(255),yes,设备厂商
public,wm_camera_info,device_origin,character varying(100),yes,设备来源
public,wm_camera_info,address,character varying(255),yes,摄像头地址
public,wm_camera_info,lon,"numeric(10,6)",yes,经度
public,wm_camera_info,lat,"numeric(10,6)",yes,纬度
public,wm_camera_info,monitor_subject,character varying(255),yes,监控对象
public,wm_camera_info,remark,character varying(255),yes,备注
public,wm_camera_info,create_by,bigint,yes,创建人
public,wm_camera_info,create_time,timestamp without time zone,yes,创建时间
public,wm_camera_info,update_by,bigint,yes,更新人
public,wm_camera_info,update_time,timestamp without time zone,yes,更新时间
public,wm_camera_info,del_flag,character varying(1),yes,删除标记：0 未删除、1 已删除
public,wm_camera_platform,id,bigint,yes,主键ID
public,wm_camera_platform,device_code,character varying(20),yes,设备编码(国标20位)
public,wm_camera_platform,name,character varying(100),yes,设备名称
public,wm_camera_platform,manufacturer,character varying(100),yes,厂商
public,wm_camera_platform,model,character varying(100),yes,型号
public,wm_camera_platform,transport,character varying(50),yes,传输方式: TCP/UDP
public,wm_camera_platform,stream_mode,character varying(50),yes,流模式: TCP被动模式/UDP
public,wm_camera_platform,ip_address,character varying(100),yes,设备IP地址
public,wm_camera_platform,port,integer,yes,设备端口
public,wm_camera_platform,online,smallint,yes,"是否在线: 0-离线, 1-在线"
public,wm_camera_platform,heart_beat_interval,integer,yes,心跳检测间隔(秒)
public,wm_camera_platform,heart_beat_count,integer,yes,健康检查次数
public,wm_camera_platform,charset,character varying(50),yes,字符集
public,wm_camera_platform,lon,double precision,yes,经度
public,wm_camera_platform,lat,double precision,yes,纬度
public,wm_camera_platform,remark,character varying(500),yes,备注
public,wm_camera_platform,create_by,bigint,yes,创建人
public,wm_camera_platform,create_time,timestamp without time zone,yes,创建时间
public,wm_camera_platform,update_by,bigint,yes,更新人
public,wm_camera_platform,update_time,timestamp without time zone,yes,更新时间
public,wm_camera_platform,del_flag,character varying(1),yes,"删除标记: 0-未删除, 1-已删除"
public,wm_directory,id,bigint,yes,主键ID
public,wm_directory,name,character varying(255),yes,目录名称
public,wm_directory,parent_id,bigint,yes,父目录ID，根目录为null
public,wm_directory,path,character varying(1024),yes,完整路径
public,wm_directory,description,character varying(512),yes,目录描述
public,wm_directory,sort,integer,yes,排序值
public,wm_directory,type,character varying(32),yes,目录类型（如：panorama/other）
public,wm_directory,create_time,timestamp without time zone,yes,创建时间
public,wm_directory,update_time,timestamp without time zone,yes,更新时间
public,wm_directory,is_deleted,boolean,yes,是否删除
public,wm_hydrological_info,id,bigint,yes,监测站点的唯一id
public,wm_hydrological_info,station_code,character varying(255),yes,水位站编码
public,wm_hydrological_info,station_name,character varying(255),yes,监测站点名称
public,wm_hydrological_info,short_name,character varying(255),yes,简称
public,wm_hydrological_info,region_code,character varying(16),yes,行政区划代码
public,wm_hydrological_info,iot_connect_type,character varying(8),yes,通信协议类型：0 tcp、1 http、2 mqtt
public,wm_hydrological_info,belong_to_city,character varying(60),yes,归属地市
public,wm_hydrological_info,water_body_id,bigint,yes,所属水体id
public,wm_hydrological_info,station_type,character varying(10),yes,站类型(岸基站1
public,wm_hydrological_info,build_state,character varying(30),yes,"建站状态(待建0,已建1)"
public,wm_hydrological_info,water_type,character varying(20),yes,水体类型：0 河流、1 湖泊
public,wm_hydrological_info,section_id,bigint,yes,断面id
public,wm_hydrological_info,river_in,bigint,yes,一维模型来流入汇口
public,wm_hydrological_info,pollutant_id,bigint,yes,污染源id
public,wm_hydrological_info,in_outlet,character(1),yes,污染源类型为污水处理厂时：0 进水口、1 出水口
public,wm_hydrological_info,river_out,bigint,yes,一维模型出水口
public,wm_hydrological_info,efdc_in,character varying(255),yes,efdc模型来流入汇口
public,wm_hydrological_info,efdc_out,character varying(255),yes,efdc模型出水口
public,wm_hydrological_info,efdc_i,bigint,yes,站点所在二维网格I值
public,wm_hydrological_info,efdc_j,bigint,yes,站点所在二维网格J值
public,wm_hydrological_info,head_water,bigint,yes,headwater序号
public,wm_hydrological_info,lake_in,character(1),yes,是否为入湖港道：0 否、1 是
public,wm_hydrological_info,hydrological_table_name,character varying(255),yes,水位监测记录表名
public,wm_hydrological_info,hydrological_indicator_codes,character varying(255),yes,水位监测指标编号集合，逗号连接
public,wm_hydrological_info,geom,"geometry(Point,4326)",yes,空间几何数据
public,wm_hydrological_info,frequency,character varying(255),yes,测量频率
public,wm_hydrological_info,equipments,character varying(255),yes,自动站的设备清单
public,wm_hydrological_info,build_time,date,yes,建设时间
public,wm_hydrological_info,responsible_person,character varying(255),yes,站点责任人
public,wm_hydrological_info,contact_number,character varying(20),yes,责任人联系电话
public,wm_hydrological_info,last_maintenance_time,date,yes,最近维护时间
public,wm_hydrological_info,img_url,character varying(255),yes,照片地址
public,wm_hydrological_info,img_name,character varying(100),yes,照片名称
public,wm_hydrological_info,img_format,character varying(16),yes,照片格式：img、png等
public,wm_hydrological_info,remark,character varying(255),yes,备注信息
public,wm_hydrological_info,create_by,bigint,yes,创建人
public,wm_hydrological_info,create_time,timestamp without time zone,yes,创建时间
public,wm_hydrological_info,update_by,bigint,yes,更新人
public,wm_hydrological_info,update_time,timestamp without time zone,yes,更新时间
public,wm_hydrological_info,del_flag,character(1),yes,删除标记：0 未删除、1 已删除
public,wm_image_info,id,bigint,yes,主键ID
public,wm_image_info,pid,bigint,yes,照片关联的id
public,wm_image_info,image_url,character varying(255),yes,图片地址
public,wm_image_info,image_formats,character varying(15),yes,图片格式
public,wm_image_info,image_type,smallint,yes,图片类型：0-未知、1-断面、2-自动站......
public,wm_image_info,create_by,bigint,yes,创建人
public,wm_image_info,create_time,timestamp without time zone,yes,创建时间
public,wm_image_info,update_by,bigint,yes,更新人
public,wm_image_info,update_time,timestamp without time zone,yes,更新时间
public,wm_image_info,del_flag,character(1),yes,删除标记: 0-未删除、1-已删除
public,wm_image_info,image_name,character varying(255),yes,文件名称：原始文件名
public,wm_image_info,image_tag,character varying(100),yes,图片标签
public,wm_meteorological_info,id,bigint,yes,监测站点的唯一id
public,wm_meteorological_info,station_code,character varying(255),yes,气象编码
public,wm_meteorological_info,station_name,character varying(255),yes,监测站点名称
public,wm_meteorological_info,short_name,character varying(255),yes,简称
public,wm_meteorological_info,region_code,character varying(16),yes,行政区划代码
public,wm_meteorological_info,iot_connect_type,character varying(8),yes,通信协议类型：0 tcp、1 http、2 mqtt
public,wm_meteorological_info,belong_to_city,character varying(60),yes,归属地市
public,wm_meteorological_info,station_type,character varying(10),yes,站类型(岸基站1
public,wm_meteorological_info,build_state,character varying(30),yes,"建站状态(待建0,已建1)"
public,wm_meteorological_info,water_type,character varying(20),yes,水体类型：0 河流、1 湖泊
public,wm_meteorological_info,water_body_id,bigint,yes,所属水体id
public,wm_meteorological_info,section_id,bigint,yes,断面id
public,wm_meteorological_info,river_in,bigint,yes,一维模型来流入汇口
public,wm_meteorological_info,pollutant_id,bigint,yes,污染源id
public,wm_meteorological_info,in_outlet,character(1),yes,污染源类型为污水处理厂时：0 进水口、1 出水口
public,wm_meteorological_info,river_out,bigint,yes,一维模型出水口
public,wm_meteorological_info,efdc_in,character varying(255),yes,efdc模型来流入汇口
public,wm_meteorological_info,efdc_out,character varying(255),yes,efdc模型出水口
public,wm_meteorological_info,efdc_i,bigint,yes,站点所在二维网格I值
public,wm_meteorological_info,efdc_j,bigint,yes,站点所在二维网格J值
public,wm_meteorological_info,head_water,bigint,yes,headwater序号
public,wm_meteorological_info,lake_in,character(1),yes,是否为入湖港道：0 否、1 是
public,wm_meteorological_info,meteorological_table_name,character varying(255),yes,气象监测记录表名
public,wm_meteorological_info,meteorological_indicator_codes,character varying(255),yes,气象监测指标编号集合，逗号连接
public,wm_meteorological_info,geom,"geometry(Point,4326)",yes,空间几何数据
public,wm_meteorological_info,frequency,character varying(255),yes,测量频率
public,wm_meteorological_info,equipments,character varying(255),yes,自动站的设备清单
public,wm_meteorological_info,build_time,date,yes,建设时间
public,wm_meteorological_info,responsible_person,character varying(255),yes,站点责任人
public,wm_meteorological_info,contact_number,character varying(20),yes,责任人联系电话
public,wm_meteorological_info,last_maintenance_time,date,yes,最近维护时间
public,wm_meteorological_info,img_url,character varying(255),yes,照片地址
public,wm_meteorological_info,img_name,character varying(100),yes,照片名称
public,wm_meteorological_info,img_format,character varying(16),yes,照片格式：img、png等
public,wm_meteorological_info,remark,character varying(255),yes,备注信息
public,wm_meteorological_info,create_by,bigint,yes,创建人
public,wm_meteorological_info,create_time,timestamp without time zone,yes,创建时间
public,wm_meteorological_info,update_by,bigint,yes,更新人
public,wm_meteorological_info,update_time,timestamp without time zone,yes,更新时间
public,wm_meteorological_info,del_flag,character(1),yes,删除标记：0 未删除、1 已删除
public,wm_panorama_layer,id,bigint,yes,自增主键
public,wm_panorama_layer,point_name,character varying(255),yes,点位名称
public,wm_panorama_layer,topic,character varying(255),yes,所属专题
public,wm_panorama_layer,directory_id,bigint,yes,目录ID
public,wm_panorama_layer,longitude,"numeric(20,10)",yes,经度
public,wm_panorama_layer,latitude,"numeric(20,10)",yes,纬度
public,wm_panorama_layer,icon,character varying(500),yes,图标地址
public,wm_panorama_layer,coverage_radius,"numeric(10,2)",yes,覆盖半径(km)
public,wm_panorama_layer,create_time,timestamp without time zone,yes,创建时间
public,wm_panorama_layer,update_time,timestamp without time zone,yes,更新时间
public,wm_panorama_layer,is_deleted,boolean,yes,是否删除（true:已删除，false:未删除）
public,wm_panorama_layer_relation,id,bigint,yes,自增主键
public,wm_panorama_layer_relation,panorama_id,bigint,yes,全景ID
public,wm_panorama_layer_relation,layer_id,character varying(255),yes,图层ID
public,wm_panorama_layer_relation,feature_id,character varying(255),yes,要素ID
public,wm_panorama_layer_relation,create_time,timestamp without time zone,yes,创建时间
public,wm_panorama_layer_relation,update_time,timestamp without time zone,yes,更新时间
public,wm_panorama_layer_relation,is_deleted,boolean,yes,是否删除（true:已删除，false:未删除）
public,wm_panorama_video,id,integer,yes,自增主键
public,wm_panorama_video,layer_id,integer,yes,所属全景图层ID
public,wm_panorama_video,name,character varying(255),yes,视频名称
public,wm_panorama_video,shoot_time,timestamp without time zone,yes,拍摄时间
public,wm_panorama_video,description,text,yes,描述
public,wm_panorama_video,url,character varying(500),yes,访问地址
public,wm_panorama_video,create_time,timestamp without time zone,yes,创建时间
public,wm_panorama_video,update_time,timestamp without time zone,yes,更新时间
public,wm_panorama_video,is_deleted,boolean,yes,是否删除（true:已删除，false:未删除）
public,wm_raster_info,id,bigint,yes,主键ID
public,wm_raster_info,scene_id,character varying(200),yes,遥感监测影像信息实体类
public,wm_raster_info,satellite_info,character varying(100),yes,拍摄卫星
public,wm_raster_info,sensor_info,character varying(100),yes,传感器信息
public,wm_raster_info,orbit_name,character varying(50),yes,轨道名称
public,wm_raster_info,processing_version,character varying(100),yes,数据级别
public,wm_raster_info,content_type,character varying(50),yes,文件内容类型
public,wm_raster_info,data_location,character varying(100),yes,数据位置
public,wm_raster_info,image_datetime,timestamp without time zone,yes,影像获取时间（年_月_日_时_分）
public,wm_raster_info,image_path,character varying(500),yes,缩略图路径
public,wm_raster_info,inversion_flag,character varying(1),yes,是否反演
public,wm_raster_info,create_time,timestamp without time zone,yes,创建时间
public,wm_raster_info,update_time,timestamp without time zone,yes,更新时间
public,wm_raster_info,del_flag,character(1),yes,删除标志：0-正常，1-已删除
public,wm_raster_inversion,id,bigint,yes,主键ID
public,wm_raster_inversion,record_id,bigint,yes,遥感反演结果记录ID
public,wm_raster_inversion,indicator_code,bigint,yes,遥感监测分析项编码
public,wm_raster_inversion,indicator_name,character varying(60),yes,指标项名称
public,wm_raster_inversion,inversion_type,character varying(20),yes,反演类型：water_environment-水环境，algalbloom-水生态，landuse-土地利用
public,wm_raster_inversion,file_path,character varying(500),yes,反演文件路径
public,wm_raster_inversion,l1_area,double precision,yes,I类/浮叶挺水植被/背景面积
public,wm_raster_inversion,l2_area,double precision,yes,II类/沉水植被/耕地面积
public,wm_raster_inversion,l3_area,double precision,yes,III类/水华/园地面积
public,wm_raster_inversion,l4_area,double precision,yes,IV类/水体/林地面积
public,wm_raster_inversion,l5_area,double precision,yes,V类/水体面积
public,wm_raster_inversion,l6_area,double precision,yes,劣V类/建设用地面积
public,wm_raster_inversion,unit,character varying(50),yes,面积单位
public,wm_raster_inversion,service_url,text,yes,服务地址
public,wm_raster_inversion,data_time,timestamp without time zone,yes,数据日期
public,wm_raster_inversion,create_time,timestamp without time zone,yes,创建时间
public,wm_raster_inversion,update_time,timestamp without time zone,yes,更新时间
public,wm_raster_inversion,del_flag,character(1),yes,删除标志
public,wm_raster_inversion_config,id,bigint,yes,主键ID
public,wm_raster_inversion_config,type_code,bigint,yes,反演类型编码
public,wm_raster_inversion_config,name,character varying(100),yes,名称
public,wm_raster_inversion_config,boundaries_json,text,no,
public,wm_raster_inversion_config,labels_json,text,no,
public,wm_raster_inversion_config,colors_json,text,no,
public,wm_raster_inversion_config,create_time,timestamp without time zone,yes,创建时间
public,wm_raster_inversion_config,update_time,timestamp without time zone,yes,修改时间
public,wm_raster_inversion_config,del_flag,character(1),yes,删除标志：0-正常，1-已删除
public,wm_section_info,id,bigint,yes,断面id
public,wm_section_info,water_body_id,bigint,yes,水体id
public,wm_section_info,control_unit_id,bigint,yes,控制单元id
public,wm_section_info,region_id,bigint,yes,所属区域id
public,wm_section_info,section_code,character varying(32),yes,断面编码
public,wm_section_info,section_name,character varying(255),yes,断面名称
public,wm_section_info,trans_regional,character varying(32),yes,跨界类型
public,wm_section_info,geom,"geometry(Point,4326)",yes,几何信息
public,wm_section_info,section_nature,character varying(4),yes,断面属性
public,wm_section_info,section_level,character varying(4),yes,断面级别：0-国控、1-省控、2-市控
public,wm_section_info,manage_type,character varying(64),yes,管理类型
public,wm_section_info,manage_level,character varying(32),yes,管理级别
public,wm_section_info,is_examine,character(1),yes,考核断面：0 否、1 是
public,wm_section_info,examine_level,character varying(32),yes,考核级别
public,wm_section_info,examine_city,character varying(32),yes,考核城市
public,wm_section_info,tributary_trunk,character(1),yes,支流/干流：0 干流、1 支流
public,wm_section_info,upstream_section_id,bigint,yes,上游断面id
public,wm_section_info,grid_code,character varying(32),yes,网格号
public,wm_section_info,grid_i,character varying(32),yes,网格I值
public,wm_section_info,grid_j,character varying(32),yes,网格J值
public,wm_section_info,remark,character varying(255),yes,备注
public,wm_section_info,create_by,bigint,yes,创建人
public,wm_section_info,create_time,timestamp without time zone,yes,创建时间
public,wm_section_info,update_by,bigint,yes,更新人
public,wm_section_info,update_time,timestamp without time zone,yes,更新时间
public,wm_section_info,del_flag,character(1),yes,删除标记：0 未删除、1 已删除
public,wm_section_wq_info,id,bigint,yes,id
public,wm_section_wq_info,section_id,bigint,yes,断面id
public,wm_section_wq_info,year,bigint,yes,年份
public,wm_section_wq_info,month,bigint,yes,"月份：0,1,2,3,4,5,6,7,8,9,10,11,12（0表示全年）"
public,wm_section_wq_info,water_quality_target_level,character varying(4),yes,目标水质
public,wm_section_wq_info,create_by,bigint,yes,创建人
public,wm_section_wq_info,create_time,timestamp without time zone,yes,创建时间
public,wm_section_wq_info,update_by,bigint,yes,更新人
public,wm_section_wq_info,update_time,timestamp without time zone,yes,更新时间
public,wm_section_wq_info,del_flag,character(1),yes,删除标记：0 未删除、1 已删除
public,wm_station_info,id,bigint,yes,监测站点的唯一id
public,wm_station_info,station_code,character varying(255),yes,站点编码
public,wm_station_info,station_name,character varying(255),yes,监测站点名称
public,wm_station_info,short_name,character varying(255),yes,简称
public,wm_station_info,region_code,character varying(16),yes,行政区划代码
public,wm_station_info,iot_connect_type,character varying(8),yes,通信协议类型：0 tcp、1 http、2 mqtt
public,wm_station_info,belong_to_city,character varying(60),yes,归属地市
public,wm_station_info,station_type,character varying(10),yes,站类型(岸基站1
public,wm_station_info,build_state,character varying(30),yes,"建站状态(待建0,已建1)"
public,wm_station_info,water_type,character varying(20),yes,水体类型：0 河流、1 湖泊
public,wm_station_info,water_body_id,bigint,yes,所属水体id
public,wm_station_info,section_id,bigint,yes,断面id
public,wm_station_info,river_in,bigint,yes,一维模型来流入汇口
public,wm_station_info,pollutant_id,bigint,yes,污染源id
public,wm_station_info,in_outlet,character(1),yes,污染源类型为污水处理厂时：0 进水口、1 出水口
public,wm_station_info,river_out,bigint,yes,一维模型出水口
public,wm_station_info,efdc_in,character varying(255),yes,efdc模型来流入汇口
public,wm_station_info,efdc_out,character varying(255),yes,efdc模型出水口
public,wm_station_info,efdc_i,bigint,yes,站点所在二维网格I值
public,wm_station_info,efdc_j,bigint,yes,站点所在二维网格J值
public,wm_station_info,head_water,bigint,yes,headwater序号
public,wm_station_info,lake_in,character(1),yes,是否为入湖港道：0 否、1 是
public,wm_station_info,water_quality_table_name,character varying(255),yes,水质监测记录表名
public,wm_station_info,hydrological_table_name,character varying(255),yes,水文监测记录表名
public,wm_station_info,meteorological_table_name,character varying(255),yes,气象监测记录表名
public,wm_station_info,water_quality_indicator_codes,character varying(255),yes,水质监测指标id集合，逗号连接
public,wm_station_info,hydrological_indicator_codes,character varying(255),yes,水文监测指标id集合，逗号连接
public,wm_station_info,meteorological_indicator_codes,character varying(255),yes,气象监测指标id集合，逗号连接
public,wm_station_info,geom,"geometry(Point,4326)",yes,空间几何数据
public,wm_station_info,intake_lon,double precision,yes,取水口位置
public,wm_station_info,intake_lat,double precision,yes,取水口位置
public,wm_station_info,frequency,character varying(255),yes,测量频率
public,wm_station_info,equipments,character varying(255),yes,自动站的设备清单
public,wm_station_info,build_time,date,yes,建设时间
public,wm_station_info,responsible_person,character varying(255),yes,站点责任人
public,wm_station_info,contact_number,character varying(20),yes,责任人联系电话
public,wm_station_info,last_maintenance_time,date,yes,最近维护时间
public,wm_station_info,img_url,character varying(255),yes,照片地址
public,wm_station_info,img_name,character varying(100),yes,照片名称
public,wm_station_info,img_format,character varying(16),yes,照片格式：img、png等
public,wm_station_info,remark,character varying(255),yes,备注信息
public,wm_station_info,create_by,bigint,yes,创建人
public,wm_station_info,create_time,timestamp without time zone,yes,创建时间
public,wm_station_info,update_by,bigint,yes,更新人
public,wm_station_info,update_time,timestamp without time zone,yes,更新时间
public,wm_station_info,del_flag,character(1),yes,删除标记：0 未删除、1 已删除
public,wm_station_info,station_level,character varying(10),yes,站点的级别(省站1
public,wm_station_info_v2,id,bigint,yes,主键
public,wm_station_info_v2,station_code,character varying(255),yes,站点编码
public,wm_station_info_v2,station_name,character varying(255),yes,站点名称
public,wm_station_info_v2,short_name,character varying(255),yes,站点简称
public,wm_station_info_v2,station_type,character varying(10),yes,站类型：1-岸基站、2-浮船站
public,wm_station_info_v2,station_level,character varying(10),yes,站点的级别：1-省站、2-市站
public,wm_station_info_v2,iot_connect_type,character varying(8),yes,通信协议类型：0 tcp、1 http、2 mqtt
public,wm_station_info_v2,region_code,character varying(16),yes,行政区编码
public,wm_station_info_v2,region_name,character varying(100),yes,行政区名称
public,wm_station_info_v2,build_state,character varying(30),yes,建站状态：0-待建、1-已建
public,wm_station_info_v2,build_time,timestamp without time zone,yes,建设时间
public,wm_station_info_v2,water_body_id,bigint,yes,水体id
public,wm_station_info_v2,section_id,bigint,yes,断面id
public,wm_station_info_v2,equipment_manufacturer,character varying(200),yes,设备厂家
public,wm_station_info_v2,equipment_model,character varying(100),yes,设备型号
public,wm_station_info_v2,monitor_indicators,character varying(500),yes,监测指标
public,wm_station_info_v2,monitor_frequency,character varying(100),yes,监测频次
public,wm_station_info_v2,eight_direction_photo,character varying(500),yes,八方图
public,wm_station_info_v2,om_unit,character varying(100),yes,运维单位
public,wm_station_info_v2,om_person,character varying(100),yes,运维人员
public,wm_station_info_v2,contact_info,character varying(100),yes,联系方式
public,wm_station_info_v2,geom,"geometry(Point,4326)",yes,图形信息
public,wm_station_info_v2,create_by,bigint,yes,创建人
public,wm_station_info_v2,create_time,timestamp without time zone,yes,创建时间
public,wm_station_info_v2,update_by,bigint,yes,修改人
public,wm_station_info_v2,update_time,timestamp without time zone,yes,修改时间
public,wm_station_info_v2,del_flag,character varying(1),yes,"0未删除,1已删除"
public,wm_station_info_v2,remark,character varying(255),yes,备注
public,wm_station_info_v2,section_name,character varying(100),yes,断面名称
public,wm_station_info_v2,water_body_name,character varying(150),yes,水体名称
public,wm_station_info_v2,water_body_type,character varying(10),yes,水体类型：0-河流、1-湖泊
public,wm_uav_info,id,bigint,yes,主键ID
public,wm_uav_info,code,character varying(100),yes,编码
public,wm_uav_info,name,character varying(100),yes,名称
public,wm_uav_info,gateway_sn,character varying(100),yes,网关SN编码
public,wm_uav_info,gateway_callsign,character varying(100),yes,网关名称
public,wm_uav_info,gateway_device_model,character varying(1024),yes,型号，json格式
public,wm_uav_info,gateway_device_online_status,smallint,yes,网关在线状态
public,wm_uav_info,gateway_mode_code,integer,yes,网关型号编码
public,wm_uav_info,gateway_camera_list,character varying(1024),yes,网关摄像头列表
public,wm_uav_info,drone_sn,character varying(100),yes,无人机SN编码
public,wm_uav_info,drone_callsign,character varying(100),yes,无人机名称
public,wm_uav_info,drone_device_model,character varying(1024),yes,无人机型号
public,wm_uav_info,drone_device_online_status,character varying(100),yes,无人机在线状态
public,wm_uav_info,drone_mode_code,integer,yes,型号编码
public,wm_uav_info,drone_camera_list,character varying(1024),yes,无人机摄像头列表
public,wm_uav_info,gateway_lon,double precision,yes,网关经度
public,wm_uav_info,gateway_lat,double precision,yes,网关纬度
public,wm_uav_info,activation_time,bigint,yes,机场激活时间(unix 时间戳)
public,wm_uav_info,acc_time,integer,yes,机场累计运行时长
public,wm_uav_info,humidity,real,yes,舱内湿度
public,wm_uav_info,job_number,integer,yes,机场累计作业次数
public,wm_uav_info,storage_total,integer,yes,存储容量 单位：KB
public,wm_uav_info,storage_used,integer,yes,已使用容量 单位：KB
public,wm_uav_info,brand,character varying(100),yes,品牌：大疆/纵横昆仑
public,wm_uav_info,weight,character varying(100),yes,整机重量
public,wm_uav_info,power,character varying(100),yes,功率
public,wm_uav_info,temperature,character varying(100),yes,工作温度
public,wm_uav_info,protect_level,character varying(100),yes,保护等级
public,wm_uav_info,max_height,character varying(100),yes,最大高度
public,wm_uav_info,max_radius,character varying(100),yes,最大工作半径
public,wm_uav_info,charging_time,character varying(100),yes,充电时间
public,wm_uav_info,cycle_num,character varying(100),yes,电池循环次数
public,wm_uav_info,duration_time,character varying(100),yes,备用电池续航时间
public,wm_uav_info,remark,character varying(255),yes,备注信息
public,wm_uav_info,create_by,bigint,yes,创建人
public,wm_uav_info,create_time,timestamp without time zone,yes,创建时间
public,wm_uav_info,update_by,bigint,yes,更新人
public,wm_uav_info,update_time,timestamp without time zone,yes,更新时间
public,wm_uav_info,del_flag,character(1),yes,删除标记：0 未删除、1 已删除
public,wm_water_intake,id,bigint,yes,主键ID
public,wm_water_intake,geom,"geometry(Point,4490)",yes,空间几何数据
public,wm_water_intake,region_code,character varying(50),yes,行政区编码
public,wm_water_intake,region_name,character varying(100),yes,行政区名称
public,wm_water_intake,name,character varying(100),yes,名称
public,wm_water_intake,city,character varying(50),yes,城市
public,wm_water_intake,county,character varying(50),yes,区县
public,wm_water_intake,water_type,character varying(10),yes,水源类型
public,wm_water_intake,used_mark,character varying(100),yes,使用状态
public,wm_water_intake,township,character varying(100),yes,乡镇
public,wm_water_intake,remark,character varying(254),yes,备注
public,wm_water_intake,level,character varying(50),yes,级别：乡镇、区县
public,wm_water_intake,code,character varying(100),yes,水源编码
public,wm_water_intake,static_flag,character varying(12),yes,统计标识：是、否
public,wm_water_source,id,bigint,yes,主键ID
public,wm_water_source,code,character varying(100),yes,代码
public,wm_water_source,name,character varying(100),yes,水源名称
public,wm_water_source,alias,character varying(100),yes,别名
public,wm_water_source,region_code,character varying(60),yes,行政区代码
public,wm_water_source,region_name,character varying(100),yes,行政区名称
public,wm_water_source,river_system_code,character varying(60),yes,水系代码
public,wm_water_source,river_system_name,character varying(100),yes,水系名称
public,wm_water_source,river_system_name_2,character varying(50),yes,二级水系名称
public,wm_water_source,river_system_name_3,character varying(100),yes,三级级水系名称
public,wm_water_source,source_type,character varying(100),yes,水源类型
public,wm_water_source,source_state,character varying(100),yes,水源状态
public,wm_water_source,level,character varying(20),yes,级别
public,wm_water_source,protect_area_status,character varying(50),yes,保护区划定情况
public,wm_water_source,protect_area_cert,character varying(100),yes,保护区划定文号
public,wm_water_source,protect_level,smallint,yes,保护区级别：1、2、3
public,wm_water_source,supply_type,character varying(60),yes,供水类型
public,wm_water_source,supply_service,character varying(100),yes,服务对象
public,wm_water_source,supply_water_daily,character varying(100),yes,日均供水能力（吨/天）
public,wm_water_source,supply_water_year,double precision,yes,年实际取水量(万吨)
public,wm_water_source,supply_water_avg,double precision,yes,人均取水量（升/天）
public,wm_water_source,service_people_count,bigint,yes,服务人数
public,wm_water_source,water_word_info,character varying(100),yes,对应水厂名称
public,wm_water_source,dbsqssw,real,yes,地表水取水水位（m）
public,wm_water_source,dbssjksw,real,yes,地表水设计枯水位（m）
public,wm_water_source,dxsmctj,character varying(50),yes,地下水埋藏条件
public,wm_water_source,dxshsjzlx,character varying(50),yes,地下水含水介质类型
public,wm_water_source,dxssjjs,real,yes,地下水设计降深（m）
public,wm_water_source,dxsswms,real,yes,地下水水位埋深（m）
public,wm_water_source,ccsy,character varying(10),yes,超采水源: 是、否
public,wm_water_source,cjjjdkhzb,character varying(10),yes,长江经济带考核指标: 是、否
public,wm_water_source,build_year,integer,yes,取水口建成年份
public,wm_water_source,used_year,integer,yes,取水口正式使用年份
public,wm_water_source,image_path,character varying(300),yes,图片路径
public,wm_water_source,remark,character varying(100),yes,备注
public,wm_water_source,geom,"geometry(MultiPolygon,4326)",yes,空间几何数据
public,wm_water_source_bak0421,id,bigint,yes,主键ID
public,wm_water_source_bak0421,code,character varying(100),yes,代码
public,wm_water_source_bak0421,name,character varying(100),yes,水源名称
public,wm_water_source_bak0421,alias,character varying(100),yes,别名
public,wm_water_source_bak0421,area_code,character varying(60),yes,行政区代码
public,wm_water_source_bak0421,address,character varying(200),yes,水源口地址
public,wm_water_source_bak0421,river_system_code,character varying(60),yes,水系代码
public,wm_water_source_bak0421,river_system_name,character varying(100),yes,水系名称
public,wm_water_source_bak0421,source_type,character varying(100),yes,水源类型
public,wm_water_source_bak0421,supply_type,character varying(60),yes,供水类型
public,wm_water_source_bak0421,supply_service,character varying(100),yes,服务对象
public,wm_water_source_bak0421,source_state,character varying(100),yes,水源状态
public,wm_water_source_bak0421,service_people_count,bigint,yes,服务人数
public,wm_water_source_bak0421,supply_water_daily,character varying(100),yes,日均供水能力（吨/天）
public,wm_water_source_bak0421,supply_water_year,double precision,yes,年实际取水量(万吨)
public,wm_water_source_bak0421,supply_water_avg,double precision,yes,人均取水量（升/天）
public,wm_water_source_bak0421,check_result,character varying(100),yes,考核结果
public,wm_water_source_bak0421,has_monitor,character varying(10),yes,年是否开展水质监测
public,wm_water_source_bak0421,monitor_count,bigint,yes,监测次数
public,wm_water_source_bak0421,monitor_result,bigint,yes,达标情况
public,wm_water_source_bak0421,traffic_pass_info,character varying(20),yes,交通穿越情况
public,wm_water_source_bak0421,has_take_cert,character varying(10),yes,是否有取水许可证文号
public,wm_water_source_bak0421,take_cert_code,character varying(100),yes,取水许可证文号
public,wm_water_source_bak0421,has_health_cert,character varying(10),yes,有无水厂卫生合格证号
public,wm_water_source_bak0421,health_cert_code,character varying(100),yes,卫生合格证号
public,wm_water_source_bak0421,process_technology,character varying(100),yes,水厂处理工艺
public,wm_water_source_bak0421,protect_area_level1,double precision,yes,一级保护区面积（m2）
public,wm_water_source_bak0421,protect_area_level2,double precision,yes,二级保护区面积（m2）
public,wm_water_source_bak0421,approve_area,double precision,yes,准保护区面积（m2）
public,wm_water_source_bak0421,lon,double precision,yes,经度
public,wm_water_source_bak0421,lat,double precision,yes,纬度
public,wm_water_source_bak0421,image_path,character varying(300),yes,图片路径
public,wm_water_source_bak0421,remark,character varying(100),yes,备注
public,wm_water_source_bak0421,protect_area_status,character varying(50),yes,保护区划定情况
public,wm_water_source_bak0421,protect_area_cert,character varying(100),yes,保护区划定文号
public,wm_water_source_bak0421,protect_area_define,character varying(100),yes,水源保护区划分
public,wm_water_source_bak0421,polluter_level1,character varying(100),yes,一级保护区内污染源
public,wm_water_source_bak0421,polluter_level2,character varying(100),yes,二级保护区内污染源
public,wm_water_source_bak0421,traffice_pass_enviroment,bigint,yes,交通穿越存在环境问题数量
public,wm_water_source_bak0421,traffice_pass_finish,bigint,yes,交通穿越已完成整治数量
public,wm_water_source_bak0421,traffice_pass_handle,bigint,yes,交通穿越整治中数量
public,wm_water_source_bak0421,protect_flag_define,character varying(100),yes,保护区标识标志设定情况
public,wm_water_source_bak0421,protect_flag_finish,bigint,yes,标识标志设定存在环境问题数量
public,wm_water_source_bak0421,protect_flag_hanle,bigint,yes,标识标志设定已完成整治数量
public,wm_water_source_bak0421,protect_flag_problem,bigint,yes,标识标志设定存在环境问题数量
public,wm_water_source_bak0421,geom1,text,yes,一级水源地面图形：4490
public,wm_water_source_bak0421,geom2,text,yes,二级水源地面图形：4490
public,wm_water_source_bak0421,level,character varying(20),yes,级别
public,wm_water_source_bak0421,river_system_name_3,character varying(100),yes,三级级水系名称
public,wm_water_source_bak0421,water_word_info,character varying(100),yes,对应水厂名称
public,wm_water_source_bak0421,dbsqssw,real,yes,地表水取水水位（m）
public,wm_water_source_bak0421,dbssjksw,real,yes,地表水设计枯水位（m）
public,wm_water_source_bak0421,dxsmctj,character varying(50),yes,地下水埋藏条件
public,wm_water_source_bak0421,dxshsjzlx,character varying(50),yes,地下水含水介质类型
public,wm_water_source_bak0421,dxssjjs,real,yes,地下水设计降深（m）
public,wm_water_source_bak0421,dxsswms,real,yes,地下水水位埋深（m）
public,wm_water_source_bak0421,ccsy,character varying(10),yes,超采水源: 是、否
public,wm_water_source_bak0421,cjjjdkhzb,character varying(10),yes,长江经济带考核指标: 是、否
public,wm_water_source_bak0421,river_system_name_2,character varying(50),yes,二级水系名称
public,wm_water_source_bak0421,build_year,integer,yes,取水口建成年份
public,wm_water_source_bak0421,used_year,integer,yes,取水口正式使用年份
public,wm_water_source_intake_v2,id,bigint,yes,主键ID
public,wm_water_source_intake_v2,name,character varying(255),yes,名称
public,wm_water_source_intake_v2,city,character varying(100),yes,地市
public,wm_water_source_intake_v2,district,character varying(100),yes,区县
public,wm_water_source_intake_v2,township,character varying(100),yes,乡镇
public,wm_water_source_intake_v2,source_level,character varying(50),yes,水源地级别（县级以上；乡镇级；百吨千人）
public,wm_water_source_intake_v2,source_type,character varying(50),yes,水源地类型（河流型；湖库型；地下水型）
public,wm_water_source_intake_v2,source_status,character varying(50),yes,水源地状态（在用；备用；应急；规划）
public,wm_water_source_intake_v2,source_code,character varying(100),yes,水源地编码
public,wm_water_source_intake_v2,water_quality_class,character varying(10),yes,水质类别（Ⅰ；Ⅱ；Ⅲ；Ⅳ；Ⅴ）
public,wm_water_source_intake_v2,supply_population,integer,yes,供水人口（人）
public,wm_water_source_intake_v2,daily_supply_capacity,"numeric(15,2)",yes,日均供水能力（吨/天）
public,wm_water_source_intake_v2,annual_actual_withdrawal,"numeric(15,4)",yes,年实际取水量（万吨）
public,wm_water_source_intake_v2,per_capita_withdrawal,"numeric(10,2)",yes,人均取水量（升/天）
public,wm_water_source_intake_v2,remark,text,yes,备注
public,wm_water_source_intake_v2,create_by,bigint,yes,创建人
public,wm_water_source_intake_v2,create_time,timestamp without time zone,yes,创建时间
public,wm_water_source_intake_v2,update_by,bigint,yes,修改人
public,wm_water_source_intake_v2,update_time,timestamp without time zone,yes,修改时间
public,wm_water_source_intake_v2,del_flag,character varying(1),yes,删除标志：0-正常，1-已删除
public,wm_water_source_intake_v2,geom,"geometry(Point,4326)",yes,取水口位置
public,wm_water_source_intake_v2,region_code,character varying(50),yes,行政区编码
public,wm_water_source_zone_v2,id,bigint,yes,主键ID
public,wm_water_source_zone_v2,name,character varying(255),yes,名称
public,wm_water_source_zone_v2,city,character varying(100),yes,地市
public,wm_water_source_zone_v2,district,character varying(100),yes,区县
public,wm_water_source_zone_v2,township,character varying(100),yes,乡镇
public,wm_water_source_zone_v2,source_level,character varying(50),yes,水源地级别（县级以上；乡镇级；百吨千人）
public,wm_water_source_zone_v2,zone_level,character varying(50),yes,保护区级别（1-一级保护区；2-二级保护区；3-准保护区）
public,wm_water_source_zone_v2,area,"numeric(15,4)",yes,面积（单位：平方千米）
public,wm_water_source_zone_v2,source_type,character varying(100),yes,水源地类型（河流型；湖库型；地下水型）
public,wm_water_source_zone_v2,source_status,character varying(100),yes,水源地状态（在用；备用；应急；规划）
public,wm_water_source_zone_v2,source_code,character varying(100),yes,水源地编码
public,wm_water_source_zone_v2,remark,text,yes,备注
public,wm_water_source_zone_v2,create_by,bigint,yes,创建人
public,wm_water_source_zone_v2,create_time,timestamp without time zone,yes,创建时间
public,wm_water_source_zone_v2,update_by,bigint,yes,修改人
public,wm_water_source_zone_v2,update_time,timestamp without time zone,yes,修改时间
public,wm_water_source_zone_v2,del_flag,character varying(1),yes,删除标志：0-正常，1-已删除
public,wm_water_source_zone_v2,region_code,character varying(60),yes,行政区代码
public,wm_water_source_zone_v2,geom,"geometry(MultiPolygon,4326)",yes,空间几何数据
public,wm_waterbody_info,id,bigint,yes,id
public,wm_waterbody_info,water_body_code,character varying(32),yes,水体编码
public,wm_waterbody_info,water_body_name,character varying(255),yes,水体名称
public,wm_waterbody_info,water_body_type,character(1),yes,水体类型：0 河流、1 湖泊
public,wm_waterbody_info,water_body_function,character varying(255),yes,水体功能类别
public,wm_waterbody_info,geom,text,yes,几何信息
public,wm_waterbody_info,img_url,character varying(255),yes,照片地址
public,wm_waterbody_info,img_format,character varying(16),yes,照片格式：img、png等
public,wm_waterbody_info,img_name,character varying(100),yes,照片名称
public,wm_waterbody_info,control_unit_id,bigint,yes,所属控制单元id
public,wm_waterbody_info,basin,character varying(255),yes,所在流域
public,wm_waterbody_info,length,double precision,yes,水体长度（km）
public,wm_waterbody_info,width,character varying(255),yes,水体宽度（m）
public,wm_waterbody_info,area,double precision,yes,水体面积（km2）
public,wm_waterbody_info,bend_coefficient,double precision,yes,弯曲系数
public,wm_waterbody_info,storage,double precision,yes,蓄水量（m3）
public,wm_waterbody_info,country,character varying(255),no,
public,wm_waterbody_info,start_village,character varying(255),yes,起点村/社区
public,wm_waterbody_info,end_village,character varying(255),yes,终点村/社区
public,wm_waterbody_info,up_stream,character varying(255),yes,上游水体
public,wm_waterbody_info,down_stream,character varying(255),yes,下游水体
public,wm_waterbody_info,remark,character varying(255),yes,备注
public,wm_waterbody_info,create_by,bigint,yes,创建人
public,wm_waterbody_info,create_time,timestamp without time zone,yes,创建时间
public,wm_waterbody_info,update_by,bigint,yes,更新人
public,wm_waterbody_info,update_time,timestamp without time zone,yes,更新时间
public,wm_waterbody_info,del_flag,character(1),yes,删除标记：0 未删除、1 已删除
public,wm_waterquality_day_records,id,bigint,yes,id
public,wm_waterquality_day_records,station_id,bigint,yes,站点id
public,wm_waterquality_day_records,m1_value,double precision,yes,水温监测值
public,wm_waterquality_day_records,m1_count,bigint,yes,记录数1
public,wm_waterquality_day_records,m2_value,double precision,yes,PH监测值
public,wm_waterquality_day_records,m2_count,bigint,yes,记录数2
public,wm_waterquality_day_records,m3_value,double precision,yes,溶解氧监测值
public,wm_waterquality_day_records,m3_count,bigint,yes,记录数3
public,wm_waterquality_day_records,m4_value,double precision,yes,浊度监测值
public,wm_waterquality_day_records,m4_count,bigint,yes,记录数4
public,wm_waterquality_day_records,m5_value,double precision,yes,电导率监测值
public,wm_waterquality_day_records,m5_count,bigint,yes,记录数5
public,wm_waterquality_day_records,m6_value,double precision,yes,氨氮监测值
public,wm_waterquality_day_records,m6_count,bigint,yes,记录数6
public,wm_waterquality_day_records,m7_value,double precision,yes,高锰酸盐指数监测值
public,wm_waterquality_day_records,m7_count,bigint,yes,记录数7
public,wm_waterquality_day_records,m8_value,double precision,yes,总磷监测值
public,wm_waterquality_day_records,m8_count,bigint,yes,记录数8
public,wm_waterquality_day_records,m9_value,double precision,yes,总氮监测值
public,wm_waterquality_day_records,m9_count,bigint,yes,记录数9
public,wm_waterquality_day_records,m10_value,double precision,yes,化学需氧量监测值
public,wm_waterquality_day_records,m10_count,bigint,yes,记录数10
public,wm_waterquality_day_records,m11_value,double precision,yes,监测值
public,wm_waterquality_day_records,m11_count,bigint,yes,记录数11
public,wm_waterquality_day_records,m12_value,double precision,yes,监测值
public,wm_waterquality_day_records,m12_count,bigint,yes,记录数12
public,wm_waterquality_day_records,m13_value,double precision,yes,监测值
public,wm_waterquality_day_records,m13_count,bigint,yes,记录数13
public,wm_waterquality_day_records,m14_value,double precision,yes,监测值
public,wm_waterquality_day_records,m14_count,bigint,yes,记录数14
public,wm_waterquality_day_records,m15_value,double precision,yes,监测值
public,wm_waterquality_day_records,m15_count,bigint,yes,记录数15
public,wm_waterquality_day_records,m16_value,double precision,yes,监测值
public,wm_waterquality_day_records,m16_count,bigint,yes,记录数16
public,wm_waterquality_day_records,m17_value,double precision,yes,监测值
public,wm_waterquality_day_records,m17_count,bigint,yes,记录数17
public,wm_waterquality_day_records,m18_value,double precision,yes,监测值
public,wm_waterquality_day_records,m18_count,bigint,yes,记录数18
public,wm_waterquality_day_records,m19_value,double precision,yes,监测值
public,wm_waterquality_day_records,m19_count,bigint,yes,记录数19
public,wm_waterquality_day_records,m20_value,double precision,yes,监测值
public,wm_waterquality_day_records,m20_count,bigint,yes,记录数20
public,wm_waterquality_day_records,m21_value,double precision,yes,监测值
public,wm_waterquality_day_records,m21_count,bigint,yes,记录数21
public,wm_waterquality_day_records,m22_value,double precision,yes,监测值
public,wm_waterquality_day_records,m22_count,bigint,yes,记录数22
public,wm_waterquality_day_records,m23_value,double precision,yes,监测值
public,wm_waterquality_day_records,m23_count,bigint,yes,记录数23
public,wm_waterquality_day_records,m24_value,double precision,yes,监测值
public,wm_waterquality_day_records,m24_count,bigint,yes,记录数24
public,wm_waterquality_day_records,m25_value,double precision,yes,监测值
public,wm_waterquality_day_records,m25_count,bigint,yes,记录数25
public,wm_waterquality_day_records,m26_value,double precision,yes,监测值
public,wm_waterquality_day_records,m26_count,bigint,yes,记录数26
public,wm_waterquality_day_records,m27_value,double precision,yes,监测值
public,wm_waterquality_day_records,m27_count,bigint,yes,记录数27
public,wm_waterquality_day_records,m28_value,double precision,yes,监测值
public,wm_waterquality_day_records,m28_count,bigint,yes,记录数28
public,wm_waterquality_day_records,m29_value,double precision,yes,监测值29
public,wm_waterquality_day_records,m29_count,bigint,yes,记录数29
public,wm_waterquality_day_records,m30_value,double precision,yes,监测值30
public,wm_waterquality_day_records,m30_count,bigint,yes,记录数30
public,wm_waterquality_day_records,m31_value,double precision,yes,监测值31
public,wm_waterquality_day_records,m31_count,bigint,yes,记录数31
public,wm_waterquality_day_records,monitor_time,timestamp without time zone,yes,监测时间
public,wm_waterquality_day_records,status,character(1),yes,状态
public,wm_waterquality_day_records,water_quality_level,character varying(20),yes,水质级别
public,wm_waterquality_day_records,record_type,character(1),no,
public,wm_waterquality_day_records,create_by,bigint,yes,创建人
public,wm_waterquality_day_records,create_time,timestamp without time zone,yes,创建时间
public,wm_waterquality_day_records,update_by,bigint,yes,更新人
public,wm_waterquality_day_records,update_time,timestamp without time zone,yes,更新时间
public,wm_waterquality_day_records,del_flag,character(1),yes,删除标记：0 未删除、1 已删除
public,wm_waterquality_hour_records,id,bigint,yes,id
public,wm_waterquality_hour_records,station_id,bigint,yes,监测站id
public,wm_waterquality_hour_records,m1_value,double precision,yes,水温监测值
public,wm_waterquality_hour_records,m1_status,character(1),yes,监测结果：0 正常、1 超标
public,wm_waterquality_hour_records,m1_level,character varying(4),yes,水质级别：I、II、Ⅲ、IV、V、劣V
public,wm_waterquality_hour_records,m2_value,double precision,yes,PH监测值
public,wm_waterquality_hour_records,m2_status,character(1),yes,监测结果：0 正常、1 超标
public,wm_waterquality_hour_records,m2_level,character varying(4),yes,水质级别：I、II、Ⅲ、IV、V、劣V
public,wm_waterquality_hour_records,m3_value,double precision,yes,溶解氧监测值
public,wm_waterquality_hour_records,m3_status,character(1),yes,监测结果：0 正常、2 偏低
public,wm_waterquality_hour_records,m3_level,character varying(4),yes,水质级别：I、II、Ⅲ、IV、V、劣V
public,wm_waterquality_hour_records,m4_value,double precision,yes,浊度监测值
public,wm_waterquality_hour_records,m4_status,character(1),yes,监测结果：0 正常、1 超标
public,wm_waterquality_hour_records,m5_value,double precision,yes,电导率监测值
public,wm_waterquality_hour_records,m5_status,character(1),yes,监测结果：0 正常、1 超标
public,wm_waterquality_hour_records,m6_value,double precision,yes,氨氮监测值
public,wm_waterquality_hour_records,m6_status,character(1),yes,监测结果：0 正常、1 超标
public,wm_waterquality_hour_records,m6_level,character varying(4),yes,水质级别：I、II、Ⅲ、IV、V、劣V
public,wm_waterquality_hour_records,m7_value,double precision,yes,高锰酸盐指数监测值
public,wm_waterquality_hour_records,m7_status,character(1),yes,监测结果：0 正常、1 超标
public,wm_waterquality_hour_records,m7_level,character varying(4),yes,水质级别：I、II、Ⅲ、IV、V、劣V
public,wm_waterquality_hour_records,m8_value,double precision,yes,总磷监测值
public,wm_waterquality_hour_records,m8_status,character(1),yes,监测结果：0 正常、1 超标
public,wm_waterquality_hour_records,m8_level,character varying(4),yes,水质级别：I、II、Ⅲ、IV、V、劣V
public,wm_waterquality_hour_records,m9_value,double precision,yes,总氮监测值
public,wm_waterquality_hour_records,m9_status,character(1),yes,监测结果：0 正常、1 超标
public,wm_waterquality_hour_records,m9_level,character varying(4),yes,水质级别：I、II、Ⅲ、IV、V、劣V
public,wm_waterquality_hour_records,m10_value,double precision,yes,叶绿素a监测值
public,wm_waterquality_hour_records,m10_status,character(1),yes,监测结果：0 正常、1 超标
public,wm_waterquality_hour_records,m11_value,double precision,yes,藻密度监测值
public,wm_waterquality_hour_records,m11_status,character(1),yes,监测结果：0 正常、1 超标
public,wm_waterquality_hour_records,m12_value,double precision,yes,化学需氧量监测值
public,wm_waterquality_hour_records,m12_status,character(1),yes,监测结果：0 正常、1 超标
public,wm_waterquality_hour_records,m12_level,character varying(4),yes,水质级别：I、II、Ⅲ、IV、V、劣V
public,wm_waterquality_hour_records,m13_value,double precision,yes,五日生化需氧量监测值
public,wm_waterquality_hour_records,m13_status,character(1),yes,监测结果：0 正常、1 超标
public,wm_waterquality_hour_records,m13_level,character varying(4),yes,水质级别：I、II、Ⅲ、IV、V、劣V
public,wm_waterquality_hour_records,m14_value,double precision,yes,监测值
public,wm_waterquality_hour_records,m14_status,character(1),yes,监测结果：0 正常、1 超标
public,wm_waterquality_hour_records,m15_value,double precision,yes,监测值
public,wm_waterquality_hour_records,m15_status,character(1),yes,监测结果：0 正常、1 超标
public,wm_waterquality_hour_records,m16_value,double precision,yes,监测值
public,wm_waterquality_hour_records,m16_status,character(1),yes,监测结果：0 正常、1 超标
public,wm_waterquality_hour_records,m17_value,double precision,yes,监测值
public,wm_waterquality_hour_records,m17_status,character(1),yes,监测结果：0 正常、1 超标
public,wm_waterquality_hour_records,m18_value,double precision,yes,监测值
public,wm_waterquality_hour_records,m18_status,character(1),yes,监测结果：0 正常、1 超标
public,wm_waterquality_hour_records,m19_value,double precision,yes,监测值
public,wm_waterquality_hour_records,m19_status,character(1),yes,监测结果：0 正常、1 超标
public,wm_waterquality_hour_records,m20_value,double precision,yes,监测值
public,wm_waterquality_hour_records,m20_status,character(1),yes,监测结果：0 正常、1 超标
public,wm_waterquality_hour_records,m21_value,double precision,yes,监测值
public,wm_waterquality_hour_records,m21_status,character(1),yes,监测结果：0 正常、1 超标
public,wm_waterquality_hour_records,m22_value,double precision,yes,监测值
public,wm_waterquality_hour_records,m22_status,character(1),yes,监测结果：0 正常、1 超标
public,wm_waterquality_hour_records,m23_value,double precision,yes,监测值
public,wm_waterquality_hour_records,m23_status,character(1),yes,监测结果：0 正常、1 超标
public,wm_waterquality_hour_records,m24_value,double precision,yes,监测值
public,wm_waterquality_hour_records,m24_status,character(1),yes,监测结果：0 正常、1 超标
public,wm_waterquality_hour_records,m25_value,double precision,yes,监测值
public,wm_waterquality_hour_records,m25_status,character(1),yes,监测结果：0 正常、1 超标
public,wm_waterquality_hour_records,m26_value,double precision,yes,监测值
public,wm_waterquality_hour_records,m26_status,character(1),yes,监测结果：0 正常、1 超标
public,wm_waterquality_hour_records,m27_value,double precision,yes,监测值
public,wm_waterquality_hour_records,m27_status,character(1),yes,监测结果：0 正常、1 超标
public,wm_waterquality_hour_records,m28_value,double precision,yes,监测值
public,wm_waterquality_hour_records,m28_status,character(1),yes,监测结果：0 正常、1 超标
public,wm_waterquality_hour_records,m29_value,double precision,yes,监测值
public,wm_waterquality_hour_records,m29_status,character(1),yes,监测结果：0 正常、1 超标
public,wm_waterquality_hour_records,m30_value,double precision,yes,监测值
public,wm_waterquality_hour_records,m30_status,character(1),yes,监测结果：0 正常、1 超标
public,wm_waterquality_hour_records,m31_value,double precision,yes,监测值
public,wm_waterquality_hour_records,m31_status,character(1),yes,监测结果：0 正常、1 超标
public,wm_waterquality_hour_records,monitor_time,timestamp without time zone,yes,监测时间
public,wm_waterquality_hour_records,status,character(1),yes,监测结果：0 正常、1 超标
public,wm_waterquality_hour_records,water_quality_level,character varying(16),yes,水质级别：I、II、Ⅲ、IV、V、劣V
public,wm_waterquality_hour_records,record_type,character(1),yes,记录类型：0 自动、1 手工
public,wm_waterquality_hour_records,create_by,bigint,yes,创建人
public,wm_waterquality_hour_records,create_time,timestamp without time zone,yes,创建时间
public,wm_waterquality_hour_records,update_by,bigint,yes,更新人
public,wm_waterquality_hour_records,update_time,timestamp without time zone,yes,更新时间
public,wm_waterquality_hour_records,del_flag,character(1),yes,删除标记：0 未删除、1 已删除
public,wm_waterquality_month_records,id,bigint,yes,id
public,wm_waterquality_month_records,station_id,bigint,yes,站点id
public,wm_waterquality_month_records,section_id,bigint,yes,断面id
public,wm_waterquality_month_records,m1_value,double precision,yes,水温监测值
public,wm_waterquality_month_records,m1_count,bigint,yes,记录数1
public,wm_waterquality_month_records,m2_value,double precision,yes,PH监测值
public,wm_waterquality_month_records,m2_count,bigint,yes,记录数2
public,wm_waterquality_month_records,m3_value,double precision,yes,溶解氧监测值
public,wm_waterquality_month_records,m3_count,bigint,yes,记录数3
public,wm_waterquality_month_records,m4_value,double precision,yes,浊度监测值
public,wm_waterquality_month_records,m4_count,bigint,yes,记录数4
public,wm_waterquality_month_records,m5_value,double precision,yes,电导率监测值
public,wm_waterquality_month_records,m5_count,bigint,yes,记录数5
public,wm_waterquality_month_records,m6_value,double precision,yes,氨氮监测值
public,wm_waterquality_month_records,m6_count,bigint,yes,记录数6
public,wm_waterquality_month_records,m7_value,double precision,yes,高锰酸盐指数监测值
public,wm_waterquality_month_records,m7_count,bigint,yes,记录数7
public,wm_waterquality_month_records,m8_value,double precision,yes,总磷监测值
public,wm_waterquality_month_records,m8_count,bigint,yes,记录数8
public,wm_waterquality_month_records,m9_value,double precision,yes,总氮监测值
public,wm_waterquality_month_records,m9_count,bigint,yes,记录数9
public,wm_waterquality_month_records,m10_value,double precision,yes,叶绿素a
public,wm_waterquality_month_records,m10_count,bigint,yes,记录数10
public,wm_waterquality_month_records,m11_value,double precision,yes,藻密度
public,wm_waterquality_month_records,m11_count,bigint,yes,记录数11
public,wm_waterquality_month_records,m12_value,double precision,yes,化学需氧量
public,wm_waterquality_month_records,m12_count,bigint,yes,记录数12
public,wm_waterquality_month_records,m13_value,double precision,yes,五日生化需氧量
public,wm_waterquality_month_records,m13_count,bigint,yes,记录数13
public,wm_waterquality_month_records,m14_value,double precision,yes,铜
public,wm_waterquality_month_records,m14_count,bigint,yes,记录数14
public,wm_waterquality_month_records,m15_value,double precision,yes,锌
public,wm_waterquality_month_records,m15_count,bigint,yes,记录数15
public,wm_waterquality_month_records,m16_value,double precision,yes,氟化物
public,wm_waterquality_month_records,m16_count,bigint,yes,记录数16
public,wm_waterquality_month_records,m17_value,double precision,yes,硒
public,wm_waterquality_month_records,m17_count,bigint,yes,记录数17
public,wm_waterquality_month_records,m18_value,double precision,yes,砷
public,wm_waterquality_month_records,m18_count,bigint,yes,记录数18
public,wm_waterquality_month_records,m19_value,double precision,yes,汞
public,wm_waterquality_month_records,m19_count,bigint,yes,记录数19
public,wm_waterquality_month_records,m20_value,double precision,yes,镉
public,wm_waterquality_month_records,m20_count,bigint,yes,记录数20
public,wm_waterquality_month_records,m21_value,double precision,yes,铬
public,wm_waterquality_month_records,m21_count,bigint,yes,记录数21
public,wm_waterquality_month_records,m22_value,double precision,yes,铅
public,wm_waterquality_month_records,m22_count,bigint,yes,记录数22
public,wm_waterquality_month_records,m23_value,double precision,yes,氰化物
public,wm_waterquality_month_records,m23_count,bigint,yes,记录数23
public,wm_waterquality_month_records,m24_value,double precision,yes,挥发酚
public,wm_waterquality_month_records,m24_count,bigint,yes,记录数24
public,wm_waterquality_month_records,m25_value,double precision,yes,石油类
public,wm_waterquality_month_records,m25_count,bigint,yes,记录数25
public,wm_waterquality_month_records,m26_value,double precision,yes,阴离子表面活性剂
public,wm_waterquality_month_records,m26_count,bigint,yes,记录数26
public,wm_waterquality_month_records,m27_value,double precision,yes,硫化物
public,wm_waterquality_month_records,m27_count,bigint,yes,记录数27
public,wm_waterquality_month_records,m28_value,double precision,yes,水中油
public,wm_waterquality_month_records,m28_count,bigint,yes,记录数28
public,wm_waterquality_month_records,m29_value,double precision,yes,硝酸盐
public,wm_waterquality_month_records,m29_count,bigint,yes,记录数29
public,wm_waterquality_month_records,m30_value,double precision,yes,生物毒性
public,wm_waterquality_month_records,m30_count,bigint,yes,记录数30
public,wm_waterquality_month_records,m31_value,double precision,yes,大肠杆菌
public,wm_waterquality_month_records,m31_count,bigint,yes,记录数31
public,wm_waterquality_month_records,monitor_time,timestamp without time zone,yes,监测时间
public,wm_waterquality_month_records,monitor_year,bigint,yes,监测年份
public,wm_waterquality_month_records,monitor_month,bigint,yes,监测月份
public,wm_waterquality_month_records,record_type,character(1),yes,记录类型：0 自动、1 手工
public,wm_waterquality_month_records,water_quality_level,character varying(16),yes,水质级别
public,wm_waterquality_month_records,main_pollutant,character varying(255),yes,主要污染物，逗号连接
public,wm_waterquality_month_records,remark,character varying(255),yes,备注
public,wm_waterquality_month_records,create_by,bigint,yes,创建人
public,wm_waterquality_month_records,create_time,timestamp without time zone,yes,创建时间
public,wm_waterquality_month_records,update_by,bigint,yes,更新人
public,wm_waterquality_month_records,update_time,timestamp without time zone,yes,更新时间
public,wm_waterquality_month_records,del_flag,character(1),yes,删除标记：0 未删除、1 已删除
public,wm_waterquality_threshold,id,text,yes,id
public,wm_waterquality_threshold,station_id,bigint,yes,监测站id
public,wm_waterquality_threshold,m1_value,double precision,yes,水温阈值(℃)
public,wm_waterquality_threshold,m2_value,double precision,yes,pH阈值(无量纲)
public,wm_waterquality_threshold,m3_value,double precision,yes,溶解氧阈值(mg/L)
public,wm_waterquality_threshold,m4_value,double precision,yes,浊度阈值(NTU)
public,wm_waterquality_threshold,m5_value,double precision,yes,电导率阈值(μS/cm)
public,wm_waterquality_threshold,m6_value,double precision,yes,氨氮阈值(mg/L)
public,wm_waterquality_threshold,m7_value,double precision,yes,高锰酸盐指数阈值(mg/L)
public,wm_waterquality_threshold,m8_value,double precision,yes,总磷阈值(mg/L)
public,wm_waterquality_threshold,m9_value,double precision,yes,总氮阈值(mg/L)
public,wm_waterquality_threshold,m10_value,double precision,yes,叶绿素a阈值(ug/L)
public,wm_waterquality_threshold,m11_value,double precision,yes,藻密度阈值(cell/mL)
public,wm_waterquality_threshold,m12_value,double precision,yes,化学需氧量阈值(mg/L)
public,wm_waterquality_threshold,m13_value,double precision,yes,五日生化需氧量阈值(mg/L)
public,wm_waterquality_threshold,m14_value,double precision,yes,铜阈值(mg/L)
public,wm_waterquality_threshold,m15_value,double precision,yes,硒阈值(mg/L)
public,wm_waterquality_threshold,m16_value,double precision,yes,锌阈值(mg/L)
public,wm_waterquality_threshold,m17_value,double precision,yes,氟化物阈值(mg/L)
public,wm_waterquality_threshold,m18_value,double precision,yes,砷阈值(mg/L)
public,wm_waterquality_threshold,m19_value,double precision,yes,汞阈值(mg/L)
public,wm_waterquality_threshold,m20_value,double precision,yes,镉阈值(mg/L)
public,wm_waterquality_threshold,m21_value,double precision,yes,铬阈值(mg/L)
public,wm_waterquality_threshold,m22_value,double precision,yes,铅阈值(mg/L)
public,wm_waterquality_threshold,m23_value,double precision,yes,氰化物阈值(mg/L)
public,wm_waterquality_threshold,m24_value,double precision,yes,挥发酚阈值(mg/L)
public,wm_waterquality_threshold,m25_value,double precision,yes,石油类阈值(mg/L)
public,wm_waterquality_threshold,m26_value,double precision,yes,阴离子表面活性剂阈值(mg/L)
public,wm_waterquality_threshold,m27_value,double precision,yes,硫化物阈值(mg/L)
public,wm_waterquality_threshold,m28_value,double precision,yes,水中油阈值(mg/L)
public,wm_waterquality_threshold,m29_value,double precision,yes,硝酸盐阈值(mg/L)
public,wm_waterquality_threshold,m30_value,double precision,yes,生物毒性阈值(%)
public,wm_waterquality_threshold,m31_value,double precision,yes,大肠杆菌阈值(cell/L)
public,wm_waterquality_threshold,create_by,bigint,yes,创建人
public,wm_waterquality_threshold,create_time,timestamp without time zone,yes,创建时间
public,wm_waterquality_threshold,update_by,bigint,yes,更新人
public,wm_waterquality_threshold,update_time,timestamp without time zone,yes,更新时间
public,wm_waterquality_threshold,del_flag,character(1),yes,删除标记：0 未删除、1 已删除
public,wm_waterquality_year_records,id,bigint,yes,id
public,wm_waterquality_year_records,station_id,bigint,yes,站点id
public,wm_waterquality_year_records,section_id,bigint,yes,断面id
public,wm_waterquality_year_records,m1_value,double precision,yes,水温监测值
public,wm_waterquality_year_records,m1_count,bigint,yes,记录数1
public,wm_waterquality_year_records,m2_value,double precision,yes,PH监测值
public,wm_waterquality_year_records,m2_count,bigint,yes,记录数2
public,wm_waterquality_year_records,m3_value,double precision,yes,溶解氧监测值
public,wm_waterquality_year_records,m3_count,bigint,yes,记录数3
public,wm_waterquality_year_records,m4_value,double precision,yes,浊度监测值
public,wm_waterquality_year_records,m4_count,bigint,yes,记录数4
public,wm_waterquality_year_records,m5_value,double precision,yes,电导率监测值
public,wm_waterquality_year_records,m5_count,bigint,yes,记录数5
public,wm_waterquality_year_records,m6_value,double precision,yes,氨氮监测值
public,wm_waterquality_year_records,m6_count,bigint,yes,记录数6
public,wm_waterquality_year_records,m7_value,double precision,yes,高锰酸盐指数监测值
public,wm_waterquality_year_records,m7_count,bigint,yes,记录数7
public,wm_waterquality_year_records,m8_value,double precision,yes,总磷监测值
public,wm_waterquality_year_records,m8_count,bigint,yes,记录数8
public,wm_waterquality_year_records,m9_value,double precision,yes,总氮监测值
public,wm_waterquality_year_records,m9_count,bigint,yes,记录数9
public,wm_waterquality_year_records,m10_value,double precision,yes,化学需氧量监测值
public,wm_waterquality_year_records,m10_count,bigint,yes,记录数10
public,wm_waterquality_year_records,m11_value,double precision,yes,监测值
public,wm_waterquality_year_records,m11_count,bigint,yes,记录数11
public,wm_waterquality_year_records,m12_value,double precision,yes,监测值
public,wm_waterquality_year_records,m12_count,bigint,yes,记录数12
public,wm_waterquality_year_records,m13_value,double precision,yes,监测值
public,wm_waterquality_year_records,m13_count,bigint,yes,记录数13
public,wm_waterquality_year_records,m14_value,double precision,yes,监测值
public,wm_waterquality_year_records,m14_count,bigint,yes,记录数14
public,wm_waterquality_year_records,m15_value,double precision,yes,监测值
public,wm_waterquality_year_records,m15_count,bigint,yes,记录数15
public,wm_waterquality_year_records,m16_value,double precision,yes,监测值
public,wm_waterquality_year_records,m16_count,bigint,yes,记录数16
public,wm_waterquality_year_records,m17_value,double precision,yes,监测值
public,wm_waterquality_year_records,m17_count,bigint,yes,记录数17
public,wm_waterquality_year_records,m18_value,double precision,yes,监测值
public,wm_waterquality_year_records,m18_count,bigint,yes,记录数18
public,wm_waterquality_year_records,m19_value,double precision,yes,监测值
public,wm_waterquality_year_records,m19_count,bigint,yes,记录数19
public,wm_waterquality_year_records,m20_value,double precision,yes,监测值
public,wm_waterquality_year_records,m20_count,bigint,yes,记录数20
public,wm_waterquality_year_records,m21_value,double precision,yes,监测值
public,wm_waterquality_year_records,m21_count,bigint,yes,记录数21
public,wm_waterquality_year_records,m22_value,double precision,yes,监测值
public,wm_waterquality_year_records,m22_count,bigint,yes,记录数22
public,wm_waterquality_year_records,m23_value,double precision,yes,监测值
public,wm_waterquality_year_records,m23_count,bigint,yes,记录数23
public,wm_waterquality_year_records,m24_value,double precision,yes,监测值
public,wm_waterquality_year_records,m24_count,bigint,yes,记录数24
public,wm_waterquality_year_records,m25_value,double precision,yes,监测值
public,wm_waterquality_year_records,m25_count,bigint,yes,记录数25
public,wm_waterquality_year_records,m26_value,double precision,yes,监测值
public,wm_waterquality_year_records,m26_count,bigint,yes,记录数26
public,wm_waterquality_year_records,m27_value,double precision,yes,监测值
public,wm_waterquality_year_records,m27_count,bigint,yes,记录数27
public,wm_waterquality_year_records,m28_value,double precision,yes,监测值
public,wm_waterquality_year_records,m28_count,bigint,yes,记录数28
public,wm_waterquality_year_records,monitor_time,timestamp without time zone,yes,监测时间
public,wm_waterquality_year_records,monitor_year,bigint,yes,监测年份
public,wm_waterquality_year_records,monitor_month,bigint,yes,监测月份
public,wm_waterquality_year_records,record_type,character(1),yes,记录类型：0 自动、1 手工
public,wm_waterquality_year_records,water_quality_level,character varying(16),yes,水质级别
public,wm_waterquality_year_records,main_pollutant,character varying(255),yes,主要污染物，逗号连接
public,wm_waterquality_year_records,remark,character varying(255),yes,备注
public,wm_waterquality_year_records,create_by,bigint,yes,创建人
public,wm_waterquality_year_records,create_time,timestamp without time zone,yes,创建时间
public,wm_waterquality_year_records,update_by,bigint,yes,更新人
public,wm_waterquality_year_records,update_time,timestamp without time zone,yes,更新时间
public,wm_waterquality_year_records,del_flag,character(1),yes,删除标记：0 未删除、1 已删除
public,wst_asset,id,bigint,yes,主键ID
public,wst_asset,asset_code,character varying(100),yes,资产编码
public,wst_asset,asset_name,character varying(200),yes,资产名称
public,wst_asset,asset_type,character varying(100),yes,资产类型，例如 national_section、provincial_section、auto_station、outfall、water_enterprise、chemical_park、wwtp、water_intake、camera、accident_pool、park_pipe、park_river
public,wst_asset,asset_subtype,character varying(100),yes,资产子类型，用于进一步细分资产类型，例如雨水排口、污水排口、永久闸、临时闸、主管、支管
public,wst_asset,zone_id,bigint,yes,默认所属分区ID，关联 wst_control_zone.id，用于列表过滤、统计、权限、地图筛选
public,wst_asset,source_system,character varying(100),yes,数据来源系统，例如 manual=手工录入，permit=排污许可系统，monitor=监测系统，gis=GIS导入
public,wst_asset,source_id,character varying(200),yes,来源系统中的原始ID
public,wst_asset,administrative_region_code,character varying(100),yes,行政区划编码
public,wst_asset,administrative_region_name,character varying(200),yes,行政区划名称
public,wst_asset,address,character varying(500),yes,详细地址
public,wst_asset,river_name,character varying(200),yes,关联河流名称
public,wst_asset,river_code,character varying(100),yes,关联河流编码
public,wst_asset,basin_code,character varying(100),yes,所属流域编码
public,wst_asset,longitude,"numeric(12,8)",yes,经度
public,wst_asset,latitude,"numeric(12,8)",yes,纬度
public,wst_asset,elevation,"numeric(12,3)",yes,高程，单位米
public,wst_asset,status,character varying(50),yes,状态：active=启用，disabled=停用，candidate=候选，invalid=无效
public,wst_asset,geom,"geometry(Geometry,4326)",yes,资产空间几何，点、线、面均可，坐标系SRID=4326
public,wst_asset,metadata_json,jsonb,yes,扩展属性JSON，用于存储行业类型、污染物类型、许可证号、联系人、监测因子等扩展信息
public,wst_asset,remark,text,yes,备注
public,wst_asset,created_by,character varying(100),yes,创建人
public,wst_asset,created_at,timestamp without time zone,yes,创建时间
public,wst_asset,updated_by,character varying(100),yes,更新人
public,wst_asset,updated_at,timestamp without time zone,yes,更新时间
public,wst_asset,del_flag,smallint,yes,逻辑删除标记：0=未删除，1=已删除
public,wst_asset_relation,id,bigint,yes,主键ID
public,wst_asset_relation,source_asset_id,bigint,yes,源资产ID，对应 wst_asset.id
public,wst_asset_relation,target_asset_id,bigint,yes,目标资产ID，对应 wst_asset.id
public,wst_asset_relation,relation_type,character varying(100),yes,关系大类编码，对应 wst_relation_type_dict.type_code
public,wst_asset_relation,relation_subtype,character varying(100),yes,关系子类编码，对应 wst_relation_subtype_dict.relation_subtype
public,wst_asset_relation,source_type,character varying(50),yes,关系来源，可选 manual、import、spatial、system
public,wst_asset_relation,confidence,"numeric(5,2)",yes,置信度
public,wst_asset_relation,status,character varying(50),yes,状态，可选 confirmed、candidate、disabled
public,wst_asset_relation,metadata_json,jsonb,yes,扩展信息，例如备注、导入来源、原始字段等
public,wst_asset_relation,created_at,timestamp without time zone,yes,创建时间
public,wst_asset_relation,updated_at,timestamp without time zone,yes,更新时间
public,wst_asset_trace_snap,id,bigint,yes,主键ID
public,wst_asset_trace_snap,asset_id,bigint,yes,资产ID，关联 wst_asset.id
public,wst_asset_trace_snap,trace_node_id,bigint,yes,挂接后的拓扑节点ID，关联 wst_trace_node.id，pgRouting 查询必须从该节点出发
public,wst_asset_trace_snap,trace_edge_id,bigint,yes,原始挂接边ID，关联 wst_trace_edge.id，仅作为来源记录或展示辅助字段，不作为 pgRouting 起点
public,wst_asset_trace_snap,snap_point_geom,"geometry(Point,4326)",yes,资产在拓扑网络上的实际挂接点坐标，坐标系SRID=4326
public,wst_asset_trace_snap,asset_point_geom,"geometry(Point,4326)",yes,资产原始点坐标，主要用于记录资产原始位置
public,wst_asset_trace_snap,distance_m,"numeric(18,3)",yes,资产原始位置到挂接点的距离，单位米
public,wst_asset_trace_snap,snap_type,character varying(100),yes,挂接类型：node=挂接到已有节点，split_edge=挂接到边中间并拆边，manual=人工指定
public,wst_asset_trace_snap,snap_role,character varying(100),yes,挂接角色，例如 discharge_point=排放进入点，monitor_point=监测点，intake_point=取水点，gate_control_point=闸口控制点，pipe_inlet=管网入口，pipe_outlet=管网出口，emergency_point=应急点
public,wst_asset_trace_snap,snap_method,character varying(100),yes,挂接方法：nearest_node=最近节点，nearest_edge=最近边，manual=人工，import=导入
public,wst_asset_trace_snap,snap_status,character varying(50),yes,挂接状态：candidate=候选，confirmed=已确认，invalid=无效
public,wst_asset_trace_snap,is_primary,boolean,yes,是否主挂接点，同一个资产存在多个挂接点时用于标记主挂接点
public,wst_asset_trace_snap,confidence,"numeric(5,2)",yes,挂接置信度，0-1之间
public,wst_asset_trace_snap,confirmed_by,character varying(100),yes,确认人
public,wst_asset_trace_snap,confirmed_at,timestamp without time zone,yes,确认时间
public,wst_asset_trace_snap,metadata_json,jsonb,yes,扩展属性JSON，用于存储挂接算法参数、候选边、候选节点等信息
public,wst_asset_trace_snap,remark,text,yes,备注
public,wst_asset_trace_snap,created_by,character varying(100),yes,创建人
public,wst_asset_trace_snap,created_at,timestamp without time zone,yes,创建时间
public,wst_asset_trace_snap,updated_by,character varying(100),yes,更新人
public,wst_asset_trace_snap,updated_at,timestamp without time zone,yes,更新时间
public,wst_asset_trace_snap,del_flag,smallint,yes,逻辑删除标记：0=未删除，1=已删除
public,wst_asset_trace_snap,snap_node_id,bigint,yes,吸附节点ID
public,wst_asset_trace_snap,snap_edge_id,bigint,yes,吸附边ID
public,wst_asset_trace_snap,snap_distance_m,"numeric(18,3)",yes,吸附距离（米）
public,wst_asset_trace_snap,network_type,character varying(64),yes,网络类型，例如 river=外部河网，park_pipe=园区管网，park_river=园区内部排污河流，mixed=混合衔接网络
public,wst_asset_trace_snap,status,character varying(64),yes,状态
public,wst_asset_type_dict,id,bigint,yes,主键ID
public,wst_asset_type_dict,asset_type,character varying(100),yes,资产类型编码，例如 national_section、auto_station、outfall、water_enterprise、chemical_park、camera
public,wst_asset_type_dict,asset_type_name,character varying(200),yes,资产类型名称，例如国控断面、自动站、排污口、涉水企业、化工园区、摄像头
public,wst_asset_type_dict,parent_type,character varying(100),yes,上级资产类型编码，用于资产类型分组
public,wst_asset_type_dict,category,character varying(100),yes,资产分类，例如 monitoring=监测类，pollution=污染源类，supervision=监管类，emergency=应急类，network=网络类
public,wst_asset_type_dict,geometry_type,character varying(50),yes,默认几何类型：Point、LineString、Polygon、Geometry
public,wst_asset_type_dict,icon_name,character varying(100),yes,前端图标名称
public,wst_asset_type_dict,layer_name,character varying(100),yes,前端图层名称
public,wst_asset_type_dict,default_visible,boolean,yes,地图上是否默认显示
public,wst_asset_type_dict,sort_no,integer,yes,排序号
public,wst_asset_type_dict,status,character varying(50),yes,状态：active=启用，disabled=停用
public,wst_asset_type_dict,metadata_json,jsonb,yes,扩展属性JSON
public,wst_asset_type_dict,remark,text,yes,备注
public,wst_asset_type_dict,created_by,character varying(100),yes,创建人
public,wst_asset_type_dict,created_at,timestamp without time zone,yes,创建时间
public,wst_asset_type_dict,updated_by,character varying(100),yes,更新人
public,wst_asset_type_dict,updated_at,timestamp without time zone,yes,更新时间
public,wst_asset_type_dict,del_flag,smallint,yes,逻辑删除标记：0=未删除，1=已删除
public,wst_asset_type_dict,asset_group,character varying(100),yes,资产分组编码
public,wst_asset_type_dict,asset_group_name,character varying(100),yes,资产分组名称
public,wst_asset_type_dict,group_sort,integer,yes,分组排序号
public,wst_asset_type_dict,group_description,text,yes,分组描述
public,wst_control_zone,id,bigint,yes,主键ID
public,wst_control_zone,zone_code,character varying(100),yes,分区编码
public,wst_control_zone,zone_name,character varying(200),yes,分区名称
public,wst_control_zone,zone_level,integer,yes,分区级别：1=一级国控断面控制单元，2=二级自动站分区，3=三级工业园区/分水岭分区
public,wst_control_zone,parent_id,bigint,yes,上级分区ID，一级分区为空
public,wst_control_zone,divide_basis,character varying(100),yes,分区划分依据，例如国控断面、自动站、工业园区、分水岭、排水片区
public,wst_control_zone,zone_type,character varying(100),yes,分区类型，例如 control_unit=控制单元，station_unit=自动站单元，park_unit=园区单元，watershed_unit=分水岭单元
public,wst_control_zone,basin_code,character varying(100),yes,流域编码
public,wst_control_zone,river_system_code,character varying(100),yes,水系编码
public,wst_control_zone,sort_no,integer,yes,排序号
public,wst_control_zone,status,character varying(50),yes,状态：active=启用，disabled=停用
public,wst_control_zone,geom,"geometry(MultiPolygon,4326)",yes,分区边界面几何，坐标系SRID=4326
public,wst_control_zone,metadata_json,jsonb,yes,扩展属性JSON，用于存储外部系统ID、原始导入字段等不常用于查询的内容
public,wst_control_zone,remark,text,yes,备注
public,wst_control_zone,created_by,character varying(100),yes,创建人
public,wst_control_zone,created_at,timestamp without time zone,yes,创建时间
public,wst_control_zone,updated_by,character varying(100),yes,更新人
public,wst_control_zone,updated_at,timestamp without time zone,yes,更新时间
public,wst_control_zone,del_flag,smallint,yes,逻辑删除标记：0=未删除，1=已删除
public,wst_layer_river,id,bigint,yes,主键ID
public,wst_layer_river,river_code,character varying(128),yes,河流编码
public,wst_layer_river,river_name,character varying(255),yes,河流名称
public,wst_layer_river,next_down,bigint,yes,下游河流ID
public,wst_layer_river,river_class,character varying(64),yes,河流类别
public,wst_layer_river,length_km,numeric,yes,河流长度（公里）
public,wst_layer_river,from_z,numeric,yes,起点高程
public,wst_layer_river,to_z,numeric,yes,终点高程
public,wst_layer_river,geom,"geometry(MultiLineString,4326)",yes,空间几何数据
public,wst_layer_river,metadata_json,jsonb,no,
public,wst_layer_river,created_at,timestamp without time zone,yes,创建时间
public,wst_layer_river,updated_at,timestamp without time zone,yes,更新时间
public,wst_relation_subtype_dict,id,bigint,yes,主键ID
public,wst_relation_subtype_dict,relation_type,character varying(100),yes,关系大类编码，对应 wst_relation_type_dict.type_code
public,wst_relation_subtype_dict,relation_subtype,character varying(100),yes,关系子类编码，例如 enterprise_outfall
public,wst_relation_subtype_dict,relation_name,character varying(100),yes,关系子类中文名称，例如 企业关联排污口
public,wst_relation_subtype_dict,source_type_codes,character varying(500),yes,允许作为源对象的资产类型，多个用英文逗号分隔
public,wst_relation_subtype_dict,target_type_codes,character varying(500),yes,允许作为目标对象的资产类型，多个用英文逗号分隔
public,wst_relation_subtype_dict,source_label,character varying(100),yes,源对象中文标签
public,wst_relation_subtype_dict,target_label,character varying(100),yes,目标对象中文标签
public,wst_relation_subtype_dict,direction_desc,character varying(200),yes,标准方向说明，例如 企业 → 排污口
public,wst_relation_subtype_dict,allow_manual,boolean,yes,是否允许人工录入
public,wst_relation_subtype_dict,allow_import,boolean,yes,是否允许导入
public,wst_relation_subtype_dict,allow_graph_edit,boolean,yes,是否允许图谱编辑
public,wst_relation_subtype_dict,allow_map_draw,boolean,yes,是否允许地图连线绘制
public,wst_relation_subtype_dict,default_confidence,"numeric(5,2)",yes,默认置信度
public,wst_relation_subtype_dict,sort_order,integer,yes,排序号
public,wst_relation_subtype_dict,status,character varying(50),yes,状态，active 表示启用
public,wst_relation_subtype_dict,description,character varying(500),yes,关系子类说明
public,wst_relation_subtype_dict,created_at,timestamp without time zone,yes,创建时间
public,wst_relation_subtype_dict,updated_at,timestamp without time zone,yes,更新时间
public,wst_relation_type_dict,id,bigint,yes,主键ID
public,wst_relation_type_dict,type_code,character varying(100),yes,关系大类编码，例如 ownership、discharge、monitoring
public,wst_relation_type_dict,type_name,character varying(100),yes,关系大类名称
public,wst_relation_type_dict,description,character varying(500),yes,关系大类说明
public,wst_relation_type_dict,sort_order,integer,yes,排序号
public,wst_relation_type_dict,status,character varying(50),yes,状态，active 表示启用
public,wst_relation_type_dict,created_at,timestamp without time zone,yes,创建时间
public,wst_relation_type_dict,updated_at,timestamp without time zone,yes,更新时间
public,wst_trace_edge,id,bigint,yes,主键ID，同时作为 pgRouting 的边ID
public,wst_trace_edge,edge_code,character varying(100),yes,边编码
public,wst_trace_edge,edge_name,character varying(200),yes,边名称
public,wst_trace_edge,source,bigint,yes,起点拓扑节点ID，关联 wst_trace_node.id，约定为默认水流方向的上游节点
public,wst_trace_edge,target,bigint,yes,终点拓扑节点ID，关联 wst_trace_node.id，约定为默认水流方向的下游节点
public,wst_trace_edge,edge_type,character varying(100),yes,边类型，例如 river=河道，pipe=管线，park_pipe=园区管网，park_river=园区内部排污河流，discharge=排放连接边，boundary=边界衔接边
public,wst_trace_edge,network_type,character varying(100),yes,网络类型，例如 river=外部河网，park_pipe=园区管网，park_river=园区内部排污河流，mixed=混合衔接网络
public,wst_trace_edge,from_network,character varying(100),yes,起点所属网络类型，用于表达园区管网到园区河流、园区河流到外部河网的衔接
public,wst_trace_edge,to_network,character varying(100),yes,终点所属网络类型，用于表达网络转换关系
public,wst_trace_edge,zone_id,bigint,yes,所属分区ID，关联 wst_control_zone.id
public,wst_trace_edge,river_name,character varying(200),yes,河流名称
public,wst_trace_edge,river_code,character varying(100),yes,河流编码
public,wst_trace_edge,pipe_code,character varying(100),yes,管线编码
public,wst_trace_edge,cost,"numeric(18,3)",yes,正向通行成本，通常为长度米；source->target 可通行时为正数，不可通行时为-1
public,wst_trace_edge,reverse_cost,"numeric(18,3)",yes,反向通行成本；普通单向水流通常为-1，库区/回水/双向场景可设置为正数
public,wst_trace_edge,length_m,"numeric(18,3)",yes,边长度，单位米
public,wst_trace_edge,flow_direction,character varying(50),yes,流向说明，默认 source_to_target 表示 source 到 target 为水流方向
public,wst_trace_edge,flow_mode,character varying(100),yes,流向模式：normal=正常单向，bidirectional=双向，controlled=受控，reservoir=库区/回水，unknown=未知
public,wst_trace_edge,control_mode,character varying(100),yes,控制方式，例如 gate=闸门，pump=泵站，manual=人工控制，temporary_dam=临时筑坝
public,wst_trace_edge,gate_asset_id,bigint,yes,关联闸门/闸坝资产ID，关联 wst_asset.id
public,wst_trace_edge,pump_asset_id,bigint,yes,关联泵站资产ID，关联 wst_asset.id
public,wst_trace_edge,is_split_edge,boolean,yes,是否由原始边拆分生成
public,wst_trace_edge,original_edge_id,bigint,yes,原始边ID，资产挂接到边中间并拆边时记录来源边
public,wst_trace_edge,status,character varying(50),yes,状态：active=启用，disabled=停用，split=已拆分，invalid=无效
public,wst_trace_edge,geom,"geometry(LineString,4326)",yes,边线几何，坐标系SRID=4326
public,wst_trace_edge,metadata_json,jsonb,yes,扩展属性JSON，用于存储管径、材质、坡度、流速、原始河段编码等扩展信息
public,wst_trace_edge,remark,text,yes,备注
public,wst_trace_edge,created_by,character varying(100),yes,创建人
public,wst_trace_edge,created_at,timestamp without time zone,yes,创建时间
public,wst_trace_edge,updated_by,character varying(100),yes,更新人
public,wst_trace_edge,updated_at,timestamp without time zone,yes,更新时间
public,wst_trace_edge,del_flag,smallint,yes,逻辑删除标记：0=未删除，1=已删除
public,wst_trace_edge,source_asset_id,bigint,yes,源资产ID
public,wst_trace_edge,from_node_id,bigint,yes,上游节点ID
public,wst_trace_edge,to_node_id,bigint,yes,下游节点ID
public,wst_trace_edge,direction_status,character varying(64),yes,流向状态
public,wst_trace_node,id,bigint,yes,主键ID，同时作为 pgRouting 的 source/target 节点ID
public,wst_trace_node,node_code,character varying(100),yes,节点编码
public,wst_trace_node,node_name,character varying(200),yes,节点名称
public,wst_trace_node,node_type,character varying(100),yes,节点类型，例如 river_node、pipe_node、outfall_snap_node、section_snap_node、intake_snap_node、gate_node、park_outlet_node
public,wst_trace_node,network_type,character varying(100),yes,网络类型，例如 river=外部河网，park_pipe=园区管网，park_river=园区内部排污河流，mixed=混合衔接网络
public,wst_trace_node,zone_id,bigint,yes,所属分区ID，关联 wst_control_zone.id
public,wst_trace_node,is_boundary_node,boolean,yes,是否边界节点，例如园区出口、管网入河口、内外网络衔接点
public,wst_trace_node,boundary_type,character varying(100),yes,边界节点类型，例如 park_outlet、pipe_to_river、river_inlet、external_river_join
public,wst_trace_node,boundary_name,character varying(200),yes,边界节点名称
public,wst_trace_node,source_asset_id,bigint,yes,来源资产ID，如果该节点由某个资产生成，可关联 wst_asset.id
public,wst_trace_node,source_system,character varying(100),yes,数据来源系统
public,wst_trace_node,source_id,character varying(200),yes,来源系统中的原始ID
public,wst_trace_node,longitude,"numeric(12,8)",yes,经度
public,wst_trace_node,latitude,"numeric(12,8)",yes,纬度
public,wst_trace_node,elevation,"numeric(12,3)",yes,高程，单位米
public,wst_trace_node,status,character varying(50),yes,状态：active=启用，disabled=停用，candidate=候选，invalid=无效
public,wst_trace_node,geom,"geometry(Point,4326)",yes,节点点几何，坐标系SRID=4326
public,wst_trace_node,metadata_json,jsonb,yes,扩展属性JSON
public,wst_trace_node,remark,text,yes,备注
public,wst_trace_node,created_by,character varying(100),yes,创建人
public,wst_trace_node,created_at,timestamp without time zone,yes,创建时间
public,wst_trace_node,updated_by,character varying(100),yes,更新人
public,wst_trace_node,updated_at,timestamp without time zone,yes,更新时间
public,wst_trace_node,del_flag,smallint,yes,逻辑删除标记：0=未删除，1=已删除
public,wst_trace_node,asset_id,bigint,yes,资产ID
public,wst_trace_topology_issue,id,bigint,yes,主键ID
public,wst_trace_topology_issue,issue_type,character varying(64),yes,问题类型
public,wst_trace_topology_issue,issue_name,character varying(128),yes,问题名称
public,wst_trace_topology_issue,issue_level,character varying(32),yes,问题级别
public,wst_trace_topology_issue,object_type,character varying(64),yes,关联对象类型
public,wst_trace_topology_issue,object_id,bigint,yes,关联对象ID
public,wst_trace_topology_issue,object_name,character varying(255),yes,关联对象名称
public,wst_trace_topology_issue,object_code,character varying(128),yes,监控对象编码
public,wst_trace_topology_issue,status,character varying(32),yes,状态
public,wst_trace_topology_issue,geom,"geometry(Geometry,4326)",yes,空间几何数据
public,wst_trace_topology_issue,issue_desc,text,yes,问题详细描述
public,wst_trace_topology_issue,metadata_json,jsonb,yes,元数据JSON
public,wst_trace_topology_issue,remark,text,yes,备注
public,wst_trace_topology_issue,created_by,character varying(64),yes,创建人
public,wst_trace_topology_issue,created_at,timestamp without time zone,yes,创建时间
public,wst_trace_topology_issue,updated_by,character varying(64),yes,更新人
public,wst_trace_topology_issue,updated_at,timestamp without time zone,yes,更新时间
public,wst_trace_topology_issue,del_flag,smallint,yes,删除标志：0-正常，1-已删除
public,wt_service_directory,id,bigint,yes,主键id
public,wt_service_directory,node_type,character(1),yes,节点类型：0 目录、1 服务
public,wt_service_directory,code,character varying(255),yes,code 唯一
public,wt_service_directory,pid,bigint,yes,父id
public,wt_service_directory,id_path,character varying(255),yes,id路径，逗号连接
public,wt_service_directory,name,character varying(255),yes,服务名称
public,wt_service_directory,rest_url,character varying(255),yes,接口服务地址
public,wt_service_directory,service_type,character(1),yes,服务类型：0 WMS、1 WMTS、2 REST接口 、3 公司出图服务 HGTWMS 4 arcgis服务、5 geoserver服务
public,wt_service_directory,x_min,character varying(32),yes,x最小值
public,wt_service_directory,x_max,character varying(32),yes,x最大值
public,wt_service_directory,y_min,character varying(32),yes,y最小值
public,wt_service_directory,y_max,character varying(32),yes,y最大值
public,wt_service_directory,srs,character varying(128),yes,坐标系，WKID表示
public,wt_service_directory,scale,character varying(32),yes,在一定比例尺下才显示
public,wt_service_directory,method,character(1),yes,接口服务请求方式：0 GET、1 POST
public,wt_service_directory,geometry_type,character(1),yes,几何类型：1 点、2 线、3 面、4 三维模型、5 影像
public,wt_service_directory,weidu,character(1),yes,维度：0 二维、1 三维
public,wt_service_directory,sort,bigint,yes,排序号
public,wt_service_directory,check_type,character(1),yes,是否选中：0 未选中、1 已选中
public,wt_service_directory,remark,text,yes,备注
public,wt_service_directory,create_by,bigint,yes,创建人
public,wt_service_directory,create_time,timestamp without time zone,yes,创建时间
public,wt_service_directory,update_by,bigint,yes,更新人
public,wt_service_directory,update_time,timestamp without time zone,yes,更新时间
public,wt_service_directory,del_flag,character(1),yes,删除标记：0 未删除、1 已删除
public,wt_warnparm_config,id,bigint,yes,id
public,wt_warnparm_config,indicator_code,character varying(8),yes,监测指标编号
public,wt_warnparm_config,l1_value,double precision,yes,一级
public,wt_warnparm_config,l2_value,double precision,yes,二级
public,wt_warnparm_config,l3_value,double precision,yes,三级
public,wt_warnparm_config,l4_value,double precision,yes,四级
public,wt_warnparm_config,l5_value,double precision,yes,五级
public,wt_warnparm_config,zero,double precision,yes,零点核查
public,wt_warnparm_config,zero_drift,double precision,yes,24小时零点漂移
public,wt_warnparm_config,span,double precision,yes,跨度核查
public,wt_warnparm_config,span_drift,double precision,yes,24小时跨度漂移
public,wt_warnparm_config,compare,character(1),yes,比较方式：0 无；1 ≤；2 ≥
public,wt_warnparm_config,type,character varying(4),yes,0 河流，1 湖泊
public,wt_warnparm_config,possible_value,double precision,yes,可能发生污染的告警值
public,wt_warnparm_config,remove_warn_value,double precision,yes,消除预警的参数值
public,wt_warnparm_config,frequency,bigint,yes,监测频率（小时计）
public,wt_warnparm_config,create_by,bigint,yes,创建人
public,wt_warnparm_config,create_time,timestamp without time zone,yes,创建时间
public,wt_warnparm_config,update_by,bigint,yes,更新人
public,wt_warnparm_config,update_time,timestamp without time zone,yes,更新时间
public,wt_warnparm_config,del_flag,character(1),yes,删除标记：0 未删除、1 已删除
