schema_name,table_name,column_name,data_type,column_comment,include_in_training,exclude_reason
public,ad_dict,row_id,bigint,ROW_ID,yes,
public,ad_dict,list_type,character varying(32),列表类型,yes,
public,ad_dict,list_type_desc,character varying(255),列表描述,yes,
public,ad_dict,item_code,character varying(32),列表项代码,yes,
public,ad_dict,item_name,character varying(100),列表项名称,yes,
public,ad_dict,taxis_no,integer,排序码,yes,
public,ad_dict,origin_flag,character(1),数据来源的标志：[]或[I]-(Input)系统录入;[O]-(Out)外部接口导入;[S]-(System)系统保留。本标志不能挪为它用。,yes,
public,ad_dict,origin_app,character varying(32),数据来源应用的代码,yes,
public,ad_dict,modification_num,integer,记录修改次数,yes,
public,ad_dict,create_time,timestamp without time zone,创建时间,yes,
public,ad_dict,update_time,timestamp without time zone,修改时间,yes,
public,ad_dict,del_flag,character(1),删除标志：0-正常，1-已删除,yes,
public,ad_dict,create_by,bigint,创建人,yes,
public,ad_dict,update_by,bigint,修改人,yes,
public,cf_auto_build_flag,id,bigint,主键id,yes,
public,cf_auto_build_flag,manual_auto,character(1),0 手动处理、1 自动处理,yes,
public,cf_auto_build_flag,create_by,bigint,创建人,yes,
public,cf_auto_build_flag,create_time,timestamp without time zone,创建时间,yes,
public,cf_auto_build_flag,update_by,bigint,更新人,yes,
public,cf_auto_build_flag,update_time,timestamp without time zone,更新时间,yes,
public,cf_auto_build_flag,del_flag,character(1),删除标记：0 未删除、1 已删除,yes,
public,day_quality_records,id,bigint,主键id,yes,
public,day_quality_records,station_id,bigint,站点id,yes,
public,day_quality_records,type,character(1),类型：0 零点核查数据、1 跨度核查数据,yes,
public,day_quality_records,span_value5,double precision,氨氮仪器跨度值,yes,
public,day_quality_records,check_value5,double precision,氨氮零点/跨度核查数据,yes,
public,day_quality_records,standard_value5,double precision,氨氮标准样浓度,yes,
public,day_quality_records,monitor_time5,timestamp without time zone,氨氮监测时间,yes,
public,day_quality_records,span_value6,double precision,高锰酸盐指数仪器跨度值,yes,
public,day_quality_records,check_value6,double precision,高锰酸盐指数零点/跨度核查数据,yes,
public,day_quality_records,standard_value6,double precision,高锰酸盐指数标准样浓度,yes,
public,day_quality_records,monitor_time6,timestamp without time zone,高锰酸盐指数监测时间,yes,
public,day_quality_records,span_value7,double precision,总磷仪器跨度值,yes,
public,day_quality_records,check_value7,double precision,总磷零点/跨度核查数据,yes,
public,day_quality_records,standard_value7,double precision,总磷标准样浓度,yes,
public,day_quality_records,monitor_time7,timestamp without time zone,总磷监测时间,yes,
public,day_quality_records,span_value8,double precision,总氮仪器跨度值,yes,
public,day_quality_records,check_value8,double precision,总氮零点/跨度核查数据,yes,
public,day_quality_records,standard_value8,double precision,总氮标准样浓度,yes,
public,day_quality_records,monitor_time8,timestamp without time zone,总氮监测时间,yes,
public,day_quality_records,monitor_time,timestamp without time zone,最新时间,yes,
public,day_quality_records,create_by,bigint,创建人,yes,
public,day_quality_records,create_time,timestamp without time zone,创建时间,yes,
public,day_quality_records,update_by,bigint,更新人,yes,
public,day_quality_records,update_time,timestamp without time zone,更新时间,yes,
public,day_quality_records,del_flag,character(1),删除标记：0 未删除、1 已删除,yes,
public,day_quality_setting,id,bigint,主键id,yes,
public,day_quality_setting,station_id,bigint,站点id,yes,
public,day_quality_setting,indicator_code,character varying(100),监测指标编号,yes,
public,day_quality_setting,audit_by,bigint,审核人,yes,
public,day_quality_setting,audit_time,timestamp without time zone,审核时间,yes,
public,day_quality_setting,create_by,bigint,创建人,yes,
public,day_quality_setting,create_time,timestamp without time zone,创建时间,yes,
public,day_quality_setting,update_by,bigint,更新人,yes,
public,day_quality_setting,update_time,timestamp without time zone,更新时间,yes,
public,day_quality_setting,del_flag,character(1),删除标记：0 未删除、1 已删除,yes,
public,dc_survey_app,id,bigint,主键ID,yes,
public,dc_survey_app,version_code,character varying(50),APP版本号：V1.0.0、1.0.0、100,yes,
public,dc_survey_app,version_name,character varying(100),APP版本名称: 如果有多个APP保证每一类名称一致,yes,
public,dc_survey_app,update_type,smallint,更新类型：1-强制更新，2-可选更新,yes,
public,dc_survey_app,download_url,character varying(500),安装包下载地址,yes,
public,dc_survey_app,file_size,bigint,安装包文件大小（字节）,yes,
public,dc_survey_app,file_md5,character varying(32),安装包MD5值，用于校验文件完整性,yes,
public,dc_survey_app,update_log,text,更新日志,yes,
public,dc_survey_app,platform_type,smallint,平台类型：1-Android，2-iOS,yes,
public,dc_survey_app,create_by,bigint,创建人,yes,
public,dc_survey_app,create_time,timestamp without time zone,创建时间,yes,
public,dc_survey_info,id,bigint,主键ID,yes,
public,dc_survey_info,watershed_partition_id,bigint,流域分区ID,yes,
public,dc_survey_info,title,character varying(50),标题：对应调研的名称,yes,
public,dc_survey_info,upload_time,character varying(50),上传时间：每次上传都记录时间  20251128,yes,
public,dc_survey_info,name,character varying(50),名称,yes,
public,dc_survey_info,type,character varying(50),类型（工业、规上畜禽、规下畜禽、水产养殖、排污口、污水处理厂、厕污垃、河道情况、其他）,yes,
public,dc_survey_info,lon,double precision,经度,yes,
public,dc_survey_info,lat,double precision,纬度,yes,
public,dc_survey_info,description,character varying(200),现场核查情况信息（是否有污水产生、污水流向）,yes,
public,dc_survey_info,image_path,character varying(200),图片地址：图片在minIO存储,yes,
public,dc_survey_info,monitor_info,character varying(100),监测信息（是否监测，结果如何）,yes,
public,dc_survey_info,monitor_level,character varying(10),管控级别：一级（常年有水，肯定对水体有影响），二级（下雨时肯定对水体影响），三级（可能有影响），四级（无影响）,yes,
public,dc_survey_info,remark,character varying(200),备注,yes,
public,dc_survey_info,create_by,bigint,创建人,yes,
public,dc_survey_info,create_time,timestamp without time zone,创建时间,yes,
public,dc_survey_info,update_by,bigint,更新人,yes,
public,dc_survey_info,update_time,timestamp without time zone,更新时间,yes,
public,dc_survey_info,del_flag,character(1),删除标记：0 未删除、1 已删除,yes,
public,dc_survey_info,survey_type,smallint,调查类型：0-excel调查信息、1-word小结,yes,
public,dc_survey_info,image_path_2,character varying(200),图片2,yes,
public,dc_survey_info,image_path_3,character varying(200),图片3,yes,
public,dc_survey_info,task_id,bigint,APP巡查：任务id,yes,
public,dc_survey_info,task_instance_id,bigint,APP巡查：巡查任务实例id,yes,
public,dc_survey_offline_sync,id,bigint,主键,yes,
public,dc_survey_offline_sync,cache_id,character varying(64),缓存ID：APP端维护，用于关联提交数据,yes,
public,dc_survey_offline_sync,sync_status,integer,同步状态：0-待同步，1-同步中，2-同步成功，3-同步失败,yes,
public,dc_survey_offline_sync,sync_progress,integer,同步进度：0-100,yes,
public,dc_survey_offline_sync,total_steps,integer,总步骤数,yes,
public,dc_survey_offline_sync,current_step,integer,当前步骤,yes,
public,dc_survey_offline_sync,sync_start_time,timestamp without time zone,同步开始时间,yes,
public,dc_survey_offline_sync,sync_end_time,timestamp without time zone,同步结束时间,yes,
public,dc_survey_offline_sync,task_id,bigint,任务ID：关联的巡查任务ID,yes,
public,dc_survey_offline_sync,sync_result,character varying(500),同步结果信息,yes,
public,dc_survey_offline_sync,error_message,text,错误信息,yes,
public,dc_survey_offline_sync,create_by,bigint,创建人,yes,
public,dc_survey_offline_sync,create_time,timestamp without time zone,创建时间,yes,
public,dc_survey_offline_sync,del_flag,character varying(1),删除标记：0 未删除、1 已删除,yes,
public,dc_survey_offline_upload,id,bigint,主键ID,yes,
public,dc_survey_offline_upload,cache_id,character varying(64),缓存ID：与离线同步任务的cacheId对应，用于批量文件管理,yes,
public,dc_survey_offline_upload,file_md5,character varying(32),文件标识：MD5值，用于唯一标识文件和完整性校验,yes,
public,dc_survey_offline_upload,file_type,character varying(20),文件类型：json-JSON数据文件，image-图片文件,yes,
public,dc_survey_offline_upload,file_name,character varying(255),文件名,yes,
public,dc_survey_offline_upload,file_size,bigint,文件总大小：字节,yes,
public,dc_survey_offline_upload,uploaded_size,bigint,已上传大小：字节,yes,
public,dc_survey_offline_upload,total_chunks,integer,总分块数,yes,
public,dc_survey_offline_upload,uploaded_chunks,text,已上传分块列表：JSON数组，记录已完成的分块序号,yes,
public,dc_survey_offline_upload,file_path,character varying(500),文件存储路径：上传完成后的完整路径,yes,
public,dc_survey_offline_upload,upload_status,smallint,上传状态：0-待上传，1-上传中，2-上传完成，3-合并失败,yes,
public,dc_survey_offline_upload,message,text,执行信息：错误日志,yes,
public,dc_survey_offline_upload,create_by,bigint,创建人,yes,
public,dc_survey_offline_upload,create_time,timestamp without time zone,创建时间,yes,
public,dc_survey_offline_upload,update_time,timestamp without time zone,更新时间,yes,
public,dc_survey_offline_upload,clean_flag,character(1),本地文件清理标记：0 未删除、1 已删除,yes,
public,dc_survey_task,id,bigint,主键,yes,
public,dc_survey_task,title,character varying(255),巡查标题,yes,
public,dc_survey_task,survey_time,character varying(20),巡查时间: yyyyMMdd,yes,
public,dc_survey_task,watershed_partition_id,bigint,流域分区ID,yes,
public,dc_survey_task,status,integer,"任务状态: 0-进行中, 1-已暂停, 2-已结束",yes,
public,dc_survey_task,point_count,integer,点位数量,yes,
public,dc_survey_task,remark,character varying(500),备注,yes,
public,dc_survey_task,create_by,bigint,创建人,yes,
public,dc_survey_task,create_time,timestamp without time zone,创建时间,yes,
public,dc_survey_task,update_by,bigint,更新人,yes,
public,dc_survey_task,update_time,timestamp without time zone,更新时间,yes,
public,dc_survey_task,del_flag,character varying(1),删除标记：0 未删除、1 已删除,yes,
public,dc_survey_task,image_count,integer,照片数量,yes,
public,dc_survey_task,duration,bigint,巡查时长: 单位秒,yes,
public,dc_survey_task,distance,"numeric(20,3)",巡查距离: 单位km,yes,
public,dc_survey_task,current_point_count,integer,本次巡查点位数量: 重新开启后自动清零,yes,
public,dc_survey_task,update_name,character varying(100),更新人名称：当前巡查人员,yes,
public,dc_survey_task,cache_id,character varying(100),本地缓存ID：APP端维护,yes,
public,dc_survey_task_instance,id,bigint,主键,yes,
public,dc_survey_task_instance,task_id,bigint,任务ID,yes,
public,dc_survey_task_instance,start_time,timestamp without time zone,执行开始时间,yes,
public,dc_survey_task_instance,end_time,timestamp without time zone,执行结束时间,yes,
public,dc_survey_task_instance,duration,bigint,执行时长（秒）,yes,
public,dc_survey_task_instance,create_time,timestamp without time zone,创建时间,yes,
public,dc_survey_track,id,bigint,主键,yes,
public,dc_survey_track,task_id,bigint,巡查任务ID,yes,
public,dc_survey_track,lat,double precision,纬度,yes,
public,dc_survey_track,lon,double precision,经度,yes,
public,dc_survey_track,distance,"numeric(20,3)",距离上一个点的距离（米）,yes,
public,dc_survey_track,create_by,bigint,创建人,yes,
public,dc_survey_track,create_time,timestamp without time zone,创建时间,yes,
public,dc_survey_track,num,integer,点位编号,yes,
public,dc_survey_track,task_instance_id,bigint,实例ID,yes,
public,gis_control_unit,id,bigint,主键,yes,
public,gis_control_unit,geom,"geometry(MultiPolygon,4326)",几何信息,yes,
public,gis_control_unit,control_unit_name,character varying(254),控制单元名称,yes,
public,gis_control_unit,area,double precision,面积（km2）,yes,
public,gis_control_unit,control_unit_code,character varying(100),控制单元编码,yes,
public,gis_control_unit,basin,character varying(200),所属流域,yes,
public,gis_control_unit,remark,character varying(255),备注,yes,
public,gis_control_unit,create_time,timestamp without time zone,创建时间,yes,
public,gis_control_unit,update_time,timestamp without time zone,更新时间,yes,
public,gis_control_unit,del_flag,character(1),删除标志：0-正常、1-删除,yes,
public,gis_control_unit,create_by,bigint,创建人,yes,
public,gis_control_unit,update_by,bigint,修改人,yes,
public,gis_ecologicalregion,id,bigint,主键ID,yes,
public,gis_ecologicalregion,ecological_region_name,character varying(255),生态红线区域名称,yes,
public,gis_ecologicalregion,ecological_region_code,character varying(32),生态红线区域编码,yes,
public,gis_ecologicalregion,address,character varying(255),地址,yes,
public,gis_ecologicalregion,geom,"geometry(Geometry,4326)",空间几何数据,yes,
public,gis_ecologicalregion,population,bigint,人口数量,yes,
public,gis_ecologicalregion,type,character(1),类型,yes,
public,gis_ecologicalregion,service_target,character varying(255),生态服务目标,yes,
public,gis_ecologicalregion,ecosystem_vegetation,character varying(255),生态系统植被概况,yes,
public,gis_ecologicalregion,human_activities,character varying(255),人类活动影响描述,yes,
public,gis_ecologicalregion,environment_problems,character varying(255),生态环境问题描述,yes,
public,gis_ecologicalregion,control_measures,character varying(255),管控措施描述,yes,
public,gis_ecologicalregion,remark,character varying(255),备注,yes,
public,gis_ecologicalregion,create_by,bigint,创建人,yes,
public,gis_ecologicalregion,create_time,timestamp without time zone,创建时间,yes,
public,gis_ecologicalregion,update_by,bigint,修改人,yes,
public,gis_ecologicalregion,update_time,timestamp without time zone,修改时间,yes,
public,gis_ecologicalregion,del_flag,character(1),删除标志：0-正常，1-已删除,yes,
public,gis_headwaters,id,bigint,主键ID,yes,
public,gis_headwaters,headwaters_name,character varying(255),水源地名称,yes,
public,gis_headwaters,headwaters_code,character varying(32),水源地编码,yes,
public,gis_headwaters,address,character varying(255),地址,yes,
public,gis_headwaters,geom,"geometry(Geometry,4326)",空间几何数据,yes,
public,gis_headwaters,level,character varying(8),级别,yes,
public,gis_headwaters,type,character(1),类型,yes,
public,gis_headwaters,water_intake_quantity,double precision,年取水量,yes,
public,gis_headwaters,water_supply_population,bigint,供水人口数,yes,
public,gis_headwaters,is_protect_region,character(1),是否在保护区范围内,yes,
public,gis_headwaters,remark,character varying(255),备注,yes,
public,gis_headwaters,create_by,bigint,创建人,yes,
public,gis_headwaters,create_time,timestamp without time zone,创建时间,yes,
public,gis_headwaters,update_by,bigint,修改人,yes,
public,gis_headwaters,update_time,timestamp without time zone,修改时间,yes,
public,gis_headwaters,del_flag,character(1),删除标志：0-正常，1-已删除,yes,
public,gis_naturereserve,id,bigint,主键ID,yes,
public,gis_naturereserve,nature_reserve_name,character varying(255),自然保护区名称,yes,
public,gis_naturereserve,nature_reserve_code,character varying(32),自然保护区编码,yes,
public,gis_naturereserve,address,character varying(255),地址,yes,
public,gis_naturereserve,geom,"geometry(Geometry,4326)",空间几何数据,yes,
public,gis_naturereserve,department,character varying(100),主管部门,yes,
public,gis_naturereserve,type,character(1),类型,yes,
public,gis_naturereserve,level,character varying(8),级别,yes,
public,gis_naturereserve,protect_target,character varying(255),主要保护对象,yes,
public,gis_naturereserve,manage_org_name,character varying(100),管理机构名称,yes,
public,gis_naturereserve,manage_org_type,character varying(8),管理机构类型,yes,
public,gis_naturereserve,manage_org_level,character varying(8),管理机构级别,yes,
public,gis_naturereserve,population,bigint,人口数量,yes,
public,gis_naturereserve,first_protect_animals,character varying(255),国家一级保护动物,yes,
public,gis_naturereserve,second_protect_animals,character varying(255),国家二级保护动物,yes,
public,gis_naturereserve,first_protect_plants,character varying(255),国家一级保护植物,yes,
public,gis_naturereserve,second_protect_plants,character varying(255),国家二级保护植物,yes,
public,gis_naturereserve,create_by,bigint,创建人,yes,
public,gis_naturereserve,create_time,timestamp without time zone,创建时间,yes,
public,gis_naturereserve,update_by,bigint,修改人,yes,
public,gis_naturereserve,update_time,timestamp without time zone,修改时间,yes,
public,gis_naturereserve,del_flag,character(1),删除标志：0-正常，1-已删除,yes,
public,gis_poi,id,bigint,主键id,yes,
public,gis_poi,code,bigint,poi标识码,yes,
public,gis_poi,name,character varying(100),名称,yes,
public,gis_poi,address,character varying(255),地址,yes,
public,gis_poi,category,character varying(100),分类,yes,
public,gis_poi,region_code,character varying(32),行政区编码,yes,
public,gis_poi,region_province,character varying(30),行政区省,yes,
public,gis_poi,region_city,character varying(50),行政区城市,yes,
public,gis_poi,lon,double precision,经度,yes,
public,gis_poi,lat,double precision,纬度,yes,
public,gis_poi,telephone,character varying(11),电话,yes,
public,gis_poi,remark,character varying(255),备注,yes,
public,gis_poi,create_time,timestamp without time zone,创建时间,yes,
public,gis_poi,update_time,timestamp without time zone,修改时间,yes,
public,gis_poi,del_flag,character(1),删除标志：0-正常，1-已删除,yes,
public,gis_poi,create_by,bigint,创建人,yes,
public,gis_poi,update_by,bigint,修改人,yes,
public,gis_region,id,bigint,主键id,yes,
public,gis_region,region_code,character varying(32),行政区划编码,yes,
public,gis_region,region_name,character varying(100),行政区划名称,yes,
public,gis_region,control_unit_id,bigint,管控单元ID,yes,
public,gis_region,region_level,character varying(4),区划级别,yes,
public,gis_region,parent_code,character varying(60),父级区划编码,yes,
public,gis_region,code,character varying(32),编码,yes,
public,gis_region,address,character varying(255),地址,yes,
public,gis_region,remark,character varying(255),备注,yes,
public,gis_region,create_by,bigint,创建人,yes,
public,gis_region,create_time,timestamp without time zone,创建时间,yes,
public,gis_region,update_by,bigint,更新人,yes,
public,gis_region,update_time,timestamp without time zone,更新时间,yes,
public,gis_region,del_flag,character(1),删除标记：0 未删除、1 已删除,yes,
public,gis_region_city,id,integer,主键ID,yes,
public,gis_region_city,geom,"geometry(MultiPolygon,4326)",空间几何数据,yes,
public,gis_region_city,region_name,character varying(50),行政区划名称,yes,
public,gis_region_city,region_code,character varying(20),行政区划编码,yes,
public,gis_region_county,id,integer,主键ID,yes,
public,gis_region_county,geom,"geometry(MultiPolygon,4326)",空间几何数据,yes,
public,gis_region_county,region_name,character varying(60),行政区名称,yes,
public,gis_region_county,city,character varying(50),市级名称,yes,
public,gis_region_county,region_code,character varying(50),行政区编码,yes,
public,gis_region_population,id,bigint,主键ID,yes,
public,gis_region_population,region_id,bigint,区域ID,yes,
public,gis_region_population,city_population,double precision,城镇人口,yes,
public,gis_region_population,city_area,double precision,城镇面积,yes,
public,gis_region_population,city_quantity,double precision,城镇数量,yes,
public,gis_region_population,rural_population,double precision,农村人口,yes,
public,gis_region_population,rural_area,double precision,农村面积,yes,
public,gis_region_population,rural_quantity,double precision,农村数量,yes,
public,gis_region_population,year,bigint,年份,yes,
public,gis_region_population,create_by,bigint,创建人,yes,
public,gis_region_population,create_time,timestamp without time zone,创建时间,yes,
public,gis_region_population,update_by,bigint,修改人,yes,
public,gis_region_population,update_time,timestamp without time zone,修改时间,yes,
public,gis_region_population,del_flag,character(1),删除标志：0-正常，1-已删除,yes,
public,gis_region_township,id,integer,主键ID,yes,
public,gis_region_township,geom,"geometry(MultiPolygon,4326)",空间几何数据,yes,
public,gis_region_township,region_code,character varying(20),行政区划编码,yes,
public,gis_region_township,county,character varying(60),区县名称,yes,
public,gis_region_township,region_name,character varying(50),行政区划名称,yes,
public,gis_region_township,city,character varying(50),市级名称,yes,
public,gis_watershed_partition,id,bigint,主键ID,yes,
public,gis_watershed_partition,name,character varying(100),名称,yes,
public,gis_watershed_partition,name_alias,character varying(100),别名,yes,
public,gis_watershed_partition,area,double precision,面积：平方千米,yes,
public,gis_watershed_partition,remark,character varying(255),备注,yes,
public,gis_watershed_partition,code,character varying(100),编码,yes,
public,gis_watershed_partition,create_by,bigint,创建人,yes,
public,gis_watershed_partition,create_time,timestamp without time zone,创建时间,yes,
public,gis_watershed_partition,update_by,bigint,更新人,yes,
public,gis_watershed_partition,update_time,timestamp without time zone,更新时间,yes,
public,gis_watershed_partition,del_flag,character(1),删除标记: 0-未删除、1-已删除,yes,
public,gis_watershed_partition,geom,"geometry(MultiPolygon,4326)",图形,yes,
public,gis_watershed_partition,version,smallint,当前版本：从0开始递增,yes,
public,gis_watershed_partition_3,id,integer,主键ID,yes,
public,gis_watershed_partition_3,geom,"geometry(MultiPolygon,4326)",空间几何数据,yes,
public,gis_watershed_partition_3,basin,character varying(50),流域,yes,
public,gis_watershed_partition_3,name,character varying(50),名称,yes,
public,gis_watershed_partition_3,area,double precision,面积：平方米,yes,
public,gis_watershed_partition_4,id,integer,主键ID,yes,
public,gis_watershed_partition_4,geom,"geometry(MultiPolygon,4326)",空间几何数据,yes,
public,gis_watershed_partition_4,basin,character varying(50),流域,yes,
public,gis_watershed_partition_4,last_name,character varying(50),上一级流域名称,yes,
public,gis_watershed_partition_4,poly_area,double precision,多边形面积,yes,
public,gis_watershed_partition_4,name,character varying(50),名称,yes,
public,gis_watershed_partition_4,area,double precision,面积：平方米,yes,
public,gis_watershed_partition_4,section_name,character varying(50),对应断面名称,yes,
public,layer_boundary_enterprise,id,integer,主键ID,yes,
public,layer_boundary_enterprise,name,character varying,名称,yes,
public,layer_boundary_enterprise,code,character varying,编码,yes,
public,layer_boundary_enterprise,geom,"geometry(MultiLineString,4326)",空间几何数据,yes,
public,layer_boundary_park,id,integer,主键ID,yes,
public,layer_boundary_park,geom,"geometry(MultiPolygon,4326)",空间几何数据,yes,
public,layer_boundary_park,name,character varying(28),名称,yes,
public,layer_boundary_park,code,character varying(50),编码,yes,
public,layer_boundary_park,name_part,character varying(255),分园名称,yes,
public,layer_boundary_park,region_name,character varying(100),行政区名称,yes,
public,layer_boundary_park,park_level,integer,园区级别：0-未知、1-国家级、2-省级、3-市级,yes,
public,layer_entity_process,id,bigint,主键,yes,
public,layer_entity_process,process_type,character varying(100),溯源查询类型：industrial-工业园区,yes,
public,layer_entity_process,layer_type,smallint,溯源查询类型：0-查询图层、1-静态图层...,yes,
public,layer_entity_process,layer_name_en,character varying(100),图层英文名称,yes,
public,layer_entity_process,layer_name_cn,character varying(150),图层中文名称,yes,
public,layer_entity_process,geom_type,character varying(50),图形类型：点、线、面,yes,
public,layer_entity_process,layer_level,smallint,图层层级：查询过程的级别,yes,
public,layer_entity_process,query_expand_mark,smallint,扩展查询标记：关联查询相关属性,yes,
public,layer_entity_process,remark,character varying(255),备注,yes,
public,layer_entity_relation,id,bigint,主键,yes,
public,layer_entity_relation,entity_code_1,character varying(100),要素编码1,yes,
public,layer_entity_relation,layer_name_1,character varying(100),图层名称1,yes,
public,layer_entity_relation,relation,character varying(50),关系名称,yes,
public,layer_entity_relation,entity_code_2,character varying(100),要素编码2,yes,
public,layer_entity_relation,layer_name_2,character varying(100),图层名称2,yes,
public,layer_entity_relation,create_date,timestamp without time zone,创建时间,yes,
public,layer_entity_relation,delete_mark,smallint,删除标志：0-正常、1-删除,yes,
public,layer_industrial_ghysgw,id,integer,主键ID,yes,
public,layer_industrial_ghysgw,geom,"geometry(MultiLineString,4326)",空间几何数据,yes,
public,layer_industrial_ghysgw,name,character varying(10),名称,yes,
public,layer_industrial_ghysgw,code,character varying(50),编码,yes,
public,layer_industrial_lsf,id,integer,主键ID,yes,
public,layer_industrial_lsf,geom,"geometry(Point,4326)",空间几何数据,yes,
public,layer_industrial_lsf,name,character varying(10),名称,yes,
public,layer_industrial_lsf,code,character varying(50),编码,yes,
public,layer_industrial_xzysgw,id,integer,主键ID,yes,
public,layer_industrial_xzysgw,geom,"geometry(MultiLineString,4326)",空间几何数据,yes,
public,layer_industrial_xzysgw,name,character varying(10),名称,yes,
public,layer_industrial_xzysgw,code,character varying(50),编码,yes,
public,layer_industrial_yjf,id,integer,主键ID,yes,
public,layer_industrial_yjf,geom,"geometry(Point,4326)",空间几何数据,yes,
public,layer_industrial_yjf,name,character varying(10),名称,yes,
public,layer_industrial_yjf,code,character varying(50),编码,yes,
public,layer_industrial_yjsgc,id,integer,主键ID,yes,
public,layer_industrial_yjsgc,geom,"geometry(Point,4326)",空间几何数据,yes,
public,layer_industrial_yjsgc,x,double precision,X坐标,yes,
public,layer_industrial_yjsgc,y,double precision,Y坐标,yes,
public,layer_industrial_yjsgc,name,character varying(100),名称,yes,
public,layer_industrial_yjsgc,code,character varying(50),编码,yes,
public,layer_industrial_ysc,id,integer,主键ID,yes,
public,layer_industrial_ysc,geom,"geometry(Point,4326)",空间几何数据,yes,
public,layer_industrial_ysc,x,double precision,X坐标,yes,
public,layer_industrial_ysc,y,double precision,Y坐标,yes,
public,layer_industrial_ysc,name,character varying(10),名称,yes,
public,layer_industrial_ysc,code,character varying(50),编码,yes,
public,layer_outlet_sewage,id,integer,主键ID,yes,
public,layer_outlet_sewage,x,double precision,X坐标,yes,
public,layer_outlet_sewage,y,double precision,Y坐标,yes,
public,layer_outlet_sewage,name,character varying,名称,yes,
public,layer_outlet_sewage,code,character varying,编码,yes,
public,layer_outlet_sewage,jcdbh,character varying,监测点编号,yes,
public,layer_outlet_sewage,geom,"geometry(Point,4326)",空间几何数据,yes,
public,layer_partition_2,id,integer,主键ID,yes,
public,layer_partition_2,geom,"geometry(MultiPolygon,4326)",空间几何数据,yes,
public,layer_partition_2,name,character varying(50),分区名称,yes,
public,layer_partition_2,name_1,character varying(50),一级分区名称,yes,
public,layer_partition_2,area,double precision,面积,yes,
public,layer_partition_3,id,integer,主键ID,yes,
public,layer_partition_3,geom,"geometry(MultiPolygon,4326)",空间几何数据,yes,
public,layer_partition_3,name,character varying(50),分区名称,yes,
public,layer_partition_3,name_2,character varying(50),二级分区名称,yes,
public,layer_partition_3,name_1,character varying(50),一级分区名称,yes,
public,layer_partition_3,area,double precision,面积,yes,
public,layer_reservoir_provincial,id,integer,主键ID,yes,
public,layer_reservoir_provincial,geom,"geometry(MultiPolygon,4326)",空间几何数据,yes,
public,layer_reservoir_provincial,objectid,bigint,对象唯一标识,yes,
public,layer_reservoir_provincial,cc,character varying(8),行政区划编码,yes,
public,layer_reservoir_provincial,gb,character varying(16),国标编码,yes,
public,layer_reservoir_provincial,bas,character varying(16),流域编码,yes,
public,layer_reservoir_provincial,name,character varying(64),名称,yes,
public,layer_reservoir_provincial,period,character varying(16),时期/阶段,yes,
public,layer_reservoir_provincial,type,character varying(32),类型,yes,
public,layer_reservoir_provincial,wq,character varying(8),水质类别,yes,
public,layer_reservoir_provincial,aheight,double precision,坝高,yes,
public,layer_reservoir_provincial,parea,double precision,永久占地面积,yes,
public,layer_reservoir_provincial,ec,character varying(16),生态分区编码,yes,
public,layer_reservoir_provincial,grade,character varying(8),等级/级别,yes,
public,layer_reservoir_provincial,length,double precision,长度,yes,
public,layer_reservoir_provincial,mheight,double precision,最大坝高,yes,
public,layer_reservoir_provincial,sdtf,character varying(4),水系特征码,yes,
public,layer_reservoir_provincial,shrc,character varying(64),所属河湖编码,yes,
public,layer_reservoir_provincial,vol,double precision,库容,yes,
public,layer_reservoir_provincial,featid,character varying(16),要素唯一标识,yes,
public,layer_reservoir_provincial,areacode,bigint,行政区划代码,yes,
public,layer_reservoir_provincial,changetype,integer,变更类型,yes,
public,layer_reservoir_provincial,shape_leng,double precision,要素长度,yes,
public,layer_reservoir_provincial,shape_area,double precision,要素面积,yes,
public,layer_reservoir_provincial_label,geom,"geometry(Point,4326)",空间几何数据,yes,
public,layer_reservoir_provincial_label,cc,character varying(8),行政区划编码,yes,
public,layer_reservoir_provincial_label,gb,character varying(16),国标编码,yes,
public,layer_reservoir_provincial_label,bas,character varying(16),流域编码,yes,
public,layer_reservoir_provincial_label,name,character varying(64),名称,yes,
public,layer_reservoir_provincial_label,period,character varying(16),时期/阶段,yes,
public,layer_reservoir_provincial_label,type,character varying(32),类型,yes,
public,layer_reservoir_provincial_label,wq,character varying(8),水质类别,yes,
public,layer_reservoir_provincial_label,aheight,double precision,坝高,yes,
public,layer_reservoir_provincial_label,parea,double precision,永久占地面积,yes,
public,layer_reservoir_provincial_label,ec,character varying(16),生态分区编码,yes,
public,layer_reservoir_provincial_label,grade,character varying(8),等级/级别,yes,
public,layer_reservoir_provincial_label,length,double precision,长度,yes,
public,layer_reservoir_provincial_label,mheight,double precision,最大坝高,yes,
public,layer_reservoir_provincial_label,sdtf,character varying(4),水系特征码,yes,
public,layer_reservoir_provincial_label,shrc,character varying(64),所属河湖编码,yes,
public,layer_reservoir_provincial_label,vol,double precision,库容,yes,
public,layer_reservoir_provincial_label,featid,character varying(16),要素唯一标识,yes,
public,layer_reservoir_provincial_label,areacode,bigint,行政区划代码,yes,
public,layer_reservoir_provincial_label,changetype,integer,变更类型,yes,
public,layer_reservoir_provincial_label,id,integer,主键ID,yes,
public,layer_reservoir_provincial_合并,geom,"geometry(MultiPolygon,4326)",空间几何数据,yes,
public,layer_reservoir_provincial_合并,cc,character varying(8),行政区划编码,yes,
public,layer_reservoir_provincial_合并,gb,character varying(16),国标编码,yes,
public,layer_reservoir_provincial_合并,bas,character varying(16),流域编码,yes,
public,layer_reservoir_provincial_合并,name,character varying(64),名称,yes,
public,layer_reservoir_provincial_合并,period,character varying(16),时期/阶段,yes,
public,layer_reservoir_provincial_合并,type,character varying(32),类型,yes,
public,layer_reservoir_provincial_合并,wq,character varying(8),水质类别,yes,
public,layer_reservoir_provincial_合并,aheight,double precision,坝高,yes,
public,layer_reservoir_provincial_合并,parea,double precision,永久占地面积,yes,
public,layer_reservoir_provincial_合并,ec,character varying(16),生态分区编码,yes,
public,layer_reservoir_provincial_合并,grade,character varying(8),等级/级别,yes,
public,layer_reservoir_provincial_合并,length,double precision,长度,yes,
public,layer_reservoir_provincial_合并,mheight,double precision,最大坝高,yes,
public,layer_reservoir_provincial_合并,sdtf,character varying(4),水系特征码,yes,
public,layer_reservoir_provincial_合并,shrc,character varying(64),所属河湖编码,yes,
public,layer_reservoir_provincial_合并,vol,double precision,库容,yes,
public,layer_reservoir_provincial_合并,featid,character varying(16),要素唯一标识,yes,
public,layer_reservoir_provincial_合并,areacode,bigint,行政区划代码,yes,
public,layer_reservoir_provincial_合并,changetype,integer,变更类型,yes,
public,layer_reservoir_provincial_合并,id,integer,主键ID,yes,
public,layer_river_provincial,geom,"geometry(MultiLineString,4326)",空间几何数据,yes,
public,layer_river_provincial,cc,character varying(8),行政区划编码,yes,
public,layer_river_provincial,gb,character varying(16),国标编码,yes,
public,layer_river_provincial,bas,character varying(16),流域编码,yes,
public,layer_river_provincial,type,character varying(32),类型,yes,
public,layer_river_provincial,ec,character varying(16),生态分区编码,yes,
public,layer_river_provincial,grade,character varying(8),等级/级别,yes,
public,layer_river_provincial,length,double precision,长度,yes,
public,layer_river_provincial,period,character varying(16),时期/阶段,yes,
public,layer_river_provincial,shrc,character varying(64),所属河湖编码,yes,
public,layer_river_provincial,sdtf,character varying(4),水系特征码,yes,
public,layer_river_provincial,width,double precision,宽度,yes,
public,layer_river_provincial,featid,character varying(16),要素唯一标识,yes,
public,layer_river_provincial,areacode,bigint,行政区划代码,yes,
public,layer_river_provincial,name,character varying(64),名称,yes,
public,layer_river_provincial,changetype,integer,变更类型,yes,
public,layer_river_provincial,id,integer,主键ID,yes,
public,layer_section,id,integer,主键ID,yes,
public,layer_section,x,double precision,X坐标,yes,
public,layer_section,y,double precision,Y坐标,yes,
public,layer_section,name,character varying,名称,yes,
public,layer_section,code,character varying,编码,yes,
public,layer_section,geom,"geometry(Point,4326)",空间几何数据,yes,
public,layer_watershed,id,integer,主键ID,yes,
public,layer_watershed,name,character varying,名称,yes,
public,layer_watershed,code,character varying,编码,yes,
public,layer_watershed,geom,"geometry(MultiLineString,4326)",空间几何数据,yes,
public,metadata_view,code,character varying(255),编码,yes,
public,metadata_view,parent_id,character varying(255),父级ID,yes,
public,metadata_view,name,character varying(255),关键字或文件名(不含后缀),yes,
public,metadata_view,aliasname,character varying(255),别名,yes,
public,metadata_view,type,character varying(255),类型,yes,
public,metadata_view,LayerName,character varying(255),图层名称,yes,
public,metadata_view,LayerType,character varying(255),图层类型,yes,
public,metadata_view,create_date,timestamp without time zone,创建时间,yes,
public,metadata_view,table_name,character varying(21),表名,yes,
public,min_value_setting,id,bigint,主键id,yes,
public,min_value_setting,indicator_code,character varying(100),监测指标编号,yes,
public,min_value_setting,value,double precision,最低检出限（mg/L）,yes,
public,min_value_setting,create_by,bigint,创建人,yes,
public,min_value_setting,create_time,timestamp without time zone,创建时间,yes,
public,min_value_setting,update_by,bigint,更新人,yes,
public,min_value_setting,update_time,timestamp without time zone,更新时间,yes,
public,min_value_setting,del_flag,character(1),删除标记：0 未删除、1 已删除,yes,
public,rs_enterprise_info_lsg,id,bigint,主键id,yes,
public,rs_enterprise_info_lsg,name,character varying(100),磷石膏库名称,yes,
public,rs_enterprise_info_lsg,mine_name,character varying(100),矿山名称,yes,
public,rs_enterprise_info_lsg,enterprise,character varying(100),所属企业,yes,
public,rs_enterprise_info_lsg,city,character varying(32),市,yes,
public,rs_enterprise_info_lsg,county,character varying(32),县,yes,
public,rs_enterprise_info_lsg,address,character varying(255),污染源地址,yes,
public,rs_enterprise_info_lsg,region_code,character varying(32),行政区编码,yes,
public,rs_enterprise_info_lsg,region_name,character varying(32),行政区名称,yes,
public,rs_enterprise_info_lsg,out_type,character varying(32),排渣方式,yes,
public,rs_enterprise_info_lsg,design_storage,double precision,设计库容（单位：万立方米）,yes,
public,rs_enterprise_info_lsg,existed_storage,double precision,现有堆量（单位：万立方米）,yes,
public,rs_enterprise_info_lsg,floor_area,double precision,占地面积（单位平方公里）,yes,
public,rs_enterprise_info_lsg,product_status,character varying(32),目前生产情况,yes,
public,rs_enterprise_info_lsg,lon,double precision,经度,yes,
public,rs_enterprise_info_lsg,lat,double precision,纬度,yes,
public,rs_enterprise_info_lsg,create_by,bigint,创建人,yes,
public,rs_enterprise_info_lsg,create_time,timestamp without time zone,创建时间,yes,
public,rs_enterprise_info_lsg,update_by,bigint,更新人,yes,
public,rs_enterprise_info_lsg,update_time,timestamp without time zone,更新时间,yes,
public,rs_enterprise_info_lsg,del_flag,character(1),删除标记,yes,
public,rs_enterprise_info_lsg,product_capacity,double precision,磷酸产能（万吨/年）,yes,
public,rs_enterprise_info_wade,id,bigint,主键id,yes,
public,rs_enterprise_info_wade,name,character varying(100),污染源名称,yes,
public,rs_enterprise_info_wade,address,character varying(255),污染源地址,yes,
public,rs_enterprise_info_wade,region_code,character varying(32),行政区编码,yes,
public,rs_enterprise_info_wade,region_name,character varying(32),行政区名称,yes,
public,rs_enterprise_info_wade,liaison,character varying(32),环保联系人,yes,
public,rs_enterprise_info_wade,liaison_tel,character varying(100),环保联系人电话,yes,
public,rs_enterprise_info_wade,supervision_level,smallint,监管级别：0-一般、1-重点,yes,
public,rs_enterprise_info_wade,industry_type,character varying(32),行业类型,yes,
public,rs_enterprise_info_wade,lon,double precision,经度,yes,
public,rs_enterprise_info_wade,lat,double precision,纬度,yes,
public,rs_enterprise_info_wade,create_by,bigint,创建人,yes,
public,rs_enterprise_info_wade,create_time,timestamp without time zone,创建时间,yes,
public,rs_enterprise_info_wade,update_by,bigint,更新人,yes,
public,rs_enterprise_info_wade,update_time,timestamp without time zone,更新时间,yes,
public,rs_enterprise_info_wade,del_flag,character(1),删除标记,yes,
public,rs_industrial_info_yc,id,bigint,主键,yes,
public,rs_industrial_info_yc,name,character varying(255),名称,yes,
public,rs_industrial_info_yc,name_part,character varying(255),分园名称,yes,
public,rs_industrial_info_yc,region_code,character varying(20),行政区划编码,yes,
public,rs_industrial_info_yc,region_name,character varying(100),行政区名称,yes,
public,rs_industrial_info_yc,park_level,integer,园区级别：0-未知、1-国家级、2-省级、3-市级,yes,
public,rs_industrial_info_yc,lon,double precision,经度,yes,
public,rs_industrial_info_yc,lat,double precision,纬度,yes,
public,rs_industrial_info_yc,belong_watershed,character varying(255),所属流域,yes,
public,rs_industrial_info_yc,is_within_1km_yangtze_mainstream,character varying(255),是否在长江干流岸线一公里范围内,yes,
public,rs_industrial_info_yc,is_within_1km_yangtze_tributary,character varying(255),是否在长江重要支流岸线一公里范围内,yes,
public,rs_industrial_info_yc,important_tributary,character varying(255),所属重要支流,yes,
public,rs_industrial_info_yc,is_chemical_park,character varying(255),是否为化工园区,yes,
public,rs_industrial_info_yc,park_development_status,character varying(255),园区发展现状,yes,
public,rs_industrial_info_yc,leading_industry,text,主导产业,yes,
public,rs_industrial_info_yc,total_industrial_output_value_10k_yuan,character varying(255),调度期内工业总产值（万元）,yes,
public,rs_industrial_info_yc,industrial_value_added_10k_yuan,character varying(255),调度期内工业增加值（万元）,yes,
public,rs_industrial_info_yc,industrial_land_area_sqkm,character varying(255),工业用地面积（平方千米）,yes,
public,rs_industrial_info_yc,enterprises_above_designated_count,character varying(255),规上企业数量（个）,yes,
public,rs_industrial_info_yc,cumulative_investment_wastewater_treatment_10k_yuan,character varying(255),工业园区对污水集中处理设施累计投资（万元）,yes,
public,rs_industrial_info_yc,cumulative_investment_sewer_network_10k_yuan,character varying(255),工业园区对污水管网累计投资（万元）,yes,
public,rs_industrial_info_yc,sewer_network_length_km,character varying(255),污水管网长度（千米）,yes,
public,rs_industrial_info_yc,new_sewer_network_length_km,character varying(255),新增管网长度（千米）,yes,
public,rs_industrial_info_yc,park_drainage_status,character varying(255),工业园区排水现状,yes,
public,rs_industrial_info_yc,sewer_inspection_rectification_since_2020,text,2020年以来污水管网排查整治情况管网排查情况,yes,
public,rs_industrial_info_yc,sewer_inspection_length_km,character varying(255),管网排查长度（千米）,yes,
public,rs_industrial_info_yc,treatment_facility_name,character varying(255),污水处理设施名称,yes,
public,rs_industrial_info_yc,pollution_discharge_permit_code,character varying(255),排污许可证编码,yes,
public,rs_industrial_info_yc,treatment_facility_type,character varying(255),污水处理设施类型,yes,
public,rs_industrial_info_yc,treatment_cost_yuan_per_ton,character varying(255),吨水处理费用（元/吨）,yes,
public,rs_industrial_info_yc,is_industrial_wastewater_pipe_access_assessment,character varying(255),（排入城镇污水集中处理设施）是否开展园区工业废水纳管评估,yes,
public,rs_industrial_info_yc,designed_treatment_capacity_10k_tons_per_day,character varying(255),设计处理能力（万吨/日）,yes,
public,rs_industrial_info_yc,actual_treatment_volume_10k_tons,character varying(255),实际处理水量（万吨）,yes,
public,rs_industrial_info_yc,treatment_process_name,character varying(255),污水处理工艺名称,yes,
public,rs_industrial_info_yc,emission_standard,character varying(255),执行排放标准,yes,
public,rs_industrial_info_yc,designed_influent_cod_mg_l,character varying(255),设计进水浓度（COD）,yes,
public,rs_industrial_info_yc,designed_influent_ammonia_nitrogen_mg_l,character varying(255),设计进水浓度（氨氮）,yes,
public,rs_industrial_info_yc,influent_cod_daily_avg_mg_l,character varying(255),进水COD日均值（mg/L）,yes,
public,rs_industrial_info_yc,influent_ammonia_nitrogen_daily_avg_mg_l,character varying(255),进水氨氮日均值（mg/L）,yes,
public,rs_industrial_info_yc,influent_total_nitrogen_daily_avg_mg_l,character varying(255),进水总氮日均值（mg/L）,yes,
public,rs_industrial_info_yc,influent_total_phosphorus_daily_avg_mg_l,character varying(255),进水总磷日均值（mg/L）,yes,
public,rs_industrial_info_yc,effluent_cod_daily_avg_mg_l,character varying(255),出水COD日均值（mg/L）,yes,
public,rs_industrial_info_yc,effluent_ammonia_nitrogen_daily_avg_mg_l,character varying(255),出水氨氮日均值（mg/L）,yes,
public,rs_industrial_info_yc,effluent_total_nitrogen_daily_avg_mg_l,character varying(255),出水总氮日均值（mg/L）,yes,
public,rs_industrial_info_yc,effluent_total_phosphorus_daily_avg_mg_l,character varying(255),出水总磷日均值（mg/L）,yes,
public,rs_industrial_info_yc,is_key_pollution_source,character varying(255),是否重点排污单位,yes,
public,rs_industrial_info_yc,ecology_dept_networking_influent_effluent,character varying(255),与生态环境部门联网情况（进出水）,yes,
public,rs_industrial_info_yc,auto_monitoring_system_level,character varying(255),重点污染源自动监控系统（部、省、市、县）,yes,
public,rs_industrial_info_yc,auto_monitoring_compliance_rate_pct,character varying(255),自动在线监控达标率（%）,yes,
public,rs_industrial_info_yc,manual_monitoring_compliance_rate_pct,character varying(255),手工监测达标率（%）,yes,
public,rs_industrial_info_yc,exceedance_factor_and_multiplier,character varying(255),超标因子及超标倍数,yes,
public,rs_industrial_info_yc,exceedance_days,character varying(255),超标天数,yes,
public,rs_industrial_info_yc,exceedance_reason,text,超标原因,yes,
public,rs_industrial_info_yc,treatment_plant_power_consumption_kwh,character varying(255),污水厂耗电量,yes,
public,rs_industrial_info_yc,is_photovoltaic_station_built,character varying(255),是否建设光伏电站,yes,
public,rs_industrial_info_yc,chemical_addition_type,character varying(255),药剂添加类型,yes,
public,rs_industrial_info_yc,chemical_addition_quantity_tons,character varying(255),药剂添加数量（吨）,yes,
public,rs_industrial_info_yc,is_precision_aeration,character varying(255),是否精准曝气,yes,
public,rs_industrial_info_yc,is_negotiated_pipe_access_standard,character varying(255),园区企业与污水处理厂是否协商制定纳管标准,yes,
public,rs_industrial_info_yc,system_issues,text,系统上存在的问题,yes,
public,rs_industrial_info_yc,rectification_status,text,整改情况,yes,
public,rs_industrial_info_yc,create_by,bigint,创建人,yes,
public,rs_industrial_info_yc,create_time,timestamp without time zone,创建时间,yes,
public,rs_industrial_info_yc,update_by,bigint,修改人,yes,
public,rs_industrial_info_yc,update_time,timestamp without time zone,修改时间,yes,
public,rs_industrial_info_yc,del_flag,character(1),删除标志：0-正常，1-已删除,yes,
public,rs_livestock_info_yc,id,bigint,主键id,yes,
public,rs_livestock_info_yc,name,character varying(100),养殖场名称,yes,
public,rs_livestock_info_yc,name_old,character varying(100),曾用名,yes,
public,rs_livestock_info_yc,representative,character varying(100),法定代表人,yes,
public,rs_livestock_info_yc,community_code,character varying(100),普查小区代码,yes,
public,rs_livestock_info_yc,year,character varying(10),年份,yes,
public,rs_livestock_info_yc,credit_code,character varying(100),统一社会信用代码,yes,
public,rs_livestock_info_yc,organize_code,character varying(100),组织机构代码,yes,
public,rs_livestock_info_yc,city,character varying(32),市,yes,
public,rs_livestock_info_yc,county,character varying(32),县,yes,
public,rs_livestock_info_yc,town,character varying(32),乡镇,yes,
public,rs_livestock_info_yc,village,character varying(255),村、街、门牌号,yes,
public,rs_livestock_info_yc,region_code,character varying(32),行政区编码,yes,
public,rs_livestock_info_yc,region_name,character varying(32),行政区名称,yes,
public,rs_livestock_info_yc,liaison,character varying(32),联系人,yes,
public,rs_livestock_info_yc,liaison_tel,character varying(32),联系人电话,yes,
public,rs_livestock_info_yc,livestock_type,character varying(20),养殖类型,yes,
public,rs_livestock_info_yc,clean_type,character varying(20),圈舍清理方式,yes,
public,rs_livestock_info_yc,intake_type,character varying(20),圈舍通风方式,yes,
public,rs_livestock_info_yc,water_store_type,character varying(20),原水存储设施类型,yes,
public,rs_livestock_info_yc,water_store_outlet,character varying(20),原水存储设施池口方式,yes,
public,rs_livestock_info_yc,water_store_area,double precision,原水存储设施池口面积（平方米）,yes,
public,rs_livestock_info_yc,water_store_volume,double precision,原水存储设施池口体积（立方米）,yes,
public,rs_livestock_info_yc,n_technique_1,character varying(50),尿液废水处理工艺,yes,
public,rs_livestock_info_yc,n_technique_2,character varying(50),尿液废水处理工艺其他,yes,
public,rs_livestock_info_yc,n_facility_1,character varying(50),尿液废水处理设施,yes,
public,rs_livestock_info_yc,n_facility_2,character varying(50),尿液废水处理设施其他,yes,
public,rs_livestock_info_yc,n_deal_use_scale,character varying(50),尿液废水处理利用方式及比例,yes,
public,rs_livestock_info_yc,n_scale_1,double precision,尿液废水处理_肥水利用比例,yes,
public,rs_livestock_info_yc,n_scale_2,double precision,尿液废水处理_沼液还田比例,yes,
public,rs_livestock_info_yc,n_scale_3,double precision,尿液废水处理_场内生产液体有机肥比例,yes,
public,rs_livestock_info_yc,n_scale_4,double precision,尿液废水处理_异位发酵床比例,yes,
public,rs_livestock_info_yc,n_scale_5,double precision,尿液废水处理_鱼塘养殖比例,yes,
public,rs_livestock_info_yc,n_scale_6,double precision,尿液废水处理_场区循环利用比例,yes,
public,rs_livestock_info_yc,n_scale_7,double precision,尿液废水处理_委托处理比例,yes,
public,rs_livestock_info_yc,n_scale_8,double precision,尿液废水处理_达标排放比例,yes,
public,rs_livestock_info_yc,n_scale_9,double precision,尿液废水处理_直接排放比例,yes,
public,rs_livestock_info_yc,n_scale_10,double precision,尿液废水处理_其他,yes,
public,rs_livestock_info_yc,f_store_flag1,smallint,粪便存储设施是否防水,yes,
public,rs_livestock_info_yc,f_store_flag2,smallint,粪便存储设施是否防渗,yes,
public,rs_livestock_info_yc,f_store_volume,double precision,粪便存储设施容积_立方米,yes,
public,rs_livestock_info_yc,f_technique_1,character varying(50),粪便处理工艺,yes,
public,rs_livestock_info_yc,f_technique_2,character varying(50),粪便处理工艺其他,yes,
public,rs_livestock_info_yc,f_deal_use_scale,character varying(50),粪便处理利用方式及比例,yes,
public,rs_livestock_info_yc,f_scale_1,double precision,粪便处理利用_农家肥比例,yes,
public,rs_livestock_info_yc,f_scale_2,double precision,粪便处理利用_场内生产有机肥比例,yes,
public,rs_livestock_info_yc,f_scale_3,double precision,粪便处理利用_沼泽还田比例,yes,
public,rs_livestock_info_yc,f_scale_4,double precision,粪便处理利用_生产牛床垫料比例,yes,
public,rs_livestock_info_yc,f_scale_5,double precision,粪便处理利用_作为栽培基质比例,yes,
public,rs_livestock_info_yc,f_scale_6,double precision,粪便处理利用_作为燃料比例,yes,
public,rs_livestock_info_yc,f_scale_7,double precision,粪便处理利用_鱼塘养殖比例,yes,
public,rs_livestock_info_yc,f_scale_8,double precision,粪便处理利用_委托处理比例,yes,
public,rs_livestock_info_yc,f_scale_9,double precision,粪便处理利用_场外丢弃比例,yes,
public,rs_livestock_info_yc,f_scale_10,double precision,粪便处理利用_其他方式,yes,
public,rs_livestock_info_yc,water_name,character varying(32),受纳水体名称,yes,
public,rs_livestock_info_yc,water_code,character varying(32),受纳水体代码,yes,
public,rs_livestock_info_yc,glbh_flag,smallint,养殖场是否有锅炉,yes,
public,rs_livestock_info_yc,fzr,character varying(32),单位负责人,yes,
public,rs_livestock_info_yc,tjr,character varying(32),统计负责人,yes,
public,rs_livestock_info_yc,shr,character varying(32),审核人,yes,
public,rs_livestock_info_yc,bcrq,timestamp without time zone,报出日期,yes,
public,rs_livestock_info_yc,lon,double precision,经度,yes,
public,rs_livestock_info_yc,lat,double precision,纬度,yes,
public,rs_livestock_info_yc,create_by,bigint,创建人,yes,
public,rs_livestock_info_yc,create_time,timestamp without time zone,创建时间,yes,
public,rs_livestock_info_yc,update_by,bigint,更新人,yes,
public,rs_livestock_info_yc,update_time,timestamp without time zone,更新时间,yes,
public,rs_livestock_info_yc,del_flag,character(1),删除标记,yes,
public,rs_outlet,id,bigint,主键id,yes,
public,rs_outlet,area_code,character varying(19),行政区代码,yes,
public,rs_outlet,area_name,character varying(100),行政区名称：乡镇（街道）,yes,
public,rs_outlet,county_name,character varying(100),县(区)名称,yes,
public,rs_outlet,outlet_code,character varying(100),排污口编码：国家级,yes,
public,rs_outlet,outlet_name,character varying(200),排污口名称,yes,
public,rs_outlet,river_basin,character varying(60),流域名称,yes,
public,rs_outlet,outlet_address,character varying(150),排污口地址,yes,
public,rs_outlet,outlet_lon,double precision,排污口经度,yes,
public,rs_outlet,outlet_lat,double precision,排污口纬度,yes,
public,rs_outlet,catalog_level_1,character varying(30),排污口分类-一级分类,yes,
public,rs_outlet,catalog_level_2,character varying(50),排污口分类-二级分类,yes,
public,rs_outlet,catalog_level_3,character varying(60),排污口分类-三级分类,yes,
public,rs_outlet,river_system,character varying(150),所属水系,yes,
public,rs_outlet,outlet_owner_river,character varying(100),排出口归属水系,yes,
public,rs_outlet,is_flow_lake,character(2),是否入湖河流,yes,
public,rs_outlet,lake_name,character varying(100),湖泊名称,yes,
public,rs_outlet,is_key_river,character(1),是否为重点河湖,yes,
public,rs_outlet,key_river_name,character varying(100),重点河名称,yes,
public,rs_outlet,is_water_function,character(10),是否位于水功能区,yes,
public,rs_outlet,water_function_level1,character varying(100),一级水功能区名称,yes,
public,rs_outlet,water_quality_target1,character varying(20),水功能区水质目标,yes,
public,rs_outlet,water_function_level2,character varying(100),二级水功能区名称,yes,
public,rs_outlet,water_quality_target2,character varying(20),二级水功能区水质目标,yes,
public,rs_outlet,is_water_environment,character(1),是否位于水环境功能区,yes,
public,rs_outlet,water_enviroment_function,character varying(100),水环境功能区名称,yes,
public,rs_outlet,water_enviroment_target,character varying(10),水环境功能区目标,yes,
public,rs_outlet,country_section_name,character varying(100),国控断面名称,yes,
public,rs_outlet,province_section_name,character varying(100),省控断面名称,yes,
public,rs_outlet,city_section_name,character varying(100),市控断面名称,yes,
public,rs_outlet,river_info,character varying(100),河长信息,yes,
public,rs_outlet,outlet_shape,character varying(20),口门形态（明渠、管道、泵站、涵闸、闸泵联用、箱涵、潜没、其他，单选）,yes,
public,rs_outlet,drain_feature,character varying(16),排水特征（排水、无水、有死水、闸断、不确定，单选）,yes,
public,rs_outlet,is_drain_abnormal,character(2),有无异常状况（有、无）,yes,
public,rs_outlet,drain_abnormal_desc,character varying(100),异常状况说明,yes,
public,rs_outlet,is_monitor_sample,character(1),是否监测采样,yes,
public,rs_outlet,primary_obligor,character varying(100),主要责任主体名称,yes,
public,rs_outlet,primary_obligor_address,character varying(200),主要责任体详细地址,yes,
public,rs_outlet,other_obligor,character varying(300),其他责任主体名称（多个用英文逗号拼接）,yes,
public,rs_outlet,primary_obligor_lon,double precision,主要责任体经度,yes,
public,rs_outlet,primary_obligor_lat,double precision,主要责任体纬度,yes,
public,rs_outlet,primary_obligor_contact,character varying(100),主要责任主体联系人,yes,
public,rs_outlet,primary_obligor_phone,character varying(100),主要责任主体联系方式,yes,
public,rs_outlet,is_drain_toxic,character(1),是否排放有毒有害污染物,yes,
public,rs_outlet,sewage_type,character varying(100),污水类型,yes,
public,rs_outlet,is_large,character varying(10),是否为规模以上排口,yes,
public,rs_outlet,handle_type,character varying(100),整治类型（依法取缔、清理合并、规范整治、无需整治，单选）,yes,
public,rs_outlet,is_finish_standard,character(1),是否完成规范化建设：是、否,yes,
public,rs_outlet,standard_content,character varying(300),规范化建设内容,yes,
public,rs_outlet,repair_judge_criteria,character varying(500),完成整治判定条件,yes,
public,rs_outlet,exist_problem,character varying(300),排污口存在的问题,yes,
public,rs_outlet,other_problem,character varying(300),其他问题描述,yes,
public,rs_outlet,specific_requirement,character varying(500),具体情形和技术要求,yes,
public,rs_outlet,handle_method,character varying(255),整治措施（多选用英文逗号分隔）,yes,
public,rs_outlet,finish_date,timestamp without time zone,完成时限,yes,
public,rs_outlet,handle_stage,character varying(100),整治阶段（选项为：未整治、整治中、完成整治）,yes,
public,rs_outlet,handle_result,character varying(300),整治成效,yes,
public,rs_outlet,approve_advice,character varying(100),审批意见,yes,
public,rs_outlet,approve_node,character varying(100),审批标记,yes,
public,rs_outlet,create_by,character varying(18),创建人,yes,
public,rs_outlet,create_time,timestamp without time zone,创建时间,yes,
public,rs_outlet,update_by,character varying(18),更新人,yes,
public,rs_outlet,update_time,timestamp without time zone,更新时间,yes,
public,rs_outlet,del_flag,character(1),删除标记（0-正常，1-删除）,yes,
public,rs_outlet,is_quick_detect,character varying(10),水质快速检测-是否具备采样条件,yes,
public,rs_outlet,other_sewage_type,character varying(255),其他污水类型,yes,
public,rs_outlet,drain_standard,character varying(300),排放标准（国家或地方发布的行业标准）,yes,
public,rs_outlet,approve_status,character varying(100),审批登记情况（已审批、已登记、未审批、未登记）,yes,
public,rs_outlet,quick_detect_ph,character varying(60),水质快速检测-pH值,yes,
public,rs_outlet,quick_detect_cod,character varying(50),水质快速检测-COD（mg/L）,yes,
public,rs_outlet,quick_detect_ad,character varying(50),水质快速检测-氨氮（mg/L）,yes,
public,rs_outlet,quick_detect_zl,character varying(50),水质快速检测-总磷（mg/L）,yes,
public,rs_outlet,quick_detect_sl,character varying(50),水质快速检测-流量(m^3/D),yes,
public,rs_outlet,monitor_sample_date,character varying(100),采样时间（yyyy-MM-dd）,yes,
public,rs_outlet,monitor_sample_sl,character varying(100),实验室监测-流量(m^3/D),yes,
public,rs_outlet,monitor_sample_sw,character varying(50),实验室监测-水温（℃）,yes,
public,rs_outlet,monitor_sample_bod,character varying(50),实验室监测-BOD,yes,
public,rs_outlet,monitor_sample_hff,character varying(50),实验室监测-挥发酚,yes,
public,rs_outlet,monitor_sample_ph,character varying(50),实验室监测-pH值,yes,
public,rs_outlet,monitor_sample_cod,character varying(100),实验室监测-COD值,yes,
public,rs_outlet,monitor_sample_ad,character varying(50),实验室监测-氨氮（mg/L）,yes,
public,rs_outlet,monitor_sample_zl,character varying(50),实验室监测-总磷（mg/L）,yes,
public,rs_outlet,monitor_sample_zd,character varying(50),实验室监测-总氮(mg/L),yes,
public,rs_outlet,photo_close_path,character varying(1024),排污口近景照片,yes,
public,rs_outlet,photo_distant_path,character varying(1024),排污口远景照片,yes,
public,rs_outlet,photo_main_path,character varying(1024),责任主体照片,yes,
public,rs_outlet,photo_handle_finish_path,character varying(1024),整治完成后的照片,yes,
public,rs_outlet,outlet_code_province,character varying(32),排污口编码：省级,yes,
public,rs_outlet,waterbody_manager_level,character varying(10),水体管理级别,yes,
public,rs_outlet,waterbody_name_in,character varying(32),受纳水体名称,yes,
public,rs_outlet,key_river_name_province,character varying(50),省级重点河湖名称,yes,
public,rs_outlet,drain_abnormal_other,character varying(100),其他状况,yes,
public,rs_outlet,primary_obligor_code,character varying(50),主要责任主体排污许可证号或排污登记号,yes,
public,rs_outlet,unified_credit_code,character varying(50),统一信用代码,yes,
public,rs_outlet,pollutant_name,character varying(200),污染物（多个用英文逗号拼接）,yes,
public,rs_outlet,pollutant_density,character varying(100),污染物浓度（污染物对应浓度，多个用英文逗号拼接）,yes,
public,rs_outlet,sewage_emission,character varying(100),年污水排放量(t)（污染物对应排放量，多个用英文逗号拼接）,yes,
public,rs_outlet,pollutant_emission,character varying(100),年污染物排放总量(t)（污染物对应排放量，多个用英文逗号拼接）,yes,
public,rs_outlet,handle_result_condition,character(1),是否已满足整治总则中完成整治的判定条件,yes,
public,rs_outlet,monitor_sample_type,character varying(100),采样类型,yes,
public,rs_outlet,monitor_sample_mark,character varying(255),采样备注,yes,
public,rs_outlet,has_sample_condition,character(1),是否具备采样条件（默认无）,yes,
public,rs_outlet,primary_table_id,character varying(100),主表ID,yes,
public,rs_outlet,sfzdjg,character varying(50),是否重点监管排污口,yes,
public,rs_outlet,geom,"geometry(Point,4326)",几何信息,yes,
public,rs_outlet_info_v2,id,bigint,主键ID,yes,
public,rs_outlet_info_v2,outlet_code_national,character varying(100),排污口编码(国家统一赋码),yes,
public,rs_outlet_info_v2,outlet_code_local,character varying(100),排污口编码(省市系统自有编码),yes,
public,rs_outlet_info_v2,is_key_river_outlet,character varying(10),是否为重点河湖排污口,yes,
public,rs_outlet_info_v2,key_river_name,character varying(200),重点河湖名称,yes,
public,rs_outlet_info_v2,river_system,character varying(200),所属水系,yes,
public,rs_outlet_info_v2,province_city_district,character varying(200),省市区县,yes,
public,rs_outlet_info_v2,township,character varying(200),乡镇(街道),yes,
public,rs_outlet_info_v2,outlet_name,character varying(200),排污口名称,yes,
public,rs_outlet_info_v2,watershed_name,character varying(200),流域名称,yes,
public,rs_outlet_info_v2,outlet_category,character varying(100),排污口分类,yes,
public,rs_outlet_info_v2,is_lake_inflow,character varying(10),是否为入湖河流,yes,
public,rs_outlet_info_v2,is_water_func_zone,character varying(10),是否位于水功能区,yes,
public,rs_outlet_info_v2,level1_water_func_zone,character varying(200),一级水功能区名称,yes,
public,rs_outlet_info_v2,level1_water_quality_target,character varying(50),一级水功能区水质目标,yes,
public,rs_outlet_info_v2,level2_water_func_zone,character varying(200),二级水功能区名称,yes,
public,rs_outlet_info_v2,level2_water_quality_target,character varying(50),二级水功能区水质目标,yes,
public,rs_outlet_info_v2,is_water_env_func_zone,character varying(10),是否位于水环境功能区,yes,
public,rs_outlet_info_v2,water_env_func_zone_name,character varying(200),水环境功能区名称,yes,
public,rs_outlet_info_v2,water_env_func_zone_target,character varying(50),水环境功能区目标,yes,
public,rs_outlet_info_v2,national_section_name,character varying(200),国控断面名称,yes,
public,rs_outlet_info_v2,provincial_section_name,character varying(200),省控断面名称,yes,
public,rs_outlet_info_v2,municipal_section_name,character varying(200),市控断面名称,yes,
public,rs_outlet_info_v2,river_chief_info,character varying(500),河长信息,yes,
public,rs_outlet_info_v2,create_by,bigint,创建人,yes,
public,rs_outlet_info_v2,create_time,timestamp without time zone,创建时间,yes,
public,rs_outlet_info_v2,update_by,bigint,修改人,yes,
public,rs_outlet_info_v2,update_time,timestamp without time zone,修改时间,yes,
public,rs_outlet_info_v2,del_flag,character varying(1),删除标志：0-正常，1-已删除,yes,
public,rs_outlet_info_v2,geom,"geometry(Point,4326)",图形信息,yes,
public,rs_outlet_live_v2,id,bigint,主键ID,yes,
public,rs_outlet_live_v2,outlet_id,bigint,关联排污口ID,yes,
public,rs_outlet_live_v2,geom,"geometry(Point,4326)",排污口所在位置,yes,
public,rs_outlet_live_v2,gate_morphology,character varying(100),口门形态,yes,
public,rs_outlet_live_v2,drainage_feature,character varying(100),排水特征,yes,
public,rs_outlet_live_v2,has_abnormal,character varying(10),有无异常状况,yes,
public,rs_outlet_live_v2,has_online_monitor,character varying(10),是否实现在线监测,yes,
public,rs_outlet_live_v2,has_sampling_condition,character varying(10),是否具备采样条件,yes,
public,rs_outlet_live_v2,create_by,bigint,创建人,yes,
public,rs_outlet_live_v2,create_time,timestamp without time zone,创建时间,yes,
public,rs_outlet_live_v2,update_by,bigint,修改人,yes,
public,rs_outlet_live_v2,update_time,timestamp without time zone,修改时间,yes,
public,rs_outlet_live_v2,del_flag,character varying(1),删除标志：0-正常，1-已删除,yes,
public,rs_outlet_live_v2,outlet_name,character varying(200),排污口名称,yes,
public,rs_outlet_monitor_v2,id,bigint,主键ID,yes,
public,rs_outlet_monitor_v2,outlet_id,bigint,关联排污口ID,yes,
public,rs_outlet_monitor_v2,sampling_time,timestamp without time zone,采样时间,yes,
public,rs_outlet_monitor_v2,monitor_type,character varying(100),监测类型,yes,
public,rs_outlet_monitor_v2,flow,"numeric(12,2)",流量(立方米/天),yes,
public,rs_outlet_monitor_v2,water_temp,"numeric(6,2)",水温(℃),yes,
public,rs_outlet_monitor_v2,bod,"numeric(12,4)",BOD(mg/L),yes,
public,rs_outlet_monitor_v2,cod,"numeric(12,4)",COD(mg/L),yes,
public,rs_outlet_monitor_v2,ph,"numeric(6,2)",pH,yes,
public,rs_outlet_monitor_v2,ammonia_nitrogen,"numeric(12,4)",氨氮(mg/L),yes,
public,rs_outlet_monitor_v2,total_phosphorus,"numeric(12,4)",总磷(mg/L),yes,
public,rs_outlet_monitor_v2,total_nitrogen,"numeric(12,4)",总氮(mg/L),yes,
public,rs_outlet_monitor_v2,remark,character varying(500),备注,yes,
public,rs_outlet_monitor_v2,create_by,bigint,创建人,yes,
public,rs_outlet_monitor_v2,create_time,timestamp without time zone,创建时间,yes,
public,rs_outlet_monitor_v2,update_by,bigint,修改人,yes,
public,rs_outlet_monitor_v2,update_time,timestamp without time zone,修改时间,yes,
public,rs_outlet_monitor_v2,del_flag,character varying(1),删除标志：0-正常，1-已删除,yes,
public,rs_outlet_monitor_v2,outlet_name,character varying(200),排污口名称,yes,
public,rs_outlet_remediation_v2,id,bigint,主键ID,yes,
public,rs_outlet_remediation_v2,outlet_id,bigint,关联排污口ID,yes,
public,rs_outlet_remediation_v2,is_remediated,character varying(10),是否完成整治,yes,
public,rs_outlet_remediation_v2,remediation_type,character varying(100),整治类型,yes,
public,rs_outlet_remediation_v2,remediation_video,character varying(500),整治视频,yes,
public,rs_outlet_remediation_v2,supporting_docs,character varying(500),证明材料,yes,
public,rs_outlet_remediation_v2,is_standardized,character varying(10),是否完成规范化建设,yes,
public,rs_outlet_remediation_v2,standardization_content,character varying(500),规范化建设内容,yes,
public,rs_outlet_remediation_v2,create_by,bigint,创建人,yes,
public,rs_outlet_remediation_v2,create_time,timestamp without time zone,创建时间,yes,
public,rs_outlet_remediation_v2,update_by,bigint,修改人,yes,
public,rs_outlet_remediation_v2,update_time,timestamp without time zone,修改时间,yes,
public,rs_outlet_remediation_v2,del_flag,character varying(1),删除标志：0-正常，1-已删除,yes,
public,rs_outlet_remediation_v2,outlet_name,character varying(200),排污口名称,yes,
public,rs_outlet_trace_v2,id,bigint,主键ID,yes,
public,rs_outlet_trace_v2,outlet_id,bigint,关联排污口ID,yes,
public,rs_outlet_trace_v2,primary_entity_name,character varying(200),主要责任主体名称,yes,
public,rs_outlet_trace_v2,other_entity_name,character varying(200),其他责任主体名称,yes,
public,rs_outlet_trace_v2,address,character varying(500),详细地址,yes,
public,rs_outlet_trace_v2,primary_contact,character varying(100),主要责任主体联系人,yes,
public,rs_outlet_trace_v2,primary_phone,character varying(100),主要责任主体联系电话,yes,
public,rs_outlet_trace_v2,discharge_permit_no,character varying(100),排污许可证号或排污登记号,yes,
public,rs_outlet_trace_v2,credit_code,character varying(100),统一信用代码,yes,
public,rs_outlet_trace_v2,emission_standard,character varying(200),排放标准,yes,
public,rs_outlet_trace_v2,has_toxic_pollutant,character varying(10),是否排放有毒有害污染物,yes,
public,rs_outlet_trace_v2,wastewater_type,character varying(100),污水类型,yes,
public,rs_outlet_trace_v2,other_wastewater_type,character varying(200),其他污水类型,yes,
public,rs_outlet_trace_v2,is_above_scale,character varying(10),是否为规模以上排污口,yes,
public,rs_outlet_trace_v2,approval_status,character varying(200),审批登记情况,yes,
public,rs_outlet_trace_v2,pollutant_info,text,污染物及排放量(JSON),yes,
public,rs_outlet_trace_v2,create_by,bigint,创建人,yes,
public,rs_outlet_trace_v2,create_time,timestamp without time zone,创建时间,yes,
public,rs_outlet_trace_v2,update_by,bigint,修改人,yes,
public,rs_outlet_trace_v2,update_time,timestamp without time zone,修改时间,yes,
public,rs_outlet_trace_v2,del_flag,character varying(1),删除标志：0-正常，1-已删除,yes,
public,rs_outlet_trace_v2,geom,"geometry(Point,4326)",排污口所在位置,yes,
public,rs_outlet_trace_v2,outlet_name,character varying(200),排污口名称,yes,
public,rs_pollutant_enterprise,id,bigint,主键,yes,
public,rs_pollutant_enterprise,wrybh,character varying(50),污染源编号,yes,
public,rs_pollutant_enterprise,wrymc,character varying(100),污染源名称,yes,
public,rs_pollutant_enterprise,tyshxydm,character varying(50),统一社会信用代码,yes,
public,rs_pollutant_enterprise,zzjgdm,character varying(50),组织机构代码,yes,
public,rs_pollutant_enterprise,pwxkzbh,character varying(50),排污许可证编号,yes,
public,rs_pollutant_enterprise,frmc,character varying(50),法人名称,yes,
public,rs_pollutant_enterprise,lxdh,character varying(50),联系电话,yes,
public,rs_pollutant_enterprise,zcdz,character varying(500),注册地址,yes,
public,rs_pollutant_enterprise,jycsdz,character varying(500),经营场所地址,yes,
public,rs_pollutant_enterprise,jd,double precision,经度,yes,
public,rs_pollutant_enterprise,wd,double precision,纬度,yes,
public,rs_pollutant_enterprise,hblxr,character varying(50),环保联系人,yes,
public,rs_pollutant_enterprise,hbrlxdh,character varying(50),环保联系人电话,yes,
public,rs_pollutant_enterprise,ssqx,character varying(50),所属区县,yes,
public,rs_pollutant_enterprise,hymc,character varying(50),行业名称,yes,
public,rs_pollutant_enterprise,zdlxmc,character varying(200),重点污染源类型名称,yes,
public,rs_pollutant_enterprise,jgjb,character varying(50),监管级别（代码集：ZXJC_WRYJGJB）：ZDWRY、YBWRY,yes,
public,rs_pollutant_enterprise,ywgs,character varying(255),运维公司,yes,
public,rs_pollutant_enterprise,geom,"geometry(Point,4326)",图形,yes,
public,rs_pollutant_enterprise,create_by,bigint,创建人,yes,
public,rs_pollutant_enterprise,create_time,timestamp without time zone,创建时间,yes,
public,rs_pollutant_enterprise,update_by,bigint,更新人,yes,
public,rs_pollutant_enterprise,update_time,timestamp without time zone,更新时间,yes,
public,rs_pollutant_enterprise,del_flag,character(1),删除标记: 0-未删除、1-已删除,yes,
public,rs_pollutant_enterprise,record_type,smallint,记录类型：0-自动、1-手动,yes,
public,rs_pollutant_enterprise,ssqxmc,character varying(100),区县名称,yes,
public,rs_pollutant_info,id,bigint,主键,yes,
public,rs_pollutant_info,xh,character varying(255),序号：用于查询数据=driveId,yes,
public,rs_pollutant_info,jcdbh,character varying(50),监测点编号,yes,
public,rs_pollutant_info,jcdmc,character varying(200),监测点名称,yes,
public,rs_pollutant_info,wrybh,character varying(50),污染源编号,yes,
public,rs_pollutant_info,pwkwz,character varying(200),排放口位置,yes,
public,rs_pollutant_info,jgjb,character varying(10),监管级别：ZD-重点、YB-一般,yes,
public,rs_pollutant_info,sfjsk,character varying(50),是否进水口（0：否；1：是）,yes,
public,rs_pollutant_info,sfzs,character(1),是否烧结等无需折算（0：否；1：是）,yes,
public,rs_pollutant_info,zsxs,character varying(50),折算系数,yes,
public,rs_pollutant_info,jd,double precision,经度,yes,
public,rs_pollutant_info,wd,double precision,纬度,yes,
public,rs_pollutant_info,geom,"geometry(Point,4326)",图形,yes,
public,rs_pollutant_info,create_by,bigint,创建人,yes,
public,rs_pollutant_info,create_time,timestamp without time zone,创建时间,yes,
public,rs_pollutant_info,update_by,bigint,更新人,yes,
public,rs_pollutant_info,update_time,timestamp without time zone,更新时间,yes,
public,rs_pollutant_info,del_flag,character(1),删除标记: 0-未删除、1-已删除,yes,
public,rs_pollutant_info,record_type,smallint,记录类型：0-自动、1-手动,yes,
public,rs_pollutant_info,wrlx,character varying(10),污染类型：FS-废水、FQ-废气,yes,
public,rs_pollutant_info,outlet_id,bigint,污染源id,yes,
public,rs_sewage_info_v2,id,bigint,主键ID,yes,
public,rs_sewage_info_v2,admin_division,character varying(200),行政区划,yes,
public,rs_sewage_info_v2,project_name,character varying(200),项目名称,yes,
public,rs_sewage_info_v2,run_status,character varying(50),运行状态,yes,
public,rs_sewage_info_v2,treatment_process,character varying(200),处理工艺,yes,
public,rs_sewage_info_v2,project_location_lng,"numeric(12,6)",项目所在地经度,yes,
public,rs_sewage_info_v2,project_location_lat,"numeric(12,6)",项目所在地纬度,yes,
public,rs_sewage_info_v2,outlet_total_lng,"numeric(12,6)",污水总排放口经度,yes,
public,rs_sewage_info_v2,outlet_total_lat,"numeric(12,6)",污水总排放口纬度,yes,
public,rs_sewage_info_v2,design_scale,"numeric(12,2)",设计规模(t/d),yes,
public,rs_sewage_info_v2,actual_assess_scale,"numeric(12,2)",实际考核规模(t/d),yes,
public,rs_sewage_info_v2,load_rate,"numeric(6,2)",负荷率(%),yes,
public,rs_sewage_info_v2,influent_flow,"numeric(12,2)",进水流量(m3/d),yes,
public,rs_sewage_info_v2,influent_cod,"numeric(12,4)",进水COD(mg/L),yes,
public,rs_sewage_info_v2,influent_ph,"numeric(6,2)",进水pH,yes,
public,rs_sewage_info_v2,influent_ammonia,"numeric(12,4)",进水氨氮(mg/L),yes,
public,rs_sewage_info_v2,influent_tp,"numeric(12,4)",进水总磷(mg/L),yes,
public,rs_sewage_info_v2,influent_tn,"numeric(12,4)",进水总氮(mg/L),yes,
public,rs_sewage_info_v2,effluent_flow,"numeric(12,2)",出水流量(m3/d),yes,
public,rs_sewage_info_v2,effluent_cod,"numeric(12,4)",出水COD(mg/L),yes,
public,rs_sewage_info_v2,effluent_ph,"numeric(6,2)",出水pH,yes,
public,rs_sewage_info_v2,effluent_ammonia,"numeric(12,4)",出水氨氮(mg/L),yes,
public,rs_sewage_info_v2,effluent_tp,"numeric(12,4)",出水总磷(mg/L),yes,
public,rs_sewage_info_v2,effluent_tn,"numeric(12,4)",出水总氮(mg/L),yes,
public,rs_sewage_info_v2,cod_daily_reduction,"numeric(12,4)",COD日削减量(t/d),yes,
public,rs_sewage_info_v2,cod_annual_reduction,"numeric(12,4)",COD年削减量(t/a),yes,
public,rs_sewage_info_v2,pipe_total_length,"numeric(12,2)",园区管网总长(km),yes,
public,rs_sewage_info_v2,well_count,integer,管井数量(个),yes,
public,rs_sewage_info_v2,pump_station_count,integer,提升泵站数量(个),yes,
public,rs_sewage_info_v2,enterprise_total,integer,园区企业总数(家),yes,
public,rs_sewage_info_v2,connected_enterprise,integer,已接入企业数(家),yes,
public,rs_sewage_info_v2,connection_rate,"numeric(6,2)",接入率(%),yes,
public,rs_sewage_info_v2,enterprise_drainage,"numeric(12,2)",企业排水总量(m3/d),yes,
public,rs_sewage_info_v2,key_pollution_enterprise,integer,重点排污企业数(家),yes,
public,rs_sewage_info_v2,online_monitor_enterprise,integer,在线监测企业数(家),yes,
public,rs_sewage_info_v2,monitor_coverage_rate,"numeric(6,2)",监测覆盖率(%),yes,
public,rs_sewage_info_v2,monthly_fee_total,"numeric(12,2)",月污水处理费总额(元),yes,
public,rs_sewage_info_v2,should_collect_enterprise,integer,应征企业数(家),yes,
public,rs_sewage_info_v2,actual_collect_enterprise,integer,实征企业数(家),yes,
public,rs_sewage_info_v2,collection_rate,"numeric(6,2)",征收率(%),yes,
public,rs_sewage_info_v2,operation_unit,character varying(200),运营单位,yes,
public,rs_sewage_info_v2,plan_total_invest,"numeric(14,2)",计划总投资(万元),yes,
public,rs_sewage_info_v2,plan_station_invest,"numeric(14,2)",计划厂站投资(万元),yes,
public,rs_sewage_info_v2,plan_pipe_invest,"numeric(14,2)",计划管网投资(万元),yes,
public,rs_sewage_info_v2,done_total_invest,"numeric(14,2)",已完成总投资(万元),yes,
public,rs_sewage_info_v2,done_station_invest,"numeric(14,2)",已完成厂站投资(万元),yes,
public,rs_sewage_info_v2,done_pipe_invest,"numeric(14,2)",已完成管网投资(万元),yes,
public,rs_sewage_info_v2,total_invest_rate,"numeric(6,2)",总投资完成率(%),yes,
public,rs_sewage_info_v2,built_pipe_length,"numeric(12,2)",已建管网长度(km),yes,
public,rs_sewage_info_v2,collection_rate_efficiency,"numeric(6,2)",污水收集率(%),yes,
public,rs_sewage_info_v2,treatment_rate,"numeric(6,2)",污水处理率(%),yes,
public,rs_sewage_info_v2,compliance_rate,"numeric(6,2)",达标排放率(%),yes,
public,rs_sewage_info_v2,operation_load_rate,"numeric(6,2)",运行负荷率(%),yes,
public,rs_sewage_info_v2,center_lng,"numeric(12,6)",企业中心经度,yes,
public,rs_sewage_info_v2,center_lat,"numeric(12,6)",企业中心纬度,yes,
public,rs_sewage_info_v2,total_outlet_lng,"numeric(12,6)",污水处理设施总排口经度,yes,
public,rs_sewage_info_v2,total_outlet_lat,"numeric(12,6)",污水处理设施总排口纬度,yes,
public,rs_sewage_info_v2,tail_water_destination,character varying(200),尾水排放去向,yes,
public,rs_sewage_info_v2,outlet_photo,character varying(500),排口照片,yes,
public,rs_sewage_info_v2,create_by,bigint,创建人,yes,
public,rs_sewage_info_v2,create_time,timestamp without time zone,创建时间,yes,
public,rs_sewage_info_v2,update_by,bigint,修改人,yes,
public,rs_sewage_info_v2,update_time,timestamp without time zone,修改时间,yes,
public,rs_sewage_info_v2,del_flag,character varying(1),删除标志：0-正常，1-已删除,yes,
public,rs_sewage_info_yc,id,bigint,主键id,yes,
public,rs_sewage_info_yc,name,character varying(255),企业名称,yes,
public,rs_sewage_info_yc,monitor_name,character varying(255),检测点名称,yes,
public,rs_sewage_info_yc,region_code,character varying(32),行政区编码,yes,
public,rs_sewage_info_yc,region_name,character varying(32),行政区名称,yes,
public,rs_sewage_info_yc,emission_type,character(1),排放类型：0-废水,yes,
public,rs_sewage_info_yc,supervision_level,character(1),监管级别：0-一般、1-重点,yes,
public,rs_sewage_info_yc,outlet_location,character varying(32),排污口位置,yes,
public,rs_sewage_info_yc,lon,double precision,经度,yes,
public,rs_sewage_info_yc,lat,double precision,纬度,yes,
public,rs_sewage_info_yc,create_by,bigint,创建人,yes,
public,rs_sewage_info_yc,create_time,timestamp without time zone,创建时间,yes,
public,rs_sewage_info_yc,update_by,bigint,更新人,yes,
public,rs_sewage_info_yc,update_time,timestamp without time zone,更新时间,yes,
public,rs_sewage_info_yc,del_flag,character(1),删除标记,yes,
public,rs_sewage_info_yc,town_flag,boolean,是否城镇污水处理厂,yes,
public,rs_sewage_info_yc,industrial_flag,boolean,是否工业污水处理厂,yes,
public,rs_sewage_park_info,id,bigint,主键id,yes,
public,rs_sewage_park_info,region_code,character varying(32),行政区编码,yes,
public,rs_sewage_park_info,region_name,character varying(32),行政区名称,yes,
public,rs_sewage_park_info,sewage_name,character varying(200),污水处理厂名称,yes,
public,rs_sewage_park_info,sewage_id,bigint,污水厂ID,yes,
public,rs_sewage_park_info,throughput,double precision,处理能力（万吨/日）,yes,
public,rs_sewage_park_info,park_id,bigint,配套园区ID,yes,
public,rs_sewage_park_info,park_name,character varying(200),配套园区名称,yes,
public,rs_sewage_park_info,lon,double precision,经度,yes,
public,rs_sewage_park_info,lat,double precision,纬度,yes,
public,rs_sewage_park_info,geom,"geometry(Point,4326)",图形信息,yes,
public,rs_sewage_park_info,remark,character varying(500),备注,yes,
public,rs_sewage_park_info,create_by,bigint,创建人,yes,
public,rs_sewage_park_info,create_time,timestamp without time zone,创建时间,yes,
public,rs_sewage_park_info,update_by,bigint,修改人,yes,
public,rs_sewage_park_info,update_time,timestamp without time zone,修改时间,yes,
public,rs_sewage_park_info,del_flag,character varying(1),删除标志：0-正常，1-已删除,yes,
public,rs_sewage_park_info,sewage_type,smallint,污水处理厂类型：0-工业、1-生活,yes,
public,rs_warn_records,id,bigint,主键id,yes,
public,rs_warn_records,station_id,bigint,站点id，warn_type为0时,yes,
public,rs_warn_records,pollutant_id,bigint,污染源id，warn_type为3时,yes,
public,rs_warn_records,key_point_id,bigint,"关键点id, warn_type为6时",yes,
public,rs_warn_records,warn_indicator,character varying(100),预警指标,yes,
public,rs_warn_records,warn_type,character(1),预警类型：0 水质预警、1 水文预警、2 气象预警、3 污染源预警、4 网络异常、5 仪器异常,yes,
public,rs_warn_records,warn_value,double precision,预警值,yes,
public,rs_warn_records,standard_value,double precision,标准值,yes,
public,rs_warn_records,unit,character varying(32),单位,yes,
public,rs_warn_records,water_quality_level,character varying(4),水质监测指标等级,yes,
public,rs_warn_records,warn_level,character(1),告警等级：0 一般、1 严重、2 重度,yes,
public,rs_warn_records,warn_content,character varying(255),预警内容,yes,
public,rs_warn_records,warn_time,timestamp without time zone,预警时间,yes,
public,rs_warn_records,publish_status,character(1),是否发布：0 未发布、1 已发布,yes,
public,rs_warn_records,publish_time,timestamp without time zone,发布时间,yes,
public,rs_warn_records,check_status,character(1),是否审核：0 未审核、1 已审核,yes,
public,rs_warn_records,check_time,timestamp without time zone,审核时间,yes,
public,rs_warn_records,manual_auto,character(1),0 手动处理、1 自动处理,yes,
public,rs_warn_records,release_status,character(1),是否解除：0 未解除、1 已解除,yes,
public,rs_warn_records,release_time,timestamp without time zone,解除时间,yes,
public,rs_warn_records,create_by,bigint,创建人,yes,
public,rs_warn_records,create_time,timestamp without time zone,创建时间,yes,
public,rs_warn_records,update_by,bigint,更新人,yes,
public,rs_warn_records,update_time,timestamp without time zone,更新时间,yes,
public,rs_warn_records,del_flag,character(1),删除标记：0 未删除、1 已删除,yes,
public,rs_wastewater_day_records,id,bigint,主键ID,yes,
public,rs_wastewater_day_records,timestamp,timestamp without time zone,统计日期（当日00:00:00）,yes,
public,rs_wastewater_day_records,type,character varying(10),类型：PS-排水口，PQ-排气口,yes,
public,rs_wastewater_day_records,pollutant_id,bigint,"排污口/排气口ID（关联
 rs_pollutant_info.id）",yes,
public,rs_wastewater_day_records,status,character varying(10),"当日综合状态：nobeyond-正常，below-偏低
 ，beyond-超标",yes,
public,rs_wastewater_day_records,record_type,character varying(10),记录类型：0-正常统计，1-补录,yes,
public,rs_wastewater_day_records,ll,double precision,日流量（各小时流量的平均值）,yes,
public,rs_wastewater_day_records,ll_count,integer,日流量有效数据计数（参与平均的小时数）,yes,
public,rs_wastewater_day_records,pfl,double precision,日排流量（各小时排流量的累加值）,yes,
public,rs_wastewater_day_records,pfl_count,integer,日排流量有效数据计数（参与累加的小时数）,yes,
public,rs_wastewater_day_records,m1_value,double precision,"【PS】化学需氧量(COD)日平均值 / 【PQ】烟尘日
 平均值",yes,
public,rs_wastewater_day_records,m1_count,integer,m1 当日有效数据计数,yes,
public,rs_wastewater_day_records,m2_value,double precision,"【PS】总氮(TN)日平均值 / 【PQ】二氧化硫日平均
 值",yes,
public,rs_wastewater_day_records,m2_count,integer,m2 当日有效数据计数,yes,
public,rs_wastewater_day_records,m3_value,double precision,【PS】pH日平均值 / 【PQ】氮氧化物日平均值,yes,
public,rs_wastewater_day_records,m3_count,integer,m3 当日有效数据计数,yes,
public,rs_wastewater_day_records,m4_value,double precision,【PS】氨氮日平均值 / 【PQ】一氧化氮日平均值,yes,
public,rs_wastewater_day_records,m4_count,integer,m4 当日有效数据计数,yes,
public,rs_wastewater_day_records,m5_value,double precision,【PS】水温日平均值 / 【PQ】二氧化氮日平均值,yes,
public,rs_wastewater_day_records,m5_count,integer,m5 当日有效数据计数,yes,
public,rs_wastewater_day_records,m6_value,double precision,【PS】总磷日平均值 / 【PQ】一氧化碳日平均值,yes,
public,rs_wastewater_day_records,m6_count,integer,m6 当日有效数据计数,yes,
public,rs_wastewater_day_records,m7_value,double precision,【PS】悬浮物日平均值 / 【PQ】氯化氢日平均值,yes,
public,rs_wastewater_day_records,m7_count,integer,m7 当日有效数据计数,yes,
public,rs_wastewater_day_records,m8_value,double precision,【PS】余氯日平均值 / 【PQ】非甲烷总烃日平均值,yes,
public,rs_wastewater_day_records,m8_count,integer,m8 当日有效数据计数,yes,
public,rs_wastewater_day_records,m9_value,double precision,【PS】六价铬日平均值 / 【PQ】苯日平均值,yes,
public,rs_wastewater_day_records,m9_count,integer,m9 当日有效数据计数,yes,
public,rs_wastewater_day_records,m10_value,double precision,【PS】石油类日平均值 / 【PQ】甲苯日平均值,yes,
public,rs_wastewater_day_records,m10_count,integer,m10 当日有效数据计数,yes,
public,rs_wastewater_day_records,m11_value,double precision,【PS】氟化物日平均值 / 【PQ】二甲苯日平均值,yes,
public,rs_wastewater_day_records,m11_count,integer,m11 当日有效数据计数,yes,
public,rs_wastewater_day_records,m12_value,double precision,"【PS】总铬日平均值 / 【PQ】碳氢化合物日平均
 值",yes,
public,rs_wastewater_day_records,m12_count,integer,m12 当日有效数据计数,yes,
public,rs_wastewater_day_records,m13_value,double precision,【PS】氰化物日平均值 / 【PQ】甲烷日平均值,yes,
public,rs_wastewater_day_records,m13_count,integer,m13 当日有效数据计数,yes,
public,rs_wastewater_day_records,m14_value,double precision,【PS】总锰日平均值 / 【PQ】氟化氢日平均值,yes,
public,rs_wastewater_day_records,m14_count,integer,m14 当日有效数据计数,yes,
public,rs_wastewater_day_records,m15_value,double precision,【PS】总银日平均值 / 【PQ】二氧化碳日平均值,yes,
public,rs_wastewater_day_records,m15_count,integer,m15 当日有效数据计数,yes,
public,rs_wastewater_day_records,m16_value,double precision,"【PS】总铜日平均值 / 【PQ】1,3-二甲基苯日平
 均值",yes,
public,rs_wastewater_day_records,m16_count,integer,m16 当日有效数据计数,yes,
public,rs_wastewater_day_records,m17_value,double precision,"【PS】总镍日平均值 / 【PQ】乙烯基苯(苯乙烯)
 日平均值",yes,
public,rs_wastewater_day_records,m17_count,integer,m17 当日有效数据计数,yes,
public,rs_wastewater_day_records,m18_value,double precision,【PS】总镉日平均值 / 【PQ】乙苯日平均值,yes,
public,rs_wastewater_day_records,m18_count,integer,m18 当日有效数据计数,yes,
public,rs_wastewater_day_records,m19_value,double precision,"【PS】总砷日平均值 / 【PQ】1,2-二甲基苯日平
 均值",yes,
public,rs_wastewater_day_records,m19_count,integer,m19 当日有效数据计数,yes,
public,rs_wastewater_day_records,m20_value,double precision,【PS】总铅日平均值 / 【PQ】氨(NH3)日平均值,yes,
public,rs_wastewater_day_records,m20_count,integer,m20 当日有效数据计数,yes,
public,rs_wastewater_day_records,m21_value,double precision,【PS】浊度日平均值（仅排水口）,yes,
public,rs_wastewater_day_records,m21_count,integer,m21 当日有效数据计数（仅排水口）,yes,
public,rs_wastewater_day_records,m22_value,double precision,【PS】总锌日平均值（仅排水口）,yes,
public,rs_wastewater_day_records,m22_count,integer,m22 当日有效数据计数（仅排水口）,yes,
public,rs_wastewater_day_records,create_by,bigint,创建人ID,yes,
public,rs_wastewater_day_records,create_time,timestamp without time zone,创建时间,yes,
public,rs_wastewater_day_records,update_by,bigint,更新人ID,yes,
public,rs_wastewater_day_records,update_time,timestamp without time zone,更新时间,yes,
public,rs_wastewater_day_records,del_flag,character varying(10),删除标记：0-正常，1-删除,yes,
public,rs_wastewater_hour_records,id,bigint,主键id,yes,
public,rs_wastewater_hour_records,timestamp,timestamp without time zone,数据时间,yes,
public,rs_wastewater_hour_records,type,character varying(10),类型：PS-排水口、PQ-排气口,yes,
public,rs_wastewater_hour_records,pollutant_id,bigint,污染源id,yes,
public,rs_wastewater_hour_records,status,character varying(10),监测结果：0正常、1偏高、2偏低,yes,
public,rs_wastewater_hour_records,record_type,character varying(10),记录类型：0自动、1手工,yes,
public,rs_wastewater_hour_records,ll,double precision,流量,yes,
public,rs_wastewater_hour_records,pfl,double precision,排放量,yes,
public,rs_wastewater_hour_records,m1_value,double precision,m1_value,yes,
public,rs_wastewater_hour_records,m1_status,character varying(10),m1_status,yes,
public,rs_wastewater_hour_records,m2_value,double precision,m2_value,yes,
public,rs_wastewater_hour_records,m2_status,character varying(10),m2_status,yes,
public,rs_wastewater_hour_records,m3_value,double precision,m3_value,yes,
public,rs_wastewater_hour_records,m3_status,character varying(10),m3_status,yes,
public,rs_wastewater_hour_records,m4_value,double precision,m4_value,yes,
public,rs_wastewater_hour_records,m4_status,character varying(10),m4_status,yes,
public,rs_wastewater_hour_records,m5_value,double precision,m5_value,yes,
public,rs_wastewater_hour_records,m5_status,character varying(10),m5_status,yes,
public,rs_wastewater_hour_records,m6_value,double precision,m6_value,yes,
public,rs_wastewater_hour_records,m6_status,character varying(10),m6_status,yes,
public,rs_wastewater_hour_records,m7_value,double precision,m7_value,yes,
public,rs_wastewater_hour_records,m7_status,character varying(10),m7_status,yes,
public,rs_wastewater_hour_records,m8_value,double precision,m8_value,yes,
public,rs_wastewater_hour_records,m8_status,character varying(10),m8_status,yes,
public,rs_wastewater_hour_records,m9_value,double precision,m9_value,yes,
public,rs_wastewater_hour_records,m9_status,character varying(10),m9_status,yes,
public,rs_wastewater_hour_records,m10_value,double precision,m10_value,yes,
public,rs_wastewater_hour_records,m10_status,character varying(10),m10_status,yes,
public,rs_wastewater_hour_records,m11_value,double precision,m11_value,yes,
public,rs_wastewater_hour_records,m11_status,character varying(10),m11_status,yes,
public,rs_wastewater_hour_records,m12_value,double precision,m12_value,yes,
public,rs_wastewater_hour_records,m12_status,character varying(10),m12_status,yes,
public,rs_wastewater_hour_records,m13_value,double precision,m13_value,yes,
public,rs_wastewater_hour_records,m13_status,character varying(10),m13_status,yes,
public,rs_wastewater_hour_records,m14_value,double precision,m14_value,yes,
public,rs_wastewater_hour_records,m14_status,character varying(10),m14_status,yes,
public,rs_wastewater_hour_records,m15_value,double precision,m15_value,yes,
public,rs_wastewater_hour_records,m15_status,character varying(10),m15_status,yes,
public,rs_wastewater_hour_records,m16_value,double precision,m16_value,yes,
public,rs_wastewater_hour_records,m16_status,character varying(10),m16_status,yes,
public,rs_wastewater_hour_records,m17_value,double precision,m17_value,yes,
public,rs_wastewater_hour_records,m17_status,character varying(10),m17_status,yes,
public,rs_wastewater_hour_records,m18_value,double precision,m18_value,yes,
public,rs_wastewater_hour_records,m18_status,character varying(10),m18_status,yes,
public,rs_wastewater_hour_records,m19_value,double precision,m19_value,yes,
public,rs_wastewater_hour_records,m19_status,character varying(10),m19_status,yes,
public,rs_wastewater_hour_records,m20_value,double precision,m20_value,yes,
public,rs_wastewater_hour_records,m20_status,character varying(10),m20_status,yes,
public,rs_wastewater_hour_records,m21_value,double precision,m21_value,yes,
public,rs_wastewater_hour_records,m21_status,character varying(10),m21_status,yes,
public,rs_wastewater_hour_records,m22_value,double precision,m22_value,yes,
public,rs_wastewater_hour_records,m22_status,character varying(10),m22_status,yes,
public,rs_wastewater_hour_records,create_by,bigint,创建人,yes,
public,rs_wastewater_hour_records,create_time,timestamp without time zone,创建时间,yes,
public,rs_wastewater_hour_records,update_by,bigint,更新人,yes,
public,rs_wastewater_hour_records,update_time,timestamp without time zone,更新时间,yes,
public,rs_wastewater_hour_records,del_flag,character varying(10),删除标记：0未删除、1已删除,yes,
public,rs_wastewater_month_records,id,bigint,主键ID,yes,
public,rs_wastewater_month_records,timestamp,timestamp without time zone,统计月份起始时间（当月第一天00:00:00）,yes,
public,rs_wastewater_month_records,type,character varying(10),类型：PS-排水口，PQ-排气口,yes,
public,rs_wastewater_month_records,pollutant_id,bigint,"排污口/排气口ID（关联
 rs_pollutant_info.id）",yes,
public,rs_wastewater_month_records,status,character varying(10),"当月综合状态：nobeyond-正常，below-偏低
 ，beyond-超标",yes,
public,rs_wastewater_month_records,record_type,character varying(10),记录类型：0-正常统计，1-补录,yes,
public,rs_wastewater_month_records,monitor_year,integer,监测年份,yes,
public,rs_wastewater_month_records,monitor_month,integer,监测月份,yes,
public,rs_wastewater_month_records,remark,character varying(500),备注,yes,
public,rs_wastewater_month_records,ll,double precision,月流量（各日流量的平均值）,yes,
public,rs_wastewater_month_records,ll_count,integer,月流量有效数据计数（参与平均的天数）,yes,
public,rs_wastewater_month_records,pfl,double precision,月排流量（各日排流量的累加值）,yes,
public,rs_wastewater_month_records,pfl_count,integer,月排流量有效数据计数（参与累加的天数）,yes,
public,rs_wastewater_month_records,m1_value,double precision,"【PS】化学需氧量(COD)月平均值 / 【PQ】烟尘
 月平均值",yes,
public,rs_wastewater_month_records,m1_count,integer,m1 当月有效数据计数,yes,
public,rs_wastewater_month_records,m2_value,double precision,"【PS】总氮(TN)月平均值 / 【PQ】二氧化硫月平
 均值",yes,
public,rs_wastewater_month_records,m2_count,integer,m2 当月有效数据计数,yes,
public,rs_wastewater_month_records,m3_value,double precision,【PS】pH月平均值 / 【PQ】氮氧化物月平均值,yes,
public,rs_wastewater_month_records,m3_count,integer,m3 当月有效数据计数,yes,
public,rs_wastewater_month_records,m4_value,double precision,【PS】氨氮月平均值 / 【PQ】一氧化氮月平均值,yes,
public,rs_wastewater_month_records,m4_count,integer,m4 当月有效数据计数,yes,
public,rs_wastewater_month_records,m5_value,double precision,【PS】水温月平均值 / 【PQ】二氧化氮月平均值,yes,
public,rs_wastewater_month_records,m5_count,integer,m5 当月有效数据计数,yes,
public,rs_wastewater_month_records,m6_value,double precision,【PS】总磷月平均值 / 【PQ】一氧化碳月平均值,yes,
public,rs_wastewater_month_records,m6_count,integer,m6 当月有效数据计数,yes,
public,rs_wastewater_month_records,m7_value,double precision,【PS】悬浮物月平均值 / 【PQ】氯化氢月平均值,yes,
public,rs_wastewater_month_records,m7_count,integer,m7 当月有效数据计数,yes,
public,rs_wastewater_month_records,m8_value,double precision,"【PS】余氯月平均值 / 【PQ】非甲烷总烃月平均
 值",yes,
public,rs_wastewater_month_records,m8_count,integer,m8 当月有效数据计数,yes,
public,rs_wastewater_month_records,m9_value,double precision,【PS】六价铬月平均值 / 【PQ】苯月平均值,yes,
public,rs_wastewater_month_records,m9_count,integer,m9 当月有效数据计数,yes,
public,rs_wastewater_month_records,m10_value,double precision,【PS】石油类月平均值 / 【PQ】甲苯月平均值,yes,
public,rs_wastewater_month_records,m10_count,integer,m10 当月有效数据计数,yes,
public,rs_wastewater_month_records,m11_value,double precision,"【PS】氟化物月平均值 / 【PQ】二甲苯月平均
 值",yes,
public,rs_wastewater_month_records,m11_count,integer,m11 当月有效数据计数,yes,
public,rs_wastewater_month_records,m12_value,double precision,"【PS】总铬月平均值 / 【PQ】碳氢化合物月平
 均值",yes,
public,rs_wastewater_month_records,m12_count,integer,m12 当月有效数据计数,yes,
public,rs_wastewater_month_records,m13_value,double precision,【PS】氰化物月平均值 / 【PQ】甲烷月平均值,yes,
public,rs_wastewater_month_records,m13_count,integer,m13 当月有效数据计数,yes,
public,rs_wastewater_month_records,m14_value,double precision,【PS】总锰月平均值 / 【PQ】氟化氢月平均值,yes,
public,rs_wastewater_month_records,m14_count,integer,m14 当月有效数据计数,yes,
public,rs_wastewater_month_records,m15_value,double precision,"【PS】总银月平均值 / 【PQ】二氧化碳月平均
 值",yes,
public,rs_wastewater_month_records,m15_count,integer,m15 当月有效数据计数,yes,
public,rs_wastewater_month_records,m16_value,double precision,"【PS】总铜月平均值 / 【PQ】1,3-二甲基苯月
 平均值",yes,
public,rs_wastewater_month_records,m16_count,integer,m16 当月有效数据计数,yes,
public,rs_wastewater_month_records,m17_value,double precision,"【PS】总镍月平均值 / 【PQ】乙烯基苯(苯乙烯
 )月平均值",yes,
public,rs_wastewater_month_records,m17_count,integer,m17 当月有效数据计数,yes,
public,rs_wastewater_month_records,m18_value,double precision,【PS】总镉月平均值 / 【PQ】乙苯月平均值,yes,
public,rs_wastewater_month_records,m18_count,integer,m18 当月有效数据计数,yes,
public,rs_wastewater_month_records,m19_value,double precision,"【PS】总砷月平均值 / 【PQ】1,2-二甲基苯月
 平均值",yes,
public,rs_wastewater_month_records,m19_count,integer,m19 当月有效数据计数,yes,
public,rs_wastewater_month_records,m20_value,double precision,【PS】总铅月平均值 / 【PQ】氨(NH3)月平均值,yes,
public,rs_wastewater_month_records,m20_count,integer,m20 当月有效数据计数,yes,
public,rs_wastewater_month_records,m21_value,double precision,【PS】浊度月平均值（仅排水口）,yes,
public,rs_wastewater_month_records,m21_count,integer,m21 当月有效数据计数（仅排水口）,yes,
public,rs_wastewater_month_records,m22_value,double precision,【PS】总锌月平均值（仅排水口）,yes,
public,rs_wastewater_month_records,m22_count,integer,m22 当月有效数据计数（仅排水口）,yes,
public,rs_wastewater_month_records,create_by,bigint,创建人ID,yes,
public,rs_wastewater_month_records,create_time,timestamp without time zone,创建时间,yes,
public,rs_wastewater_month_records,update_by,bigint,更新人ID,yes,
public,rs_wastewater_month_records,update_time,timestamp without time zone,更新时间,yes,
public,rs_wastewater_month_records,del_flag,character varying(10),删除标记：0-正常，1-删除,yes,
public,rs_wastewater_standard,id,bigint,主键id,yes,
public,rs_wastewater_standard,indicator_name,character varying(64),指标名称,yes,
public,rs_wastewater_standard,apply_type,character(1),适用类型：0 污水处理厂、1 其他,yes,
public,rs_wastewater_standard,l1_value,double precision,最低标准,yes,
public,rs_wastewater_standard,l2_value,double precision,小时标准,yes,
public,rs_wastewater_standard,l3_value,double precision,日标准,yes,
public,rs_wastewater_standard,max_value,double precision,最高允许排放浓度,yes,
public,rs_wastewater_standard,create_by,bigint,创建人,yes,
public,rs_wastewater_standard,create_time,timestamp without time zone,创建时间,yes,
public,rs_wastewater_standard,update_by,bigint,更新人,yes,
public,rs_wastewater_standard,update_time,timestamp without time zone,更新时间,yes,
public,rs_wastewater_standard,del_flag,character(1),删除标记：0 未删除、1 已删除,yes,
public,rs_wastewater_standard,jcdbh,character varying(64),监测点编号,yes,
public,rs_wastewater_standard,indicator_code,character varying(20),指标编码,yes,
public,rs_wastewater_standard,type,character varying(10),排放口类型：PS 排水口、PQ 排气口,yes,
public,se_watershed,id,bigint,主键ID,yes,
public,se_watershed,region_code,character varying(100),所属区域Code,yes,
public,se_watershed,total_population,double precision,总人口,yes,
public,se_watershed,total_product_value,double precision,地区生产总值,yes,
public,se_watershed,total_river_area,double precision,水面面积：k㎡,yes,
public,se_watershed,total_watershed_area,double precision,流域面积：k㎡,yes,
public,se_watershed,water_depth_avg,double precision,年平均水深：m,yes,
public,se_watershed,runoff_value,double precision,径流量：亿m³,yes,
public,se_watershed,statistic_year,bigint,统计年份,yes,
public,se_watershed,update_by,bigint,创建人,yes,
public,se_watershed,update_time,timestamp without time zone,创建时间,yes,
public,se_watershed,del_flag,character(1),删除标记：0 未删除、1 已删除,yes,
public,se_watershed,name,character varying(100),流域名称,yes,
public,se_watershed,mark,character varying(255),备注,yes,
public,se_watershed_river,id,bigint,主键id,yes,
public,se_watershed_river,serial_no,integer,序号,yes,
public,se_watershed_river,river_name,character varying(100),河流名称,yes,
public,se_watershed_river,river_alias,character varying(500),河流别称,yes,
public,se_watershed_river,river_level,integer,河流级别,yes,
public,se_watershed_river,parent_river_name,character varying(100),上一级河流名称,yes,
public,se_watershed_river,river_length,double precision,河流长度(km),yes,
public,se_watershed_river,hubei_length,double precision,湖北长度(km),yes,
public,se_watershed_river,yichang_length,double precision,宜昌长度(km),yes,
public,se_watershed_river,watershed_area,double precision,流域面积(km2),yes,
public,se_watershed_river,hubei_area,double precision,湖北面积(km2),yes,
public,se_watershed_river,yichang_area,double precision,宜昌面积(km2),yes,
public,se_watershed_river,flow_districts,character varying(1000),流经市内行政区,yes,
public,se_watershed_river,source_province,character varying(50),源头省,yes,
public,se_watershed_river,source_county,character varying(100),源头县（市）,yes,
public,se_watershed_river,source_town,character varying(100),源头乡镇,yes,
public,se_watershed_river,source_village,character varying(300),源头村,yes,
public,se_watershed_river,mouth_province,character varying(50),河口省,yes,
public,se_watershed_river,mouth_county,character varying(100),河口县（市）,yes,
public,se_watershed_river,mouth_town,character varying(100),河口乡镇,yes,
public,se_watershed_river,mouth_village,character varying(300),河口村,yes,
public,se_watershed_river,create_by,bigint,创建人,yes,
public,se_watershed_river,create_time,timestamp without time zone,创建时间,yes,
public,se_watershed_river,update_by,bigint,更新人,yes,
public,se_watershed_river,update_time,timestamp without time zone,更新时间,yes,
public,se_watershed_river,del_flag,character(1),删除标记: 0-未删除、1-已删除,yes,
public,wh_hydrological_day_records,id,bigint,id,yes,
public,wh_hydrological_day_records,station_id,bigint,所属站点id,yes,
public,wh_hydrological_day_records,m1_value,double precision,水深（单位米）,yes,
public,wh_hydrological_day_records,m1_count,bigint,记录数1,yes,
public,wh_hydrological_day_records,m2_value,double precision,流速（单位m/s）,yes,
public,wh_hydrological_day_records,m2_count,bigint,记录数2,yes,
public,wh_hydrological_day_records,m3_value,double precision,流量（单位m3/s）,yes,
public,wh_hydrological_day_records,m3_count,bigint,记录数3,yes,
public,wh_hydrological_day_records,m4_value,double precision,m4_value,yes,
public,wh_hydrological_day_records,m4_count,bigint,记录数4,yes,
public,wh_hydrological_day_records,m5_value,double precision,m5_value,yes,
public,wh_hydrological_day_records,m5_count,bigint,记录数5,yes,
public,wh_hydrological_day_records,m6_value,double precision,m6_value,yes,
public,wh_hydrological_day_records,m6_count,bigint,记录数6,yes,
public,wh_hydrological_day_records,m7_value,double precision,m7_value,yes,
public,wh_hydrological_day_records,m7_count,bigint,记录数7,yes,
public,wh_hydrological_day_records,m8_value,double precision,m8_value,yes,
public,wh_hydrological_day_records,m8_count,bigint,记录数8,yes,
public,wh_hydrological_day_records,m9_value,double precision,m9_value,yes,
public,wh_hydrological_day_records,m9_count,bigint,记录数9,yes,
public,wh_hydrological_day_records,m10_value,double precision,m10_value,yes,
public,wh_hydrological_day_records,m10_count,bigint,记录数10,yes,
public,wh_hydrological_day_records,record_type,character(1),记录类型：0 自动、1 手工,yes,
public,wh_hydrological_day_records,monitor_time,timestamp without time zone,监测时间,yes,
public,wh_hydrological_day_records,create_by,bigint,创建人,yes,
public,wh_hydrological_day_records,create_time,timestamp without time zone,创建时间,yes,
public,wh_hydrological_day_records,update_by,bigint,更新人,yes,
public,wh_hydrological_day_records,update_time,timestamp without time zone,更新时间,yes,
public,wh_hydrological_day_records,del_flag,character(1),删除标记：0 未删除、1 已删除,yes,
public,wh_hydrological_hour_records,id,bigint,id,yes,
public,wh_hydrological_hour_records,station_id,bigint,所属站点id,yes,
public,wh_hydrological_hour_records,m1_value,double precision,水深（单位米）,yes,
public,wh_hydrological_hour_records,m2_value,double precision,流速（单位m/s）,yes,
public,wh_hydrological_hour_records,m3_value,double precision,流量（单位m3/s）,yes,
public,wh_hydrological_hour_records,m4_value,double precision,m4_value,yes,
public,wh_hydrological_hour_records,m5_value,double precision,m5_value,yes,
public,wh_hydrological_hour_records,m6_value,double precision,m6_value,yes,
public,wh_hydrological_hour_records,m7_value,double precision,m7_value,yes,
public,wh_hydrological_hour_records,m8_value,double precision,m8_value,yes,
public,wh_hydrological_hour_records,m9_value,double precision,m9_value,yes,
public,wh_hydrological_hour_records,m10_value,double precision,m10_value,yes,
public,wh_hydrological_hour_records,record_type,character(1),记录类型：0 自动、1 手工,yes,
public,wh_hydrological_hour_records,monitor_time,timestamp without time zone,监测时间,yes,
public,wh_hydrological_hour_records,create_by,bigint,创建人,yes,
public,wh_hydrological_hour_records,create_time,timestamp without time zone,创建时间,yes,
public,wh_hydrological_hour_records,update_by,bigint,更新人,yes,
public,wh_hydrological_hour_records,update_time,timestamp without time zone,更新时间,yes,
public,wh_hydrological_hour_records,del_flag,character(1),删除标记：0 未删除、1 已删除,yes,
public,wh_hydrological_records_1,id,bigint,主键id,yes,
public,wh_hydrological_records_1,station_id,bigint,所属站点id,yes,
public,wh_hydrological_records_1,indicator_code,character varying(100),监测指标编号,yes,
public,wh_hydrological_records_1,monitor_value,double precision,监测值,yes,
public,wh_hydrological_records_1,monitor_time,timestamp without time zone,监测时间,yes,
public,wh_hydrological_records_1,record_type,character(1),记录类型：0 自动、1 手工,yes,
public,wh_hydrological_records_1,create_by,bigint,创建人,yes,
public,wh_hydrological_records_1,create_time,timestamp without time zone,创建时间,yes,
public,wh_hydrological_records_1,update_by,bigint,更新人,yes,
public,wh_hydrological_records_1,update_time,timestamp without time zone,更新时间,yes,
public,wh_hydrological_records_1,del_flag,character(1),删除标记：0 未删除、1 已删除,yes,
public,wh_meteorological_day_records,id,bigint,id,yes,
public,wh_meteorological_day_records,station_id,bigint,所属站点id,yes,
public,wh_meteorological_day_records,m1_value,double precision,风速（单位m/s）,yes,
public,wh_meteorological_day_records,m1_count,bigint,记录数1,yes,
public,wh_meteorological_day_records,m2_value,double precision,风向,yes,
public,wh_meteorological_day_records,m2_count,bigint,记录数2,yes,
public,wh_meteorological_day_records,m3_value,double precision,气压（单位hPa）,yes,
public,wh_meteorological_day_records,m3_count,bigint,记录数3,yes,
public,wh_meteorological_day_records,m4_value,double precision,气温（单位℃）,yes,
public,wh_meteorological_day_records,m4_count,bigint,记录数4,yes,
public,wh_meteorological_day_records,m5_value,double precision,相对湿度（单位RH）,yes,
public,wh_meteorological_day_records,m5_count,bigint,记录数5,yes,
public,wh_meteorological_day_records,m6_value,double precision,雨量（单位mm/m2）,yes,
public,wh_meteorological_day_records,m6_count,bigint,记录数6,yes,
public,wh_meteorological_day_records,m7_value,double precision,蒸发量（单位mm/m2）,yes,
public,wh_meteorological_day_records,m7_count,bigint,记录数7,yes,
public,wh_meteorological_day_records,m8_value,double precision,小时降雨量（mm）,yes,
public,wh_meteorological_day_records,m8_count,bigint,记录数8,yes,
public,wh_meteorological_day_records,m9_value,double precision,24小时降雨量（mm）,yes,
public,wh_meteorological_day_records,m9_count,bigint,记录数9,yes,
public,wh_meteorological_day_records,m10_value,double precision,累计降雨量（mm）,yes,
public,wh_meteorological_day_records,m10_count,bigint,记录数10,yes,
public,wh_meteorological_day_records,m11_value,double precision,m11_value,yes,
public,wh_meteorological_day_records,m11_count,bigint,记录数11,yes,
public,wh_meteorological_day_records,m12_value,double precision,m12_value,yes,
public,wh_meteorological_day_records,m12_count,bigint,记录数12,yes,
public,wh_meteorological_day_records,m13_value,double precision,m13_value,yes,
public,wh_meteorological_day_records,m13_count,bigint,记录数13,yes,
public,wh_meteorological_day_records,m14_value,double precision,m14_value,yes,
public,wh_meteorological_day_records,m14_count,bigint,记录数14,yes,
public,wh_meteorological_day_records,m15_value,double precision,m15_value,yes,
public,wh_meteorological_day_records,m15_count,bigint,记录数15,yes,
public,wh_meteorological_day_records,rain_fall,double precision,8-20时降水量（mm）,yes,
public,wh_meteorological_day_records,high_temp,double precision,日最高气温（℃）,yes,
public,wh_meteorological_day_records,low_temp,double precision,日最低气温（℃）,yes,
public,wh_meteorological_day_records,record_type,character(1),记录类型：0 自动、1 手工,yes,
public,wh_meteorological_day_records,monitor_time,timestamp without time zone,监测时间,yes,
public,wh_meteorological_day_records,create_by,bigint,创建人,yes,
public,wh_meteorological_day_records,create_time,timestamp without time zone,创建时间,yes,
public,wh_meteorological_day_records,update_by,bigint,更新人,yes,
public,wh_meteorological_day_records,update_time,timestamp without time zone,更新时间,yes,
public,wh_meteorological_day_records,del_flag,character(1),删除标记：0 未删除、1 已删除,yes,
public,wh_meteorological_hour_records,id,bigint,id,yes,
public,wh_meteorological_hour_records,station_id,bigint,所属站点id,yes,
public,wh_meteorological_hour_records,m1_value,double precision,风速（m/s）,yes,
public,wh_meteorological_hour_records,m2_value,double precision,风向,yes,
public,wh_meteorological_hour_records,m3_value,double precision,气压（hPa）,yes,
public,wh_meteorological_hour_records,m4_value,double precision,气温（℃）,yes,
public,wh_meteorological_hour_records,m5_value,double precision,相对湿度（%）,yes,
public,wh_meteorological_hour_records,m6_value,double precision,分钟降雨量（mm）,yes,
public,wh_meteorological_hour_records,m7_value,double precision,蒸发量（单位mm/m2）,yes,
public,wh_meteorological_hour_records,m8_value,double precision,小时降雨量（mm）,yes,
public,wh_meteorological_hour_records,m9_value,double precision,24小时降雨量（mm）,yes,
public,wh_meteorological_hour_records,m10_value,double precision,累计降雨量（mm）,yes,
public,wh_meteorological_hour_records,m11_value,double precision,m11_value,yes,
public,wh_meteorological_hour_records,m12_value,double precision,m12_value,yes,
public,wh_meteorological_hour_records,m13_value,double precision,m13_value,yes,
public,wh_meteorological_hour_records,m14_value,double precision,m14_value,yes,
public,wh_meteorological_hour_records,m15_value,double precision,m15_value,yes,
public,wh_meteorological_hour_records,record_type,character(1),记录类型：0 自动、1 手工,yes,
public,wh_meteorological_hour_records,monitor_time,timestamp without time zone,监测时间,yes,
public,wh_meteorological_hour_records,create_by,bigint,创建人,yes,
public,wh_meteorological_hour_records,create_time,timestamp without time zone,创建时间,yes,
public,wh_meteorological_hour_records,update_by,bigint,更新人,yes,
public,wh_meteorological_hour_records,update_time,timestamp without time zone,更新时间,yes,
public,wh_meteorological_hour_records,del_flag,character(1),删除标记：0 未删除、1 已删除,yes,
public,wh_meteorological_predict_day_records,id,text,id,yes,
public,wh_meteorological_predict_day_records,station_id,bigint,所属站点id,yes,
public,wh_meteorological_predict_day_records,winddirect_10m_24h,double precision,10米风向（24小时平均）,yes,
public,wh_meteorological_predict_day_records,winddirect8_10m_24h,character varying(16),10米8方位风向（24小时）,yes,
public,wh_meteorological_predict_day_records,winddirect16_10m_24h,character varying(16),10米16方位风向（24小时）,yes,
public,wh_meteorological_predict_day_records,hum_2m_24h,double precision,2米湿度（24小时平均）,yes,
public,wh_meteorological_predict_day_records,hum_2m_24h_min,double precision,2米湿度最小值（24小时）,yes,
public,wh_meteorological_predict_day_records,hum_2m_24h_max,double precision,2米湿度最大值（24小时）,yes,
public,wh_meteorological_predict_day_records,stapress_24h,double precision,地面气压（24小时平均）,yes,
public,wh_meteorological_predict_day_records,pressure_24h,double precision,海平面气压（24小时平均）,yes,
public,wh_meteorological_predict_day_records,p850inver_24h,double precision,850hPa逆温层高度（24小时）,yes,
public,wh_meteorological_predict_day_records,p925inver_24h,double precision,925hPa逆温层高度（24小时）,yes,
public,wh_meteorological_predict_day_records,swdown_24h,double precision,短波辐射通量（24小时平均）,yes,
public,wh_meteorological_predict_day_records,glw_24h,double precision,长波辐射通量（24小时平均）,yes,
public,wh_meteorological_predict_day_records,height_24h,double precision,边界层高度（24小时）,yes,
public,wh_meteorological_predict_day_records,rain_24h_total,double precision,24小时总降雨量,yes,
public,wh_meteorological_predict_day_records,dewpoint_24h,double precision,露点温度（24小时）,yes,
public,wh_meteorological_predict_day_records,lowcloud_24h,double precision,低云量（24小时）,yes,
public,wh_meteorological_predict_day_records,midcloud_24h,double precision,中云量（24小时）,yes,
public,wh_meteorological_predict_day_records,highcloud_24h,double precision,高云量（24小时）,yes,
public,wh_meteorological_predict_day_records,totalcloud_24h,double precision,总云量（24小时）,yes,
public,wh_meteorological_predict_day_records,tem_2m_24h,double precision,2米温度（24小时平均）,yes,
public,wh_meteorological_predict_day_records,tem_2m_24h_min,double precision,2米温度最小值（24小时）,yes,
public,wh_meteorological_predict_day_records,tem_2m_24h_max,double precision,2米温度最大值（24小时）,yes,
public,wh_meteorological_predict_day_records,visib_24h,double precision,能见度（24小时）,yes,
public,wh_meteorological_predict_day_records,pbl_24h,double precision,行星边界层高度（24小时平均）,yes,
public,wh_meteorological_predict_day_records,pbl_24h_min,double precision,行星边界层高度最小值（24小时）,yes,
public,wh_meteorological_predict_day_records,pbl_24h_max,double precision,行星边界层高度最大值（24小时）,yes,
public,wh_meteorological_predict_day_records,windspeed_10m_24h,double precision,10米风速（24小时平均）,yes,
public,wh_meteorological_predict_day_records,windspeed_10m_24h_min,double precision,10米风速最小值（24小时）,yes,
public,wh_meteorological_predict_day_records,windspeed_10m_24h_max,double precision,10米风速最大值（24小时）,yes,
public,wh_meteorological_predict_day_records,predictiontime,timestamp without time zone,预测时间,yes,
public,wh_meteorological_predict_day_records,time,bigint,"预报时次,如08时、20时",yes,
public,wh_meteorological_predict_day_records,predictioninterval,bigint,预测间隔（小时）,yes,
public,wh_meteorological_predict_day_records,datadate,timestamp without time zone,数据日期,yes,
public,wh_meteorological_predict_day_records,create_by,bigint,创建人,yes,
public,wh_meteorological_predict_day_records,create_time,timestamp without time zone,创建时间,yes,
public,wh_meteorological_predict_day_records,update_by,bigint,更新人,yes,
public,wh_meteorological_predict_day_records,update_time,timestamp without time zone,更新时间,yes,
public,wh_meteorological_predict_day_records,del_flag,character(1),删除标记：0 未删除、1 已删除,yes,
public,wh_meteorological_predict_hour_records,id,text,id,yes,
public,wh_meteorological_predict_hour_records,station_id,bigint,所属站点id,yes,
public,wh_meteorological_predict_hour_records,winddirect_10m_1h,double precision,10米风向（小时）,yes,
public,wh_meteorological_predict_hour_records,winddirect8_10m_1h,character varying(16),10米8方位风向（小时）,yes,
public,wh_meteorological_predict_hour_records,winddirect16_10m_1h,character varying(16),10米16方位风向（小时）,yes,
public,wh_meteorological_predict_hour_records,windspeed_10m_1h,double precision,10米风速（小时）,yes,
public,wh_meteorological_predict_hour_records,tem_2m_1h,double precision,2米温度（小时）,yes,
public,wh_meteorological_predict_hour_records,hum_2m_1h,double precision,2米湿度（小时）,yes,
public,wh_meteorological_predict_hour_records,dewpoint_1h,double precision,露点温度（小时）,yes,
public,wh_meteorological_predict_hour_records,dtem_2m_1h,double precision,2米温度1小时变化,yes,
public,wh_meteorological_predict_hour_records,dtem_2m_3h,double precision,2米温度3小时变化,yes,
public,wh_meteorological_predict_hour_records,dtem_2m_6h,double precision,2米温度6小时变化,yes,
public,wh_meteorological_predict_hour_records,dtem_2m_12h,double precision,2米温度12小时变化,yes,
public,wh_meteorological_predict_hour_records,dtem_2m_24h,double precision,2米温度24小时变化,yes,
public,wh_meteorological_predict_hour_records,rain_1h,double precision,小时降雨量,yes,
public,wh_meteorological_predict_hour_records,rain_3h,double precision,3小时累计降雨量,yes,
public,wh_meteorological_predict_hour_records,rain_6h,double precision,6小时累计降雨量,yes,
public,wh_meteorological_predict_hour_records,rain_12h,double precision,12小时累计降雨量,yes,
public,wh_meteorological_predict_hour_records,rain_24h,double precision,24小时累计降雨量,yes,
public,wh_meteorological_predict_hour_records,lowcloud_1h,double precision,低云量（小时）,yes,
public,wh_meteorological_predict_hour_records,midcloud_1h,double precision,中云量（小时）,yes,
public,wh_meteorological_predict_hour_records,highcloud_1h,double precision,高云量（小时）,yes,
public,wh_meteorological_predict_hour_records,totalcloud_1h,double precision,总云量（小时）,yes,
public,wh_meteorological_predict_hour_records,pbl_1h,double precision,行星边界层高度（小时）,yes,
public,wh_meteorological_predict_hour_records,height_1h,double precision,边界层高度（小时）,yes,
public,wh_meteorological_predict_hour_records,pressure_1h,double precision,海平面气压（小时）,yes,
public,wh_meteorological_predict_hour_records,stapress_1h,double precision,地面气压（小时）,yes,
public,wh_meteorological_predict_hour_records,glw_1h,double precision,长波辐射通量（小时）,yes,
public,wh_meteorological_predict_hour_records,swdown_1h,double precision,短波辐射通量（小时）,yes,
public,wh_meteorological_predict_hour_records,p850inver_1h,double precision,850hPa逆温层高度（小时）,yes,
public,wh_meteorological_predict_hour_records,p925inver_1h,double precision,925hPa逆温层高度（小时）,yes,
public,wh_meteorological_predict_hour_records,visib_1h,double precision,能见度（小时）,yes,
public,wh_meteorological_predict_hour_records,predictiontime,timestamp without time zone,预测时间,yes,
public,wh_meteorological_predict_hour_records,time,bigint,"预报时次,如08时、20时",yes,
public,wh_meteorological_predict_hour_records,predictioninterval,bigint,预测间隔（小时）,yes,
public,wh_meteorological_predict_hour_records,datadate,timestamp without time zone,数据日期,yes,
public,wh_meteorological_predict_hour_records,create_by,bigint,创建人,yes,
public,wh_meteorological_predict_hour_records,create_time,timestamp without time zone,创建时间,yes,
public,wh_meteorological_predict_hour_records,update_by,bigint,更新人,yes,
public,wh_meteorological_predict_hour_records,update_time,timestamp without time zone,更新时间,yes,
public,wh_meteorological_predict_hour_records,del_flag,character(1),删除标记：0 未删除、1 已删除,yes,
public,wh_meteorological_records_1,id,bigint,数据id,yes,
public,wh_meteorological_records_1,station_id,bigint,所属站点id,yes,
public,wh_meteorological_records_1,indicator_code,character varying(100),监测指标编号,yes,
public,wh_meteorological_records_1,monitor_value,double precision,监测值,yes,
public,wh_meteorological_records_1,monitor_time,timestamp without time zone,监测时间,yes,
public,wh_meteorological_records_1,record_type,character(1),记录类型：0 自动、1 手工,yes,
public,wh_meteorological_records_1,create_by,bigint,创建人,yes,
public,wh_meteorological_records_1,create_time,timestamp without time zone,创建时间,yes,
public,wh_meteorological_records_1,update_by,bigint,更新人,yes,
public,wh_meteorological_records_1,update_time,timestamp without time zone,更新时间,yes,
public,wh_meteorological_records_1,del_flag,character(1),删除标记：0 未删除、1 已删除,yes,
public,wm_camera_info,id,bigint,主键,yes,
public,wm_camera_info,camera_name,character varying(100),摄像头名称,yes,
public,wm_camera_info,device_type,character varying(100),设备类型,yes,
public,wm_camera_info,device_code,character varying(100),设备编号,yes,
public,wm_camera_info,device_supplier,character varying(255),设备厂商,yes,
public,wm_camera_info,device_origin,character varying(100),设备来源,yes,
public,wm_camera_info,address,character varying(255),摄像头地址,yes,
public,wm_camera_info,lon,"numeric(10,6)",经度,yes,
public,wm_camera_info,lat,"numeric(10,6)",纬度,yes,
public,wm_camera_info,monitor_subject,character varying(255),监控对象,yes,
public,wm_camera_info,remark,character varying(255),备注,yes,
public,wm_camera_info,create_by,bigint,创建人,yes,
public,wm_camera_info,create_time,timestamp without time zone,创建时间,yes,
public,wm_camera_info,update_by,bigint,更新人,yes,
public,wm_camera_info,update_time,timestamp without time zone,更新时间,yes,
public,wm_camera_info,del_flag,character varying(1),删除标记：0 未删除、1 已删除,yes,
public,wm_camera_platform,id,bigint,主键ID,yes,
public,wm_camera_platform,device_code,character varying(20),设备编码(国标20位),yes,
public,wm_camera_platform,name,character varying(100),设备名称,yes,
public,wm_camera_platform,manufacturer,character varying(100),厂商,yes,
public,wm_camera_platform,model,character varying(100),型号,yes,
public,wm_camera_platform,transport,character varying(50),传输方式: TCP/UDP,yes,
public,wm_camera_platform,stream_mode,character varying(50),流模式: TCP被动模式/UDP,yes,
public,wm_camera_platform,ip_address,character varying(100),设备IP地址,yes,
public,wm_camera_platform,port,integer,设备端口,yes,
public,wm_camera_platform,online,smallint,"是否在线: 0-离线, 1-在线",yes,
public,wm_camera_platform,heart_beat_interval,integer,心跳检测间隔(秒),yes,
public,wm_camera_platform,heart_beat_count,integer,健康检查次数,yes,
public,wm_camera_platform,charset,character varying(50),字符集,yes,
public,wm_camera_platform,lon,double precision,经度,yes,
public,wm_camera_platform,lat,double precision,纬度,yes,
public,wm_camera_platform,remark,character varying(500),备注,yes,
public,wm_camera_platform,create_by,bigint,创建人,yes,
public,wm_camera_platform,create_time,timestamp without time zone,创建时间,yes,
public,wm_camera_platform,update_by,bigint,更新人,yes,
public,wm_camera_platform,update_time,timestamp without time zone,更新时间,yes,
public,wm_camera_platform,del_flag,character varying(1),"删除标记: 0-未删除, 1-已删除",yes,
public,wm_directory,id,bigint,主键ID,yes,
public,wm_directory,name,character varying(255),目录名称,yes,
public,wm_directory,parent_id,bigint,父目录ID，根目录为null,yes,
public,wm_directory,path,character varying(1024),完整路径,yes,
public,wm_directory,description,character varying(512),目录描述,yes,
public,wm_directory,sort,integer,排序值,yes,
public,wm_directory,type,character varying(32),目录类型（如：panorama/other）,yes,
public,wm_directory,create_time,timestamp without time zone,创建时间,yes,
public,wm_directory,update_time,timestamp without time zone,更新时间,yes,
public,wm_directory,is_deleted,boolean,是否删除,yes,
public,wm_hydrological_info,id,bigint,监测站点的唯一id,yes,
public,wm_hydrological_info,station_code,character varying(255),水位站编码,yes,
public,wm_hydrological_info,station_name,character varying(255),监测站点名称,yes,
public,wm_hydrological_info,short_name,character varying(255),简称,yes,
public,wm_hydrological_info,region_code,character varying(16),行政区划代码,yes,
public,wm_hydrological_info,iot_connect_type,character varying(8),通信协议类型：0 tcp、1 http、2 mqtt,yes,
public,wm_hydrological_info,belong_to_city,character varying(60),归属地市,yes,
public,wm_hydrological_info,water_body_id,bigint,所属水体id,yes,
public,wm_hydrological_info,station_type,character varying(10),站类型(岸基站1|浮船站2),yes,
public,wm_hydrological_info,build_state,character varying(30),"建站状态(待建0,已建1)",yes,
public,wm_hydrological_info,water_type,character varying(20),水体类型：0 河流、1 湖泊,yes,
public,wm_hydrological_info,section_id,bigint,断面id,yes,
public,wm_hydrological_info,river_in,bigint,一维模型来流入汇口,yes,
public,wm_hydrological_info,pollutant_id,bigint,污染源id,yes,
public,wm_hydrological_info,in_outlet,character(1),污染源类型为污水处理厂时：0 进水口、1 出水口,yes,
public,wm_hydrological_info,river_out,bigint,一维模型出水口,yes,
public,wm_hydrological_info,efdc_in,character varying(255),efdc模型来流入汇口,yes,
public,wm_hydrological_info,efdc_out,character varying(255),efdc模型出水口,yes,
public,wm_hydrological_info,efdc_i,bigint,站点所在二维网格I值,yes,
public,wm_hydrological_info,efdc_j,bigint,站点所在二维网格J值,yes,
public,wm_hydrological_info,head_water,bigint,headwater序号,yes,
public,wm_hydrological_info,lake_in,character(1),是否为入湖港道：0 否、1 是,yes,
public,wm_hydrological_info,hydrological_table_name,character varying(255),水位监测记录表名,yes,
public,wm_hydrological_info,hydrological_indicator_codes,character varying(255),水位监测指标编号集合，逗号连接,yes,
public,wm_hydrological_info,geom,"geometry(Point,4326)",空间几何数据,yes,
public,wm_hydrological_info,frequency,character varying(255),测量频率,yes,
public,wm_hydrological_info,equipments,character varying(255),自动站的设备清单,yes,
public,wm_hydrological_info,build_time,date,建设时间,yes,
public,wm_hydrological_info,responsible_person,character varying(255),站点责任人,yes,
public,wm_hydrological_info,contact_number,character varying(20),责任人联系电话,yes,
public,wm_hydrological_info,last_maintenance_time,date,最近维护时间,yes,
public,wm_hydrological_info,img_url,character varying(255),照片地址,yes,
public,wm_hydrological_info,img_name,character varying(100),照片名称,yes,
public,wm_hydrological_info,img_format,character varying(16),照片格式：img、png等,yes,
public,wm_hydrological_info,remark,character varying(255),备注信息,yes,
public,wm_hydrological_info,create_by,bigint,创建人,yes,
public,wm_hydrological_info,create_time,timestamp without time zone,创建时间,yes,
public,wm_hydrological_info,update_by,bigint,更新人,yes,
public,wm_hydrological_info,update_time,timestamp without time zone,更新时间,yes,
public,wm_hydrological_info,del_flag,character(1),删除标记：0 未删除、1 已删除,yes,
public,wm_image_info,id,bigint,主键ID,yes,
public,wm_image_info,pid,bigint,照片关联的id,yes,
public,wm_image_info,image_url,character varying(255),图片地址,yes,
public,wm_image_info,image_formats,character varying(15),图片格式,yes,
public,wm_image_info,image_type,smallint,图片类型：0-未知、1-断面、2-自动站......,yes,
public,wm_image_info,create_by,bigint,创建人,yes,
public,wm_image_info,create_time,timestamp without time zone,创建时间,yes,
public,wm_image_info,update_by,bigint,更新人,yes,
public,wm_image_info,update_time,timestamp without time zone,更新时间,yes,
public,wm_image_info,del_flag,character(1),删除标记: 0-未删除、1-已删除,yes,
public,wm_image_info,image_name,character varying(255),文件名称：原始文件名,yes,
public,wm_image_info,image_tag,character varying(100),图片标签,yes,
public,wm_meteorological_info,id,bigint,监测站点的唯一id,yes,
public,wm_meteorological_info,station_code,character varying(255),气象编码,yes,
public,wm_meteorological_info,station_name,character varying(255),监测站点名称,yes,
public,wm_meteorological_info,short_name,character varying(255),简称,yes,
public,wm_meteorological_info,region_code,character varying(16),行政区划代码,yes,
public,wm_meteorological_info,iot_connect_type,character varying(8),通信协议类型：0 tcp、1 http、2 mqtt,yes,
public,wm_meteorological_info,belong_to_city,character varying(60),归属地市,yes,
public,wm_meteorological_info,station_type,character varying(10),站类型(岸基站1|浮船站2),yes,
public,wm_meteorological_info,build_state,character varying(30),"建站状态(待建0,已建1)",yes,
public,wm_meteorological_info,water_type,character varying(20),水体类型：0 河流、1 湖泊,yes,
public,wm_meteorological_info,water_body_id,bigint,所属水体id,yes,
public,wm_meteorological_info,section_id,bigint,断面id,yes,
public,wm_meteorological_info,river_in,bigint,一维模型来流入汇口,yes,
public,wm_meteorological_info,pollutant_id,bigint,污染源id,yes,
public,wm_meteorological_info,in_outlet,character(1),污染源类型为污水处理厂时：0 进水口、1 出水口,yes,
public,wm_meteorological_info,river_out,bigint,一维模型出水口,yes,
public,wm_meteorological_info,efdc_in,character varying(255),efdc模型来流入汇口,yes,
public,wm_meteorological_info,efdc_out,character varying(255),efdc模型出水口,yes,
public,wm_meteorological_info,efdc_i,bigint,站点所在二维网格I值,yes,
public,wm_meteorological_info,efdc_j,bigint,站点所在二维网格J值,yes,
public,wm_meteorological_info,head_water,bigint,headwater序号,yes,
public,wm_meteorological_info,lake_in,character(1),是否为入湖港道：0 否、1 是,yes,
public,wm_meteorological_info,meteorological_table_name,character varying(255),气象监测记录表名,yes,
public,wm_meteorological_info,meteorological_indicator_codes,character varying(255),气象监测指标编号集合，逗号连接,yes,
public,wm_meteorological_info,geom,"geometry(Point,4326)",空间几何数据,yes,
public,wm_meteorological_info,frequency,character varying(255),测量频率,yes,
public,wm_meteorological_info,equipments,character varying(255),自动站的设备清单,yes,
public,wm_meteorological_info,build_time,date,建设时间,yes,
public,wm_meteorological_info,responsible_person,character varying(255),站点责任人,yes,
public,wm_meteorological_info,contact_number,character varying(20),责任人联系电话,yes,
public,wm_meteorological_info,last_maintenance_time,date,最近维护时间,yes,
public,wm_meteorological_info,img_url,character varying(255),照片地址,yes,
public,wm_meteorological_info,img_name,character varying(100),照片名称,yes,
public,wm_meteorological_info,img_format,character varying(16),照片格式：img、png等,yes,
public,wm_meteorological_info,remark,character varying(255),备注信息,yes,
public,wm_meteorological_info,create_by,bigint,创建人,yes,
public,wm_meteorological_info,create_time,timestamp without time zone,创建时间,yes,
public,wm_meteorological_info,update_by,bigint,更新人,yes,
public,wm_meteorological_info,update_time,timestamp without time zone,更新时间,yes,
public,wm_meteorological_info,del_flag,character(1),删除标记：0 未删除、1 已删除,yes,
public,wm_panorama_layer,id,bigint,自增主键,yes,
public,wm_panorama_layer,point_name,character varying(255),点位名称,yes,
public,wm_panorama_layer,topic,character varying(255),所属专题,yes,
public,wm_panorama_layer,directory_id,bigint,目录ID,yes,
public,wm_panorama_layer,longitude,"numeric(20,10)",经度,yes,
public,wm_panorama_layer,latitude,"numeric(20,10)",纬度,yes,
public,wm_panorama_layer,icon,character varying(500),图标地址,yes,
public,wm_panorama_layer,coverage_radius,"numeric(10,2)",覆盖半径(km),yes,
public,wm_panorama_layer,create_time,timestamp without time zone,创建时间,yes,
public,wm_panorama_layer,update_time,timestamp without time zone,更新时间,yes,
public,wm_panorama_layer,is_deleted,boolean,是否删除（true:已删除，false:未删除）,yes,
public,wm_panorama_layer_relation,id,bigint,自增主键,yes,
public,wm_panorama_layer_relation,panorama_id,bigint,全景ID,yes,
public,wm_panorama_layer_relation,layer_id,character varying(255),图层ID,yes,
public,wm_panorama_layer_relation,feature_id,character varying(255),要素ID,yes,
public,wm_panorama_layer_relation,create_time,timestamp without time zone,创建时间,yes,
public,wm_panorama_layer_relation,update_time,timestamp without time zone,更新时间,yes,
public,wm_panorama_layer_relation,is_deleted,boolean,是否删除（true:已删除，false:未删除）,yes,
public,wm_panorama_video,id,integer,自增主键,yes,
public,wm_panorama_video,layer_id,integer,所属全景图层ID,yes,
public,wm_panorama_video,name,character varying(255),视频名称,yes,
public,wm_panorama_video,shoot_time,timestamp without time zone,拍摄时间,yes,
public,wm_panorama_video,description,text,描述,yes,
public,wm_panorama_video,url,character varying(500),访问地址,yes,
public,wm_panorama_video,create_time,timestamp without time zone,创建时间,yes,
public,wm_panorama_video,update_time,timestamp without time zone,更新时间,yes,
public,wm_panorama_video,is_deleted,boolean,是否删除（true:已删除，false:未删除）,yes,
public,wm_raster_info,id,bigint,主键ID,yes,
public,wm_raster_info,scene_id,character varying(200),遥感监测影像信息实体类,yes,
public,wm_raster_info,satellite_info,character varying(100),拍摄卫星,yes,
public,wm_raster_info,sensor_info,character varying(100),传感器信息,yes,
public,wm_raster_info,orbit_name,character varying(50),轨道名称,yes,
public,wm_raster_info,processing_version,character varying(100),数据级别,yes,
public,wm_raster_info,content_type,character varying(50),文件内容类型,yes,
public,wm_raster_info,data_location,character varying(100),数据位置,yes,
public,wm_raster_info,image_datetime,timestamp without time zone,影像获取时间（年_月_日_时_分）,yes,
public,wm_raster_info,image_path,character varying(500),缩略图路径,yes,
public,wm_raster_info,inversion_flag,character varying(1),是否反演,yes,
public,wm_raster_info,create_time,timestamp without time zone,创建时间,yes,
public,wm_raster_info,update_time,timestamp without time zone,更新时间,yes,
public,wm_raster_info,del_flag,character(1),删除标志：0-正常，1-已删除,yes,
public,wm_raster_inversion,id,bigint,主键ID,yes,
public,wm_raster_inversion,record_id,bigint,遥感反演结果记录ID,yes,
public,wm_raster_inversion,indicator_code,bigint,遥感监测分析项编码,yes,
public,wm_raster_inversion,indicator_name,character varying(60),指标项名称,yes,
public,wm_raster_inversion,inversion_type,character varying(20),反演类型：water_environment-水环境，algalbloom-水生态，landuse-土地利用,yes,
public,wm_raster_inversion,file_path,character varying(500),反演文件路径,yes,
public,wm_raster_inversion,l1_area,double precision,I类/浮叶挺水植被/背景面积,yes,
public,wm_raster_inversion,l2_area,double precision,II类/沉水植被/耕地面积,yes,
public,wm_raster_inversion,l3_area,double precision,III类/水华/园地面积,yes,
public,wm_raster_inversion,l4_area,double precision,IV类/水体/林地面积,yes,
public,wm_raster_inversion,l5_area,double precision,V类/水体面积,yes,
public,wm_raster_inversion,l6_area,double precision,劣V类/建设用地面积,yes,
public,wm_raster_inversion,unit,character varying(50),面积单位,yes,
public,wm_raster_inversion,service_url,text,服务地址,yes,
public,wm_raster_inversion,data_time,timestamp without time zone,数据日期,yes,
public,wm_raster_inversion,create_time,timestamp without time zone,创建时间,yes,
public,wm_raster_inversion,update_time,timestamp without time zone,更新时间,yes,
public,wm_raster_inversion,del_flag,character(1),删除标志,yes,
public,wm_raster_inversion_config,id,bigint,主键ID,yes,
public,wm_raster_inversion_config,type_code,bigint,反演类型编码,yes,
public,wm_raster_inversion_config,name,character varying(100),名称,yes,
public,wm_raster_inversion_config,create_time,timestamp without time zone,创建时间,yes,
public,wm_raster_inversion_config,update_time,timestamp without time zone,修改时间,yes,
public,wm_raster_inversion_config,del_flag,character(1),删除标志：0-正常，1-已删除,yes,
public,wm_section_info,id,bigint,断面id,yes,
public,wm_section_info,water_body_id,bigint,水体id,yes,
public,wm_section_info,control_unit_id,bigint,控制单元id,yes,
public,wm_section_info,region_id,bigint,所属区域id,yes,
public,wm_section_info,section_code,character varying(32),断面编码,yes,
public,wm_section_info,section_name,character varying(255),断面名称,yes,
public,wm_section_info,trans_regional,character varying(32),跨界类型,yes,
public,wm_section_info,geom,"geometry(Point,4326)",几何信息,yes,
public,wm_section_info,section_nature,character varying(4),断面属性,yes,
public,wm_section_info,section_level,character varying(4),断面级别：0-国控、1-省控、2-市控,yes,
public,wm_section_info,manage_type,character varying(64),管理类型,yes,
public,wm_section_info,manage_level,character varying(32),管理级别,yes,
public,wm_section_info,is_examine,character(1),考核断面：0 否、1 是,yes,
public,wm_section_info,examine_level,character varying(32),考核级别,yes,
public,wm_section_info,examine_city,character varying(32),考核城市,yes,
public,wm_section_info,tributary_trunk,character(1),支流/干流：0 干流、1 支流,yes,
public,wm_section_info,upstream_section_id,bigint,上游断面id,yes,
public,wm_section_info,grid_code,character varying(32),网格号,yes,
public,wm_section_info,grid_i,character varying(32),网格I值,yes,
public,wm_section_info,grid_j,character varying(32),网格J值,yes,
public,wm_section_info,remark,character varying(255),备注,yes,
public,wm_section_info,create_by,bigint,创建人,yes,
public,wm_section_info,create_time,timestamp without time zone,创建时间,yes,
public,wm_section_info,update_by,bigint,更新人,yes,
public,wm_section_info,update_time,timestamp without time zone,更新时间,yes,
public,wm_section_info,del_flag,character(1),删除标记：0 未删除、1 已删除,yes,
public,wm_section_wq_info,id,bigint,id,yes,
public,wm_section_wq_info,section_id,bigint,断面id,yes,
public,wm_section_wq_info,year,bigint,年份,yes,
public,wm_section_wq_info,month,bigint,"月份：0,1,2,3,4,5,6,7,8,9,10,11,12（0表示全年）",yes,
public,wm_section_wq_info,water_quality_target_level,character varying(4),目标水质,yes,
public,wm_section_wq_info,create_by,bigint,创建人,yes,
public,wm_section_wq_info,create_time,timestamp without time zone,创建时间,yes,
public,wm_section_wq_info,update_by,bigint,更新人,yes,
public,wm_section_wq_info,update_time,timestamp without time zone,更新时间,yes,
public,wm_section_wq_info,del_flag,character(1),删除标记：0 未删除、1 已删除,yes,
public,wm_station_info,id,bigint,监测站点的唯一id,yes,
public,wm_station_info,station_code,character varying(255),站点编码,yes,
public,wm_station_info,station_name,character varying(255),监测站点名称,yes,
public,wm_station_info,short_name,character varying(255),简称,yes,
public,wm_station_info,region_code,character varying(16),行政区划代码,yes,
public,wm_station_info,iot_connect_type,character varying(8),通信协议类型：0 tcp、1 http、2 mqtt,yes,
public,wm_station_info,belong_to_city,character varying(60),归属地市,yes,
public,wm_station_info,station_type,character varying(10),站类型(岸基站1|浮船站2),yes,
public,wm_station_info,build_state,character varying(30),"建站状态(待建0,已建1)",yes,
public,wm_station_info,water_type,character varying(20),水体类型：0 河流、1 湖泊,yes,
public,wm_station_info,water_body_id,bigint,所属水体id,yes,
public,wm_station_info,section_id,bigint,断面id,yes,
public,wm_station_info,river_in,bigint,一维模型来流入汇口,yes,
public,wm_station_info,pollutant_id,bigint,污染源id,yes,
public,wm_station_info,in_outlet,character(1),污染源类型为污水处理厂时：0 进水口、1 出水口,yes,
public,wm_station_info,river_out,bigint,一维模型出水口,yes,
public,wm_station_info,efdc_in,character varying(255),efdc模型来流入汇口,yes,
public,wm_station_info,efdc_out,character varying(255),efdc模型出水口,yes,
public,wm_station_info,efdc_i,bigint,站点所在二维网格I值,yes,
public,wm_station_info,efdc_j,bigint,站点所在二维网格J值,yes,
public,wm_station_info,head_water,bigint,headwater序号,yes,
public,wm_station_info,lake_in,character(1),是否为入湖港道：0 否、1 是,yes,
public,wm_station_info,water_quality_table_name,character varying(255),水质监测记录表名,yes,
public,wm_station_info,hydrological_table_name,character varying(255),水文监测记录表名,yes,
public,wm_station_info,meteorological_table_name,character varying(255),气象监测记录表名,yes,
public,wm_station_info,water_quality_indicator_codes,character varying(255),水质监测指标id集合，逗号连接,yes,
public,wm_station_info,hydrological_indicator_codes,character varying(255),水文监测指标id集合，逗号连接,yes,
public,wm_station_info,meteorological_indicator_codes,character varying(255),气象监测指标id集合，逗号连接,yes,
public,wm_station_info,geom,"geometry(Point,4326)",空间几何数据,yes,
public,wm_station_info,intake_lon,double precision,取水口位置,yes,
public,wm_station_info,intake_lat,double precision,取水口位置,yes,
public,wm_station_info,frequency,character varying(255),测量频率,yes,
public,wm_station_info,equipments,character varying(255),自动站的设备清单,yes,
public,wm_station_info,build_time,date,建设时间,yes,
public,wm_station_info,responsible_person,character varying(255),站点责任人,yes,
public,wm_station_info,contact_number,character varying(20),责任人联系电话,yes,
public,wm_station_info,last_maintenance_time,date,最近维护时间,yes,
public,wm_station_info,img_url,character varying(255),照片地址,yes,
public,wm_station_info,img_name,character varying(100),照片名称,yes,
public,wm_station_info,img_format,character varying(16),照片格式：img、png等,yes,
public,wm_station_info,remark,character varying(255),备注信息,yes,
public,wm_station_info,create_by,bigint,创建人,yes,
public,wm_station_info,create_time,timestamp without time zone,创建时间,yes,
public,wm_station_info,update_by,bigint,更新人,yes,
public,wm_station_info,update_time,timestamp without time zone,更新时间,yes,
public,wm_station_info,del_flag,character(1),删除标记：0 未删除、1 已删除,yes,
public,wm_station_info,station_level,character varying(10),站点的级别(省站1|市站2),yes,
public,wm_station_info_v2,id,bigint,主键,yes,
public,wm_station_info_v2,station_code,character varying(255),站点编码,yes,
public,wm_station_info_v2,station_name,character varying(255),站点名称,yes,
public,wm_station_info_v2,short_name,character varying(255),站点简称,yes,
public,wm_station_info_v2,station_type,character varying(10),站类型：1-岸基站、2-浮船站,yes,
public,wm_station_info_v2,station_level,character varying(10),站点的级别：1-省站、2-市站,yes,
public,wm_station_info_v2,iot_connect_type,character varying(8),通信协议类型：0 tcp、1 http、2 mqtt,yes,
public,wm_station_info_v2,region_code,character varying(16),行政区编码,yes,
public,wm_station_info_v2,region_name,character varying(100),行政区名称,yes,
public,wm_station_info_v2,build_state,character varying(30),建站状态：0-待建、1-已建,yes,
public,wm_station_info_v2,build_time,timestamp without time zone,建设时间,yes,
public,wm_station_info_v2,water_body_id,bigint,水体id,yes,
public,wm_station_info_v2,section_id,bigint,断面id,yes,
public,wm_station_info_v2,equipment_manufacturer,character varying(200),设备厂家,yes,
public,wm_station_info_v2,equipment_model,character varying(100),设备型号,yes,
public,wm_station_info_v2,monitor_indicators,character varying(500),监测指标,yes,
public,wm_station_info_v2,monitor_frequency,character varying(100),监测频次,yes,
public,wm_station_info_v2,eight_direction_photo,character varying(500),八方图,yes,
public,wm_station_info_v2,om_unit,character varying(100),运维单位,yes,
public,wm_station_info_v2,om_person,character varying(100),运维人员,yes,
public,wm_station_info_v2,contact_info,character varying(100),联系方式,yes,
public,wm_station_info_v2,geom,"geometry(Point,4326)",图形信息,yes,
public,wm_station_info_v2,create_by,bigint,创建人,yes,
public,wm_station_info_v2,create_time,timestamp without time zone,创建时间,yes,
public,wm_station_info_v2,update_by,bigint,修改人,yes,
public,wm_station_info_v2,update_time,timestamp without time zone,修改时间,yes,
public,wm_station_info_v2,del_flag,character varying(1),"0未删除,1已删除",yes,
public,wm_station_info_v2,remark,character varying(255),备注,yes,
public,wm_station_info_v2,section_name,character varying(100),断面名称,yes,
public,wm_station_info_v2,water_body_name,character varying(150),水体名称,yes,
public,wm_station_info_v2,water_body_type,character varying(10),水体类型：0-河流、1-湖泊,yes,
public,wm_uav_info,id,bigint,主键ID,yes,
public,wm_uav_info,code,character varying(100),编码,yes,
public,wm_uav_info,name,character varying(100),名称,yes,
public,wm_uav_info,gateway_sn,character varying(100),网关SN编码,yes,
public,wm_uav_info,gateway_callsign,character varying(100),网关名称,yes,
public,wm_uav_info,gateway_device_model,character varying(1024),型号，json格式,yes,
public,wm_uav_info,gateway_device_online_status,smallint,网关在线状态,yes,
public,wm_uav_info,gateway_mode_code,integer,网关型号编码,yes,
public,wm_uav_info,gateway_camera_list,character varying(1024),网关摄像头列表,yes,
public,wm_uav_info,drone_sn,character varying(100),无人机SN编码,yes,
public,wm_uav_info,drone_callsign,character varying(100),无人机名称,yes,
public,wm_uav_info,drone_device_model,character varying(1024),无人机型号,yes,
public,wm_uav_info,drone_device_online_status,character varying(100),无人机在线状态,yes,
public,wm_uav_info,drone_mode_code,integer,型号编码,yes,
public,wm_uav_info,drone_camera_list,character varying(1024),无人机摄像头列表,yes,
public,wm_uav_info,gateway_lon,double precision,网关经度,yes,
public,wm_uav_info,gateway_lat,double precision,网关纬度,yes,
public,wm_uav_info,activation_time,bigint,机场激活时间(unix 时间戳),yes,
public,wm_uav_info,acc_time,integer,机场累计运行时长,yes,
public,wm_uav_info,humidity,real,舱内湿度,yes,
public,wm_uav_info,job_number,integer,机场累计作业次数,yes,
public,wm_uav_info,storage_total,integer,存储容量 单位：KB,yes,
public,wm_uav_info,storage_used,integer,已使用容量 单位：KB,yes,
public,wm_uav_info,brand,character varying(100),品牌：大疆/纵横昆仑,yes,
public,wm_uav_info,weight,character varying(100),整机重量,yes,
public,wm_uav_info,power,character varying(100),功率,yes,
public,wm_uav_info,temperature,character varying(100),工作温度,yes,
public,wm_uav_info,protect_level,character varying(100),保护等级,yes,
public,wm_uav_info,max_height,character varying(100),最大高度,yes,
public,wm_uav_info,max_radius,character varying(100),最大工作半径,yes,
public,wm_uav_info,charging_time,character varying(100),充电时间,yes,
public,wm_uav_info,cycle_num,character varying(100),电池循环次数,yes,
public,wm_uav_info,duration_time,character varying(100),备用电池续航时间,yes,
public,wm_uav_info,remark,character varying(255),备注信息,yes,
public,wm_uav_info,create_by,bigint,创建人,yes,
public,wm_uav_info,create_time,timestamp without time zone,创建时间,yes,
public,wm_uav_info,update_by,bigint,更新人,yes,
public,wm_uav_info,update_time,timestamp without time zone,更新时间,yes,
public,wm_uav_info,del_flag,character(1),删除标记：0 未删除、1 已删除,yes,
public,wm_water_intake,id,bigint,主键ID,yes,
public,wm_water_intake,geom,"geometry(Point,4490)",空间几何数据,yes,
public,wm_water_intake,region_code,character varying(50),行政区编码,yes,
public,wm_water_intake,region_name,character varying(100),行政区名称,yes,
public,wm_water_intake,name,character varying(100),名称,yes,
public,wm_water_intake,city,character varying(50),城市,yes,
public,wm_water_intake,county,character varying(50),区县,yes,
public,wm_water_intake,water_type,character varying(10),水源类型,yes,
public,wm_water_intake,used_mark,character varying(100),使用状态,yes,
public,wm_water_intake,township,character varying(100),乡镇,yes,
public,wm_water_intake,remark,character varying(254),备注,yes,
public,wm_water_intake,level,character varying(50),级别：乡镇、区县,yes,
public,wm_water_intake,code,character varying(100),水源编码,yes,
public,wm_water_intake,static_flag,character varying(12),统计标识：是、否,yes,
public,wm_water_source,id,bigint,主键ID,yes,
public,wm_water_source,code,character varying(100),代码,yes,
public,wm_water_source,name,character varying(100),水源名称,yes,
public,wm_water_source,alias,character varying(100),别名,yes,
public,wm_water_source,region_code,character varying(60),行政区代码,yes,
public,wm_water_source,region_name,character varying(100),行政区名称,yes,
public,wm_water_source,river_system_code,character varying(60),水系代码,yes,
public,wm_water_source,river_system_name,character varying(100),水系名称,yes,
public,wm_water_source,river_system_name_2,character varying(50),二级水系名称,yes,
public,wm_water_source,river_system_name_3,character varying(100),三级级水系名称,yes,
public,wm_water_source,source_type,character varying(100),水源类型,yes,
public,wm_water_source,source_state,character varying(100),水源状态,yes,
public,wm_water_source,level,character varying(20),级别,yes,
public,wm_water_source,protect_area_status,character varying(50),保护区划定情况,yes,
public,wm_water_source,protect_area_cert,character varying(100),保护区划定文号,yes,
public,wm_water_source,protect_level,smallint,保护区级别：1、2、3,yes,
public,wm_water_source,supply_type,character varying(60),供水类型,yes,
public,wm_water_source,supply_service,character varying(100),服务对象,yes,
public,wm_water_source,supply_water_daily,character varying(100),日均供水能力（吨/天）,yes,
public,wm_water_source,supply_water_year,double precision,年实际取水量(万吨),yes,
public,wm_water_source,supply_water_avg,double precision,人均取水量（升/天）,yes,
public,wm_water_source,service_people_count,bigint,服务人数,yes,
public,wm_water_source,water_word_info,character varying(100),对应水厂名称,yes,
public,wm_water_source,dbsqssw,real,地表水取水水位（m）,yes,
public,wm_water_source,dbssjksw,real,地表水设计枯水位（m）,yes,
public,wm_water_source,dxsmctj,character varying(50),地下水埋藏条件,yes,
public,wm_water_source,dxshsjzlx,character varying(50),地下水含水介质类型,yes,
public,wm_water_source,dxssjjs,real,地下水设计降深（m）,yes,
public,wm_water_source,dxsswms,real,地下水水位埋深（m）,yes,
public,wm_water_source,ccsy,character varying(10),超采水源: 是、否,yes,
public,wm_water_source,cjjjdkhzb,character varying(10),长江经济带考核指标: 是、否,yes,
public,wm_water_source,build_year,integer,取水口建成年份,yes,
public,wm_water_source,used_year,integer,取水口正式使用年份,yes,
public,wm_water_source,image_path,character varying(300),图片路径,yes,
public,wm_water_source,remark,character varying(100),备注,yes,
public,wm_water_source,geom,"geometry(MultiPolygon,4326)",空间几何数据,yes,
public,wm_water_source_intake_v2,id,bigint,主键ID,yes,
public,wm_water_source_intake_v2,name,character varying(255),名称,yes,
public,wm_water_source_intake_v2,city,character varying(100),地市,yes,
public,wm_water_source_intake_v2,district,character varying(100),区县,yes,
public,wm_water_source_intake_v2,township,character varying(100),乡镇,yes,
public,wm_water_source_intake_v2,source_level,character varying(50),水源地级别（县级以上；乡镇级；百吨千人）,yes,
public,wm_water_source_intake_v2,source_type,character varying(50),水源地类型（河流型；湖库型；地下水型）,yes,
public,wm_water_source_intake_v2,source_status,character varying(50),水源地状态（在用；备用；应急；规划）,yes,
public,wm_water_source_intake_v2,source_code,character varying(100),水源地编码,yes,
public,wm_water_source_intake_v2,water_quality_class,character varying(10),水质类别（Ⅰ；Ⅱ；Ⅲ；Ⅳ；Ⅴ）,yes,
public,wm_water_source_intake_v2,supply_population,integer,供水人口（人）,yes,
public,wm_water_source_intake_v2,daily_supply_capacity,"numeric(15,2)",日均供水能力（吨/天）,yes,
public,wm_water_source_intake_v2,annual_actual_withdrawal,"numeric(15,4)",年实际取水量（万吨）,yes,
public,wm_water_source_intake_v2,per_capita_withdrawal,"numeric(10,2)",人均取水量（升/天）,yes,
public,wm_water_source_intake_v2,remark,text,备注,yes,
public,wm_water_source_intake_v2,create_by,bigint,创建人,yes,
public,wm_water_source_intake_v2,create_time,timestamp without time zone,创建时间,yes,
public,wm_water_source_intake_v2,update_by,bigint,修改人,yes,
public,wm_water_source_intake_v2,update_time,timestamp without time zone,修改时间,yes,
public,wm_water_source_intake_v2,del_flag,character varying(1),删除标志：0-正常，1-已删除,yes,
public,wm_water_source_intake_v2,geom,"geometry(Point,4326)",取水口位置,yes,
public,wm_water_source_intake_v2,region_code,character varying(50),行政区编码,yes,
public,wm_water_source_zone_v2,id,bigint,主键ID,yes,
public,wm_water_source_zone_v2,name,character varying(255),名称,yes,
public,wm_water_source_zone_v2,city,character varying(100),地市,yes,
public,wm_water_source_zone_v2,district,character varying(100),区县,yes,
public,wm_water_source_zone_v2,township,character varying(100),乡镇,yes,
public,wm_water_source_zone_v2,source_level,character varying(50),水源地级别（县级以上；乡镇级；百吨千人）,yes,
public,wm_water_source_zone_v2,zone_level,character varying(50),保护区级别（1-一级保护区；2-二级保护区；3-准保护区）,yes,
public,wm_water_source_zone_v2,area,"numeric(15,4)",面积（单位：平方千米）,yes,
public,wm_water_source_zone_v2,source_type,character varying(100),水源地类型（河流型；湖库型；地下水型）,yes,
public,wm_water_source_zone_v2,source_status,character varying(100),水源地状态（在用；备用；应急；规划）,yes,
public,wm_water_source_zone_v2,source_code,character varying(100),水源地编码,yes,
public,wm_water_source_zone_v2,remark,text,备注,yes,
public,wm_water_source_zone_v2,create_by,bigint,创建人,yes,
public,wm_water_source_zone_v2,create_time,timestamp without time zone,创建时间,yes,
public,wm_water_source_zone_v2,update_by,bigint,修改人,yes,
public,wm_water_source_zone_v2,update_time,timestamp without time zone,修改时间,yes,
public,wm_water_source_zone_v2,del_flag,character varying(1),删除标志：0-正常，1-已删除,yes,
public,wm_water_source_zone_v2,region_code,character varying(60),行政区代码,yes,
public,wm_water_source_zone_v2,geom,"geometry(MultiPolygon,4326)",空间几何数据,yes,
public,wm_waterbody_info,id,bigint,id,yes,
public,wm_waterbody_info,water_body_code,character varying(32),水体编码,yes,
public,wm_waterbody_info,water_body_name,character varying(255),水体名称,yes,
public,wm_waterbody_info,water_body_type,character(1),水体类型：0 河流、1 湖泊,yes,
public,wm_waterbody_info,water_body_function,character varying(255),水体功能类别,yes,
public,wm_waterbody_info,geom,text,几何信息,yes,
public,wm_waterbody_info,img_url,character varying(255),照片地址,yes,
public,wm_waterbody_info,img_format,character varying(16),照片格式：img、png等,yes,
public,wm_waterbody_info,img_name,character varying(100),照片名称,yes,
public,wm_waterbody_info,control_unit_id,bigint,所属控制单元id,yes,
public,wm_waterbody_info,basin,character varying(255),所在流域,yes,
public,wm_waterbody_info,length,double precision,水体长度（km）,yes,
public,wm_waterbody_info,width,character varying(255),水体宽度（m）,yes,
public,wm_waterbody_info,area,double precision,水体面积（km2）,yes,
public,wm_waterbody_info,bend_coefficient,double precision,弯曲系数,yes,
public,wm_waterbody_info,storage,double precision,蓄水量（m3）,yes,
public,wm_waterbody_info,start_village,character varying(255),起点村/社区,yes,
public,wm_waterbody_info,end_village,character varying(255),终点村/社区,yes,
public,wm_waterbody_info,up_stream,character varying(255),上游水体,yes,
public,wm_waterbody_info,down_stream,character varying(255),下游水体,yes,
public,wm_waterbody_info,remark,character varying(255),备注,yes,
public,wm_waterbody_info,create_by,bigint,创建人,yes,
public,wm_waterbody_info,create_time,timestamp without time zone,创建时间,yes,
public,wm_waterbody_info,update_by,bigint,更新人,yes,
public,wm_waterbody_info,update_time,timestamp without time zone,更新时间,yes,
public,wm_waterbody_info,del_flag,character(1),删除标记：0 未删除、1 已删除,yes,
public,wm_waterquality_day_records,id,bigint,id,yes,
public,wm_waterquality_day_records,station_id,bigint,站点id,yes,
public,wm_waterquality_day_records,m1_value,double precision,水温监测值,yes,
public,wm_waterquality_day_records,m1_count,bigint,记录数1,yes,
public,wm_waterquality_day_records,m2_value,double precision,PH监测值,yes,
public,wm_waterquality_day_records,m2_count,bigint,记录数2,yes,
public,wm_waterquality_day_records,m3_value,double precision,溶解氧监测值,yes,
public,wm_waterquality_day_records,m3_count,bigint,记录数3,yes,
public,wm_waterquality_day_records,m4_value,double precision,浊度监测值,yes,
public,wm_waterquality_day_records,m4_count,bigint,记录数4,yes,
public,wm_waterquality_day_records,m5_value,double precision,电导率监测值,yes,
public,wm_waterquality_day_records,m5_count,bigint,记录数5,yes,
public,wm_waterquality_day_records,m6_value,double precision,氨氮监测值,yes,
public,wm_waterquality_day_records,m6_count,bigint,记录数6,yes,
public,wm_waterquality_day_records,m7_value,double precision,高锰酸盐指数监测值,yes,
public,wm_waterquality_day_records,m7_count,bigint,记录数7,yes,
public,wm_waterquality_day_records,m8_value,double precision,总磷监测值,yes,
public,wm_waterquality_day_records,m8_count,bigint,记录数8,yes,
public,wm_waterquality_day_records,m9_value,double precision,总氮监测值,yes,
public,wm_waterquality_day_records,m9_count,bigint,记录数9,yes,
public,wm_waterquality_day_records,m10_value,double precision,化学需氧量监测值,yes,
public,wm_waterquality_day_records,m10_count,bigint,记录数10,yes,
public,wm_waterquality_day_records,m11_value,double precision,监测值,yes,
public,wm_waterquality_day_records,m11_count,bigint,记录数11,yes,
public,wm_waterquality_day_records,m12_value,double precision,监测值,yes,
public,wm_waterquality_day_records,m12_count,bigint,记录数12,yes,
public,wm_waterquality_day_records,m13_value,double precision,监测值,yes,
public,wm_waterquality_day_records,m13_count,bigint,记录数13,yes,
public,wm_waterquality_day_records,m14_value,double precision,监测值,yes,
public,wm_waterquality_day_records,m14_count,bigint,记录数14,yes,
public,wm_waterquality_day_records,m15_value,double precision,监测值,yes,
public,wm_waterquality_day_records,m15_count,bigint,记录数15,yes,
public,wm_waterquality_day_records,m16_value,double precision,监测值,yes,
public,wm_waterquality_day_records,m16_count,bigint,记录数16,yes,
public,wm_waterquality_day_records,m17_value,double precision,监测值,yes,
public,wm_waterquality_day_records,m17_count,bigint,记录数17,yes,
public,wm_waterquality_day_records,m18_value,double precision,监测值,yes,
public,wm_waterquality_day_records,m18_count,bigint,记录数18,yes,
public,wm_waterquality_day_records,m19_value,double precision,监测值,yes,
public,wm_waterquality_day_records,m19_count,bigint,记录数19,yes,
public,wm_waterquality_day_records,m20_value,double precision,监测值,yes,
public,wm_waterquality_day_records,m20_count,bigint,记录数20,yes,
public,wm_waterquality_day_records,m21_value,double precision,监测值,yes,
public,wm_waterquality_day_records,m21_count,bigint,记录数21,yes,
public,wm_waterquality_day_records,m22_value,double precision,监测值,yes,
public,wm_waterquality_day_records,m22_count,bigint,记录数22,yes,
public,wm_waterquality_day_records,m23_value,double precision,监测值,yes,
public,wm_waterquality_day_records,m23_count,bigint,记录数23,yes,
public,wm_waterquality_day_records,m24_value,double precision,监测值,yes,
public,wm_waterquality_day_records,m24_count,bigint,记录数24,yes,
public,wm_waterquality_day_records,m25_value,double precision,监测值,yes,
public,wm_waterquality_day_records,m25_count,bigint,记录数25,yes,
public,wm_waterquality_day_records,m26_value,double precision,监测值,yes,
public,wm_waterquality_day_records,m26_count,bigint,记录数26,yes,
public,wm_waterquality_day_records,m27_value,double precision,监测值,yes,
public,wm_waterquality_day_records,m27_count,bigint,记录数27,yes,
public,wm_waterquality_day_records,m28_value,double precision,监测值,yes,
public,wm_waterquality_day_records,m28_count,bigint,记录数28,yes,
public,wm_waterquality_day_records,m29_value,double precision,监测值29,yes,
public,wm_waterquality_day_records,m29_count,bigint,记录数29,yes,
public,wm_waterquality_day_records,m30_value,double precision,监测值30,yes,
public,wm_waterquality_day_records,m30_count,bigint,记录数30,yes,
public,wm_waterquality_day_records,m31_value,double precision,监测值31,yes,
public,wm_waterquality_day_records,m31_count,bigint,记录数31,yes,
public,wm_waterquality_day_records,monitor_time,timestamp without time zone,监测时间,yes,
public,wm_waterquality_day_records,status,character(1),状态,yes,
public,wm_waterquality_day_records,water_quality_level,character varying(20),水质级别,yes,
public,wm_waterquality_day_records,create_by,bigint,创建人,yes,
public,wm_waterquality_day_records,create_time,timestamp without time zone,创建时间,yes,
public,wm_waterquality_day_records,update_by,bigint,更新人,yes,
public,wm_waterquality_day_records,update_time,timestamp without time zone,更新时间,yes,
public,wm_waterquality_day_records,del_flag,character(1),删除标记：0 未删除、1 已删除,yes,
public,wm_waterquality_hour_records,id,bigint,id,yes,
public,wm_waterquality_hour_records,station_id,bigint,监测站id,yes,
public,wm_waterquality_hour_records,m1_value,double precision,水温监测值,yes,
public,wm_waterquality_hour_records,m1_status,character(1),监测结果：0 正常、1 超标,yes,
public,wm_waterquality_hour_records,m1_level,character varying(4),水质级别：I、II、Ⅲ、IV、V、劣V,yes,
public,wm_waterquality_hour_records,m2_value,double precision,PH监测值,yes,
public,wm_waterquality_hour_records,m2_status,character(1),监测结果：0 正常、1 超标,yes,
public,wm_waterquality_hour_records,m2_level,character varying(4),水质级别：I、II、Ⅲ、IV、V、劣V,yes,
public,wm_waterquality_hour_records,m3_value,double precision,溶解氧监测值,yes,
public,wm_waterquality_hour_records,m3_status,character(1),监测结果：0 正常、2 偏低,yes,
public,wm_waterquality_hour_records,m3_level,character varying(4),水质级别：I、II、Ⅲ、IV、V、劣V,yes,
public,wm_waterquality_hour_records,m4_value,double precision,浊度监测值,yes,
public,wm_waterquality_hour_records,m4_status,character(1),监测结果：0 正常、1 超标,yes,
public,wm_waterquality_hour_records,m5_value,double precision,电导率监测值,yes,
public,wm_waterquality_hour_records,m5_status,character(1),监测结果：0 正常、1 超标,yes,
public,wm_waterquality_hour_records,m6_value,double precision,氨氮监测值,yes,
public,wm_waterquality_hour_records,m6_status,character(1),监测结果：0 正常、1 超标,yes,
public,wm_waterquality_hour_records,m6_level,character varying(4),水质级别：I、II、Ⅲ、IV、V、劣V,yes,
public,wm_waterquality_hour_records,m7_value,double precision,高锰酸盐指数监测值,yes,
public,wm_waterquality_hour_records,m7_status,character(1),监测结果：0 正常、1 超标,yes,
public,wm_waterquality_hour_records,m7_level,character varying(4),水质级别：I、II、Ⅲ、IV、V、劣V,yes,
public,wm_waterquality_hour_records,m8_value,double precision,总磷监测值,yes,
public,wm_waterquality_hour_records,m8_status,character(1),监测结果：0 正常、1 超标,yes,
public,wm_waterquality_hour_records,m8_level,character varying(4),水质级别：I、II、Ⅲ、IV、V、劣V,yes,
public,wm_waterquality_hour_records,m9_value,double precision,总氮监测值,yes,
public,wm_waterquality_hour_records,m9_status,character(1),监测结果：0 正常、1 超标,yes,
public,wm_waterquality_hour_records,m9_level,character varying(4),水质级别：I、II、Ⅲ、IV、V、劣V,yes,
public,wm_waterquality_hour_records,m10_value,double precision,叶绿素a监测值,yes,
public,wm_waterquality_hour_records,m10_status,character(1),监测结果：0 正常、1 超标,yes,
public,wm_waterquality_hour_records,m11_value,double precision,藻密度监测值,yes,
public,wm_waterquality_hour_records,m11_status,character(1),监测结果：0 正常、1 超标,yes,
public,wm_waterquality_hour_records,m12_value,double precision,化学需氧量监测值,yes,
public,wm_waterquality_hour_records,m12_status,character(1),监测结果：0 正常、1 超标,yes,
public,wm_waterquality_hour_records,m12_level,character varying(4),水质级别：I、II、Ⅲ、IV、V、劣V,yes,
public,wm_waterquality_hour_records,m13_value,double precision,五日生化需氧量监测值,yes,
public,wm_waterquality_hour_records,m13_status,character(1),监测结果：0 正常、1 超标,yes,
public,wm_waterquality_hour_records,m13_level,character varying(4),水质级别：I、II、Ⅲ、IV、V、劣V,yes,
public,wm_waterquality_hour_records,m14_value,double precision,监测值,yes,
public,wm_waterquality_hour_records,m14_status,character(1),监测结果：0 正常、1 超标,yes,
public,wm_waterquality_hour_records,m15_value,double precision,监测值,yes,
public,wm_waterquality_hour_records,m15_status,character(1),监测结果：0 正常、1 超标,yes,
public,wm_waterquality_hour_records,m16_value,double precision,监测值,yes,
public,wm_waterquality_hour_records,m16_status,character(1),监测结果：0 正常、1 超标,yes,
public,wm_waterquality_hour_records,m17_value,double precision,监测值,yes,
public,wm_waterquality_hour_records,m17_status,character(1),监测结果：0 正常、1 超标,yes,
public,wm_waterquality_hour_records,m18_value,double precision,监测值,yes,
public,wm_waterquality_hour_records,m18_status,character(1),监测结果：0 正常、1 超标,yes,
public,wm_waterquality_hour_records,m19_value,double precision,监测值,yes,
public,wm_waterquality_hour_records,m19_status,character(1),监测结果：0 正常、1 超标,yes,
public,wm_waterquality_hour_records,m20_value,double precision,监测值,yes,
public,wm_waterquality_hour_records,m20_status,character(1),监测结果：0 正常、1 超标,yes,
public,wm_waterquality_hour_records,m21_value,double precision,监测值,yes,
public,wm_waterquality_hour_records,m21_status,character(1),监测结果：0 正常、1 超标,yes,
public,wm_waterquality_hour_records,m22_value,double precision,监测值,yes,
public,wm_waterquality_hour_records,m22_status,character(1),监测结果：0 正常、1 超标,yes,
public,wm_waterquality_hour_records,m23_value,double precision,监测值,yes,
public,wm_waterquality_hour_records,m23_status,character(1),监测结果：0 正常、1 超标,yes,
public,wm_waterquality_hour_records,m24_value,double precision,监测值,yes,
public,wm_waterquality_hour_records,m24_status,character(1),监测结果：0 正常、1 超标,yes,
public,wm_waterquality_hour_records,m25_value,double precision,监测值,yes,
public,wm_waterquality_hour_records,m25_status,character(1),监测结果：0 正常、1 超标,yes,
public,wm_waterquality_hour_records,m26_value,double precision,监测值,yes,
public,wm_waterquality_hour_records,m26_status,character(1),监测结果：0 正常、1 超标,yes,
public,wm_waterquality_hour_records,m27_value,double precision,监测值,yes,
public,wm_waterquality_hour_records,m27_status,character(1),监测结果：0 正常、1 超标,yes,
public,wm_waterquality_hour_records,m28_value,double precision,监测值,yes,
public,wm_waterquality_hour_records,m28_status,character(1),监测结果：0 正常、1 超标,yes,
public,wm_waterquality_hour_records,m29_value,double precision,监测值,yes,
public,wm_waterquality_hour_records,m29_status,character(1),监测结果：0 正常、1 超标,yes,
public,wm_waterquality_hour_records,m30_value,double precision,监测值,yes,
public,wm_waterquality_hour_records,m30_status,character(1),监测结果：0 正常、1 超标,yes,
public,wm_waterquality_hour_records,m31_value,double precision,监测值,yes,
public,wm_waterquality_hour_records,m31_status,character(1),监测结果：0 正常、1 超标,yes,
public,wm_waterquality_hour_records,monitor_time,timestamp without time zone,监测时间,yes,
public,wm_waterquality_hour_records,status,character(1),监测结果：0 正常、1 超标,yes,
public,wm_waterquality_hour_records,water_quality_level,character varying(16),水质级别：I、II、Ⅲ、IV、V、劣V,yes,
public,wm_waterquality_hour_records,record_type,character(1),记录类型：0 自动、1 手工,yes,
public,wm_waterquality_hour_records,create_by,bigint,创建人,yes,
public,wm_waterquality_hour_records,create_time,timestamp without time zone,创建时间,yes,
public,wm_waterquality_hour_records,update_by,bigint,更新人,yes,
public,wm_waterquality_hour_records,update_time,timestamp without time zone,更新时间,yes,
public,wm_waterquality_hour_records,del_flag,character(1),删除标记：0 未删除、1 已删除,yes,
public,wm_waterquality_month_records,id,bigint,id,yes,
public,wm_waterquality_month_records,station_id,bigint,站点id,yes,
public,wm_waterquality_month_records,section_id,bigint,断面id,yes,
public,wm_waterquality_month_records,m1_value,double precision,水温监测值,yes,
public,wm_waterquality_month_records,m1_count,bigint,记录数1,yes,
public,wm_waterquality_month_records,m2_value,double precision,PH监测值,yes,
public,wm_waterquality_month_records,m2_count,bigint,记录数2,yes,
public,wm_waterquality_month_records,m3_value,double precision,溶解氧监测值,yes,
public,wm_waterquality_month_records,m3_count,bigint,记录数3,yes,
public,wm_waterquality_month_records,m4_value,double precision,浊度监测值,yes,
public,wm_waterquality_month_records,m4_count,bigint,记录数4,yes,
public,wm_waterquality_month_records,m5_value,double precision,电导率监测值,yes,
public,wm_waterquality_month_records,m5_count,bigint,记录数5,yes,
public,wm_waterquality_month_records,m6_value,double precision,氨氮监测值,yes,
public,wm_waterquality_month_records,m6_count,bigint,记录数6,yes,
public,wm_waterquality_month_records,m7_value,double precision,高锰酸盐指数监测值,yes,
public,wm_waterquality_month_records,m7_count,bigint,记录数7,yes,
public,wm_waterquality_month_records,m8_value,double precision,总磷监测值,yes,
public,wm_waterquality_month_records,m8_count,bigint,记录数8,yes,
public,wm_waterquality_month_records,m9_value,double precision,总氮监测值,yes,
public,wm_waterquality_month_records,m9_count,bigint,记录数9,yes,
public,wm_waterquality_month_records,m10_value,double precision,叶绿素a,yes,
public,wm_waterquality_month_records,m10_count,bigint,记录数10,yes,
public,wm_waterquality_month_records,m11_value,double precision,藻密度,yes,
public,wm_waterquality_month_records,m11_count,bigint,记录数11,yes,
public,wm_waterquality_month_records,m12_value,double precision,化学需氧量,yes,
public,wm_waterquality_month_records,m12_count,bigint,记录数12,yes,
public,wm_waterquality_month_records,m13_value,double precision,五日生化需氧量,yes,
public,wm_waterquality_month_records,m13_count,bigint,记录数13,yes,
public,wm_waterquality_month_records,m14_value,double precision,铜,yes,
public,wm_waterquality_month_records,m14_count,bigint,记录数14,yes,
public,wm_waterquality_month_records,m15_value,double precision,锌,yes,
public,wm_waterquality_month_records,m15_count,bigint,记录数15,yes,
public,wm_waterquality_month_records,m16_value,double precision,氟化物,yes,
public,wm_waterquality_month_records,m16_count,bigint,记录数16,yes,
public,wm_waterquality_month_records,m17_value,double precision,硒,yes,
public,wm_waterquality_month_records,m17_count,bigint,记录数17,yes,
public,wm_waterquality_month_records,m18_value,double precision,砷,yes,
public,wm_waterquality_month_records,m18_count,bigint,记录数18,yes,
public,wm_waterquality_month_records,m19_value,double precision,汞,yes,
public,wm_waterquality_month_records,m19_count,bigint,记录数19,yes,
public,wm_waterquality_month_records,m20_value,double precision,镉,yes,
public,wm_waterquality_month_records,m20_count,bigint,记录数20,yes,
public,wm_waterquality_month_records,m21_value,double precision,铬,yes,
public,wm_waterquality_month_records,m21_count,bigint,记录数21,yes,
public,wm_waterquality_month_records,m22_value,double precision,铅,yes,
public,wm_waterquality_month_records,m22_count,bigint,记录数22,yes,
public,wm_waterquality_month_records,m23_value,double precision,氰化物,yes,
public,wm_waterquality_month_records,m23_count,bigint,记录数23,yes,
public,wm_waterquality_month_records,m24_value,double precision,挥发酚,yes,
public,wm_waterquality_month_records,m24_count,bigint,记录数24,yes,
public,wm_waterquality_month_records,m25_value,double precision,石油类,yes,
public,wm_waterquality_month_records,m25_count,bigint,记录数25,yes,
public,wm_waterquality_month_records,m26_value,double precision,阴离子表面活性剂,yes,
public,wm_waterquality_month_records,m26_count,bigint,记录数26,yes,
public,wm_waterquality_month_records,m27_value,double precision,硫化物,yes,
public,wm_waterquality_month_records,m27_count,bigint,记录数27,yes,
public,wm_waterquality_month_records,m28_value,double precision,水中油,yes,
public,wm_waterquality_month_records,m28_count,bigint,记录数28,yes,
public,wm_waterquality_month_records,m29_value,double precision,硝酸盐,yes,
public,wm_waterquality_month_records,m29_count,bigint,记录数29,yes,
public,wm_waterquality_month_records,m30_value,double precision,生物毒性,yes,
public,wm_waterquality_month_records,m30_count,bigint,记录数30,yes,
public,wm_waterquality_month_records,m31_value,double precision,大肠杆菌,yes,
public,wm_waterquality_month_records,m31_count,bigint,记录数31,yes,
public,wm_waterquality_month_records,monitor_time,timestamp without time zone,监测时间,yes,
public,wm_waterquality_month_records,monitor_year,bigint,监测年份,yes,
public,wm_waterquality_month_records,monitor_month,bigint,监测月份,yes,
public,wm_waterquality_month_records,record_type,character(1),记录类型：0 自动、1 手工,yes,
public,wm_waterquality_month_records,water_quality_level,character varying(16),水质级别,yes,
public,wm_waterquality_month_records,main_pollutant,character varying(255),主要污染物，逗号连接,yes,
public,wm_waterquality_month_records,remark,character varying(255),备注,yes,
public,wm_waterquality_month_records,create_by,bigint,创建人,yes,
public,wm_waterquality_month_records,create_time,timestamp without time zone,创建时间,yes,
public,wm_waterquality_month_records,update_by,bigint,更新人,yes,
public,wm_waterquality_month_records,update_time,timestamp without time zone,更新时间,yes,
public,wm_waterquality_month_records,del_flag,character(1),删除标记：0 未删除、1 已删除,yes,
public,wm_waterquality_threshold,id,text,id,yes,
public,wm_waterquality_threshold,station_id,bigint,监测站id,yes,
public,wm_waterquality_threshold,m1_value,double precision,水温阈值(℃),yes,
public,wm_waterquality_threshold,m2_value,double precision,pH阈值(无量纲),yes,
public,wm_waterquality_threshold,m3_value,double precision,溶解氧阈值(mg/L),yes,
public,wm_waterquality_threshold,m4_value,double precision,浊度阈值(NTU),yes,
public,wm_waterquality_threshold,m5_value,double precision,电导率阈值(μS/cm),yes,
public,wm_waterquality_threshold,m6_value,double precision,氨氮阈值(mg/L),yes,
public,wm_waterquality_threshold,m7_value,double precision,高锰酸盐指数阈值(mg/L),yes,
public,wm_waterquality_threshold,m8_value,double precision,总磷阈值(mg/L),yes,
public,wm_waterquality_threshold,m9_value,double precision,总氮阈值(mg/L),yes,
public,wm_waterquality_threshold,m10_value,double precision,叶绿素a阈值(ug/L),yes,
public,wm_waterquality_threshold,m11_value,double precision,藻密度阈值(cell/mL),yes,
public,wm_waterquality_threshold,m12_value,double precision,化学需氧量阈值(mg/L),yes,
public,wm_waterquality_threshold,m13_value,double precision,五日生化需氧量阈值(mg/L),yes,
public,wm_waterquality_threshold,m14_value,double precision,铜阈值(mg/L),yes,
public,wm_waterquality_threshold,m15_value,double precision,硒阈值(mg/L),yes,
public,wm_waterquality_threshold,m16_value,double precision,锌阈值(mg/L),yes,
public,wm_waterquality_threshold,m17_value,double precision,氟化物阈值(mg/L),yes,
public,wm_waterquality_threshold,m18_value,double precision,砷阈值(mg/L),yes,
public,wm_waterquality_threshold,m19_value,double precision,汞阈值(mg/L),yes,
public,wm_waterquality_threshold,m20_value,double precision,镉阈值(mg/L),yes,
public,wm_waterquality_threshold,m21_value,double precision,铬阈值(mg/L),yes,
public,wm_waterquality_threshold,m22_value,double precision,铅阈值(mg/L),yes,
public,wm_waterquality_threshold,m23_value,double precision,氰化物阈值(mg/L),yes,
public,wm_waterquality_threshold,m24_value,double precision,挥发酚阈值(mg/L),yes,
public,wm_waterquality_threshold,m25_value,double precision,石油类阈值(mg/L),yes,
public,wm_waterquality_threshold,m26_value,double precision,阴离子表面活性剂阈值(mg/L),yes,
public,wm_waterquality_threshold,m27_value,double precision,硫化物阈值(mg/L),yes,
public,wm_waterquality_threshold,m28_value,double precision,水中油阈值(mg/L),yes,
public,wm_waterquality_threshold,m29_value,double precision,硝酸盐阈值(mg/L),yes,
public,wm_waterquality_threshold,m30_value,double precision,生物毒性阈值(%),yes,
public,wm_waterquality_threshold,m31_value,double precision,大肠杆菌阈值(cell/L),yes,
public,wm_waterquality_threshold,create_by,bigint,创建人,yes,
public,wm_waterquality_threshold,create_time,timestamp without time zone,创建时间,yes,
public,wm_waterquality_threshold,update_by,bigint,更新人,yes,
public,wm_waterquality_threshold,update_time,timestamp without time zone,更新时间,yes,
public,wm_waterquality_threshold,del_flag,character(1),删除标记：0 未删除、1 已删除,yes,
public,wm_waterquality_year_records,id,bigint,id,yes,
public,wm_waterquality_year_records,station_id,bigint,站点id,yes,
public,wm_waterquality_year_records,section_id,bigint,断面id,yes,
public,wm_waterquality_year_records,m1_value,double precision,水温监测值,yes,
public,wm_waterquality_year_records,m1_count,bigint,记录数1,yes,
public,wm_waterquality_year_records,m2_value,double precision,PH监测值,yes,
public,wm_waterquality_year_records,m2_count,bigint,记录数2,yes,
public,wm_waterquality_year_records,m3_value,double precision,溶解氧监测值,yes,
public,wm_waterquality_year_records,m3_count,bigint,记录数3,yes,
public,wm_waterquality_year_records,m4_value,double precision,浊度监测值,yes,
public,wm_waterquality_year_records,m4_count,bigint,记录数4,yes,
public,wm_waterquality_year_records,m5_value,double precision,电导率监测值,yes,
public,wm_waterquality_year_records,m5_count,bigint,记录数5,yes,
public,wm_waterquality_year_records,m6_value,double precision,氨氮监测值,yes,
public,wm_waterquality_year_records,m6_count,bigint,记录数6,yes,
public,wm_waterquality_year_records,m7_value,double precision,高锰酸盐指数监测值,yes,
public,wm_waterquality_year_records,m7_count,bigint,记录数7,yes,
public,wm_waterquality_year_records,m8_value,double precision,总磷监测值,yes,
public,wm_waterquality_year_records,m8_count,bigint,记录数8,yes,
public,wm_waterquality_year_records,m9_value,double precision,总氮监测值,yes,
public,wm_waterquality_year_records,m9_count,bigint,记录数9,yes,
public,wm_waterquality_year_records,m10_value,double precision,化学需氧量监测值,yes,
public,wm_waterquality_year_records,m10_count,bigint,记录数10,yes,
public,wm_waterquality_year_records,m11_value,double precision,监测值,yes,
public,wm_waterquality_year_records,m11_count,bigint,记录数11,yes,
public,wm_waterquality_year_records,m12_value,double precision,监测值,yes,
public,wm_waterquality_year_records,m12_count,bigint,记录数12,yes,
public,wm_waterquality_year_records,m13_value,double precision,监测值,yes,
public,wm_waterquality_year_records,m13_count,bigint,记录数13,yes,
public,wm_waterquality_year_records,m14_value,double precision,监测值,yes,
public,wm_waterquality_year_records,m14_count,bigint,记录数14,yes,
public,wm_waterquality_year_records,m15_value,double precision,监测值,yes,
public,wm_waterquality_year_records,m15_count,bigint,记录数15,yes,
public,wm_waterquality_year_records,m16_value,double precision,监测值,yes,
public,wm_waterquality_year_records,m16_count,bigint,记录数16,yes,
public,wm_waterquality_year_records,m17_value,double precision,监测值,yes,
public,wm_waterquality_year_records,m17_count,bigint,记录数17,yes,
public,wm_waterquality_year_records,m18_value,double precision,监测值,yes,
public,wm_waterquality_year_records,m18_count,bigint,记录数18,yes,
public,wm_waterquality_year_records,m19_value,double precision,监测值,yes,
public,wm_waterquality_year_records,m19_count,bigint,记录数19,yes,
public,wm_waterquality_year_records,m20_value,double precision,监测值,yes,
public,wm_waterquality_year_records,m20_count,bigint,记录数20,yes,
public,wm_waterquality_year_records,m21_value,double precision,监测值,yes,
public,wm_waterquality_year_records,m21_count,bigint,记录数21,yes,
public,wm_waterquality_year_records,m22_value,double precision,监测值,yes,
public,wm_waterquality_year_records,m22_count,bigint,记录数22,yes,
public,wm_waterquality_year_records,m23_value,double precision,监测值,yes,
public,wm_waterquality_year_records,m23_count,bigint,记录数23,yes,
public,wm_waterquality_year_records,m24_value,double precision,监测值,yes,
public,wm_waterquality_year_records,m24_count,bigint,记录数24,yes,
public,wm_waterquality_year_records,m25_value,double precision,监测值,yes,
public,wm_waterquality_year_records,m25_count,bigint,记录数25,yes,
public,wm_waterquality_year_records,m26_value,double precision,监测值,yes,
public,wm_waterquality_year_records,m26_count,bigint,记录数26,yes,
public,wm_waterquality_year_records,m27_value,double precision,监测值,yes,
public,wm_waterquality_year_records,m27_count,bigint,记录数27,yes,
public,wm_waterquality_year_records,m28_value,double precision,监测值,yes,
public,wm_waterquality_year_records,m28_count,bigint,记录数28,yes,
public,wm_waterquality_year_records,monitor_time,timestamp without time zone,监测时间,yes,
public,wm_waterquality_year_records,monitor_year,bigint,监测年份,yes,
public,wm_waterquality_year_records,monitor_month,bigint,监测月份,yes,
public,wm_waterquality_year_records,record_type,character(1),记录类型：0 自动、1 手工,yes,
public,wm_waterquality_year_records,water_quality_level,character varying(16),水质级别,yes,
public,wm_waterquality_year_records,main_pollutant,character varying(255),主要污染物，逗号连接,yes,
public,wm_waterquality_year_records,remark,character varying(255),备注,yes,
public,wm_waterquality_year_records,create_by,bigint,创建人,yes,
public,wm_waterquality_year_records,create_time,timestamp without time zone,创建时间,yes,
public,wm_waterquality_year_records,update_by,bigint,更新人,yes,
public,wm_waterquality_year_records,update_time,timestamp without time zone,更新时间,yes,
public,wm_waterquality_year_records,del_flag,character(1),删除标记：0 未删除、1 已删除,yes,
public,wst_asset,id,bigint,主键ID,yes,
public,wst_asset,asset_code,character varying(100),资产编码,yes,
public,wst_asset,asset_name,character varying(200),资产名称,yes,
public,wst_asset,asset_type,character varying(100),资产类型，例如 national_section、provincial_section、auto_station、outfall、water_enterprise、chemical_park、wwtp、water_intake、camera、accident_pool、park_pipe、park_river,yes,
public,wst_asset,asset_subtype,character varying(100),资产子类型，用于进一步细分资产类型，例如雨水排口、污水排口、永久闸、临时闸、主管、支管,yes,
public,wst_asset,zone_id,bigint,默认所属分区ID，关联 wst_control_zone.id，用于列表过滤、统计、权限、地图筛选,yes,
public,wst_asset,source_system,character varying(100),数据来源系统，例如 manual=手工录入，permit=排污许可系统，monitor=监测系统，gis=GIS导入,yes,
public,wst_asset,source_id,character varying(200),来源系统中的原始ID,yes,
public,wst_asset,administrative_region_code,character varying(100),行政区划编码,yes,
public,wst_asset,administrative_region_name,character varying(200),行政区划名称,yes,
public,wst_asset,address,character varying(500),详细地址,yes,
public,wst_asset,river_name,character varying(200),关联河流名称,yes,
public,wst_asset,river_code,character varying(100),关联河流编码,yes,
public,wst_asset,basin_code,character varying(100),所属流域编码,yes,
public,wst_asset,longitude,"numeric(12,8)",经度,yes,
public,wst_asset,latitude,"numeric(12,8)",纬度,yes,
public,wst_asset,elevation,"numeric(12,3)",高程，单位米,yes,
public,wst_asset,status,character varying(50),状态：active=启用，disabled=停用，candidate=候选，invalid=无效,yes,
public,wst_asset,geom,"geometry(Geometry,4326)",资产空间几何，点、线、面均可，坐标系SRID=4326,yes,
public,wst_asset,metadata_json,jsonb,扩展属性JSON，用于存储行业类型、污染物类型、许可证号、联系人、监测因子等扩展信息,yes,
public,wst_asset,remark,text,备注,yes,
public,wst_asset,created_by,character varying(100),创建人,yes,
public,wst_asset,created_at,timestamp without time zone,创建时间,yes,
public,wst_asset,updated_by,character varying(100),更新人,yes,
public,wst_asset,updated_at,timestamp without time zone,更新时间,yes,
public,wst_asset,del_flag,smallint,逻辑删除标记：0=未删除，1=已删除,yes,
public,wst_asset_relation,id,bigint,主键ID,yes,
public,wst_asset_relation,source_asset_id,bigint,源资产ID，对应 wst_asset.id,yes,
public,wst_asset_relation,target_asset_id,bigint,目标资产ID，对应 wst_asset.id,yes,
public,wst_asset_relation,relation_type,character varying(100),关系大类编码，对应 wst_relation_type_dict.type_code,yes,
public,wst_asset_relation,relation_subtype,character varying(100),关系子类编码，对应 wst_relation_subtype_dict.relation_subtype,yes,
public,wst_asset_relation,source_type,character varying(50),关系来源，可选 manual、import、spatial、system,yes,
public,wst_asset_relation,confidence,"numeric(5,2)",置信度,yes,
public,wst_asset_relation,status,character varying(50),状态，可选 confirmed、candidate、disabled,yes,
public,wst_asset_relation,metadata_json,jsonb,扩展信息，例如备注、导入来源、原始字段等,yes,
public,wst_asset_relation,created_at,timestamp without time zone,创建时间,yes,
public,wst_asset_relation,updated_at,timestamp without time zone,更新时间,yes,
public,wst_asset_trace_snap,id,bigint,主键ID,yes,
public,wst_asset_trace_snap,asset_id,bigint,资产ID，关联 wst_asset.id,yes,
public,wst_asset_trace_snap,trace_node_id,bigint,挂接后的拓扑节点ID，关联 wst_trace_node.id，pgRouting 查询必须从该节点出发,yes,
public,wst_asset_trace_snap,trace_edge_id,bigint,原始挂接边ID，关联 wst_trace_edge.id，仅作为来源记录或展示辅助字段，不作为 pgRouting 起点,yes,
public,wst_asset_trace_snap,snap_point_geom,"geometry(Point,4326)",资产在拓扑网络上的实际挂接点坐标，坐标系SRID=4326,yes,
public,wst_asset_trace_snap,asset_point_geom,"geometry(Point,4326)",资产原始点坐标，主要用于记录资产原始位置,yes,
public,wst_asset_trace_snap,distance_m,"numeric(18,3)",资产原始位置到挂接点的距离，单位米,yes,
public,wst_asset_trace_snap,snap_type,character varying(100),挂接类型：node=挂接到已有节点，split_edge=挂接到边中间并拆边，manual=人工指定,yes,
public,wst_asset_trace_snap,snap_role,character varying(100),挂接角色，例如 discharge_point=排放进入点，monitor_point=监测点，intake_point=取水点，gate_control_point=闸口控制点，pipe_inlet=管网入口，pipe_outlet=管网出口，emergency_point=应急点,yes,
public,wst_asset_trace_snap,snap_method,character varying(100),挂接方法：nearest_node=最近节点，nearest_edge=最近边，manual=人工，import=导入,yes,
public,wst_asset_trace_snap,snap_status,character varying(50),挂接状态：candidate=候选，confirmed=已确认，invalid=无效,yes,
public,wst_asset_trace_snap,is_primary,boolean,是否主挂接点，同一个资产存在多个挂接点时用于标记主挂接点,yes,
public,wst_asset_trace_snap,confidence,"numeric(5,2)",挂接置信度，0-1之间,yes,
public,wst_asset_trace_snap,confirmed_by,character varying(100),确认人,yes,
public,wst_asset_trace_snap,confirmed_at,timestamp without time zone,确认时间,yes,
public,wst_asset_trace_snap,metadata_json,jsonb,扩展属性JSON，用于存储挂接算法参数、候选边、候选节点等信息,yes,
public,wst_asset_trace_snap,remark,text,备注,yes,
public,wst_asset_trace_snap,created_by,character varying(100),创建人,yes,
public,wst_asset_trace_snap,created_at,timestamp without time zone,创建时间,yes,
public,wst_asset_trace_snap,updated_by,character varying(100),更新人,yes,
public,wst_asset_trace_snap,updated_at,timestamp without time zone,更新时间,yes,
public,wst_asset_trace_snap,del_flag,smallint,逻辑删除标记：0=未删除，1=已删除,yes,
public,wst_asset_trace_snap,snap_node_id,bigint,吸附节点ID,yes,
public,wst_asset_trace_snap,snap_edge_id,bigint,吸附边ID,yes,
public,wst_asset_trace_snap,snap_distance_m,"numeric(18,3)",吸附距离（米）,yes,
public,wst_asset_trace_snap,network_type,character varying(64),网络类型，例如 river=外部河网，park_pipe=园区管网，park_river=园区内部排污河流，mixed=混合衔接网络,yes,
public,wst_asset_trace_snap,status,character varying(64),状态,yes,
public,wst_asset_type_dict,id,bigint,主键ID,yes,
public,wst_asset_type_dict,asset_type,character varying(100),资产类型编码，例如 national_section、auto_station、outfall、water_enterprise、chemical_park、camera,yes,
public,wst_asset_type_dict,asset_type_name,character varying(200),资产类型名称，例如国控断面、自动站、排污口、涉水企业、化工园区、摄像头,yes,
public,wst_asset_type_dict,parent_type,character varying(100),上级资产类型编码，用于资产类型分组,yes,
public,wst_asset_type_dict,category,character varying(100),资产分类，例如 monitoring=监测类，pollution=污染源类，supervision=监管类，emergency=应急类，network=网络类,yes,
public,wst_asset_type_dict,geometry_type,character varying(50),默认几何类型：Point、LineString、Polygon、Geometry,yes,
public,wst_asset_type_dict,icon_name,character varying(100),前端图标名称,yes,
public,wst_asset_type_dict,layer_name,character varying(100),前端图层名称,yes,
public,wst_asset_type_dict,default_visible,boolean,地图上是否默认显示,yes,
public,wst_asset_type_dict,sort_no,integer,排序号,yes,
public,wst_asset_type_dict,status,character varying(50),状态：active=启用，disabled=停用,yes,
public,wst_asset_type_dict,metadata_json,jsonb,扩展属性JSON,yes,
public,wst_asset_type_dict,remark,text,备注,yes,
public,wst_asset_type_dict,created_by,character varying(100),创建人,yes,
public,wst_asset_type_dict,created_at,timestamp without time zone,创建时间,yes,
public,wst_asset_type_dict,updated_by,character varying(100),更新人,yes,
public,wst_asset_type_dict,updated_at,timestamp without time zone,更新时间,yes,
public,wst_asset_type_dict,del_flag,smallint,逻辑删除标记：0=未删除，1=已删除,yes,
public,wst_asset_type_dict,asset_group,character varying(100),资产分组编码,yes,
public,wst_asset_type_dict,asset_group_name,character varying(100),资产分组名称,yes,
public,wst_asset_type_dict,group_sort,integer,分组排序号,yes,
public,wst_asset_type_dict,group_description,text,分组描述,yes,
public,wst_control_zone,id,bigint,主键ID,yes,
public,wst_control_zone,zone_code,character varying(100),分区编码,yes,
public,wst_control_zone,zone_name,character varying(200),分区名称,yes,
public,wst_control_zone,zone_level,integer,分区级别：1=一级国控断面控制单元，2=二级自动站分区，3=三级工业园区/分水岭分区,yes,
public,wst_control_zone,parent_id,bigint,上级分区ID，一级分区为空,yes,
public,wst_control_zone,divide_basis,character varying(100),分区划分依据，例如国控断面、自动站、工业园区、分水岭、排水片区,yes,
public,wst_control_zone,zone_type,character varying(100),分区类型，例如 control_unit=控制单元，station_unit=自动站单元，park_unit=园区单元，watershed_unit=分水岭单元,yes,
public,wst_control_zone,basin_code,character varying(100),流域编码,yes,
public,wst_control_zone,river_system_code,character varying(100),水系编码,yes,
public,wst_control_zone,sort_no,integer,排序号,yes,
public,wst_control_zone,status,character varying(50),状态：active=启用，disabled=停用,yes,
public,wst_control_zone,geom,"geometry(MultiPolygon,4326)",分区边界面几何，坐标系SRID=4326,yes,
public,wst_control_zone,metadata_json,jsonb,扩展属性JSON，用于存储外部系统ID、原始导入字段等不常用于查询的内容,yes,
public,wst_control_zone,remark,text,备注,yes,
public,wst_control_zone,created_by,character varying(100),创建人,yes,
public,wst_control_zone,created_at,timestamp without time zone,创建时间,yes,
public,wst_control_zone,updated_by,character varying(100),更新人,yes,
public,wst_control_zone,updated_at,timestamp without time zone,更新时间,yes,
public,wst_control_zone,del_flag,smallint,逻辑删除标记：0=未删除，1=已删除,yes,
public,wst_layer_river,id,bigint,主键ID,yes,
public,wst_layer_river,river_code,character varying(128),河流编码,yes,
public,wst_layer_river,river_name,character varying(255),河流名称,yes,
public,wst_layer_river,next_down,bigint,下游河流ID,yes,
public,wst_layer_river,river_class,character varying(64),河流类别,yes,
public,wst_layer_river,length_km,numeric,河流长度（公里）,yes,
public,wst_layer_river,from_z,numeric,起点高程,yes,
public,wst_layer_river,to_z,numeric,终点高程,yes,
public,wst_layer_river,geom,"geometry(MultiLineString,4326)",空间几何数据,yes,
public,wst_layer_river,created_at,timestamp without time zone,创建时间,yes,
public,wst_layer_river,updated_at,timestamp without time zone,更新时间,yes,
public,wst_relation_subtype_dict,id,bigint,主键ID,yes,
public,wst_relation_subtype_dict,relation_type,character varying(100),关系大类编码，对应 wst_relation_type_dict.type_code,yes,
public,wst_relation_subtype_dict,relation_subtype,character varying(100),关系子类编码，例如 enterprise_outfall,yes,
public,wst_relation_subtype_dict,relation_name,character varying(100),关系子类中文名称，例如 企业关联排污口,yes,
public,wst_relation_subtype_dict,source_type_codes,character varying(500),允许作为源对象的资产类型，多个用英文逗号分隔,yes,
public,wst_relation_subtype_dict,target_type_codes,character varying(500),允许作为目标对象的资产类型，多个用英文逗号分隔,yes,
public,wst_relation_subtype_dict,source_label,character varying(100),源对象中文标签,yes,
public,wst_relation_subtype_dict,target_label,character varying(100),目标对象中文标签,yes,
public,wst_relation_subtype_dict,direction_desc,character varying(200),标准方向说明，例如 企业 → 排污口,yes,
public,wst_relation_subtype_dict,allow_manual,boolean,是否允许人工录入,yes,
public,wst_relation_subtype_dict,allow_import,boolean,是否允许导入,yes,
public,wst_relation_subtype_dict,allow_graph_edit,boolean,是否允许图谱编辑,yes,
public,wst_relation_subtype_dict,allow_map_draw,boolean,是否允许地图连线绘制,yes,
public,wst_relation_subtype_dict,default_confidence,"numeric(5,2)",默认置信度,yes,
public,wst_relation_subtype_dict,sort_order,integer,排序号,yes,
public,wst_relation_subtype_dict,status,character varying(50),状态，active 表示启用,yes,
public,wst_relation_subtype_dict,description,character varying(500),关系子类说明,yes,
public,wst_relation_subtype_dict,created_at,timestamp without time zone,创建时间,yes,
public,wst_relation_subtype_dict,updated_at,timestamp without time zone,更新时间,yes,
public,wst_relation_type_dict,id,bigint,主键ID,yes,
public,wst_relation_type_dict,type_code,character varying(100),关系大类编码，例如 ownership、discharge、monitoring,yes,
public,wst_relation_type_dict,type_name,character varying(100),关系大类名称,yes,
public,wst_relation_type_dict,description,character varying(500),关系大类说明,yes,
public,wst_relation_type_dict,sort_order,integer,排序号,yes,
public,wst_relation_type_dict,status,character varying(50),状态，active 表示启用,yes,
public,wst_relation_type_dict,created_at,timestamp without time zone,创建时间,yes,
public,wst_relation_type_dict,updated_at,timestamp without time zone,更新时间,yes,
public,wst_trace_edge,id,bigint,主键ID，同时作为 pgRouting 的边ID,yes,
public,wst_trace_edge,edge_code,character varying(100),边编码,yes,
public,wst_trace_edge,edge_name,character varying(200),边名称,yes,
public,wst_trace_edge,source,bigint,起点拓扑节点ID，关联 wst_trace_node.id，约定为默认水流方向的上游节点,yes,
public,wst_trace_edge,target,bigint,终点拓扑节点ID，关联 wst_trace_node.id，约定为默认水流方向的下游节点,yes,
public,wst_trace_edge,edge_type,character varying(100),边类型，例如 river=河道，pipe=管线，park_pipe=园区管网，park_river=园区内部排污河流，discharge=排放连接边，boundary=边界衔接边,yes,
public,wst_trace_edge,network_type,character varying(100),网络类型，例如 river=外部河网，park_pipe=园区管网，park_river=园区内部排污河流，mixed=混合衔接网络,yes,
public,wst_trace_edge,from_network,character varying(100),起点所属网络类型，用于表达园区管网到园区河流、园区河流到外部河网的衔接,yes,
public,wst_trace_edge,to_network,character varying(100),终点所属网络类型，用于表达网络转换关系,yes,
public,wst_trace_edge,zone_id,bigint,所属分区ID，关联 wst_control_zone.id,yes,
public,wst_trace_edge,river_name,character varying(200),河流名称,yes,
public,wst_trace_edge,river_code,character varying(100),河流编码,yes,
public,wst_trace_edge,pipe_code,character varying(100),管线编码,yes,
public,wst_trace_edge,cost,"numeric(18,3)",正向通行成本，通常为长度米；source->target 可通行时为正数，不可通行时为-1,yes,
public,wst_trace_edge,reverse_cost,"numeric(18,3)",反向通行成本；普通单向水流通常为-1，库区/回水/双向场景可设置为正数,yes,
public,wst_trace_edge,length_m,"numeric(18,3)",边长度，单位米,yes,
public,wst_trace_edge,flow_direction,character varying(50),流向说明，默认 source_to_target 表示 source 到 target 为水流方向,yes,
public,wst_trace_edge,flow_mode,character varying(100),流向模式：normal=正常单向，bidirectional=双向，controlled=受控，reservoir=库区/回水，unknown=未知,yes,
public,wst_trace_edge,control_mode,character varying(100),控制方式，例如 gate=闸门，pump=泵站，manual=人工控制，temporary_dam=临时筑坝,yes,
public,wst_trace_edge,gate_asset_id,bigint,关联闸门/闸坝资产ID，关联 wst_asset.id,yes,
public,wst_trace_edge,pump_asset_id,bigint,关联泵站资产ID，关联 wst_asset.id,yes,
public,wst_trace_edge,is_split_edge,boolean,是否由原始边拆分生成,yes,
public,wst_trace_edge,original_edge_id,bigint,原始边ID，资产挂接到边中间并拆边时记录来源边,yes,
public,wst_trace_edge,status,character varying(50),状态：active=启用，disabled=停用，split=已拆分，invalid=无效,yes,
public,wst_trace_edge,geom,"geometry(LineString,4326)",边线几何，坐标系SRID=4326,yes,
public,wst_trace_edge,metadata_json,jsonb,扩展属性JSON，用于存储管径、材质、坡度、流速、原始河段编码等扩展信息,yes,
public,wst_trace_edge,remark,text,备注,yes,
public,wst_trace_edge,created_by,character varying(100),创建人,yes,
public,wst_trace_edge,created_at,timestamp without time zone,创建时间,yes,
public,wst_trace_edge,updated_by,character varying(100),更新人,yes,
public,wst_trace_edge,updated_at,timestamp without time zone,更新时间,yes,
public,wst_trace_edge,del_flag,smallint,逻辑删除标记：0=未删除，1=已删除,yes,
public,wst_trace_edge,source_asset_id,bigint,源资产ID,yes,
public,wst_trace_edge,from_node_id,bigint,上游节点ID,yes,
public,wst_trace_edge,to_node_id,bigint,下游节点ID,yes,
public,wst_trace_edge,direction_status,character varying(64),流向状态,yes,
public,wst_trace_node,id,bigint,主键ID，同时作为 pgRouting 的 source/target 节点ID,yes,
public,wst_trace_node,node_code,character varying(100),节点编码,yes,
public,wst_trace_node,node_name,character varying(200),节点名称,yes,
public,wst_trace_node,node_type,character varying(100),节点类型，例如 river_node、pipe_node、outfall_snap_node、section_snap_node、intake_snap_node、gate_node、park_outlet_node,yes,
public,wst_trace_node,network_type,character varying(100),网络类型，例如 river=外部河网，park_pipe=园区管网，park_river=园区内部排污河流，mixed=混合衔接网络,yes,
public,wst_trace_node,zone_id,bigint,所属分区ID，关联 wst_control_zone.id,yes,
public,wst_trace_node,is_boundary_node,boolean,是否边界节点，例如园区出口、管网入河口、内外网络衔接点,yes,
public,wst_trace_node,boundary_type,character varying(100),边界节点类型，例如 park_outlet、pipe_to_river、river_inlet、external_river_join,yes,
public,wst_trace_node,boundary_name,character varying(200),边界节点名称,yes,
public,wst_trace_node,source_asset_id,bigint,来源资产ID，如果该节点由某个资产生成，可关联 wst_asset.id,yes,
public,wst_trace_node,source_system,character varying(100),数据来源系统,yes,
public,wst_trace_node,source_id,character varying(200),来源系统中的原始ID,yes,
public,wst_trace_node,longitude,"numeric(12,8)",经度,yes,
public,wst_trace_node,latitude,"numeric(12,8)",纬度,yes,
public,wst_trace_node,elevation,"numeric(12,3)",高程，单位米,yes,
public,wst_trace_node,status,character varying(50),状态：active=启用，disabled=停用，candidate=候选，invalid=无效,yes,
public,wst_trace_node,geom,"geometry(Point,4326)",节点点几何，坐标系SRID=4326,yes,
public,wst_trace_node,metadata_json,jsonb,扩展属性JSON,yes,
public,wst_trace_node,remark,text,备注,yes,
public,wst_trace_node,created_by,character varying(100),创建人,yes,
public,wst_trace_node,created_at,timestamp without time zone,创建时间,yes,
public,wst_trace_node,updated_by,character varying(100),更新人,yes,
public,wst_trace_node,updated_at,timestamp without time zone,更新时间,yes,
public,wst_trace_node,del_flag,smallint,逻辑删除标记：0=未删除，1=已删除,yes,
public,wst_trace_node,asset_id,bigint,资产ID,yes,
public,wst_trace_topology_issue,id,bigint,主键ID,yes,
public,wst_trace_topology_issue,issue_type,character varying(64),问题类型,yes,
public,wst_trace_topology_issue,issue_name,character varying(128),问题名称,yes,
public,wst_trace_topology_issue,issue_level,character varying(32),问题级别,yes,
public,wst_trace_topology_issue,object_type,character varying(64),关联对象类型,yes,
public,wst_trace_topology_issue,object_id,bigint,关联对象ID,yes,
public,wst_trace_topology_issue,object_name,character varying(255),关联对象名称,yes,
public,wst_trace_topology_issue,object_code,character varying(128),监控对象编码,yes,
public,wst_trace_topology_issue,status,character varying(32),状态,yes,
public,wst_trace_topology_issue,geom,"geometry(Geometry,4326)",空间几何数据,yes,
public,wst_trace_topology_issue,issue_desc,text,问题详细描述,yes,
public,wst_trace_topology_issue,metadata_json,jsonb,元数据JSON,yes,
public,wst_trace_topology_issue,remark,text,备注,yes,
public,wst_trace_topology_issue,created_by,character varying(64),创建人,yes,
public,wst_trace_topology_issue,created_at,timestamp without time zone,创建时间,yes,
public,wst_trace_topology_issue,updated_by,character varying(64),更新人,yes,
public,wst_trace_topology_issue,updated_at,timestamp without time zone,更新时间,yes,
public,wst_trace_topology_issue,del_flag,smallint,删除标志：0-正常，1-已删除,yes,
public,wt_service_directory,id,bigint,主键id,yes,
public,wt_service_directory,node_type,character(1),节点类型：0 目录、1 服务,yes,
public,wt_service_directory,code,character varying(255),code 唯一,yes,
public,wt_service_directory,pid,bigint,父id,yes,
public,wt_service_directory,id_path,character varying(255),id路径，逗号连接,yes,
public,wt_service_directory,name,character varying(255),服务名称,yes,
public,wt_service_directory,rest_url,character varying(255),接口服务地址,yes,
public,wt_service_directory,service_type,character(1),服务类型：0 WMS、1 WMTS、2 REST接口 、3 公司出图服务 HGTWMS 4 arcgis服务、5 geoserver服务,yes,
public,wt_service_directory,x_min,character varying(32),x最小值,yes,
public,wt_service_directory,x_max,character varying(32),x最大值,yes,
public,wt_service_directory,y_min,character varying(32),y最小值,yes,
public,wt_service_directory,y_max,character varying(32),y最大值,yes,
public,wt_service_directory,srs,character varying(128),坐标系，WKID表示,yes,
public,wt_service_directory,scale,character varying(32),在一定比例尺下才显示,yes,
public,wt_service_directory,method,character(1),接口服务请求方式：0 GET、1 POST,yes,
public,wt_service_directory,geometry_type,character(1),几何类型：1 点、2 线、3 面、4 三维模型、5 影像,yes,
public,wt_service_directory,weidu,character(1),维度：0 二维、1 三维,yes,
public,wt_service_directory,sort,bigint,排序号,yes,
public,wt_service_directory,check_type,character(1),是否选中：0 未选中、1 已选中,yes,
public,wt_service_directory,remark,text,备注,yes,
public,wt_service_directory,create_by,bigint,创建人,yes,
public,wt_service_directory,create_time,timestamp without time zone,创建时间,yes,
public,wt_service_directory,update_by,bigint,更新人,yes,
public,wt_service_directory,update_time,timestamp without time zone,更新时间,yes,
public,wt_service_directory,del_flag,character(1),删除标记：0 未删除、1 已删除,yes,
public,wt_warnparm_config,id,bigint,id,yes,
public,wt_warnparm_config,indicator_code,character varying(8),监测指标编号,yes,
public,wt_warnparm_config,l1_value,double precision,一级,yes,
public,wt_warnparm_config,l2_value,double precision,二级,yes,
public,wt_warnparm_config,l3_value,double precision,三级,yes,
public,wt_warnparm_config,l4_value,double precision,四级,yes,
public,wt_warnparm_config,l5_value,double precision,五级,yes,
public,wt_warnparm_config,zero,double precision,零点核查,yes,
public,wt_warnparm_config,zero_drift,double precision,24小时零点漂移,yes,
public,wt_warnparm_config,span,double precision,跨度核查,yes,
public,wt_warnparm_config,span_drift,double precision,24小时跨度漂移,yes,
public,wt_warnparm_config,compare,character(1),比较方式：0 无；1 ≤；2 ≥,yes,
public,wt_warnparm_config,type,character varying(4),0 河流，1 湖泊,yes,
public,wt_warnparm_config,possible_value,double precision,可能发生污染的告警值,yes,
public,wt_warnparm_config,remove_warn_value,double precision,消除预警的参数值,yes,
public,wt_warnparm_config,frequency,bigint,监测频率（小时计）,yes,
public,wt_warnparm_config,create_by,bigint,创建人,yes,
public,wt_warnparm_config,create_time,timestamp without time zone,创建时间,yes,
public,wt_warnparm_config,update_by,bigint,更新人,yes,
public,wt_warnparm_config,update_time,timestamp without time zone,更新时间,yes,
public,wt_warnparm_config,del_flag,character(1),删除标记：0 未删除、1 已删除,yes,
